ticker,opinion,evidence1,evidence2
A,buy,"Agilent's largest division, the Life Sciences and Applied Markets Group (LSAG), reported a year-over-year operating margin of 28.5% in the most recent quarter, a 150-basis-point improvement that surpassed consensus estimates by 100 basis points. This higher-than-expected profitability translates directly to a projected $0.28 increase in full-year EPS, which supports a 5% increase in the stock's valuation assuming a constant forward P/E ratio.","Recent sales data reveals that Agilent's new liquid chromatography-mass spectrometry (LC/MS) product line has captured an additional 2% market share from key competitors over the last two quarters. Factoring this sustained market share gain into a discounted cash flow (DCF) model increases the forward 5-year revenue growth assumption from 5.5% to 6.5%, leading to a revised intrinsic value that is 5% above the current stock price."
A,sell,"Gross margin contracted 320 basis points from 58.0% to 54.8% in the most recent quarter while operating margin compressed from 22.5% to 18.2% year-over-year, expanding the forward P/E ratio to 28.5x versus peer median of 21.3x, which supports a 5% stock price decline as the valuation premium normalizes.","Life Sciences segment market share fell 420 basis points to 18.9% over the past 12 months as debt-to-equity ratio increased from 0.52 to 0.85 and free cash flow margin declined 300 basis points to 19.4%, creating combined leverage and competitive pressures that justify a 5% downside price target revision."
AAPL,buy,"Apple's installed base of active devices grew 12% year-over-year to 2.3 billion units, driving Services revenue to $28.5 billion with a 72.5% operating margin. This recurring revenue stream de-risking hardware cycles supports a 5% stock price increase through a 1.2x valuation multiple expansion.","iPhone average selling price increased $87 to $956 while unit shipments rose 4% to 52.3 million, generating $6.1 billion in incremental gross profit. This pricing power combined with 340 basis points of margin expansion to 46.2% justifies a 5% stock price increase based on upward EPS revisions of 7% for next quarter."
AAPL,sell,"Analysis of the premium smartphone market (>$800) in key emerging economies reveals Apple's market share has eroded from 42% to 38% over the last two quarters. This 4-point decline is forecast to lower next year's earnings per share (EPS) by $0.25. Applying the stock's forward P/E ratio of 28x, this adjustment directly translates to a potential 5% decrease in the target stock price.","The gross margin for the high-growth Services segment contracted by 150 basis points last quarter to 71.3%, due to rising content and royalty costs. A revised discounted cash flow (DCF) model, which adjusts the long-term Services margin assumption downward by this 150 basis-point figure, results in a reduction of the calculated intrinsic stock value by 5%."
ABBV,buy,"Our channel checks show that AbbVie's key immunology drug, Skyrizi, has captured a 24% market share in the Crohn's disease segment in the six months following its indication expansion, exceeding internal targets of 20%. This outperformance is projected to add $0.50 to the consensus full-year EPS forecast. Applying the sector's average forward P/E ratio of 14.5x to this incremental earnings revision justifies a valuation uplift corresponding to a 5% increase in the stock price.","The company's most recent cost-synergy program following the Allergan acquisition has resulted in a 200 basis point improvement in operating margin to 41% over the last quarter. This increased profitability has boosted our free cash flow (FCF) yield projection from 6.8% to 7.2%. Our Discounted Cash Flow (DCF) model, updated with this enhanced FCF generation, now indicates an intrinsic value that is 5% above the current market price."
ABBV,sell,"US Humira revenues in the most recent quarter declined 28% year-over-year to $2.1 billion, missing consensus estimates by $300 million, as biosimilar penetration reached 47% market share (versus 23% in the prior quarter), compressing consolidated gross margins by 310 basis points to 68.2% and directly implying a 5% stock price decrease based on revised discounted cash flow models.","Skyrizz growth decelerated to 18% year-over-year in the most recent quarter from 45% in the prior period, with management guiding to 12% growth for 2025, while net debt-to-EBITDA rose to 3.8x from 2.9x sequentially due to the Immunogen acquisition, creating combined pressure that signals a 5% stock price decline as the forward P/E multiple contracts from 13.5x to 12.8x."
ABT,buy,"FreeStyle Libre continuous glucose monitoring segment delivered Q3 revenue of $1.32 billion, reflecting 20.3% year-over-year growth and expanding segment EBITDA margins by 310 basis points to 34.8%. With Abbott trading at 16.4x forward P/E compared to the medical device sector median of 18.9x, valuation multiple re-rating to peer average levels would generate a 5% increase in the stock price.","Abbott's Q3 free cash flow conversion reached 115% of net income, totaling $8.7 billion on a trailing twelve-month basis, while the company reduced net debt-to-EBITDA to 1.52x through $1.4 billion in debt repayment. Return on equity improved to 26.1% and management authorized an additional $3 billion share repurchase program, supporting a 5% stock price appreciation based on revised discounted cash flow analysis with a 7.1% cost of equity."
ABT,sell,"The Medical Devices division, representing 38% of total revenue, experienced a gross margin contraction of 220 basis points last quarter compared to the same period last year, driven by higher supply chain costs. This trend is expected to reduce forward full-year EPS by $0.18, which, when applied to the company's five-year average P/E multiple of 24x, supports a 5% decrease in our valuation.","Our channel checks indicate that Abbott's market share in the core diagnostics segment has eroded from 22% to 20% over the last six months due to a competitor's new product launch. This two-point decline in market share has led us to lower our long-term revenue growth assumption in our DCF model from 5.0% to 4.25%, resulting in a revised price target that implies a 5% downside from the current price."
ACN,buy,"Analysis of Accenture's recent strategic acquisitions in the generative AI space indicates an acceleration in project completion rates, leading to an anticipated 60 basis point expansion in the firm's forward operating margin. This enhanced profitability, applied to consensus revenue forecasts for the next fiscal year, increases our earnings per share (EPS) estimate by 3.1%, justifying a 5% increase in the target stock price based on a stable price-to-earnings multiple.","Accenture's trailing twelve-month Free Cash Flow (FCF) yield is currently 4.0%, representing a 20 basis point premium over its 5-year historical average of 3.8%. We project a reversion to the mean as the market prices in the firm's consistent cash generation, which implies a valuation increase and supports a 5% appreciation in the stock price from current levels."
ACN,sell,"Revenue growth decelerated to 3.2% year-over-year in the most recent quarter versus 8.5% in the prior quarter, while adjusted EBIT margin compressed 140 basis points to 13.6% due to wage inflation and pricing pressure, with management guiding for flat to negative margin expansion over the next two quarters, creating downward earnings revisions that could drive a 5% stock price decrease.","Top 10 client billings declined 12% quarter-over-quarter as three major financial services clients reduced discretionary spending, resulting in $340 million in cancelled projects, while operating cash flow fell 18% to $1.8 billion and days sales outstanding increased from 68 to 79 days, signaling deteriorating client relationships and collection issues that support a potential 5% stock price decrease."
ADBE,buy,Adobe's Creative Cloud ARR grew 12% year-over-year to $12.4 billion while operating margins expanded 180 basis points to 45.2% on 8% subscriber growth; the 95% renewal rate and resulting $1.2 billion incremental annual cash flow support a 5% increase in the stock price under current valuation multiples.,"Digital Experience segment revenue increased 15% quarter-over-quarter to $1.45 billion, improving free cash flow yield to 4.8% from 4.1% previously and segment EBITDA margins to 32%; this 35% revenue mix contribution and margin expansion justify a 5% upward price movement based on comparable company re-rating."
ADBE,sell,"Internal modeling indicates a compression in forward non-GAAP operating margins from a consensus estimate of 44.0% to 41.8% over the next fiscal year due to a 15% increase in R&D spending to counter new AI-native competitors. This 2.2 percentage point margin contraction, assuming constant revenue, reduces our EPS forecast and supports a 5% decrease in the stock's target price.","A proprietary survey of 200 Chief Marketing Officers reveals a deceleration in spending intentions for Adobe's Digital Experience cloud, pointing to a revised segment revenue growth forecast of 9% year-over-year, down from the street's expectation of 12%. This lower growth profile warrants a reduction in the stock's forward Price-to-Sales multiple from 8.0x to 7.6x, implying a 5% downside to the current valuation."
ADI,buy,"Internal analysis shows that recent supply chain optimization efforts have expanded the company's non-GAAP operating margin by 210 basis points in the trailing quarter, from 46.2% to 48.3%. This outperformance is projected to increase full-year free cash flow per share by 8%, which, when modeled with the company's historical price-to-free-cash-flow multiple of 24x, indicates a valuation disconnect and supports a 5% increase in the stock price.","The industrial automation segment, which accounts for 52% of revenue, secured new design wins in the last six months valued at an estimated $700 million in lifetime revenue. This represents a 12% increase in the design win pipeline compared to the prior six-month period. Discounting the net profit from this incremental pipeline at a 10% rate suggests an addition of $8.75 to the per-share valuation, justifying a 5% upside from the current price."
ADI,sell,"Analog Devices' Q3 gross margin contracted 450 basis points to 63.5% from 68% year-over-year, while management guided Q4 revenue down 8% sequentially amid 15% inventory build-up. Combined with 22% lower operating cash flow generation, these metrics indicate deteriorating profitability and demand weakness, warranting a 5% stock price decrease.","ADI trades at a P/E ratio of 22.3x, representing a 35% premium to semiconductor peer average of 16.5x, while net debt increased $1.8 billion to reach a debt-to-EBITDA ratio of 2.4x from 1.1x year-over-year. This combination of valuation compression risk and balance sheet deterioration justifies a SELL recommendation with 5% downside potential."
ADM,buy,"ADM's oilseeds processing segment achieved a 380 basis points expansion in crush margins to 14.2% during Q3, generating $1.84 billion EBITDA on $18.2 billion revenue—representing 23% year-over-year growth. With 85% of Q4 crush volumes hedged at comparable spreads and segment ROE improving to 18.5%, this margin structure supports a 5% increase in fair value estimate.","The company reduced net debt-to-EBITDA from 2.1x to 1.4x through $2.3 billion debt repayment over the trailing 12 months, while initiating a $1.5 billion share repurchase program equating to 3.2% of float. This capital structure optimization reduces interest expense by $87 million annually and creates $0.12 EPS accretion, directly supporting a 5% upward revision to price target."
ADM,sell,"Internal analysis shows that a sustained 15% increase in key input costs over the last quarter, particularly for corn and soy, is projected to compress the gross profit margin of the Carbohydrate Solutions segment by 120 basis points in the next fiscal year. This margin erosion is expected to reduce the company's overall earnings per share (EPS) by $0.28, which, based on the stock's 3-year average forward P/E ratio of 11.5x, implies a 5% decrease in the target stock price.","A competitive analysis reveals that a new entrant in the South American oilseeds processing market has captured a 3% market share faster than anticipated, leading to pricing pressure. This is forecast to reduce Archer-Daniels-Midland's revenue in the region by $250 million next year, directly impacting operating income. Factoring this revised revenue into our Discounted Cash Flow (DCF) model results in a reduction of the intrinsic value per share, justifying a 5% downward revision of our price target."
ADP,buy,"Our analysis of ADP's forward Price-to-Earnings (P/E) multiple indicates a valuation discount. The stock currently trades at a forward P/E of 28.9x, while its 5-year historical average is 30.4x. A reversion to this historical mean, driven by an anticipated 3% beat on next quarter's consensus earnings per share (EPS) forecast, supports a rerating of the stock, implying a potential price increase of 5%.","A Discounted Cash Flow (DCF) analysis, updated for recent performance, reveals upside potential. Trailing twelve-month free cash flow (FCF) conversion from net income improved by 150 basis points to 115%. This enhanced cash generation, coupled with a newly announced $2 billion accelerated share repurchase authorization, increases our FCF per share forecast by 2.5%. This adjustment lifts our DCF-derived fair value estimate, indicating the stock is undervalued by 5%."
ADP,sell,"Q3 EBITDA margin compressed 230 basis points YoY to 23.5% from 25.8% due to 12% higher SG&A spending on legacy system upgrades, while client retention rate fell 500 basis points to 84% from 89% in the prior quarter, representing the steepest decline in four years. Combined margin pressure and client losses justify a 5% stock price decrease.","Net debt-to-EBITDA ratio deteriorated to 2.4x from 1.3x year-over-year after $1.8B in acquisitions, while free cash flow conversion dropped to 62% from 78% previously. Interest expense rose 35% to $145M quarterly, projecting annual financing costs of $580M against flat operating income, creating a 5% valuation downside."
ADSK,buy,"Autodesk's Q3 subscription revenue grew 18% year-over-year to $1.42 billion, beating consensus by 8%, while operating margins expanded 280 basis points to 32.5% and management raised full-year ARR guidance to $6.8 billion. These metrics justify a forward P/E re-rating from 26x to 27.5x, supporting a 5% stock price increase to $235.","Autodesk's construction cloud segment revenue accelerated 35% year-over-year to $380 million, capturing 12% market share, while free cash flow margins reached 34% and net cash totals $1.8 billion. A $2 billion share repurchase program representing 4% of market cap drives a 5% valuation uplift to $235 per share."
ADSK,sell,"Our channel checks indicate a deceleration in new subscription growth, with billings growth projected to slow to 8% in the next fiscal year, compared to 13% in the trailing twelve months. This slowdown, combined with a projected 200 basis point increase in customer acquisition costs, lowers our forward earnings per share (EPS) estimate. This revised EPS, when applied to the current P/E multiple, suggests a 5% decrease in the stock's valuation.","A peer-group analysis reveals Autodesk is trading at a premium, with an Enterprise Value to Free Cash Flow (EV/FCF) multiple of 30x, while its direct competitors average 26x. Due to emerging competitive threats in the construction cloud segment, we believe this premium is unsustainable. A modest multiple compression to 28.5x, bringing it closer to the peer average, would result in a 5% decline in the share price."
AEE,buy,"Following the conclusion of its most recent rate case, Ameren secured an authorized Return on Equity (ROE) of 9.8%, which was 30 basis points higher than the consensus analyst forecast of 9.5%. This improved ROE on its regulated asset base is projected to add $0.19 to forward earnings per share (EPS). Applying the stock's current forward P/E multiple of 20x to this incremental EPS suggests a valuation uplift of $3.80 per share, representing a potential 5% increase from a baseline price of $76.00.","A newly implemented operational efficiency program, focused on grid automation and predictive maintenance, is forecast to reduce annual non-fuel Operations & Maintenance (O&M) expenses by $60 million. After tax, this cost-saving measure is expected to boost net income by $47.4 million, which translates to an additional $0.18 in EPS. This accretion to earnings, valued at the sector's average P/E ratio of 21x, supports a stock price appreciation of $3.78, indicating a potential 5% upside from a current price of $75.60."
AEE,sell,"Missouri PSC approved only $295M of Ameren's $430M requested rate increase, establishing 8.8% allowed ROE versus 10.1% requested, creating a $135M annual revenue shortfall that reduces regulated earnings by 5% and forces equivalent stock price downside.","Ameren's debt-to-equity ratio increased from 1.16x to 1.42x in the past 12 months, with interest expense rising 23% to $485M annually and interest coverage falling to 2.7x, prompting S&P to place the BBB rating on negative outlook and creating a 5% valuation discount."
AEP,buy,"AEP secured regulatory approval for $2.4 billion in transmission rate base investments over the next three years with a reauthorized return on equity of 10.1% versus the prior 9.2%, generating an incremental $0.18 per share in annual earnings that represents 7% EPS growth, which analyst models translate directly to a 5% stock price increase.","The company completed $1.2 billion debt refinancing at 3.8% coupon, reducing average interest expense from 5.2% and lowering debt-to-equity from 1.45 to 1.28, which improves interest coverage to 4.4x from 3.1x and increases free cash flow by $140 million annually, a capital structure optimization that valuation analysis indicates should drive a 5% price appreciation."
AEP,sell,"A recent rate case decision in a key operating state approved a 9.4% return on equity (ROE), significantly below the company's 10.7% request. This outcome is projected to reduce forward earnings per share (EPS) by $0.25. Applying the stock's current forward P/E ratio of 16.5x suggests this single regulatory event supports a 5% downward revision in the stock's target price.","Analysis of the company's debt structure shows that $4.5 billion of its long-term debt, currently at a 2.8% average coupon rate, is due for refinancing over the next 18 months in a higher interest rate environment. Our modeling indicates that refinancing this debt at a projected average rate of 5.3% will increase annual interest expense by $112.5 million, which translates to a reduction in our discounted cash flow (DCF) valuation and implies a 5% decrease in the stock's fair value."
AES,buy,"Analysis of AES's recently secured contracts for 2.5 gigawatts (GW) of new solar and energy storage projects is projected to increase the 5-year compound annual growth rate (CAGR) for Free Cash Flow per Share from a previously modeled 6.0% to 7.8%. A discounted cash flow (DCF) model re-run with this higher growth rate, while holding the weighted average cost of capital (WACC) constant at 8.0%, supports a valuation that is 5% above the current stock price.","In the most recent quarter, the company's consolidated Adjusted EBITDA margin improved by 120 basis points to 31.5%, driven by a 4% reduction in operating expenses in its US & Utilities strategic business unit. Sustaining this level of operational efficiency over the next four quarters would add an incremental $0.08 to forward earnings per share (EPS) estimates, which, when multiplied by the sector's average forward P/E ratio of 14x, implies a potential price increase of 5%."
AES,sell,"Q3 revenue declined 3.2% year-over-year to $2.84 billion while EBITDA margins compressed 340 basis points to 23.7%, driven by 18% higher fuel costs and 12% lower capacity utilization at key Latin American generation assets, justifying a 5% price target reduction to reflect deteriorating operational leverage and regional earnings headwinds.","Net debt-to-EBITDA ratio deteriorated from 5.2x to 6.8x over the past six months as free cash flow dropped 33% to $810 million, with $2.4 billion in debt refinancing needs over the next 18 months at prevailing 8.5% interest rates, creating 5% downside pressure on valuation from increased financial risk and higher interest expense burden."
AFL,buy,"Aflac's Japan segment new annualized premium sales accelerated to 14.3% year-over-year in Q3, 620 basis points above the 8.1% industry average, with the 72% revenue-contributing market's outperformance driving analyst EPS revisions from $6.24 to $6.42 and translating to a 5% stock price increase.","Return on equity expanded 160 basis points to 15.4% from 13.8% year-over-year while debt-to-equity remained conservative at 0.31x, and the 280 basis point improvement in economic spread over cost of equity directly justifies a 5% valuation uplift in residual income models."
AFL,sell,"Our analysis projects Aflac's U.S. segment combined ratio will increase to 97.2% for the full fiscal year, 250 basis points above the consensus estimate of 94.7%, driven by an observed acceleration in claims frequency for short-term disability policies. This erosion in underwriting profitability, when modeled into our discounted cash flow analysis, reduces our fair value estimate for the company, indicating a 5% potential decrease in the stock price.","New solvency regulations proposed in Japan are expected to increase capital adequacy requirements for Aflac Japan by an estimated 8%. Our model indicates this will necessitate a more conservative investment allocation, reducing projected net investment income over the next four quarters and leading to a $0.42 reduction in our forward earnings per share (EPS) estimate. Applying the stock's trailing three-year average forward P/E multiple of 10.2x, this earnings revision supports a valuation adjustment that implies a 5% downside from the current trading level."
AIG,buy,"AIG's General Insurance segment reported a combined ratio of 95.8% for the most recent quarter, a significant improvement from 98.2% in the prior-year period, reflecting successful underwriting initiatives. This 240 basis point improvement is projected to increase the company's full-year normalized Return on Equity (ROE) from a previous forecast of 8.8% to 9.3%. Our valuation model suggests that closing the Price-to-Book value gap with peers that average a 9.3% ROE warrants a **5% increase** in the share price.","The company announced a $2.5 billion accelerated share repurchase (ASR) program, which is expected to reduce the total common shares outstanding by 4.7% over the next two quarters. Based on consensus forward earnings estimates, this reduction in share count is calculated to be accretive to next year's EPS by $0.42. Applying the stock's current forward P/E multiple of 11.9x to this EPS accretion directly implies a potential **5% increase** in the stock's valuation."
AIG,sell,"P&C combined ratio deteriorated 470 basis points to 103.2% in the most recent quarter, driven by $850 million in catastrophe losses and $400 million of adverse prior-year reserve development in commercial auto, which compressed underwriting margins by 320 basis points and indicates pricing inadequacy that would warrant a 5% stock price decrease.","Net investment income declined 12% year-over-year to $2.73 billion as fixed-maturity yields compressed 85 basis points to 3.45%, while debt-to-equity ratio increased from 0.45 to 0.58 and ROE compressed from 11.2% to 8.7%, signaling deteriorating credit quality and profitability that would translate to 5% downside valuation pressure."
AIZ,buy,"Assurant's specialty property insurance combined ratio improved 320 basis points year-over-year to 91.8%, while EBITDA margin expanded from 17.9% to 21.2% on $185 million of cost synergies, driving ROE to 14.5% versus sector median of 12.0% and supporting a 5% stock price appreciation target as valuation multiples re-rate toward 1.4x book value.","The company's connected living segment captured 170 basis points of additional market share to reach 24.3% of North America mobile device protection, generating $162 million in incremental annual premium while management authorized a supplemental $225 million share repurchase, collectively catalyzing a 5% price increase potential on 13.8% higher forward EPS estimates."
AIZ,sell,"Our forecast for Assurant's Global Housing segment indicates a 60 basis point contraction in net operating margins for the upcoming fiscal year, from 11.8% to 11.2%, due to higher-than-anticipated non-catastrophe loss ratios. This adjustment lowers our full-year EPS estimate by $0.72. Applying the stock's current forward P/E ratio of 13.5x, this earnings revision directly supports a 5% decrease in the stock's valuation.","A channel check reveals that new policy growth in the Connected Living segment (mobile device protection) is projected to slow to 3% year-over-year, down from a previous estimate of 7.5%, following the renegotiation of terms with a key telecom partner. This deceleration is expected to reduce the company's overall revenue growth rate by 1.8 percentage points, which, when input into our discounted cash flow model, results in a 5% reduction of our fair value estimate."
AJG,buy,"Our discounted cash flow (DCF) analysis has been updated following last quarter's results, where organic revenue growth accelerated to 9.5%, significantly ahead of the 8.2% consensus estimate. This top-line beat, combined with a 60-basis point improvement in the adjusted operating margin to 21.8%, leads to a higher long-term free cash flow projection. Incorporating this sustained level of enhanced profitability and growth into our valuation model increases our fair value estimate by 5%.","The portfolio of tuck-in acquisitions completed in the last two quarters is tracking ahead of plan, with projected Return on Invested Capital (ROIC) now revised to 13.5%, versus an initial target of 11.5%. This improved efficiency and synergy capture is expected to add an incremental $0.40 to the next fiscal year's adjusted EPS. We calculate that this higher-than-forecasted earnings contribution warrants a re-rating of forward earnings multiples, justifying an upward revision to our price target of 5%."
AJG,sell,"Organic revenue growth decelerated from 8.4% to 1.9% year-over-year while the expense ratio deteriorated by 310 basis points to 73.2%, compressing adjusted EBIT margins from 24.3% to 19.7% and warranting a 5% price decrease based on peer-relative EV/EBITDA multiple contraction to 14.2x.","Acquisition-driven debt/EBITDA leverage increased from 2.1x to 3.9x as the company deployed $1.4B in cash, while operating cash flow conversion fell from 91% to 58% due to integration costs and contingent consideration payments, creating refinancing risk that justifies a 5% valuation discount."
AKAM,buy,"Q2 2024 security solutions revenue accelerated 21% YoY to $428M, comprising 53% of total revenue and driving 160 basis points of consolidated gross margin improvement to 78.2%. Operating leverage from this mix shift, combined with $45M in annualized cost synergies from the recent Linode integration, increased FY2024 EPS guidance by $0.39 to $6.02, representing a 7% upward revision that supports a 5% stock price increase.","Enterprise customer additions reached 1,840 in Q2 with average revenue per user (ARPU) rising 12% to $124,000, while annual churn improved 50 basis points to 4.2%. Trailing twelve-month free cash flow of $1.94B represents 31% conversion rate, enabling management to announce a 15% dividend increase and $600M incremental share buyback. These capital allocation improvements and unit economics gains imply a 5% valuation upside."
AKAM,sell,Analysis of the most recent quarterly report shows Akamai's operating margin for its Content Delivery Network (CDN) segment compressed from 21.5% to 19.8% year-over-year due to increased bandwidth costs and competitive pricing pressures. This margin erosion has led to a downward revision of the company's full-year non-GAAP EPS guidance from $6.20 to $5.95. A valuation model applying the new guidance to the stock's historical forward P/E ratio of 18x suggests a 5% decrease in the target share price.,"Internal channel checks reveal a deceleration in new customer acquisitions for Akamai's security solutions portfolio, with the sales cycle lengthening from an average of 4.5 months to 6.0 months over the past two quarters. This slowdown is projected to reduce the security segment's previously expected year-over-year revenue growth rate from 14% to 10%. The resulting 4 percentage point drop in this high-margin segment's growth rate is expected to lower the company's overall intrinsic value, leading to a 5% price decline."
ALB,buy,"Analysis of Albemarle's recently secured long-term contracts for battery-grade lithium hydroxide reveals an average realized price 9% higher than the spot market prices used in current valuation models. This price premium is projected to increase the company's gross margin by 250 basis points in the next fiscal year. Holding the forward Price-to-Earnings ratio steady at 22x, this margin expansion translates to a revised earnings forecast that justifies a 5% increase in the stock's target price.","The company's new operational efficiency program at its Silver Peak, Nevada facility is projected to increase lithium extraction yields by 6%, reducing the cost of goods sold per tonne by $450. This improvement is forecasted to boost annual free cash flow by $180 million. A discounted cash flow (DCF) analysis incorporating this enhanced free cash flow, while maintaining a constant weighted average cost of capital (WACC) of 9.0%, results in a 5% uplift to the intrinsic value per share."
ALB,sell,"Albemarle's average realized lithium price fell 24% sequentially to $16,800/tonne in the most recent quarter, compressing gross margins by 380 basis points from 41.5% to 37.7% and reducing EBITDA per tonne by $1,240, metrics that justify a 5% stock price decrease based on 12% downward earnings revisions and forward P/E multiple contraction from 14.2x to 13.5x.","The company's net debt increased $890 million quarter-over-quarter to $4.2 billion, pushing its debt-to-equity ratio to 0.68 from 0.51, while interest coverage dropped to 4.3x from 6.1x and free cash flow turned negative at -$127 million, credit factors that warrant a 5% stock price decrease through a 70 basis point WACC increase from 9.8% to 10.5%."
ALGN,buy,"Q3 revenue growth accelerated to 14.3% YoY from 8.1% in Q2, while operating margins expanded 420 basis points to 26.4% versus consensus of 23.8%, indicating operational leverage that historically precedes 5% near-term price appreciation.","International case shipments grew 23% YoY in Q3, exceeding the 15% forecast, with Asia-Pacific margins reaching 31.2% compared to 24.5% in North America, suggesting geographic expansion could drive a 5% valuation re-rating as mix shifts to higher-growth markets."
ALGN,sell,"Internal channel checks and supply chain analysis indicate a projected 150 basis point contraction in operating margins for the upcoming fiscal year, from 22.5% to 21.0%, due to a 25% increase in SG&A spending to counter new market entrants. A revised discounted cash flow (DCF) model incorporating this lower long-term profitability reduces our price target, suggesting a potential 5% downside from the current price.","Recent proprietary survey data from 200 orthodontic clinics indicates a deceleration in North American adult case volume growth to 7% year-over-year for the next quarter, significantly below the consensus estimate of 12%. As this segment contributes 40% of total revenue, this deceleration prompts a revision of our forward Price-to-Sales multiple from 7.0x to 6.65x, leading to a calculated 5% potential downside to the current stock price."
ALL,buy,"Our channel checks indicate that new auto policy growth in key states is tracking 3% ahead of internal targets for the current quarter, driven by the successful rollout of a revised telematics program. This is projected to lower the full-year property-liability combined ratio to 95.2%, a 1.0 percentage point improvement over consensus estimates of 96.2%. This gain in underwriting profitability is forecast to add $0.65 to annual EPS, supporting a 5% increase in the stock price based on its forward P/E multiple.","An analysis of Allstate's investment portfolio reveals that net investment income is projected to outperform consensus estimates by $250 million over the next twelve months due to a more favorable allocation to higher-yielding corporate bonds than modeled by the street. This outperformance is expected to increase book value per share by 4.2% by year-end. Given the stock's historical correlation to book value growth, this accretion supports a 5% appreciation in share price."
ALL,sell,"Allstate's Q3 combined ratio deteriorated 690 basis points year-over-year to 102.1%, driven by catastrophe losses surging to $847 million (13.4% of earned premiums versus 7.8% prior year). Management's revised full-year guidance of 101.5-103.0% indicates sustained underwriting losses that will compress ROE to 8.2%, triggering a 5% stock price decrease.","Net investment income declined 12.3% year-over-year to $614 million as portfolio yields compressed 87 basis points to 3.92%, with $8.4 billion of 5.65% yielding securities repricing at 4.15% over the next 12 months. Combined with a 140 basis point expense ratio increase to 27.6%, these factors create an estimated 5% earnings drag, warranting a 5% stock price decrease."
ALLE,buy,"Allegion's most recent quarter gross margin expanded 180 basis points year-over-year to 48.2%, while operating margin improved to 22.5% and ROE increased to 32%, generating a 5% price increase based on peer valuation multiple expansion.","The company captured 340 basis points of market share in North America commercial smart locks over the past 12 months (growing from 18.7% to 22.1%), driving 11% organic revenue growth versus 5% industry average, with Allegion Connect recurring revenue rising 28% to $142M annual run-rate, supporting a 5% valuation upside."
ALLE,sell,"Analysis of rising commodity prices, particularly zinc and steel, projects a sustained 210 basis point contraction in Allegion's operating margin for the next fiscal year, from a prior consensus of 20.8% down to 18.7%. Recalibrating our earnings model with this margin compression lowers the forward EPS estimate from $5.40 to $5.13, which, when applying the stock's historical forward P/E ratio of 23x, supports a 5% decrease in the stock price.","Proprietary channel checks indicate a deceleration in Allegion's Americas commercial segment, with new project orders slowing by 8% over the last quarter. As this segment contributes approximately 65% of total revenue, our discounted cash flow (DCF) model, updated with a lower revenue growth forecast of 2.5% instead of 4.5% for the next two years, yields a revised fair value estimate that represents a 5% decrease from the current stock price."
AMAT,buy,"Analysis of the semiconductor equipment market indicates Applied Materials is capturing 60% market share in the high-growth advanced wafer-level packaging segment, 8 percentage points higher than consensus estimates of 52%. This unanticipated market share gain is projected to add $1.5 billion in incremental revenue for the next fiscal year. Based on the company's 27% net profit margin, this translates to an additional $405 million in net income, boosting forward EPS by 5.8% and justifying a 5% price increase from current levels.","The company's services division, Applied Global Services (AGS), is exhibiting accelerating growth, with a 2-year subscription renewal rate of 94%, up from 87% in the prior year period. This increases the proportion of high-visibility, recurring revenue from 25% to a projected 29% of total revenue. A peer analysis shows that competitors with similar recurring revenue profiles trade at a 5% valuation premium to AMAT's current forward P/E ratio of 23.5x. A valuation re-rating to match this peer group would imply a 5% increase in the stock price."
AMAT,sell,"Applied Materials' revenue growth decelerated from 8% year-over-year last quarter to a projected -2% next quarter, while gross margin compressed 330 basis points from 46.8% to 43.5% due to rising material costs and pricing pressure from memory customers. This earnings trajectory signals a 5% price decrease.","The company's P/E ratio of 22x remains elevated versus the sector average of 18x despite slowing growth, while market share in critical etch equipment declined from 26% to 23% over the past six months. Combined with debt-to-equity rising from 0.38 to 0.48, these valuation and competitive pressures indicate a 5% price decrease."
AMCR,buy,"Amcor's Q2 2024 adjusted EPS of $0.21 exceeded consensus by $0.03, representing a 16.7% beat, while gross margins expanded 110 basis points to 22.8% on 5.3% organic revenue growth. The earnings surprise and margin expansion justify a 5% price increase as the forward P/E multiple re-rates from 14.2x to 14.9x, reflecting improved profitability outlook.","The company's trailing twelve-month ROE improved to 18.5% from 16.2% year-over-year, while net debt-to-equity declined to 1.45x from 1.68x, and free cash flow yield rose to 7.3%. These capital efficiency improvements support a 5% valuation uplift to narrow the historical 8% discount to packaging sector peers."
AMCR,sell,"Analysis of raw material pass-through effectiveness indicates a projected 120 basis point contraction in EBITDA margin for the upcoming fiscal year, from an expected 14.0% down to 12.8%. This margin compression, driven by a sustained 18% increase in polymer resin costs not fully absorbed by price hikes, is expected to lower the company's enterprise value by reducing its forward EV/EBITDA multiple from 8.5x to 8.075x, implying a 5% decrease in the stock price.","A proprietary channel check reveals a deceleration in organic volume growth within the company's key North American beverage packaging segment, which accounts for 25% of total revenue. Projected volume growth for this segment is now 0.5% for the second half of the fiscal year, down from 3.5% in the same period last year. This slowdown is forecast to reduce the consensus full-year revenue estimate by 0.75%, which warrants a downward revision of the stock's price-to-sales (P/S) ratio from 0.94x to 0.893x, suggesting a 5% fall in valuation."
AMD,buy,"Internal analysis projects Data Center segment revenue for the upcoming quarter will grow 24% year-over-year, surpassing consensus estimates of 20%. This, combined with an anticipated 200 basis point expansion in segment operating margin to 32% due to a richer product mix, supports a revised forward earnings model that implies a 5% increase in the current stock price.","Recent supply chain audits reveal that channel inventory for the Gaming segment has decreased by 15% over the past 60 days, significantly outpacing the 10% reduction anticipated by the market. This faster inventory normalization, coupled with an 8% sequential increase in forward orders from console partners, suggests a recovery that could add $0.10 to full-year EPS, warranting a 5% price increase based on the current forward P/E multiple."
AMD,sell,"Data center GPU market share declined to 15% from 18% year-over-year, generating a $280 million quarterly revenue shortfall versus consensus and 12% client segment contraction quarter-over-quarter, metrics that could drive a 5% price decrease as investors recalibrate growth assumptions.","Gross margin compressed 340 basis points sequentially from 51.2% to 47.8%, while operating margin fell to 16.5% from 22% and free cash flow margin dropped to 8.5% from 12.3% year-over-year, signaling profitability deterioration that could result in a 5% price decrease."
AME,buy,"Management's Q3 revenue guidance of 8.5% YoY growth exceeded Street consensus by 330bps, while EBITDA margin expansion of 120bps to 26.8% on aerospace segment recovery supports a 5% stock price increase based on peer multiple re-rating.","TTM free cash flow yield improved 70bps to 4.2% following $127M working capital optimization, enabling management to accelerate share repurchases by $200M annually, which DCF modeling indicates will drive 5% price appreciation."
AME,sell,"Our analysis indicates a sustained 150 basis point compression in operating margins for the Electromechanical Group (EMG), from a historical average of 22.5% to a projected 21.0% over the next four quarters, due to increased labor costs and freight expenses. Applying this lower margin profile to our discounted cash flow (DCF) model, while holding revenue projections and the discount rate constant, reduces the intrinsic value per share, indicating a potential 5% decrease from its current price level.","AMETEK's forward revenue growth is projected at 3.5%, lagging its direct competitor composite average of 5.0%. Despite this underperformance in growth, the stock currently trades at a forward Price-to-Earnings (P/E) ratio of 27.2x. We believe a valuation adjustment is warranted, and a contraction of its P/E multiple to 25.8x, to better reflect its growth trajectory relative to peers, would imply a potential 5% decrease in the stock price."
AMGN,buy,"Internal analysis of Amgen's recently acquired ChemoCentryx portfolio shows Tavneos sales are outperforming initial projections by 18% in the last quarter. This accelerated adoption is expected to contribute an additional $450 million in annual revenue. At Amgen's current price-to-sales ratio of 4.9x, this incremental revenue directly adds $2.2 billion to the company's valuation, supporting a 5% increase in its stock price.","Amgen's operational efficiency program has improved its non-GAAP operating margin by 200 basis points over the trailing twelve months, from 51% to 53%. This improvement, driven by a 3% reduction in cost of sales through supply chain optimization, is projected to increase full-year earnings per share (EPS) by $0.90. Applying the stock's forward P/E ratio of 13.5x to this incremental EPS justifies a 5% appreciation from the current share price."
AMGN,sell,"Last quarter revenue declined 2.3% year-over-year to $6.8 billion, with Enbrel franchise experiencing 8% volume erosion from biosimilar competition and gross margins compressing 150 basis points to 72.4%. Management reduced forward 12-month EPS guidance by 6.2% from $18.80 to $17.65 midpoint, which relative to industry average P/E of 15x creates 5% downside to current valuation.","Debt-to-equity ratio increased from 2.8x to 3.4x over past six months following $5.2 billion acquisition financing, while trailing twelve-month free cash flow declined 11% to $7.3 billion due to integration costs. Two late-stage pipeline assets with combined peak sales potential of $2.1 billion failed Phase III trials, removing key growth catalysts and supporting 5% stock price decline."
AMP,buy,"Asset under management grew 8.2% year-over-year to $398 billion with net inflows of $11.5 billion, expanding operating margins by 160 basis points to 24.1% and driving a 6.4% EPS upgrade, which analysis indicates should catalyze a 5% stock price increase.","Return on equity improved from 18.3% to 20.9% following a 15% increase in quarterly share repurchases to $735 million, while the forward P/E of 12.2x trades at a 13% discount to asset-management peers, supporting a 5% valuation re-rating."
AMP,sell,"Our analysis indicates a deceleration in client net flows within the Wealth Management segment, with net outflows of $3.8 billion in the most recent quarter, compared to average quarterly net inflows of $2.5 billion over the prior year. This trend is projected to reduce the firm's fee-earning asset base, leading to a revised forward earnings per share (EPS) estimate that is 6.2% below consensus. Applying the sector's average forward P/E ratio of 12.0x suggests a potential 5% decrease in the stock's valuation.","The company's adjusted operating margin in its Asset Management division has compressed by 220 basis points over the last six months, from 33.5% to 31.3%, due to escalating advisor retention costs and marketing expenditures. A discounted cash flow (DCF) model that incorporates this lower, sustained margin profile and a slightly increased weighted average cost of capital (WACC) from 8.5% to 8.9% yields a fair value estimate that is 5% below the current share price."
AMT,buy,"Analysis of recent carrier capital expenditure plans indicates an acceleration in 5G network densification, projecting a 3.2% increase in new lease amendments for American Tower over the next fiscal year. This incremental leasing activity is expected to boost annual property revenue by $250 million, which, based on the company's historical enterprise value to revenue multiple of 14.5x, supports a valuation increase of 5%.","A comparative analysis shows American Tower's forward Price-to-Adjusted Funds From Operations (P/AFFO) ratio is currently 19.5x, a 9.5% discount to its primary peer group average of 21.5x. A reversion to just half of this peer group discount, to a multiple of 20.5x, driven by superior international portfolio growth of 8% versus the peer average of 6%, would imply a 5% upside to the current stock price."
AMT,sell,"Refinancing $4.2 billion of debt maturing over the next 18 months at prevailing rates of 6.8% versus existing 3.2% will increase annual interest expense by $151 million, reducing projected 2025 AFFO per share by 7.3% from $9.85 to $9.13, which our DCF model indicates would drive a 5% price decrease.","The company's largest tenant representing 32% of rental revenue announced plans to cancel 18% of its leases over the next 24 months, eliminating $287 million in annual revenue and compressing same-property NOI growth to -4.2% from +3.1% in the prior year, a scenario that comparable REIT analysis suggests would trigger a 5% price decrease."
AMZN,buy,"AWS revenue growth accelerated to 22% year-over-year in the most recent quarter, up from 17% in the prior quarter, generating $25.3B with operating margins expanding from 26% to 28.5%. This 5-percentage-point re-acceleration in Amazon's highest-margin segment, which contributes 74% of consolidated operating income, directly supports a potential 5% stock price increase as analysts revise AWS valuation multiples upward from 8.5x to 9.2x forward revenue.","North American retail segment achieved 4.1% operating margin, a 90-basis-point improvement from 3.2% last quarter, while trailing-twelve-month free cash flow increased 17.6% to $38.1B. Combined with inventory turnover accelerating to 8.2x from 7.4x year-over-year on $86.5B revenue, this operational leverage suggests sustainable margin expansion that could drive a 5% price appreciation based on enterprise value-to-sales re-rating from 3.1x to 3.3x."
AMZN,sell,"Our analysis of Amazon Web Services (AWS) indicates a deceleration in growth and margin compression. We project next year's AWS revenue growth will be 13% year-over-year, falling short of the 16% consensus estimate, while operating margins are expected to contract by 200 basis points to 27% due to increased capital expenditures and competitive pricing pressures. A revised discounted cash flow (DCF) model factoring in these lower long-term growth and profitability assumptions for the company's primary profit driver results in a 5% decrease in our valuation for the stock.","The International E-commerce segment reported an operating loss of $2.1 billion last quarter, a 75% wider loss than the $1.2 billion recorded in the same quarter of the prior year and significantly missing analyst expectations of a $1.6 billion loss. This trend is eroding consolidated profitability, causing us to lower our forward 12-month GAAP EPS estimate by 9%. Applying the stock's current forward P/E ratio to this revised earnings forecast supports a 5% downward adjustment to our price target."
ANET,buy,Analysis of supply chain data from the most recent quarter indicates that purchase orders for Arista's 800G Ethernet switches from its top three cloud titan customers are 15% above consensus expectations. This is projected to result in an additional $220 million in revenue over the next twelve months. Applying the company's 5-year average price-to-earnings multiple of 32x to the estimated net income from this incremental revenue suggests a valuation uplift equivalent to a 5% increase in the current stock price.,"A proprietary survey of 150 enterprise CIOs reveals an accelerated adoption plan for Arista's Cognitive Campus networking solutions, with planned deployments over the next two fiscal years increasing by 8% compared to a survey conducted six months prior. This acceleration in a key growth market is projected to improve the company's overall non-GAAP gross margin by 60 basis points. A discounted cash flow (DCF) model revision based on this higher, sustained margin profile leads to a 5% increase in the target share price."
ANET,sell,"Arista's gross margin compressed 180 basis points sequentially to 61.5% last quarter, driven by a 3.2 percentage point market share loss in the 100GbE+ datacenter switch segment, while operating expenses grew 22% year-over-year versus only 9% revenue growth. These deteriorating fundamentals justify a 5% stock price decrease.","The company's top two customers now represent 48% of total revenue, up from 38% year-over-year, while days sales outstanding increased from 52 to 68 days and free cash flow margin contracted 350 basis points quarter-over-quarter to 32.5%. This rising concentration risk and liquidity deterioration signals a 5% stock price decrease."
ANSS,buy,"Q3 revenue grew 19.2% YoY to $412M, beating 14.7% consensus by 340 basis points, with operating margins expanding 180 basis points to 38.2%, which supports a 5% stock price increase based on 11% EPS upside translating to forward P/E multiple expansion from 32x to 34x.","Semiconductor simulation market share rose 340 basis points to 28.7% while free cash flow hit $127M at 31% margin, exceeding guidance by 400 basis points, driving a 5% price appreciation target as DCF models incorporate higher 6.5% terminal growth versus prior 5.8%."
ANSS,sell,"Analysis of the last two quarters reveals a concerning trend in operating leverage, with operating margins declining from 35.1% to 33.2% year-over-year, despite a 7% increase in revenue. This 190 basis point margin contraction is primarily due to a 15% surge in R&D spending to counter new competitive offerings. Applying this lower margin profile to consensus forward revenue estimates results in a revised EPS forecast that is 5.4% lower, supporting a 5% decrease in the stock's price to align with its historical price-to-earnings ratio.","A slowdown in a key forward-looking metric, Annual Contract Value (ACV), has been observed, with growth decelerating from 14% in the prior-year period to 9.5% in the most recent quarter. Our modeling indicates that this new, lower growth trajectory, when factored into a discounted cash flow (DCF) analysis by reducing the 5-year revenue CAGR assumption from 11% to 8.5%, decreases the intrinsic value per share by approximately 5%."
AON,buy,"Analysis of Aon's ongoing operational restructuring projects a 115 basis point improvement in adjusted operating margin over the next four quarters, raising it from 29.5% to 30.65%. Applying this margin expansion to consensus revenue forecasts, while holding the firm's forward Price-to-Earnings ratio of 23.5x constant, indicates an increase in net earnings sufficient to justify a 5% increase in the share price.","Based on management's forward guidance for capital allocation, Aon's Free Cash Flow (FCF) yield for the next fiscal year is calculated to be 5.25%. This represents an attractive valuation compared to its direct competitor peer group average FCF yield of 5.00%. A valuation re-rating to match the peer average implies a 5% price appreciation from its current level."
AON,sell,"Aon's organic revenue growth decelerated to 2.3% in the most recent quarter from 5.8% in the prior quarter, while adjusted EBIT margins contracted 180 basis points to 24.2% due to rising compensation expenses, creating valuation pressure that our DCF analysis indicates could drive a 5% price decline to $285 per share.","Aon's client retention rate fell to 89% from 93% year-over-year, with average contract values declining 4% and new business generation dropping 12%, translating to a projected $180 million revenue shortfall versus consensus that justifies a 5% stock price downside target of $285 based on forward P/E multiple compression from 18x to 17x."
AOS,buy,"AOS delivered 7.8% revenue growth in the most recent quarter, beating consensus estimates by 360 basis points, while expanding gross margins 160 basis points to 28.7% and achieving a 22% ROE that exceeds its 5-year average by 340 basis points, fundamentals that support a 5% price increase as valuation multiples re-rate toward industrial peer averages.","The company increased North American commercial water heater market share from 31% to 34% over the past six months, generating $287 million in free cash flow representing a 5.9% yield, and reduced its debt-to-equity ratio from 0.35x to 0.21x, balance sheet strength and cash generation metrics that warrant a 5% valuation uplift."
AOS,sell,"An internal analysis of rising commodity costs, specifically a 12% increase in steel prices over the last six months, is projected to compress gross margins by 150 basis points in the upcoming fiscal year. This margin pressure is expected to reduce full-year Earnings Per Share (EPS) from a consensus estimate of $3.60 to a revised forecast of $3.42, a reduction that models a corresponding 5% decrease in the stock price.","Recent channel checks in the North American wholesale market indicate a slowdown in commercial boiler demand, leading to a revised sales forecast for that product line of a 4% year-over-year decline, compared to previous guidance of 3% growth. As this segment carries a higher-than-average operating margin of 18%, the negative revision is expected to lower the company's forward Price-to-Earnings (P/E) multiple from 22x to 20.9x, resulting in a 5% decrease in the stock's target price."
APA,buy,"Analysis of the most recent quarter's drilling results in the Permian Basin shows a 9% increase in initial production rates over internal forecasts. This operational outperformance is projected to add $0.28 to the forward 12-month earnings per share (EPS) estimate. Applying the stock's current forward P/E ratio of 7.0x, this incremental EPS suggests a fair value increase of $1.96 per share, implying a 5% price increase.","The company's recently executed non-core asset sale has accelerated its deleveraging plan, reducing the Net Debt-to-EBITDAX ratio from 1.4x to 1.1x. A regression analysis of peer valuations indicates that for every 0.1x improvement in this ratio, the justifiable EV/EBITDAX multiple increases by 0.05x. This 0.3x improvement therefore warrants a multiple expansion from 3.2x to 3.35x, which translates to a 5% increase in the calculated equity value per share."
APA,sell,"Trailing twelve-month free cash flow contracted 18% to $1.45 billion while debt-to-EBITDA ratio rose from 1.6x to 2.3x over the past two quarters, indicating deteriorating financial flexibility that warrants a 5% stock price decrease.","Q3 production of 378,000 BOE/day fell 7% short of guidance as unit operating expenses increased 15% to $13.85 per barrel, creating margin pressure that justifies a 5% stock price decrease."
APD,buy,"Q3 EBITDA margin expanded 280 basis points year-over-year to 31.2%, driving 12% EPS growth to $2.85 versus $2.64 consensus, with management raising full-year guidance by 6%. This operational leverage at a 22.5x forward P/E multiple re-rating supports 5% stock price appreciation.","Trailing twelve-month operating cash flow surged 12% to $3.8B, enabling $2B in share repurchases while improving ROE by 200 basis points to 17.0% and reducing net debt/EBITDA from 2.1x to 1.8x. This enhanced capital efficiency supports 5% valuation upside."
APD,sell,"The company's Return on Invested Capital (ROIC) for its newly commissioned hydrogen projects is tracking at 9.5%, which is 250 basis points below the initial projection of 12.0% used in long-term capital allocation models. This underperformance on significant recent capital expenditures, which represent 15% of the total capital base, is projected to dilute the company's overall ROIC by 38 basis points. A DCF sensitivity analysis indicates this reduction in capital efficiency justifies a 5% decrease in the stock's fair value.","An internal competitive analysis reveals that a key competitor has secured contracts in the APAC electronics gases market that will erode APD's regional market share from 24% to a projected 21% over the next 24 months. This loss is expected to lower forecasted revenue from the segment by $200 million annually, translating to a $0.45 reduction in forward EPS. Applying the stock's current forward P/E ratio of 24x to this earnings shortfall indicates a potential 5% decrease in the stock price."
APH,buy,"In the most recent quarter, Amphenol's strategic cost optimization in its Interconnect and Sensor Systems division resulted in a 75 basis point expansion in its consolidated operating margin to 21.1%, exceeding internal targets of 20.5%. This efficiency gain translated directly to a quarterly EPS of $0.84, representing a 3.7% positive surprise against the consensus estimate of $0.81. A historical analysis of similar EPS beats over the past five years suggests an average subsequent re-rating of the forward P/E ratio by 1.1 points, implying a potential 5% increase in the stock price.","Proprietary channel checks indicate Amphenol has increased its market share in the high-speed AI data center connector market from 16.0% to 17.5% over the last six months. This segment, which grew 40% year-over-year, now accounts for 11% of APH's total revenue, up from 8% a year ago. Updating a sum-of-the-parts (SOTP) valuation to reflect the higher growth and margin profile of this segment justifies a revised price target that is 5% higher than the current market price."
APH,sell,"Q3 gross margin compressed 180 basis points from 33.2% to 31.4% year-over-year while revenue growth decelerated sharply to 2.3% from prior quarter's 7.8%, with management guiding for an additional 80-100 basis points of sequential margin erosion in Q4, creating combined headwinds that justify a 5% decrease in valuation.","Debt-to-equity ratio increased from 0.68x to 0.89x over the past six months following $1.2 billion in acquisition-related borrowing, while free cash flow contracted 12% year-over-year to $1.45 billion, weakening the balance sheet and reducing capital return capacity, which analysis indicates should drive a 5% stock price decrease."
APTV,buy,"APTV's high-voltage electrification segment revenue grew 18% year-over-year to $1.2B, while consolidated EBITDA margins expanded 130 basis points to 15.8%, generating $0.24 incremental EPS that supports a 5% price increase based on current valuation multiples.","The company generated $924M in trailing twelve-month free cash flow and reduced net debt-to-EBITDA from 2.1x to 1.6x, while executing $330M of its $750M share repurchase program to reduce share count by 3.2%, driving a 5% valuation uplift from enhanced capital returns and balance sheet optimization."
APTV,sell,"Analysis of the most recent quarter's supply chain costs reveals a 15% sequential increase in raw material inputs, primarily copper and resins, which has compressed the Signal & Power Solutions segment's operating margin by 120 basis points to 10.8%. This margin is below the company's guidance floor of 11.5%. Our discounted cash flow (DCF) model, when updated to reflect this sustained cost pressure for the next two fiscal years, results in a fair value estimate that is 5% below the current market price.","A review of the company's order backlog indicates a slowdown in the conversion rate for its Advanced Safety & User Experience products. The backlog-to-revenue conversion rate has declined from a historical average of 13% to 11.5% in the trailing quarter due to project deferrals from two major European OEMs. This 150 basis point reduction in conversion velocity is projected to lower forward 12-month revenue by 3%, directly impacting our earnings model and prompting a 5% downward revision of our stock price target."
ARE,buy,"Analysis of leasing activity in the prior quarter shows a cash-basis rental rate increase of 18.5% on 2.1 million square feet of renewed and re-leased space. This pricing power, combined with a 75 basis point increase in total portfolio occupancy to 95.2%, is projected to increase forward 12-month Net Operating Income by 2.6%, which supports a 5% increase in our price target based on a discounted cash flow model.","The company's development pipeline has $1.5 billion in projects scheduled for delivery over the next 18 months, with 85% of the space already pre-leased. These projects are forecast to generate a stabilized cash yield on cost of 6.8%, resulting in an accretion of $0.48 to annual Funds From Operations (FFO) per share, which justifies a 5% increase to the stock's current valuation when capitalized at the sector's average P/FFO multiple."
ARE,sell,"Same-property NOI declined 2.3% year-over-year as occupancy fell 180 basis points to 93.4%, reversing a 12-quarter growth streak, with new lease spreads turning negative at -4.5% compared to +8% in the prior year, operational deterioration that supports a 5% price decrease target.","Debt-to-EBITDA ratio rose to 7.4x from 6.2x year-over-year following $850M in new debt issuances at 6.8% interest rates, while interest coverage compressed to 3.1x from 4.8x and Q3 AFFO per share missed consensus by $0.08, credit metrics that warrant a 5% stock price decline."
ATO,buy,"Texas Railroad Commission approved 9.8% ROE on $2.3B incremental rate base investments effective next quarter, boosting FY2025 EPS estimates by $0.28 to $6.52; applying the current 18.5x P/E multiple to this upgrade yields a projected 5% stock price increase.","Q3 gas distribution margins expanded 120bps to 31.4% on 4.2% customer growth and $18M operational cost savings, raising operating cash flow guidance to $1.85B; this 7% cash flow beat versus consensus translates to a 5% valuation uplift under DCF models."
ATO,sell,"Recent regulatory filings in a key jurisdiction revealed an approved rate increase of only 1.8%, significantly below the 4.2% requested and the 3.5% consensus expectation factored into current valuations. This outcome is projected to lower forward earnings per share (EPS) estimates from $6.10 to $5.80. A repricing based on this revised earnings power, holding the forward P/E multiple constant at 19x, implies a 5% decrease in the stock's valuation.","An internal analysis of rising input costs for pipeline modernization projects, particularly steel and specialized labor, projects a 150 basis point compression in the company's forward operating margin, from a guided 24.5% to a revised 23.0%. This margin erosion is expected to reduce the company's Return on Invested Capital (ROIC) from a sector-premium 6.9% to 6.4%. A valuation recalibration based on peer ROIC multiples suggests that this decline in capital efficiency supports a 5% reduction in the stock price to align with sector averages."
AVB,buy,"Analysis of recent leasing data from AvalonBay's key coastal markets shows same-store Net Operating Income (NOI) growth for the current quarter is tracking at 4.5%, significantly above the consensus estimate of 3.2%. This outperformance is projected to increase full-year Funds From Operations (FFO) per share by $0.52. Applying the stock's historical forward Price/FFO multiple of 17.5x to this incremental FFO suggests a valuation rerating, indicating a potential price increase of 5% from the current level.","A proprietary review of recent multifamily property transactions reveals capitalization rate compression of 30 basis points in AVB's core submarkets. Applying this lower cap rate to the company's in-place portfolio results in an upward revision of our Net Asset Value (NAV) estimate by $9.20 per share. Our model indicates the market will price in this higher asset valuation over the next quarter, supporting a stock price appreciation of 5%."
AVB,sell,"Same-store NOI declined 2.3% year-over-year as occupancy compressed from 96.5% to 94.8% and operating expense ratios rose 150 basis points, with renewal lease rate growth decelerating to 2.1% from 5.3%, supporting a 5% stock price decrease.","Debt-to-EBITDA increased to 7.2x from 6.1x over the past quarter as the weighted average cost of debt rose to 5.7% from 3.2%, while the $1.8B development pipeline delivers 5.8% yields versus a 6.5% cost of capital, requiring a potential dilutive equity raise that could drive a 5% stock price decrease."
AVGO,buy,"Broadcom's AI semiconductor revenue grew 45% year-over-year to $8.5 billion, representing 32% of total segment revenue in the most recent quarter, while adjusted EBITDA margins expanded 350 basis points to 61.5%; this AI-driven margin accretion supports a 5% stock price increase as the market applies premium AI valuation multiples.","VMware integration achieved $1.2 billion in annualized cost synergies three quarters ahead of schedule, reducing net debt-to-EBITDA from 2.4x to 1.8x via $4.3 billion in debt repayment; this accelerated deleveraging and synergy capture represents a 5% valuation upside through improved credit metrics and capital returns."
AVGO,sell,"Analysis of supply chain data indicates Broadcom's Semiconductor Solutions segment gross margin is expected to contract by 220 basis points over the next two quarters, from 71.5% to 69.3%, due to rising wafer fabrication costs. Our discounted cash flow (DCF) model, when updated to reflect this sustained margin pressure on 60% of the company's revenue, yields a revised fair value that is 5% below the current share price.","Consensus projects 10% year-over-year growth for the Infrastructure Software segment; however, our tracking of enterprise IT spending shows a deceleration, pointing to a 6% growth rate. This 4 percentage point growth shortfall in a segment that contributes 40% of total revenue lowers the company-wide growth forecast by 1.6%. A re-rating based on a lower growth-adjusted P/E multiple suggests a stock price decline of 5%."
AVY,buy,"Analysis of Avery Dennison's recent supply chain optimization shows a sustained 90 basis point improvement in gross margins over the last two quarters. Projecting this enhanced profitability forward, our earnings model indicates an increase in next year's EPS by $0.88 above prior forecasts. Applying the sector's median P/E ratio of 21x to this incremental EPS suggests a valuation uplift of $18.48 per share, representing a 5% increase from the stock's trailing 30-day average price.","The Intelligent Labels division is projected to grow by 18% in the next fiscal year, outpacing the previously forecasted 14% growth, due to securing two major contracts in the logistics and apparel sectors. A discounted cash flow (DCF) model updated for this accelerated, high-margin revenue stream shows a $10.75 increase in the intrinsic value per share. Relative to the current market price of $215, this specific catalyst supports a 5% appreciation in the stock's value."
AVY,sell,"Gross margin compressed 150 basis points year-over-year to 27.0% in Q3 as raw material costs rose 12% and pricing power weakened, with management guiding Q4 EPS 6% below consensus, indicating earnings headwinds that support a 5% stock price decline.","Debt-to-equity ratio increased from 1.8x to 2.4x over the past six months while free cash flow conversion fell from 78% to 65% due to working capital buildup, raising refinancing risk that supports a 5% stock price decline."
AWK,buy,"Q3 2024 regulatory approvals in Pennsylvania and California authorized $1.2 billion incremental infrastructure investments at 9.8% weighted-average ROE, accelerating regulated rate base growth from 6.1% to 8.7% annually and increasing 2025 EPS guidance by $0.18 to $5.20, which represents 12.5% growth versus prior 8.5% forecast, supporting a 5% price increase at the current 24x P/E multiple.","Customer connections expanded 2.9% year-over-year in Q3 2024, exceeding the historical 1.6% average, while O&M expense ratio improved 135 basis points to 34.2% through smart meter deployment, driving EBITDA margin from 47.8% to 49.6% and delivering 14.3% EBITDA growth versus 9.2% consensus, which combined with WACC declining 8 basis points to 6.2% from lower treasury yields, creates a 5% valuation upside based on DCF model sensitivity."
AWK,sell,"Our analysis indicates a forward operating margin compression to 32.5% from the trailing twelve-month average of 34.2%, driven by a 15% quarter-over-quarter increase in chemical and electricity costs that are not expected to be recovered through rate cases until the next fiscal year. This 170-basis point margin erosion, when applied to consensus revenue estimates, leads to a projected earnings miss that supports a 5% decrease in our valuation of the stock.","Recent regulatory decisions in key service territories have resulted in an average approved Return on Equity (ROE) of 9.2% for planned capital projects, which is 90 basis points below the 10.1% ROE assumed in current street models. This lower rate of return on the company's $2.8 billion capital deployment plan for the next 18 months is projected to lower long-term free cash flow growth by 1.2%, justifying a 5% reduction in the stock's price target."
AXP,buy,"Analysis of spending patterns within American Express's Small and Medium Enterprise (SME) segment shows a 16% year-over-year growth in network volumes last quarter, significantly outpacing the consensus forecast of 12%. This outperformance is projected to add an incremental $0.62 to the full-year Earnings Per Share (EPS) estimate. Applying the stock's historical forward P/E multiple of 18x to this additional EPS contribution supports a valuation uplift, justifying a 5% increase in the stock price.","The company's execution of its capital return program and improved credit portfolio performance are set to unlock shareholder value. An accelerated share repurchase plan is on track to reduce the total share count by 2% over the next six months. Concurrently, a 25-basis-point reduction in the net charge-off rate compared to projections is expected to boost net income by 3%. The combined accretive impact of the share reduction and the earnings beat provides direct support for a 5% increase in share price."
AXP,sell,"Net charge-off rate increased 150 basis points year-over-year to 3.6%, provision expense surged 50.4% to $1.73B quarterly, and 30+ day delinquencies rose 110 basis points to 2.8%, driving the coverage ratio down to 2.4x from 3.2x, which will likely result in a 5% stock price decrease.","Operating margin compressed 330 basis points to 21.5% as customer acquisition costs jumped 33% to $242 per account, corporate card market share fell 600 basis points to 21%, and revenue growth of 4.2% lagged the industry average of 9.1% by 490 basis points, which will likely cause a 5% stock price decrease."
AZO,buy,"AutoZone's Q3 comparable store sales accelerated to 5.3% versus 2.1% consensus, while commercial division revenue expanded 18% year-over-year and operating margins improved 40 basis points to 20.1%; this combination of accelerating retail growth and operational leverage supports a 5% increase in target price based on revised forward earnings estimates.","Trailing twelve-month free cash flow increased 22% to $2.4 billion, yielding 7.8% on current market cap, as net debt-to-EBITDA declined from 2.8x to 2.1x and inventory days outstanding fell 8 days year-over-year; this enhanced capital efficiency and balance sheet improvement drives a 5% appreciation in the stock price as valuation multiples re-rate higher."
AZO,sell,"Proprietary analysis of supply chain costs and promotional activity indicates a forthcoming compression in operating margins. We project the operating margin to contract by 140 basis points to 18.9% over the next two quarters, below the consensus estimate of 20.3%. This revision lowers our forward earnings per share (EPS) estimate by 7.1%. Applying the stock's five-year average price-to-earnings (P/E) ratio of 19.0x to this lower EPS forecast results in a valuation that is 5% below the current market price.","A slowdown in the do-it-yourself (DIY) auto repair segment is negatively impacting same-store sales growth. Our alternative data model, which tracks store foot traffic and credit card transactions, projects next-twelve-months (NTM) same-store sales growth of only 0.9%, falling short of the company's 2.7% guidance. This significant growth deceleration justifies a contraction in the stock's valuation multiple. We are reducing our target forward EV/EBITDA multiple from 12.0x to 11.4x, which implies a potential 5% decrease in the stock price."
BA,buy,"Analysis of recent production efficiencies indicates that an increase in the 787 Dreamliner build rate from 5 to 7 aircraft per month, expected to be achieved in the next two quarters, will reduce unit production costs by 4%. This cost improvement is projected to expand the Commercial Airplanes segment's operating margin by 60 basis points, directly increasing the consensus forward earnings per share (EPS) estimate by $0.32. This revision translates to a 5% increase in our 12-month price target, assuming the forward P/E ratio remains stable at 25x.","A newly secured $15 billion multi-year defense contract for the F-15EX Eagle II aircraft is projected to increase the Boeing Defense, Space & Security (BDS) segment's backlog by 8%. The contract's favorable terms are estimated to generate an incremental $7.5 billion in discounted free cash flow over the life of the program. This value directly translates to a $7.5 billion increase in the company's intrinsic valuation, which, based on the current market capitalization, justifies a 5% appreciation in the stock price."
BA,sell,"Free cash flow contracted 43% from $2.1 billion to $1.2 billion in the most recent quarter, while total debt increased $3.4 billion to $58.7 billion, pushing the debt-to-equity ratio from 3.8x to 4.5x. This liquidity deterioration and leverage expansion warrants a 5% stock price decline.","Commercial airplane deliveries declined 18% from 95 to 78 units quarter-over-quarter, combined with $8.3 billion in order cancellations and operating margin compression from 8.2% to 5.9%. This operational underperformance signals a 5% valuation downside."
BAC,buy,"BAC's net interest margin expanded 15 basis points sequentially to 2.45% while efficiency ratio improved 180 basis points to 58.5%, driving a projected 6% EPS beat versus consensus and supporting a 5% stock price increase.","Digital banking adoption rose 18% year-over-year, reducing cost per transaction by $0.12 and improving the tier 1 leverage ratio to 7.1%, enabling $2.8 billion in incremental share buybacks that imply a 5% price appreciation."
BAC,sell,"Our proprietary model indicates an upcoming compression in Bank of America's Net Interest Margin (NIM) by 25 basis points over the next two quarters, from 2.20% to 1.95%, due to a higher-than-peer sensitivity to deposit repricing. This is significantly greater than the 10-basis-point compression anticipated for the sector average. This decline is projected to lower annualized net interest income by $2.8 billion, which, when flowing through to earnings at the company's current price-to-earnings multiple, supports a 5% decrease in our valuation for the stock.","A stress test on BAC's consumer credit card portfolio projects a 60-basis-point increase in the net charge-off rate to 3.50% over the next six months, exceeding current consensus estimates of 3.10%. This would necessitate an additional $1.2 billion in loan loss provisions not yet factored into market expectations. This unanticipated hit to net income translates to a reduction in our forward EPS estimate, justifying a 5% downward revision to our price target."
BALL,buy,"Internal modeling indicates that a 2.5% quarter-over-quarter increase in global beverage can shipments, combined with a 40 basis point improvement in operating margin from lower aluminum premiums, will result in an incremental $0.16 in earnings per share (EPS) for the full fiscal year. Applying the stock's current forward P/E ratio of 20.0x to this additional EPS translates to a $3.20 price target increase, representing a 5% upside from the current share price.","An analysis of newly implemented production lines shows an efficiency improvement that is projected to increase the company's Return on Invested Capital (ROIC) from a trailing 9.5% to a forward 11.0%. Peers demonstrating an ROIC above 10.5% currently trade at an average EV/EBITDA multiple of 10.2x, a premium to Ball's current 9.7x. A re-rating to this peer-group average multiple implies a 5% increase in the stock's valuation."
BALL,sell,"Q3 beverage packaging segment EBITDA margin compressed 170 basis points year-over-year to 12.8% as aluminum costs surged 14% with only 60% pass-through to customers, driving segment EBITDA down 7.5% on flat volumes and management guided Q4 margins to further decline to 11.5-12.0% range, which supports a 5% stock price decrease.","Net debt-to-EBITDA ratio deteriorated to 4.3x from 3.2x year-over-year following $875 million in acquisition debt, while free cash flow conversion collapsed to 42% from 65% due to $185 million working capital build, leaving only $320 million in available liquidity against $1.15 billion of debt maturing in the next 15 months at expected refinancing rates 275 basis points higher, warranting a 5% stock price decrease."
BAX,buy,"Baxter's Q3 organic revenue growth accelerated to 8.4% versus 5.1% in Q2, beating consensus by $120M at $3.24B, while adjusted operating margins expanded 180bps YoY to 18.2%, driving a $0.12 EPS beat ($0.85 vs $0.73). Management raised FY2024 EBITDA guidance by 4% at the midpoint, which based on peer-average EV/EBITDA multiple of 11x, translates to a 5% stock price increase to $48.50 from the current $46.20.","Baxter's net debt-to-EBITDA ratio improved to 2.1x from 2.8x YoY through $450M debt repayment, while free cash flow yield of 7.3% exceeds the sector average of 4.5% by 280bps. The newly authorized $450M share buyback program represents 3.2% of shares outstanding, and combined with improving capital efficiency metrics, this supports a 5% valuation uplift to $48.50 based on DCF analysis incorporating the reduced WACC of 7.8%."
BAX,sell,"Our analysis indicates that gross margins for the Medication Delivery segment are projected to contract by 220 basis points over the next two quarters due to sustained high costs for semiconductor components and resins. This margin pressure is expected to lower the company's full-year earnings per share (EPS) by $0.12 below the current consensus. A revised discounted cash flow (DCF) model incorporating this lower profitability reduces our valuation, supporting a 5% decrease in the stock price.","Channel checks reveal that a key competitor's newly approved Acute Kidney Injury (AKI) therapy device is gaining traction faster than anticipated, leading to a projected market share loss for Baxter of 3% in this high-margin sub-segment over the next 12-18 months. This erosion translates to an estimated $180 million revenue headwind, which was not factored into current guidance. Adjusting our revenue forecast model for this specific impact results in a 5% decrease in our price target."
BBY,buy,"The successful rollout of the new ""My Best Buy"" tiered membership program over the last six months has increased the attach rate of high-margin services by 4% on eligible product sales. This is projected to increase the blended corporate gross margin by 75 basis points, adding an estimated $0.30 to the next fiscal year's EPS. Applying the stock's current forward P/E multiple of 15x to these incremental earnings suggests a potential price increase of $4.50, representing a **5% upside** to the share price.","The company’s recent supply chain optimization initiative, completed last quarter, has resulted in a 10% reduction in inventory days on hand, improving the cash conversion cycle by 5 days. The associated reduction in carrying costs and improved working capital management is expected to generate an additional $75 million in annual free cash flow. This translates to an incremental $0.30 in FCF per share, which, when valued using the company's current price-to-free-cash-flow multiple of 15x, implies a valuation uplift of $4.50 per share, or a **5% increase** from the current stock price."
BBY,sell,"Q3 2024 comparable store sales declined 3.2% year-over-year while gross margin compressed 180 basis points from 23.2% to 21.4%. Inventory turnover deteriorated from 5.4x to 4.1x, tying up $380 million in additional working capital. This combination of margin pressure and inventory buildup is projected to reduce forward P/E from 12.5x to 11.8x, representing a 5% decline in the stock price to $68 per share.","Best Buy's market share in consumer electronics retail fell 2.3 percentage points to 14.7% over the past 12 months, while Amazon's share grew 3.1 points to 31.8%. Customer traffic declined 5.7% year-over-year, and average order value dropped 2.4% to $347. These competitive headwinds are expected to reduce revenue estimates by $420 million for Q4, driving a 5% price decrease to $68 per share."
BDX,buy,"BDX's Biosciences division revenue growth accelerated from 4.2% to 8.7% year-over-year last quarter, propelled by 23% market penetration of the new FACSLyric flow cytometry system. Segment gross margins expanded 110 basis points to 52.3% due to manufacturing scale efficiencies, supporting a 5% price increase as sell-side models incorporate 7-8% higher forward EPS estimates.","The company reduced net debt-to-EBITDA from 3.4x to 2.7x over the past six months via $850 million in debt retirement, while expanding its share buyback authorization by $1.2 billion. Return on equity improved from 11.8% to 14.1% year-over-year, with the combined capital structure optimization and shareholder yield enhancement justifying a 5% upward price revaluation."
BDX,sell,"Analysis of supply chain costs reveals that input material inflation and freight expenses are running 150 basis points higher than company guidance. This is projected to cause a full-year operating margin compression to 17.0%, compared to consensus estimates of 18.5%. A downward revision of full-year EPS guidance to reflect these costs, from $13.00 to $12.35, implies a valuation repricing that would lead to a 5% decrease in the stock price.","Channel checks in the Life Sciences division indicate that a key competitor's new diagnostic platform is gaining traction faster than anticipated, leading to a projected 200 basis point deceleration in BDX's segment revenue growth for the upcoming fiscal year. This erosion of market share in a high-margin business is expected to trigger a contraction in the stock's forward P/E multiple from 21.0x to 19.95x, justifying a 5% decrease in the stock price."
BEN,buy,"Our Discounted Cash Flow (DCF) analysis has been updated following two consecutive quarters of positive net inflows into Franklin's alternative and fixed-income products, reversing a multi-year outflow trend. By adjusting our model's long-term AUM growth rate from -1.2% to -0.7% to reflect this stabilization, our DCF-derived price target increases from $26.00 to $27.30, representing a potential upside of 5% from the current price.","An analysis of post-acquisition integration expenses indicates that Franklin Resources is on track to achieve an adjusted operating margin of 33.6% over the next twelve months, 150 basis points ahead of consensus estimates of 32.1%. This outperformance in synergy realization directly increases our forward Earnings Per Share (EPS) estimate by 5.0%, which, assuming a constant P/E multiple of 10x, justifies a 5% increase in the stock's valuation."
BEN,sell,"Net client outflows accelerated to $62 billion over the trailing twelve months, driving assets under management down 4.3% to $1.48 trillion while the average fee rate compressed 8 basis points to 0.42%, creating combined revenue headwinds that warrant a 5% stock price decrease.","Operating margin contracted 180 basis points year-over-year to 24.3% as compensation expenses rose 12% despite flat revenue, while return on equity fell from 15.2% to 12.7% and the P/E ratio expanded to 13.8x versus sector median of 11.2x, indicating 5% valuation downside."
BIIB,buy,"Q2 revenue of $2.72B exceeded consensus by 6.5% driven by 8% year-over-year growth in core multiple sclerosis portfolio and newly launched Alzheimer's therapy generating $265M versus $180M expected, with management raising full-year guidance by 4%, catalyzing a projected 5% stock price increase.","Phase 3 trial for secondary pipeline asset in Parkinson's disease demonstrated 15% improvement in primary motor endpoint versus placebo, with analysts modeling $600M peak sales and 65% regulatory success probability, contributing to an estimated 5% valuation uplift."
BIIB,sell,"Our channel checks indicate that Biogen's primary multiple sclerosis drug is facing accelerated market share erosion, losing 120 basis points of U.S. market share last quarter, double the consensus expectation of a 60 basis point decline. We project this will lead to a $490 million revenue shortfall over the next twelve months compared to current street estimates. After applying the company's 21% net profit margin, this lowers our forward EPS estimate by $0.72, which, based on the stock's 15.5x forward P/E ratio, warrants a 5% downward revision of our price target.","A review of the clinical development path for BIIB-098, a key pipeline asset for neuromuscular disorders, now suggests a delay in the Biologics License Application (BLA) filing by at least three quarters due to new FDA data requests. Our discounted cash flow (DCF) model adjustment, which increases the discount rate for the asset by 2% to reflect higher risk and pushes peak sales out to FY2031 from FY2029, results in a reduction of $11.50 in our per-share valuation, representing a 5% decrease from the current price."
BK,buy,"The Asset & Wealth Management division reported net new fee-generating asset inflows of $52 billion in the last quarter, surpassing internal targets by 30%. This, combined with a 60-basis-point expansion in the division's pre-tax profit margin to 29.5% from efficiency gains, is projected to increase the company's forward twelve-month EPS by 7%. Applying the stock's current forward P/E ratio of 11.0x to this revised earnings forecast implies a valuation that is 5% higher than the current share price.","Management has raised its full-year guidance for Return on Tangible Common Equity (ROTCE) from a range of 19%-20% to a new target of 20.5%-21.5%, citing benefits from recent technology investments. In conjunction with this improved outlook, the board has authorized an accelerated share repurchase of $1.5 billion over the next six months. A valuation analysis based on the updated ROTCE and a lower share count projects a fair value for the stock that is 5% above its current price."
BK,sell,"Net interest margin compressed 17 basis points year-over-year to 1.08% as deposit costs rose 110bps versus asset yield increase of 58bps, generating 7% net interest income shortfall that reduces EPS by $0.06 below consensus and would drive a 5% stock price decrease.","CET1 capital ratio fell to 10.8% after $2.1 billion risk-weighted asset increase from commercial real estate exposure, breaching the 11.5% regulatory minimum and requiring $1.2 billion dilutive equity raise at 4% discount, a capital deficiency that would catalyze a 5% stock price decrease."
BKNG,buy,"Booking Holdings generated $28.50 free cash flow per share in the trailing twelve months, representing 18% growth driven by EBITDA margin expansion of 150 basis points to 42.3% through 8% marketing efficiency improvements and 12% merchant take-rate gains. This cash flow acceleration, when modeled using a 9.2% WACC in a DCF framework, produces a valuation increase that corresponds to a 5% stock price appreciation.","The alternative accommodation platform captured 38% of total gross bookings last quarter, up 900 basis points year-over-year with 31% volume growth, while achieving 1.4x higher commission rates than traditional hotel bookings. Combined with consolidated revenue growth of 12% and ROE improvement to 85%, this mix shift supports forward P/E expansion from 18.5x to 19.4x on $185 per share earnings estimates, implying a 5% price increase."
BKNG,sell,"Analysis of recent performance marketing data reveals a 300 basis point increase in advertising spend as a percentage of gross bookings over the last two quarters, rising from 4.2% to 4.5%. This elevated customer acquisition cost has compressed the company's contribution margin per booking by 1.5 percentage points. Our discounted cash flow (DCF) model, updated with this new margin profile and assuming this trend persists for the next fiscal year, lowers the intrinsic value per share estimate, indicating a potential 5% decrease in the stock price.","Our proprietary data tracking room nights booked, a primary revenue driver, indicates a sequential deceleration in year-over-year growth from 9% last quarter to an estimated 6.5% for the current quarter, which is 200 basis points below the consensus forecast of 8.5%. A regression analysis correlating room night growth to forward revenue shows that this slowdown is expected to reduce next year's revenue by $450 million against previous projections. This adjustment, when factored into a price-to-sales valuation framework using the sector average multiple of 5.5x, points to a potential 5% decrease in the stock price."
BKR,buy,"Analysis of the Industrial & Energy Technology (IET) segment shows operating margins expanded by 120 basis points last quarter, exceeding consensus estimates by 40 basis points. This efficiency gain is projected to add $350 million in incremental free cash flow over the next fiscal year. Factoring this into a forward cash flow valuation model, while maintaining a conservative 14.5x forward P/E ratio, supports a 5% increase in our price target.","The company's total order backlog grew by 15% year-over-year to $26.5 billion in the most recent quarter, primarily driven by a 40% increase in New Energy orders. This growth provides revenue visibility for the next 24 months at higher-than-average margins. Our discounted cash flow (DCF) model, when updated to reflect this accelerated, higher-margin revenue stream, results in a 5% increase in the calculated intrinsic value of the stock."
BKR,sell,"Baker Hughes Q3 operating margins compressed 240 basis points year-over-year from 9.2% to 6.8%, while free cash flow declined 35% from $1.2 billion to $780 million and the order backlog decreased 18% sequentially to $19.4 billion, indicating a 5% stock price downside.","The company's debt-to-equity ratio increased from 0.45 to 0.67 over the past six months, while its forward P/E of 18.5x trades at a 30% premium to the peer average of 14.2x, and ROE declined from 14% to 9% year-over-year, together creating 5% valuation downside."
BLK,buy,"BlackRock's total AUM grew 8.7% quarter-over-quarter to $10.4 trillion, driven by $112 billion in net inflows and 5.2% market appreciation. The company's operating margin expanded 280 basis points to 41.8% due to technology-driven cost efficiencies, while the ETF fee compression stabilized at 0.12% average expense ratio. These fundamental improvements in scale and profitability support a 5% stock price increase.","BlackRock's forward P/E of 17.2x represents a 15% discount to the asset management peer average of 20.2x despite 14.5% EPS growth forecast. The firm increased its quarterly dividend by 18% to $5.85 per share and authorized $3.1 billion in share repurchases over the next 12 months, representing 4.3% of current market cap. With ROE at 16.3% and debt-to-equity ratio declining to 0.34x, these capital allocation metrics justify a 5% price appreciation."
BLK,sell,"Analysis of recent fund flows indicates a significant deceleration in high-margin asset gathering. In the most recent quarter, long-term net inflows were $52 billion, missing consensus estimates of $80 billion and marking a 40% decline from the prior-year quarter. This slowdown is projected to reduce the forward 12-month revenue growth forecast from 6% to 4%. A revised earnings model incorporating this lower growth rate supports a 5% decrease in the target stock price.",The company's operating margin has shown signs of compression due to an unfavorable product mix shift towards lower-fee passive investments. The latest quarterly operating margin contracted by 120 basis points year-over-year to 37.1%. A discounted cash flow (DCF) analysis that adjusts the terminal growth rate assumption downward by 0.30% to reflect this persistent fee pressure indicates a 5% decrease in the intrinsic value per share.
BMY,buy,"Sales from the company's new oncology drug, Yervoy-2, exceeded initial launch quarter forecasts by 40%, generating $350 million in revenue. The drug's 85% gross margin profile is projected to expand the company's total operating margin by 200 basis points over the next 12 months, from 34.5% to 36.5%. Incorporating this enhanced profitability into our earnings model supports a 5% increase in the stock's target price.","The company's free cash flow (FCF) yield is currently 9.5%, compared to the pharmaceutical sector average of 7.0%. Management has committed to using excess cash flow to accelerate its share repurchase program, targeting a 2% reduction in shares outstanding next quarter. This improved capital return profile justifies closing 25% of the FCF yield gap with peers, warranting a 5% upward re-rating of the stock valuation."
BMY,sell,"Q2 revenue from key asset Revlimid declined 24% YoY to $1.75B, 300bps worse than guidance, compressing oncology segment margins by 350bps to 38.7% and forcing FY2024 EPS guidance cut from $6.40 to $5.95, with this earnings shortfall creating an estimated 5% downside to the current stock price valuation.","Phase III failure of pipeline candidate BMS-986309 in Crohn's disease triggers a $1.8B impairment charge and eliminates projected peak sales of $800M, while net debt-to-EBITDA rises to 3.8x from 2.9x sequentially, a deterioration that analysis indicates warrants a 5% price discount to sector-average P/E multiple of 11.5x."
BR,buy,"Q3 recurring revenue growth of 11.5% YoY outpaced consensus of 7.2%, driven by 35% SaaS revenue mix growing at 19% CAGR and 98.2% client retention, while EBITDA margins expanded 230bps to 30.8% as management raised FY24 guidance to 10-12% from 7-9%; these operational accelerators justify a 5% increase in stock price.","The stock trades at 18.3x NTM P/E, a 17% discount to fintech infrastructure peers' 22.1x median, despite generating 32% ROE, maintaining 0.4x debt-to-equity, and delivering $2.8B TTM free cash flow at a 4.5% yield; a 21% dividend hike paired with $500M incremental buybacks supports a 5% price appreciation target."
BR,sell,"Internal analysis projects next fiscal year's operating margin will compress to 17.8% from a trailing twelve-month average of 18.8%, driven by a 15% increase in technology infrastructure costs required to service newly onboarded, lower-margin clients. Factoring this 100-basis-point margin erosion into our discounted cash flow (DCF) model lowers our fair value estimate by 5%.","Our proprietary channel checks indicate a deceleration in recurring revenue growth from key asset management clients, projecting a rate of 4.5% for the next fiscal year, which is below the consensus estimate of 6.0%. Adjusting our valuation model for this slower growth profile results in a revised price target that is 5% below the current market price."
BSX,buy,"Analysis of early adoption rates for the recently FDA-approved Farapulse™ PFA System in key U.S. markets indicates sales are tracking 18% above initial consensus estimates. This outperformance is projected to add an incremental $400 million in revenue over the next four quarters. At the product line's estimated 24% operating margin, this will contribute an additional $0.07 to annual EPS, supporting a 5% increase in the stock's valuation based on its current forward P/E ratio.","The company's ongoing supply chain optimization program is projected to improve gross margins by 60 basis points over the next fiscal year, exceeding initial targets of 40 basis points. This enhanced efficiency is expected to reduce Cost of Goods Sold by approximately $240 million. This operational saving boosts our free cash flow forecast by $185 million, which, when incorporated into our discounted cash flow (DCF) model, results in a 5% increase to the stock's intrinsic value."
BSX,sell,"BSX's core Cardiac Rhythm Management market share declined 400 basis points year-over-year to 24% while gross margins compressed 150 basis points to 70.5%, combined with a 12% increase in SG&A expenses, creating operational headwinds that could drive a 5% stock price decrease.","The company's debt-to-EBITDA ratio deteriorated to 4.2x following the $2.3B acquisition, with free cash flow conversion dropping to 62% and interest coverage ratio falling to 4.8x, indicating balance sheet stress that could trigger a 5% stock price decline."
BWA,buy,"EV powertrain segment revenue grew 34% YoY to $1.2B in Q3, representing 28% of total revenue with operating margins expanding 240bps to 18.5%, which is 740bps above traditional ICE margins, driving a 5% stock price increase as analysts re-rate the stock toward EV supplier multiples.","Free cash flow margin improved 150bps to 7.8% in Q3 while net debt/EBITDA declined to 1.4x from 2.1x year-over-year, enabling a $300M accelerated share repurchase that reduces share count by 2.3% and supports a 5% price increase as 2024 EPS estimates rise by $0.12 per share."
BWA,sell,"Internal analysis of BorgWarner's product mix shift indicates that the gross margin on its expanding eProducts portfolio is 13.5%, compared to 17.0% for its legacy combustion-related products. With eProducts projected to grow from 28% to 35% of total revenue over the next four quarters, this will compress the company's blended gross margin by approximately 1.2 percentage points. This margin erosion is expected to lower forward earnings per share (EPS) estimates by 8%, justifying a 5% decrease in the stock's price to align with a revised price-to-earnings (P/E) multiple of 9.5x from 10.0x.","Company guidance suggests a significant increase in capital expenditures to support EV platform retooling, raising the projected CapEx-to-Sales ratio to 6.5% for the next fiscal year, up from the five-year average of 5.2%. This elevated spending is forecast to reduce the firm's free cash flow (FCF) conversion rate from 90% to 70%. A discounted cash flow (DCF) model updated with this lower FCF profile results in a 5% decrease in the calculated intrinsic value per share."
BXP,buy,"Analysis of new leasing activity, representing 450,000 square feet in the life sciences portfolio, shows rental rates 12% above prior forecasts. This is expected to drive a revision in next year's Funds From Operations (FFO) per share guidance from $7.50 to $7.88, justifying a 5% increase in the stock price based on a constant Price/FFO multiple.","BXP currently trades at a 9.2% discount to its consensus Net Asset Value (NAV) per share of $130. The announced sale of a non-core asset at a 4.5% capitalization rate, which is 50 basis points below the rate implied in current NAV estimates, is projected to cause this discount to narrow to its historical average of 4.6%, representing a 5% increase in the share price."
BXP,sell,"BXP's Q3 occupancy rate fell 320 basis points to 88.2% from 91.4% year-over-year, while same-store NOI declined 3.2% and new lease spreads turned negative at -15% on 1.2M sq ft of expirations, compressing forward FFO per share estimates by $0.28 and triggering a projected 5% stock price decrease.","The company's debt-to-EBITDA ratio deteriorated to 8.7x from 6.2x sequentially as EBITDA fell 12% while $2.3B of debt matures in the next 12 months requiring refinancing at current rates 280bps higher, adding $65M in annual interest expense and driving an estimated 5% valuation decline."
C,buy,"Citigroup's net interest margin expanded 35 basis points year-over-year to 2.85% while core operating expenses declined $1.2 billion annually through branch consolidation, projected to increase FY2024 EPS by $0.42. Applying the current 8.2x forward P/E multiple to this earnings uplift generates a $3.44 per share valuation increase, representing a 5% price appreciation from the current $68.80 trading level.","The bank's institutional trading revenue grew 22% quarter-over-quarter to $4.8 billion while net charge-offs fell 40 basis points to 0.65%, improving forward ROE estimates from 9.2% to 10.1%. Valuing this enhanced profitability at 0.65x tangible book value of $105 per share yields additional equity value of $3.44 per share, translating to exactly 5% upside from current levels."
C,sell,"Internal modeling for the next six months indicates a Net Interest Margin (NIM) compression of 18 basis points, from 2.88% to 2.70%, due to a faster-than-expected rise in deposit costs. This is projected to reduce forward 12-month Net Interest Income by $1.4 billion, leading to a revised EPS forecast of $7.22, down from $7.60. This 5% reduction in the consensus EPS estimate warrants a corresponding 5% decrease in the stock's target price.","A portfolio review of the bank's commercial real estate (CRE) loan book has identified a need to increase loan loss provisions by an additional $1.1 billion in the upcoming quarter, 40% higher than consensus. This charge is expected to lower the firm's Common Equity Tier 1 (CET1) ratio by approximately 20 basis points. The resulting decline in tangible book value per share, combined with the perceived increase in credit risk, justifies a 5% decrease in the stock's price-to-tangible-book-value multiple."
CAG,buy,"Internal modeling of the company's newly implemented 'Project Apex' supply chain efficiency program indicates a potential 75 basis point improvement in gross margin over the next four quarters. This enhancement is projected to increase forward earnings per share (EPS) from $2.70 to $2.835, which, at a constant P/E multiple of 12.5x, justifies a 5% increase in the target stock price.","Recent syndicated retail data for the last quarter shows Conagra's frozen foods division captured an additional 1.1 percentage points of market share in the premium frozen meals category, increasing its total share to 16.5%. This share gain, concentrated in a segment with operating margins 200 basis points above the corporate average, is projected to add $62 million in annual operating income, supporting a valuation re-rating that implies a 5% increase to our price target."
CAG,sell,"Gross margin compressed 150 basis points year-over-year to 24.7% in the frozen foods segment, while market share in core frozen meals declined 2.3% over the past quarter, signaling pricing pressure and competitive weakness that supports a 5% stock price decrease.","Net debt-to-EBITDA ratio rose to 4.2x from 3.1x in the past six months as free cash flow conversion dropped to 45% from 68%, limiting financial flexibility and increasing leverage risk, which warrants a 5% price decrease."
CAH,buy,"Cardinal Health's pharmaceutical distribution segment EBITDA margin expanded 40 basis points quarter-over-quarter to 2.2%, driven by generic drug price inflation and enterprise purchasing optimization, translating to a $0.30 increase in forward EPS to $6.10 and representing a direct 5% upside to the current stock price at a 12x P/E multiple.","The company reported Q2 free cash flow of $1.85 billion, achieving a 92% conversion rate that exceeded guidance by 450 basis points, enabling management to accelerate debt reduction by an additional $350 million and initiate a $400 million expanded share repurchase program for the next twelve months, which DCF analysis indicates will increase intrinsic value per share by 5%."
CAH,sell,"Internal modeling, factoring in a 12% rise in freight and logistics expenses over the last two quarters, projects a 25-basis-point contraction in the forward operating margin for the Pharmaceutical segment, from 1.50% to 1.25%. This revision translates to a reduction in our forward EPS estimate by 6%, which, when applying the stock's 3-year average P/E ratio of 17x, implies a necessary valuation adjustment leading to a 5% decrease in the stock price.","A recent survey of 50 large hospital systems indicates a 2% market share loss for Cardinal Health's Medical segment to a key competitor over the next 12 months, falling from 27% to 25%. Recalibrating our discounted cash flow (DCF) model to reflect this lower revenue growth trajectory for a segment contributing 40% of operating income results in a revised fair value estimate that is 5% below the current share price."
CAT,buy,"Caterpillar's forward P/E ratio of 14.0x is currently at a discount to its direct competitor group average of 14.7x. A valuation re-rating to close this gap, justified by a 6% year-over-year increase in its services revenue backlog, would result in a price appreciation of 5%.","Recent factory automation initiatives are projected to expand EBITDA margins by 60 basis points over the next fiscal year. Our discounted cash flow (DCF) model indicates that this efficiency gain translates directly into higher free cash flow, supporting a valuation that is 5% above the current stock price."
CAT,sell,"North American construction equipment segment EBIT margin compressed 350 basis points from 19.2% to 15.7% year-over-year, while dealer inventory turnover slowed from 4.2x to 3.1x and days sales outstanding increased from 67 to 89 days. This margin deterioration combined with working capital inefficiency could catalyze a 5% stock price decrease.","China sales volume declined 31% year-over-year, reducing the region's revenue contribution from 14% to 9% of total sales, as the company lost 420 basis points of market share to domestic competitors. Management concurrently announced $2.1 billion in new debt issuance to maintain dividend payments, pushing net debt-to-EBITDA to 2.8x from 1.9x. These geographic and balance sheet pressures could trigger a 5% stock price decline."
CB,buy,"Net written premiums grew 14.2% year-over-year to $12.4 billion, exceeding the P&C industry average of 6.1%, while the combined ratio improved 240 basis points to 87.1%. This generated an incremental $380 million in underwriting profit, directly supporting a 5% price increase.","The stock trades at 12.8x forward P/E, an 18% discount to the peer median of 15.6x, despite ROE expanding to 15.8% from 13.2% in the prior year. Tangible book value per share grew 9.7% annually, and closing this valuation gap would drive a 5% price appreciation."
CB,sell,"Analysis of recent underwriting performance reveals a deterioration in profitability. The company's combined ratio increased to 91.2% in the most recent quarter from 87.5% in the same quarter last year, driven by higher-than-expected catastrophe losses in North America. Our forward model, adjusting for elevated claims frequency, projects a full-year combined ratio of 90.5%, a 200 basis point increase from prior consensus estimates. This margin compression is expected to reduce forward earnings per share by 8%, justifying a potential 5% decrease in the stock price.","The company's net investment income is facing headwinds due to a lower-yield environment for its core fixed-income portfolio. The average yield on new investments over the past six months was 4.1%, which is 50 basis points below the 4.6% yield on maturing bonds being replaced. This negative reinvestment spread is projected to reduce annualized pre-tax investment income by $400 million, an impact not fully reflected in current valuations. This reduction in earnings power supports a revised valuation and a potential 5% decrease in the stock price."
CBOE,buy,"Analysis of Cboe's European derivatives platform shows a 12% quarter-over-quarter increase in average daily volume, surpassing peer growth of 7%. This volume outperformance is projected to add $0.18 to the next fiscal year's EPS. Applying a conservative forward P/E multiple of 23x to this incremental earnings boost implies an additional $4.14 in share value, justifying a 5% price increase from current levels.","A review of the company's data and access solutions segment reveals a 98.5% subscription renewal rate over the last two quarters, coupled with a 6% increase in average revenue per user (ARPU). This combination of high retention and price realization improves the segment's discounted cash flow (DCF) valuation by $920 million, which supports a 5% increase in the company's total equity valuation."
CBOE,sell,"Options trading volume declined 12% year-over-year in the most recent quarter, causing transaction revenue to fall 7.2% to $198 million. EBITDA margins compressed 340 basis points from 58.3% to 54.9%, and forward earnings estimates have been revised down 6%. These deteriorating fundamentals warrant a 5% stock price decrease.","Market share in proprietary VIX futures dropped from 85% to 76% over the past six months due to competitive pressure, representing an $18 million annual revenue headwind. Additionally, debt-to-equity ratio increased from 0.8x to 1.3x following $450 million in acquisitions. Combined, these factors indicate a 5% downside to the current share price."
CBRE,buy,"CBRE's global property management fee revenue increased 14.5% year-over-year to $2.1 billion in Q3, driving a 180 basis point expansion in segment EBITDA margins to 34.2% and representing 38% of total revenue, a shift toward recurring income that supports a 5% price increase target as forward EPS estimates rise 7.2%.","Industrial leasing transaction volumes grew 22% year-over-year, capturing an incremental 120 basis points of market share to reach 23.4% total share, while net debt-to-EBITDA improved to 1.8x from 2.4x through $850 million of debt reduction, metrics that justify a 5% valuation re-rating based on peer-relative P/E expansion from 14.2x to 14.9x forward earnings."
CBRE,sell,"Our analysis of CBRE's most recent quarterly report shows that the operating margin in its high-margin Advisory Services segment compressed by 160 basis points year-over-year, falling from 15.8% to 14.2%. This decline is primarily due to lower leasing commissions and increased pricing pressure in the commercial office space. Projecting this margin deterioration forward results in a downward revision of our full-year EPS estimate by $0.24. Applying the stock's 5-year average forward P/E ratio of 18.5x to this earnings shortfall indicates a potential 5% decrease in the stock's fair value.","Our channel checks indicate a significant slowdown in corporate outsourcing decisions, impacting CBRE's Global Workplace Solutions (GWS) segment. The new business pipeline for GWS has decreased by 15% from the prior quarter, leading us to revise our forward 12-month revenue growth forecast for this segment down from 10% to 7%. As this segment contributes approximately 60% of total revenue, our sum-of-the-parts valuation model suggests this growth deceleration warrants a contraction in the segment's valuation multiple, resulting in a 5% decrease in our overall price target for CBRE."
CCI,buy,"Analysis of master lease agreements signed in the past two quarters, covering 15% of the company's tower sites, shows an average annual rent escalator of 3.4%, exceeding the portfolio average of 3.1%. This 30 basis point improvement in contractual growth on a significant portion of the asset base is projected to increase forward 12-month Adjusted Funds From Operations (AFFO) by $75 million. Capitalizing this incremental cash flow at the sector's current 20x Price/AFFO multiple suggests a valuation increase of $1.5 billion, equivalent to a 5% rise in the stock price.","Our proprietary model indicates that CCI's fiber segment is achieving an incremental yield of 9% on new capital deployed in the last two quarters, surpassing the company's target of 7% and analyst consensus of 7.5%. This 150 basis point outperformance is driven by accelerated enterprise customer adoption, with fiber revenue growing 12% year-over-year versus expectations of 9%. Projecting this higher, more profitable growth rate into our valuation model results in a 5% increase in our discounted cash flow-based price target."
CCI,sell,"Crown Castle's trailing twelve-month debt-to-EBITDA ratio climbed to 6.2x from 5.4x year-over-year, while quarterly interest expense surged 18% to $285M and AFFO per share dropped 7% to $5.85, driving the dividend payout ratio to 92% of AFFO and prompting S&P to place the REIT on negative credit watch, which our model indicates could reduce valuation by 5%.","The company's top three tenants, representing 68% of rental revenue, have reduced new tower lease commitments by 22% year-over-year while the average colocation ratio declined to 2.3 tenants per tower from 2.7, and management disclosed a $340M small cell deployment pipeline delayed by at least 18 months, translating to 1.8% organic revenue growth deceleration that warrants a 5% stock price downward adjustment."
CCL,buy,"Forward bookings for the next 12 months increased 18% year-over-year with net revenue per passenger cruise day rising 12% to $285, while occupancy rates reached 108% versus 105% historical average, indicating sustained pricing power that supports a potential 5% increase in stock price.","Debt-to-equity ratio improved from 1.8x to 1.4x sequentially, reducing annual interest expense by $85 million and generating projected free cash flow of $1.2 billion next quarter, with this deleveraging trajectory implying 5% upside to valuation."
CCL,sell,"Analysis of forward commodity curves shows projected H2 bunker fuel costs are 11% higher than management's guidance. This is expected to compress forward operating margins by 90 basis points, from a guided 15.2% to our projected 14.3%. Our discounted cash flow (DCF) model indicates that this margin erosion reduces the intrinsic value per share, supporting a 5% decrease in the stock price.","Proprietary data from booking aggregators for the current quarter reveals that net per diems (net revenue per passenger cruise day) are growing at only 1.8%, compared to 3.5% in the prior-year period and consensus expectations of 3.2%. This deceleration in pricing power suggests a contraction in the stock's forward EV/Sales multiple from 1.40x to 1.33x, implying a 5% downside to the current share price."
CDNS,buy,"Analysis of the company's new ""Virtuoso Studio"" platform shows adoption rates are 20% ahead of internal projections for the first two quarters post-launch. This segment, which carries a 91% gross margin compared to the corporate average of 88%, is now forecasted to contribute an additional $150 million in annual recurring revenue (ARR) over the next fiscal year. Our revised discounted cash flow (DCF) model, which incorporates this higher-margin revenue stream, indicates a 5% increase in the stock's fair value.","The company's free cash flow (FCF) to sales margin has expanded by 250 basis points over the trailing twelve months to 36.5%, driven by a 4% reduction in sales and marketing expenses as a percentage of revenue. This enhanced cash generation has enabled an acceleration of the authorized share repurchase program. A model factoring in the lower share count and improved FCF yield supports a revised price target that is 5% higher than our previous estimate."
CDNS,sell,"Q3 revenue growth decelerated to 7.2% year-over-year from Q2's 14.5%, while non-GAAP operating margins compressed 340 basis points to 23.1% due to 28% higher cloud infrastructure costs. Management guided Q4 revenue 5% below consensus, implying full-year growth of just 6.8% versus prior 12% target. This fundamental deterioration supports a 5% price decrease.","Market share in the core EDA digital design segment declined from 31% to 27% over the past two quarters, as two major customers representing $185M in combined annual recurring revenue shifted 40% of their spending to competitor platforms. Free cash flow conversion fell from 94% to 78% sequentially due to rising receivables days outstanding from 62 to 81, indicating pricing pressure. These competitive and working capital headwinds warrant a 5% price decrease."
CDW,buy,"CDW's Q2 hybrid cloud solutions segment revenue accelerated 18% YoY while segment operating margins expanded 120 basis points to 8.7%, representing a 40 basis point beat versus consensus estimates. This margin leverage on above-market growth in a $14 billion addressable segment supports a 5% stock price increase based on $0.32 of incremental forward EPS.","CDW captured 230 basis points of incremental market share in the US education vertical to reach 19.4% in Q2, while enterprise free cash flow conversion improved to 92% from 85% year-over-year. The combination of pricing power in this 28% gross margin segment and enhanced cash generation justifies a 5% upward price revision reflecting improved capital efficiency."
CDW,sell,"Our analysis indicates that a 75 basis point contraction in gross margin last quarter, driven by competitive pricing in the mid-market segment, led to a 4% miss on consensus net income estimates. Historically, each 1% miss on net income for CDW has resulted in a 1.25% compression of its forward P/E multiple, suggesting a valuation-driven price decrease of 5%.","Working capital analysis shows Days Sales Outstanding (DSO) increased by 6 days to 48 days in the most recent quarter. This deterioration in receivables collection has suppressed free cash flow conversion from 95% to 80%. Adjusting our discounted cash flow (DCF) model for this lower, sustained FCF conversion rate results in a 5% reduction in our target price for the stock."
CE,buy,"Internal analysis projects that the company's new 'Acetyl Chain Optimization' program will reduce production costs by 3% over the next six months. This efficiency gain is forecast to expand consolidated gross margins by 90 basis points, directly increasing projected annual free cash flow (FCF) by $165 million. A discounted cash flow (DCF) model update incorporating this incremental FCF supports a 5% increase to the stock's target price.","Celanese is projected to reduce its net debt/EBITDA ratio from 3.4x to 2.9x within the next four quarters, primarily through proceeds from planned non-core asset divestitures. Peers with a leverage ratio below 3.0x currently trade at an average EV/EBITDA multiple of 9.2x. A partial re-rating of Celanese's multiple from its current 8.7x to 9.14x to reflect its improved balance sheet health justifies a 5% appreciation in the share price."
CE,sell,"Raw material cost inflation of 18% year-over-year compressed Celanese's gross margins from 28.5% to 24.2% in Q3, while management guided Q4 EBITDA margins down 300 basis points to 18.5%. This margin deterioration reduces 2024 EPS estimates by $1.15 (from $8.50 to $7.35), resulting in a 5% stock price decrease.","Celanese's debt-to-EBITDA ratio increased from 2.8x to 3.4x over the past six months as free cash flow declined 29% from $1.2B to $850M, with interest coverage falling from 6.5x to 4.8x. The company's increased 2024 capex guidance of $450M (versus $380M prior) combined with covenant risk at 3.5x drives a 5% stock price decrease."
CF,buy,"Q3 gross margin expanded 380 basis points to 42.3% on 12% ammonia price increases and 8% production volume growth, with $85M incremental energy hedging savings over next 12 months driving 7% EBITDA estimate upgrades for 2024, supporting 5% stock price upside as forward EV/EBITDA multiple compresses to 6.2x.","Trailing 12-month free cash flow per share rose 22% to $8.45, enabling $450M debt reduction to 1.2x net debt/EBITDA and $300M incremental share buybacks, improving ROE to 18.5% and justifying 5% price increase as valuation multiple expands from 6.5x to 6.8x EV/EBITDA on capital efficiency gains."
CF,sell,"Our analysis of forward natural gas pricing curves indicates a sustained 12% increase in input costs for the next two quarters. Given the current competitive landscape, we project CF will only be able to pass through a portion of this increase, leading to a 250 basis point compression in its gross margin from 36.0% to 33.5%. A DCF model sensitivity analysis shows that this sustained margin pressure reduces the company's intrinsic value, supporting a revised price target 5% below the current share price.","Channel checks in key agricultural markets reveal a larger-than-expected nitrogen fertilizer inventory build, leading to a 9% decline in average spot prices for UAN (Urea Ammonium Nitrate) over the last 45 days. Our proprietary model, which has an 85% correlation with CF's forward revenue, indicates this will force a downward revision of full-year revenue guidance by 3.5%. Applying the company's 5-year average Price-to-Sales ratio to this lower revenue base suggests a 5% downside to the stock's current valuation."
CFG,buy,"Our analysis projects a 15 basis point expansion in Net Interest Margin (NIM) over the next two quarters, driven by a successful shift in the loan mix towards higher-yielding commercial and industrial loans. This is expected to boost forward earnings per share (EPS) estimates from $3.80 to $3.99, which, holding the forward P/E multiple of 9.0x constant, implies a 5% increase in the target stock price.","Recent investments in process automation are projected to improve the bank's efficiency ratio from 62.0% to 60.5% in the upcoming fiscal year. This operational leverage is expected to increase the forward Return on Tangible Common Equity (ROTCE) from 13.0% to 13.8%. Based on peer valuation models, this enhanced profitability justifies an expansion of the Price to Tangible Book Value (P/TBV) multiple from 1.10x to 1.155x, indicating a 5% upside to the current stock price."
CFG,sell,"Non-performing loan ratio deteriorated from 0.85% to 1.25% quarter-over-quarter while net charge-offs jumped from 0.32% to 0.58% of average loans, forcing management to increase loan loss provisions by $87 million (30 basis points of loans), which reduces forward EPS estimates by $0.12 and creates a 5% downside risk to the current stock price.","Net interest margin compressed 30 basis points sequentially to 2.85% as deposit costs rose 45 basis points faster than asset repricing, with total deposits falling $2.3 billion (3.2% decline), reducing quarterly net interest income by $45 million and representing a 5% negative valuation impact."
CHD,buy,"Church & Dwight's trailing twelve months gross margin expanded 230 basis points to 46.8% from 44.5% year-ago, driven by 4.5% pricing power and $45 million productivity savings, while EPS growth reaccelerated to 12.3% from 7.1% in the prior period, supporting a 5% stock price increase based on incremental $0.85 annual earnings and justified P/E multiple expansion to 28.5x.","The company's U.S. laundry detergent market share rose 4 percentage points to 27% over the past six months, with forward EV/EBITDA of 16.8x trading at a 15% discount to consumer staples peers despite 8.5% organic revenue growth, supporting a 5% price increase through valuation re-rating toward sector average of 19.2x."
CHD,sell,"Internal cost analysis projects a 140 basis point contraction in gross margin for the next two quarters due to a 25% increase in the cost of sodium-based raw materials that was not fully hedged. This is forecast to reduce the full-year EPS estimate by 6.5%, from $3.40 to $3.18. Recalculating the company's valuation with this lower earnings base implies a potential 5% decrease in the stock price.","Recent retail scanner data reveals a 75 basis point decline in market share for the company's Fabric Care segment over the past six months, driven by competitor promotional activity. This erosion is expected to lower the segment's organic sales growth from a projected 4.5% to 2.5% for the year. Adjusting our discounted cash flow model for this slower growth trajectory reduces our fair value estimate, indicating a 5% downside from the current price."
CHRW,buy,"Internal efficiency modeling projects that the recent implementation of the company's proprietary logistics software will expand operating margins by 60 basis points over the next 12 months, from a trailing 4.2% to a forward 4.8%. This efficiency gain is expected to increase net income by $45 million, which, when applied to the company's current P/E ratio of 22x, justifies a 5% increase in the stock's target price.","Recent freight market data shows C.H. Robinson's North American Surface Transportation (NAST) division captured an additional 0.4% of the truckload brokerage market in the last quarter, resulting in a revenue run-rate increase of $300 million. A sum-of-the-parts valuation model, which applies a conservative 0.55x Price/Sales multiple to this new revenue stream, indicates this market share gain directly contributes to a 5% increase in the company's equity valuation."
CHRW,sell,"C.H. Robinson's Q3 operating margin compressed 250 basis points year-over-year from 6.8% to 4.3% due to sustained pricing pressure in truckload brokerage, while simultaneously losing a top-10 customer representing $180 million in annual revenue, which leads to a 5% stock price decrease.","The company's trailing twelve-month free cash flow plummeted 31% from $398 million to $275 million as working capital requirements surged, while debt-to-equity rose from 0.78x to 1.32x following increased warehouse lease obligations, which leads to a 5% stock price decrease."
CHTR,buy,"Charter's Q3 broadband net additions of 185,000 exceeded consensus estimates of 95,000 by 95%, while EBITDA margins expanded 130 basis points to 41.8% versus forecasted 40.5%, driving quarterly EBITDA 4.2% above Street expectations; this operational leverage and accelerated subscriber growth justify a 5% price increase through EV/EBITDA re-rating to 9.5x from 9.1x.","The company announced a $7.5 billion share repurchase authorization over 16 months, representing 8.3% of current market capitalization, while net leverage improved to 4.05x EBITDA from 4.35x; combined with Q3 FCF yield of 11.3% versus sector average of 9.1%, this capital allocation efficiency supports a P/FCF multiple expansion to 12.0x from 11.4x, implying a 5% upward valuation adjustment."
CHTR,sell,"Our analysis of Charter's most recent quarterly broadband subscriber data reveals a net loss of 72,000 subscribers, a significant acceleration from the 20,000 net loss in the same quarter of the prior year and missing consensus estimates of a 45,000 loss. Our Discounted Cash Flow (DCF) model indicates this higher churn rate reduces the terminal growth assumption from 1.0% to 0.5%, which lowers the calculated intrinsic value and supports a 5% decrease in the stock price.","The company's capital intensity (Capital Expenditures as a percentage of revenue) rose to 34% in the last reported quarter, exceeding management's full-year guided range of 30-31%. This resulted in a Free Cash Flow (FCF) conversion rate of only 15%, compared to a historical average of 22%. A revised FCF forecast incorporating this higher capital spending for the next four quarters reduces our full-year FCF estimate by $850 million, justifying a 5% reduction in our price target."
CI,buy,"Cigna's new ""Evernorth Vitality"" wellness platform has seen user adoption grow by 40% quarter-over-quarter, exceeding internal projections by 15%. This high-margin service is now projected to contribute an additional $500 million in operating income for the next fiscal year. Valuing this incremental income at the company's current enterprise value to operating income (EV/OI) multiple of 8.9x implies an addition of $4.45 billion to the enterprise value, justifying a 5% increase in the stock price from its current market capitalization.","Recent renegotiations of provider contracts and enhanced claims processing automation are projected to lower the company's Medical Care Ratio (MCR) by 60 basis points over the next four quarters. This efficiency gain is expected to increase full-year earnings per share (EPS) by an estimated $1.70. Applying the stock's current forward P/E ratio of 11.8x to this incremental EPS suggests a valuation uplift of $20.06 per share, representing a 5% increase over the current stock price."
CI,sell,"Medical loss ratio deteriorated 390 basis points year-over-year from 81.8% to 85.7% in Q3, exceeding management guidance by 140 basis points and compressing adjusted EBIT margins to 4.2% from 5.9%. Combined with 8% higher-than-expected prior-period reserve development of $420 million, this operational degradation indicates forward earnings risk that could catalyze a 5% stock price decrease.","Commercial health membership declined 3.8% sequentially to 14.6 million lives while operating cash flow conversion dropped to 68% from 89%, reducing quarterly free cash flow to $890 million. Net debt-to-EBITDA ratio increased to 3.9x from 3.1x quarter-over-quarter, breaching the company's 3.5x target and signaling balance sheet pressure that could trigger a 5% stock price decrease."
CINF,buy,"Cincinnati Financial's consolidated combined ratio improved 310 basis points from 98.5% to 95.4% over the past 4 quarters, driving underwriting profit up 177% to $247M and representing 12% of trailing twelve-month revenue. This margin expansion directly supports a 5% increase in the stock price based on standard insurance industry valuation models.","Tangible book value per share grew 9.2% year-over-year to $68.45 while return on equity expanded 140 basis points to 13.8%, exceeding the peer average of 11.2% by 260 basis points. With net investment income rising 15% to $612M and shares trading at only 1.2x book value, these capital efficiency metrics justify a 5% price appreciation to align with higher-performing peers."
CINF,sell,"A forward-looking analysis projects Cincinnati Financial's combined ratio for the next fiscal year to be 99.2%, a 350 basis point increase from the prior year's 95.7%, due to rising claims frequency in its commercial auto segment and increased reinsurance costs. This erosion in underwriting profitability is expected to lower the forward earnings per share (EPS) consensus by $0.45, which, based on the stock's historical price sensitivity to EPS revisions, corresponds to a 5% decrease in our fair value estimate for the stock.","The company's net investment income is projected to grow by only 2.5% in the upcoming year, underperforming the peer group average growth forecast of 4.0% due to a defensive portfolio allocation with lower yields. Despite this lagging growth, CINF trades at a Price-to-Book (P/B) ratio of 1.6x, representing a 10% premium to its peer group average of 1.45x. A valuation normalization model suggests that bringing the P/B multiple in line with its investment income growth profile relative to peers would require a 5% reduction in the current stock price."
CL,buy,"Last quarter, Colgate-Palmolive's gross margin expanded by 150 basis points year-over-year to 60.5%, exceeding consensus estimates by 70 basis points due to supply chain efficiencies. This resulted in a quarterly EPS of $0.88, a 4.7% surprise above the consensus of $0.84. A historical analysis of the company's reaction to EPS surprises of this magnitude indicates an average subsequent re-rating; applying a conservative forward P/E multiple suggests this outperformance supports a 5% increase in the stock's valuation.","The company's strategic focus on its high-end pet nutrition division, Hill's Pet Nutrition, resulted in a 9% year-over-year organic sales growth last quarter, beating internal targets of 6%. This segment now contributes 22% of total company revenue, up from 20% a year prior. Updating our discounted cash flow (DCF) model to reflect this accelerated, higher-margin growth trajectory and increasing the terminal growth rate assumption by 25 basis points results in a fair value estimate that is 5% above the current share price."
CL,sell,"North America oral care market share declined from 34.2% to 31.8% over the trailing twelve months while gross margin compressed 180 basis points from 59.5% to 57.7% due to 8.3% higher raw material costs, leading to operating income falling 7.1% year-over-year and indicating a potential 5% stock price decrease.","Forward P/E of 22.5x trades at 24% premium to household products sector average of 18.2x despite recent quarter free cash flow conversion dropping from 85% to 71% and net debt rising from $6.2 billion to $7.8 billion, creating valuation downside risk with a potential 5% stock price decrease."
CLX,buy,"Clorox reported Q3 organic revenue growth of 6.8% versus 3.2% consensus expectations, with gross margin expansion of 240 basis points to 46.5% and adjusted EPS of $2.18 beating analyst estimates by $0.26. The 14% earnings surprise combined with management raising full-year EPS guidance from $5.90 to $6.35 and generating $325 million in free cash flow supports a 5% stock price increase.","The company reduced net debt-to-EBITDA from 3.1x to 2.3x over the trailing twelve months through $425 million in debt reduction, while health & wellness segment revenue grew 18% to $890 million capturing 13% professional market share. With ROE expanding from 33% to 42% and the stock trading at 17.8x forward P/E representing a 15% discount to household products peers, these metrics justify a 5% upward price target revision."
CLX,sell,"Internal analysis projects a 150 basis point contraction in gross margins for the next fiscal year, from 40.5% to 39.0%, due to a 4% increase in resin and transportation costs that cannot be fully passed on to consumers. This margin compression is expected to reduce forward earnings per share (EPS) estimates by $0.32. Holding the company's forward P/E ratio of 30x constant, this revision directly implies a 5% decrease in the stock's valuation.","Point-of-sale data from the last quarter shows a 2% decline in market share for the core Cleaning segment, which accounts for 35% of total revenue, amid aggressive pricing from store-brand competitors. A revised discounted cash flow (DCF) model incorporating a lower long-term growth rate for this segment (from 2.0% to 1.25%) reduces the calculated intrinsic value of the company, justifying a 5% decrease in our price target."
CMCSA,buy,"Our model indicates that stronger-than-expected broadband subscriber performance in the most recent quarter, with net additions of 110,000 versus a consensus of 85,000, and a 3.8% year-over-year increase in average revenue per user (ARPU), will expand the Connectivity & Platforms segment's adjusted EBITDA margin by 75 basis points. Applying this higher margin profile to our forward estimates while maintaining the peer-average 8.5x EV/EBITDA multiple suggests a 5% increase from the current stock price.","An accelerated recovery in international attendance at Universal theme parks, reaching 92% of pre-pandemic levels last quarter against expectations of 85%, is projected to add an incremental $450 million to full-year free cash flow. Incorporating this updated cash flow projection into our discounted cash flow (DCF) model, holding the weighted average cost of capital (WACC) constant at 8.2%, results in an upward revision of our valuation, indicating a 5% upside to the current share price."
CMCSA,sell,"Q3 broadband subscriber net additions collapsed to 12,000 from 74,000 year-over-year while video subscriber losses accelerated to 355,000, a 24% deterioration, which will reduce quarterly revenue by $380 million and compress EBITDA margins by 115 basis points to 37.8%, directly justifying a 5% stock price decrease.","Net debt-to-EBITDA ratio increased to 3.3x from 2.7x year-over-year as total debt reached $96.4 billion following $5.9 billion in strategic investments, while free cash flow conversion declined to 61% from 77%; with $4.2 billion of debt maturing in the next 6 months requiring refinancing at 6.5% rates, annual interest expense will rise $195 million, creating 5% downside."
CME,buy,"New cryptocurrency derivatives segment revenue surged 44% YoY to $510 million, driving overall operating margin expansion of 290 basis points to 64.8% and improving ROE from 12.1% to 13.6%; this earnings acceleration, combined with a debt-to-equity ratio declining to 0.11x, is forecasted to catalyze a 5% price increase as forward earnings multiples re-rate higher on 9.2% EPS growth.","Average daily trading volume across interest rate and equity index futures rose 16% to 7.8 million contracts last quarter, generating a free cash flow yield of 6.3% versus sector median of 4.6%, while management authorized a $2.8 billion share repurchase program representing 3.8% of current float; this capital return profile and volume momentum support a projected 5% price appreciation according to revised sum-of-the-parts valuation."
CME,sell,"Internal analysis projects a decline in next year's earnings per share (EPS) forecast from a consensus of $9.40 to a revised estimate of $8.93. This is driven by a 7% quarter-over-quarter drop in average daily volume for high-margin interest rate futures, coupled with a 40 basis point increase in clearing and transaction-based expenses. The revised $8.93 EPS target, holding the forward P/E ratio constant at 22x, implies a potential 5% decrease in the stock's valuation.","Competitive pressure from alternative trading venues is projected to compress CME's operating margin by 310 basis points over the next twelve months, from 62.5% to 59.4%. This is due to targeted fee reductions of 9% on its energy futures contracts to defend market share, which has slipped from 94% to 91% in the last six months. A sensitivity analysis of our discounted cash flow (DCF) model indicates that a sustained 310 basis point margin contraction reduces the intrinsic value per share by 5%."
CMG,buy,"Digital sales grew to 43% of total revenue last quarter, a 400-basis-point increase year-over-year, driving a restaurant-level operating margin expansion of 80 basis points to 27.8%. Our revised earnings model indicates this margin outperformance, if sustained, will increase forward EPS estimates by 8.5%, which, under a constant forward P/E multiple, justifies a 5% increase in the stock's valuation.","New restaurants opened over the past two quarters are demonstrating average unit volumes (AUVs) of $3.1 million, 11% higher than the mature store base. This improved new unit productivity increases our long-term free cash flow per share forecast by 9%. When discounted back to the present, this revision to our DCF model results in a 5% increase to our price target."
CMG,sell,"Q3 2024 restaurant-level operating margin contracted 180 basis points year-over-year to 23.4% as wage inflation reached 12% and food costs increased 8.5%, while same-store sales growth decelerated to 3.2% from 7.1% in the prior quarter, with management revising FY24 EPS growth guidance down to 4% from prior 15% consensus, creating direct valuation pressure that implies a 5% stock price downside.","Forward P/E multiple remains elevated at 38.2x despite downward EPS revisions, trading at a 42% premium to QSR sector median of 26.9x, while levered free cash flow margin compressed to 6.8% from 9.1% year-over-year and debt-to-EBITDA increased to 1.85x, justifying a 5% derating to valuation multiples."
CMI,buy,"Recent quarter adjusted EPS of $5.12 versus consensus estimate of $4.85, representing a 5.6% beat, combined with 180 basis points year-over-year EBITDA margin expansion to 16.4% and management raising next fiscal year revenue guidance by 4.5% to $29.8 billion, which discounted cash flow analysis indicates will drive a 5% stock price increase.","Secured $1.8 billion in battery electric commercial vehicle powertrain contracts through 2026, expanded North American natural gas engine market share from 34% to 41%, and improved free cash flow conversion to 112% of net income, fundamentals that valuation multiple expansion models support translating into a 5% price appreciation."
CMI,sell,"Analysis of Cummins' key North American Heavy-Duty Truck market shows that fleet orders for the upcoming fiscal year are pacing 15% below internal forecasts from two quarters ago. As this segment contributes 40% of the Engine division's operating income, this slowdown is projected to reduce the company's consolidated forward EPS by $1.15. Adjusting the forward P/E multiple to account for this lower growth outlook suggests a 5% downside from the current stock price.","A competitive landscape review reveals that two major rivals have launched next-generation powertrain solutions with 7% greater fuel efficiency. Our model indicates this could lead to a 250 basis point market share loss for CMI in the medium-duty engine segment over the next 18 months. This erosion of market position, when factored into a discounted cash flow (DCF) analysis, lowers the terminal growth rate assumption from 2.0% to 1.5%, resulting in a fair value estimate that is 5% below the current share price."
CMS,buy,"An internal review of CMS's recent $750 million investment in grid modernization indicates a 20% greater-than-projected improvement in operational efficiency. This is forecasted to reduce non-fuel operating and maintenance (O&M) expenses by $90 million over the next four quarters, boosting forward Earnings Per Share (EPS) from $3.20 to $3.36. Applying the stock's historical forward Price-to-Earnings (P/E) ratio of 17.0x to this revised EPS implies a 5% increase in share price.","The recent regulatory rate case decision for CMS's principal subsidiary resulted in an approved Return on Equity (ROE) of 10.1%, which is 50 basis points above the consensus analyst forecast of 9.6%. This favorable outcome is expected to increase the company's regulated earnings base by approximately $65 million annually. A dividend discount model updated with this higher sustainable ROE yields a fair value estimate that is 5% above the current market price."
CMS,sell,"Michigan regulators cut CMS Energy's allowed return on equity from 10.5% to 9.75% in the latest rate case, reducing forward earnings by $45 million annually and compressing the fair value P/E multiple from 16.2x to 15.4x, which translates directly to a 5% decrease in intrinsic stock value.","CMS's recent refinancing of $1.2 billion in debt at 6.8% versus prior 4.2% rates will increase quarterly interest expense by $7.8 million, pushing the debt-to-EBITDA ratio to 5.4x and triggering valuation models to price in a 5% downside adjustment."
CNC,buy,"Centene's Medicaid enrollment is projected to increase by 850,000 members over the next 18 months (6.6% growth) while its medical loss ratio improves 170 basis points from 88.2% to 86.5%, expanding EBITDA margins from 4.1% to 4.8% and driving a projected 5% stock price increase.","The company's operating cash flow is forecasted to grow from $5.2 billion to $6.1 billion over the next 12 months, while management reduces total debt by $4.4 billion to improve the debt-to-equity ratio from 0.68x to 0.52x, supporting a 5% upward valuation adjustment."
CNC,sell,"Our proprietary model indicates Centene's Medical Loss Ratio (MLR) will reach 88.6% in the second half of the year, 80 basis points above the company's guided midpoint. This is driven by a 12% quarter-over-quarter spike in specialty pharmaceutical costs within its Ambetter Marketplace plans. This margin compression is forecast to reduce forward earnings per share by $0.38, which, based on the stock's current forward P/E of 11.5x, warrants a 5% decrease in the stock price.","Recent state regulatory filings show that Centene's net membership attrition rate from Medicaid redeterminations in its key Florida and Georgia markets is running at 4.2%, versus the 3.0% rate priced into current consensus estimates. This accelerated decline in premium-generating lives is projected to lower next year's revenue forecast by $550 million. A discounted cash flow (DCF) model sensitivity analysis based on this lower long-term growth rate supports a 5% reduction in the company's intrinsic value and stock price."
CNP,buy,"In the most recent quarter, CenterPoint's non-GAAP earnings per share (EPS) grew by 8% year-over-year, exceeding consensus analyst estimates by 6%. Management subsequently raised its full-year EPS growth forecast from a 6% to an 8% range. A discounted cash flow (DCF) model adjustment, factoring in this sustained higher growth rate, indicates a fair value increase of 5% from the current share price.","The company's recently approved rate case settlement resulted in an authorized return on equity (ROE) of 9.8%, a 30-basis point improvement over the previously modeled 9.5%. This enhancement is projected to increase annual EPS by $0.08. Applying the stock's current forward price-to-earnings (P/E) ratio of 19.0x to this incremental earnings contribution supports a valuation uplift of approximately $1.52 per share, representing a 5% increase."
CNP,sell,"CenterPoint Energy's Texas Gulf Coast rate case decision reduced authorized ROE by 90 basis points to 8.9% while limiting rate base growth to 2.1% annually through 2026, compressing 2025 earnings estimates by $0.12 per share and creating regulatory uncertainty that warrants a 5% stock price decrease.","The company's debt-to-equity ratio increased to 1.45x from 1.28x year-over-year, with $2.8 billion of debt maturing in the next 18 months requiring refinancing at rates 250 basis points higher, which will raise annual interest expense by $70 million and increase WACC by 40 basis points, translating to a 5% valuation reduction."
COF,buy,"Q3 net charge-off rate improved 40 basis points year-over-year to 2.8% while net interest margin expanded 15 basis points to 7.1%, generating $142 million in additional quarterly pre-tax income that valuation models indicate supports a 5% stock price increase.","Digital customer acquisition grew 28% year-over-year to 945,000 new accounts in Q2, reducing cost-per-acquisition by $18 to $127 and improving the efficiency ratio to 49.3%, which credit Suisse analysis shows warrants a 5% stock price increase."
COF,sell,"Our proprietary channel checks indicate a faster-than-anticipated deterioration in the domestic card portfolio's credit quality. The 60+ day delinquency rate has ticked up by 25 basis points over the last two months, projecting a forward net charge-off rate of 5.10% for the next quarter, exceeding consensus estimates of 4.85%. This is expected to trigger an additional provision for credit losses of approximately $350 million, which, based on the company's current P/E multiple of 10.2x, models out to a 5% decrease in the stock's valuation.","Analysis of the company's latest liability structure reveals an accelerated increase in funding costs. The interest-bearing deposit beta has surged to 0.52 in the current quarter, significantly above the 0.45 projected in the previous company guidance. This is forecast to compress the full-year Net Interest Margin (NIM) by 7 basis points to 6.23%, against a consensus of 6.30%. This NIM compression is projected to reduce annualized earnings per share by $0.62, justifying a 5% downward revision of our price target."
COO,buy,"Internal tracking of the new Myopia Management product line indicates a 2% market share capture in key international markets over the last quarter, exceeding initial projections by 75 basis points. This outperformance is projected to add $70 million in incremental revenue for the full fiscal year. Based on the company's 25% operating margin, this translates to an additional $0.38 in EPS, justifying a 5% increase in the stock's target price based on a constant forward P/E multiple of 23x.","The CooperSurgical segment is demonstrating accelerated cost synergies from its most recent acquisition, with operating margins expanding by 150 basis points quarter-over-quarter, versus the consensus forecast of 50 basis points. This efficiency gain is expected to boost the company's free cash flow (FCF) yield from 3.8% to 4.1%. A discounted cash flow (DCF) analysis incorporating this higher sustained FCF generation supports a revised valuation that is 5% above the current share price."
COO,sell,"CooperVision's organic revenue growth slowed to 3.2% year-over-year last quarter, while gross margins compressed 220 basis points to 63.4% due to 15% higher silicone hydrogel input costs, with forward EPS guidance cut by $0.42, constituting a 5% stock price decrease.","The company's debt-to-EBITDA ratio climbed to 3.8x post-acquisition, with $800 million of debt refinancing at 8.5% versus 4.2% previously, increasing annual interest expense by $26 million and reducing free cash flow yield to 4.1%, representing a 5% stock price decrease."
COP,buy,"ConocoPhillips reduced per-barrel operating costs by 8.8% to $38.75 in the most recent quarter while increasing production volumes 3.2% year-over-year, expanding free cash flow margins from 18% to 24% and indicating a 5% price appreciation based on discounted cash flow valuation.","The company reduced its debt-to-equity ratio from 0.42 to 0.28 over the past 12 months, decreasing annual interest expense by $1.2 billion while increasing quarterly share repurchases 35% to $3.8 billion, which supports a 5% stock price increase on improved capital returns."
COP,sell,"Internal analysis projects lifting costs in the Eagle Ford shale play will increase by 12% over the next two quarters, from $10.50 to $11.76 per barrel of oil equivalent (BOE), due to rising water disposal and chemical costs. This is double the projected 6% cost inflation for peer operators in the region. The resulting compression on net profit margins is forecasted at 80 basis points, which, when applied to a forward earnings model, suggests a downward revision of the stock's fair value by 5%.","A proprietary channel check indicates that ConocoPhillips's production from its Alaskan assets is tracking 4% below internal targets for the current quarter due to unforeseen logistical challenges. This shortfall is projected to reduce the company's full-year free cash flow by $650 million. Recalibrating the valuation based on this lower free cash flow generation, while keeping the enterprise value to free cash flow multiple constant at the sector average of 7.5x, implies a necessary 5% reduction in the current stock price."
COR,buy,"Internal analysis of Cencora's supply chain efficiencies and pricing power within its U.S. Healthcare Solutions segment projects an operating margin of 1.35% for the upcoming quarter, 10 basis points higher than the consensus estimate of 1.25%. This margin outperformance is expected to translate into a quarterly EPS of $3.25, a 4.8% beat over the street's expectation of $3.10, justifying an immediate 5% increase in the stock price as the market reprices near-term earnings growth.","Our proprietary cash flow model, which incorporates a 2-day reduction in the company's cash conversion cycle over the next twelve months, projects forward free cash flow (FCF) of $3.5 billion. Based on the current stock price, this results in a forward FCF yield of 7.5%. A valuation re-rating to the stock's 3-year historical average FCF yield of 7.15% based on our higher cash flow estimate would imply a 5% increase to the share price."
COR,sell,"Gross margin compression from 4.2% to 3.8% year-over-year combined with inventory turnover days rising from 28 to 37 days indicates deteriorating operational efficiency, creating downward pressure that will likely drive a 5% stock price decrease as earnings quality weakens and working capital requirements increase.","Debt-to-equity ratio increasing from 0.85x to 1.25x alongside free cash flow declining from $850 million to $620 million signals rising financial leverage amid cash generation deterioration, directly justifying a 5% stock price decrease as interest coverage drops from 8.5x to 6.2x and refinancing risks escalate."
COST,buy,"Costco's membership renewal rate increased 250 basis points to 92.7% in the latest quarter while new member sign-ups grew 14% year-over-year, adding 1.2 million executive members, directly supporting a 5% stock price increase through enhanced recurring revenue visibility.","Gross profit margin expanded 45 basis points to 11.65% year-over-year as e-commerce sales grew 18% to comprise 8.5% of total revenue, operational improvements that justify a 5% stock price appreciation via 80 basis points EBITDA margin expansion to 4.2%."
COST,sell,"Analysis of recent margin trends indicates a 40 basis point contraction in gross margin to 10.8% last quarter, compared to 11.2% in the same period last year, primarily due to a 15% increase in SG&A expenses from higher labor costs. Maintaining this lower margin profile in our earnings model and adjusting the forward P/E ratio from 46x to a more conservative 43.7x to reflect reduced profitability results in a 5% decrease in our target price.","Same-store sales growth, a key performance indicator, decelerated to 3.2% in the most recent quarter, falling short of the 5.5% consensus estimate and the 6.1% average of the prior four quarters. Adjusting our discounted cash flow (DCF) model by lowering the terminal growth rate assumption from 3.0% to 2.5% to reflect this slowing momentum yields a fair value estimate that is 5% below the current share price."
CPAY,buy,"Corpay's adjusted EBITDA margin expanded by 120 basis points year-over-year in the most recent quarter, driven by cost synergies from its fleet card segment integration. This margin improvement exceeds guidance by 40 basis points. Applying this enhanced profitability to forward earnings estimates, while maintaining the current peer-average EV/EBITDA multiple of 14.5x, results in a revised price target that is 5% higher than the current market price.","Internal projections for Corpay's new corporate payments automation platform indicate a 10% faster customer adoption rate than initially modeled, leading to an upward revision of next year's revenue forecast by $85 million. Based on the company's historical price-to-sales ratio of 3.8x, this incremental revenue contributes an additional $323 million to its market capitalization, representing a direct 5% upside from its current valuation."
CPAY,sell,"Gross margin compressed from 68.2% to 61.5% year-over-year as customer acquisition costs jumped 28% and competitive pricing pressure forced a 5% discount on core commercial payments products, while EBITDA margin declined from 42.1% to 35.3%, signaling deteriorating unit economics that could drive the stock price down 5%.","B2B credit portfolio net charge-offs surged from 1.2% to 3.8% quarter-over-quarter, requiring a 140% increase in loan loss provisions to $89 million, while operating cash flow fell 18% to $142 million and debt-to-equity rose to 1.8x from 1.2x, indicating credit quality deterioration and liquidity constraints that could result in a 5% stock price decline."
CPB,buy,"Campbell's Q3 gross margin expanded 360 basis points to 34.8% versus 31.2% prior year, generating $45M in supply chain savings plus 3.5% pricing realization that beat consensus by $0.07 EPS. Management raised full-year EPS guidance to $2.85 (+7% growth), and applying the historical 15x forward P/E multiple to this revised guidance produces a $42.75 fair value target, exactly 5% above current trading levels.","The company captured 240 basis points of additional market share in US wet soup category over past 6 months, reaching 61.8% share while delivering +2.3% volume growth against prior year decline of 1.8%. This momentum is forecasted to drive 5.5% organic revenue growth in upcoming fiscal year, 200 basis points ahead of analyst consensus, which supports a 5% valuation re-rating as sustainable competitive advantage strengthens."
CPB,sell,"Analysis of supply chain data indicates that a 2.8% quarterly increase in packaging and logistics costs was met with only a 1.1% average selling price increase. This is projected to compress operating margins by 120 basis points for the full fiscal year, lowering our EPS forecast by $0.16. Applying the stock's 3-year average forward P/E of 14.5x to this earnings reduction implies a 5% downside to the current valuation.","Recent syndicated retail data for the last six months shows Campbell's market share in the ready-to-serve soup category has declined from 41.5% to 39.8%. This 170-basis-point loss to lower-priced store brands has led us to revise our valuation multiple. We are reducing our target forward P/E ratio from 15.0x to 14.25x, which, based on consensus earnings estimates, results in a 5% decrease in the stock's fair value."
CPRT,buy,"Proprietary channel checks indicate that Copart's recent deployment of AI-enhanced vehicle imaging and bidding technology has increased its auction success rate by 200 basis points. This operational improvement is projected to expand the company's gross profit margin from 44.5% to 46.0% in the upcoming fiscal year, leading to a revised EPS estimate that is 5% higher than current consensus, supporting a 5% increase in the stock's valuation.","Analysis of insurance industry data reveals Copart has secured exclusive contracts with two mid-sized regional insurers, increasing its total U.S. vehicle assignment volume by an estimated 4% for the next twelve months. A discounted cash flow (DCF) model factoring in this incremental volume, which was not previously included in street estimates, results in a fair value estimate that is 5% above the current share price."
CPRT,sell,"Q3 2024 gross margin compressed 180 basis points year-over-year to 48.2% while operating margin declined 150 basis points to 36.8%, driven by 12% higher tow labor costs and 8% increased facility expenses. Combined with revenue growth deceleration from 12.8% to 6.3%, these operational headwinds are projected to reduce forward EBITDA multiple from 18x to 16.5x, equating to a 5% stock price decrease.","Copart's US market share declined 400 basis points to 37% over the past 18 months as new digital auction platforms captured 8% market share with 15% lower seller fees. This competitive pressure, coupled with net debt-to-EBITDA rising from 1.8x to 2.4x following $450 million in recent acquisitions, is expected to compress the forward P/E ratio from 28x to 25x, resulting in a 5% stock price decline."
CRM,buy,"Salesforce's latest quarter revenue grew 18% YoY to $9.2 billion, beating consensus by 2.3%, while operating margins expanded 200 basis points to 27.5% and management guided to 28% margins next fiscal year versus Street's 25.5% forecast, directly supporting a 5% stock price increase as the 28x P/E multiple doesn't reflect this profitability step-up.","Data Cloud revenue accelerated 45% YoY to a $300 million quarterly run-rate, net new ARR rose 12% sequentially to $2.1 billion, and free cash flow conversion improved to 85% from 78% year-over-year, which together justify raising forward revenue multiples from 6.5x to 6.8x ARR and imply a 5% share price appreciation based on updated DCF valuations."
CRM,sell,"Analysis of Salesforce's competitive positioning shows its market share in the enterprise CRM segment has eroded by 60 basis points in the last six months, from 33.5% to 32.9%. This has led to a revision of the company's forward revenue growth forecast from 11.0% to 9.8%. A discounted cash flow (DCF) model recalibrated with this 1.2 percentage point reduction in long-term growth suggests the stock's intrinsic value is over-stated, implying a potential 5% price decrease.","The company's non-GAAP operating margin is projected to contract by 90 basis points, from 31.4% to 30.5%, over the next fiscal year due to increased Sales & Marketing expenses required to defend against emerging AI-native competitors. Applying the industry-average price-to-earnings multiple to the resulting lower earnings per share (EPS) forecast yields a valuation that is 5% below the current stock price."
CSCO,buy,"Projections for the next fiscal year show Cisco's software and subscription revenue will reach 48% of total revenue, an increase from 43% in the prior year. This revenue mix shift is expected to expand corporate non-GAAP operating margins by 120 basis points to 35.2%, supporting a discounted cash flow (DCF) model that indicates a 5% upside to the current share price.","Third-party market analysis from the most recent quarter reveals Cisco's market share in the 800G data center switching segment increased by 300 basis points to 41%. This gain is projected to contribute an additional $750 million in revenue over the next twelve months versus prior forecasts, which, when capitalized at the company's historical price-to-sales multiple, justifies a 5% increase in the stock's valuation."
CSCO,sell,"Cisco's enterprise segment revenue declined 7.3% year-over-year to $6.4 billion in the recent quarter, with new order bookings falling 12% sequentially and gross margins compressing 190 basis points to 60.8%, metrics that historically trigger a 5% stock price decrease when core networking demand weakens.","The stock trades at 19.2x forward P/E, a 28% premium to the networking sector average of 15.0x, despite management cutting FY2025 revenue growth guidance to 1-2% from 4-6%, indicating a likely 5% valuation correction as earnings multiple compression aligns with deteriorating fundamentals."
CSX,buy,"CSX's recent quarter operating ratio improved 150 basis points to 58.5% from 60.0% year-over-year, driven by 7% fuel efficiency gains and 3.8% workforce productivity improvements, expanding EBIT margins by 180 basis points to 29.5%; railroad sector precedents indicate this magnitude of operational leverage typically drives 5% stock price appreciation.","Management's forward guidance projects 7.2% revenue growth, comprising 4.5% merchandise pricing power and 5.1% intermodal volume expansion, generating $520 million of incremental free cash flow that will fund a 16% dividend increase and reduce debt-to-EBITDA from 2.4x to 2.1x, which cash flow valuation models suggest should catalyze 5% price appreciation through improved capital returns and balance sheet strength."
CSX,sell,"Our proprietary model indicates a deterioration in CSX's operating ratio, projecting an increase of 250 basis points from 59.5% to 62.0% over the next six months due to persistent inflation in labor and fuel expenses. This compression in profitability, holding revenue constant, reduces the forward EPS estimate by 8%. Re-rating the stock based on this lower earnings power suggests a 5% downside to the current share price.","Analysis of freight-forwarder channel checks and trucking spot rate data points to a sustained loss of market share in the high-margin Intermodal segment. We forecast a 4.0% year-over-year decline in Intermodal volumes for the next quarter, a sharp reversal from consensus estimates of 1.5% growth. Adjusting our discounted cash flow (DCF) model for this lower revenue trajectory and a 50 basis point reduction in long-term growth assumptions results in a revised price target that is 5% below the current market price."
CTAS,buy,"Proprietary analysis of supply chain data from the last quarter indicates a sustained 60 basis point improvement in gross margins due to enhanced logistical efficiencies. This outpaces consensus expectations and leads to our revised forward EPS estimate of $15.54, compared to the street consensus of $14.80. Applying the stock's current forward P/E multiple of 37.2x to our higher earnings forecast implies a potential 5% increase in the stock price.","Recent channel checks and contract win analysis reveal that Cintas is projected to increase its market share in the high-margin First Aid & Safety services segment from 12.0% to 12.8% over the next 12-18 months. This translates to an acceleration in the company's overall forward revenue growth rate to 8.2%, above the consensus 7.0%. Factoring this higher growth into our Discounted Cash Flow (DCF) model, while keeping the WACC at 8.5%, raises our calculated intrinsic value, suggesting a 5% upside from the current price."
CTAS,sell,"Q3 uniform rental gross margins contracted 340 basis points year-over-year to 41.2% as regional market share fell from 31% to 28% due to aggressive competitor pricing, with 2024 guidance for 150-200bps EBITDA margin compression reducing EPS by 8% and driving a 5% stock price decrease.","TTM free cash flow conversion dropped from 78% to 52% while net debt-to-EBITDA increased to 3.1x from 2.3x year-over-year, and the forward P/E of 28.5x trades 35% above sector median, creating valuation pressure that suggests a 5% price correction."
CTRA,buy,"CTRA's Q3 production volumes rose 12% QoQ to 650 Mboe/d while unit operating costs declined 8% to $7.20/boe, driving EBITDA margin expansion of 340 basis points to 64%. With 85% of 2024 production hedged at $80/bbl WTI, the combination of volume growth and cost discipline increases free cash flow per share by 15% to $4.60, supporting a 5% price increase.","CTRA reduced net debt-to-EBITDA from 1.2x to 0.8x over the past 6 months via $400M debt repayment, while increasing the quarterly dividend 25% to $0.60/share, representing a 3.2% yield. The improved capital structure and enhanced shareholder returns support a 5% price increase as the forward P/FCF multiple compresses from 6.5x to 6.2x on higher cash flow visibility."
CTRA,sell,"Analysis of recent well completions in the company's Permian Basin assets reveals a 7% year-over-year decline in average 90-day initial production (IP) rates. Concurrently, lease operating expenses (LOE) per barrel of oil equivalent (BOE) have increased by 9% quarter-over-quarter. Our discounted cash flow (DCF) model, updated with these lower productivity and higher cost assumptions, reduces the projected free cash flow per share by 8.5%, leading to a revised valuation that implies a 5% decrease from the current stock price.","Coterra's realized natural gas price discount to the Henry Hub benchmark has widened to an average of $0.55 per Mcf in the most recent quarter, up from $0.30 per Mcf in the same period last year, due to regional pipeline constraints in the Marcellus Shale. This expanded differential is projected to lower full-year revenue by $275 million, which translates to a reduction in our earnings per share (EPS) estimate of $0.20. Applying the stock's forward P/E ratio of 11x suggests this earnings revision justifies a 5% decrease in the stock price."
CTSH,buy,"Our analysis indicates that Cognizant's recent strategic partnerships in the AI-powered analytics space will accelerate growth in its Financial Services segment. We project this segment's revenue will grow by 8% over the next four quarters, exceeding the consensus estimate of 6%. This incremental growth, coupled with a segment-specific operating margin of 16.5% (200 basis points above the corporate average), is expected to add $0.15 to forward EPS. Applying the stock's current forward P/E ratio of 16x to this incremental earnings contribution supports a 5% increase in our price target.","An internal review of Cognizant's operational efficiency programs reveals a projected 75 basis point improvement in consolidated operating margins for the upcoming fiscal year, from 14.25% to 15.0%. This margin expansion is driven by a 4% reduction in SG&A expenses and improved offshore resource utilization rates, now at 88% versus a prior 85%. Our Discounted Cash Flow (DCF) model, updated with this enhanced margin profile, yields an increase in the firm's intrinsic value, directly corresponding to a 5% upside from the current stock price."
CTSH,sell,"Operating margin contracted 140 basis points year-over-year from 15.2% to 13.8%, while revenue concentration among the top 5 clients increased to 42% from 35%, indicating escalating pricing pressure and customer dependency that supports a 5% stock price decrease.","Free cash flow declined 18% from $1.2 billion to $984 million trailing twelve months, net debt rose by $850 million, and days sales outstanding increased from 65 to 78 days, signaling deteriorating working capital efficiency and liquidity constraints that justify a 5% valuation reduction."
CTVA,buy,"CTVA's North America seed market share expanded 150 basis points to 19.7% year-over-year while EBITDA margins improved 120bps to 23.8%, driving a projected free cash flow yield increase from 5.2% to 6.1% and supporting a 5% stock price appreciation as the P/E multiple re-rates from 16.5x to 17.3x over the next 12 months.","The company's crop protection segment delivered 11.3% revenue growth with ROIC rising from 11.8% to 13.4% after management reduced net debt-to-EBITDA from 1.2x to 0.8x, and this operational leverage combined with a 3.5% dividend yield creates a total return pathway for a 5% price increase over the next two quarters."
CTVA,sell,Internal modeling indicates that a sustained 12% quarter-over-quarter increase in key petrochemical input costs is projected to compress Corteva's forward gross margins from 44% to 41.5%. This erosion is expected to lower the consensus full-year EPS estimate from $2.95 to $2.80. Applying the stock's current forward P/E ratio of 19x to this revised forecast implies a valuation adjustment leading to a 5% decrease in the stock price.,"Recent channel checks in the North American seed market show a market share contraction for Corteva's corn seed portfolio from 35% to 33% year-over-year, due to aggressive pricing from a key competitor. As this segment represents 40% of the company's operating income, this two-point share loss translates into a 6% reduction in projected free cash flow. A revised discounted cash flow (DCF) analysis based on this lower cash flow generation supports a 5% decrease in the share price valuation."
CVS,buy,"Analysis of the Health Services segment indicates a projected operating margin expansion of 70 basis points over the next fiscal year, driven by enhanced generic drug sourcing efficiencies and PBM contract renewals. This is expected to increase annual operating income by $850 million. Applying the company's historical forward P/E ratio of 9.6x to the resulting after-tax earnings per share accretion of $0.52 directly supports a valuation increase of $5.00 per share, implying a 5% price increase.","The Health Care Benefits segment has added a net 450,000 new medical members over the last two quarters, exceeding forecasts by 15%. Concurrently, the Medical Benefit Ratio (MBR) is projected to improve by 50 basis points year-over-year to 84.5% due to successful cost-containment initiatives. A discounted cash flow (DCF) model update incorporating this higher membership revenue and lower cost base results in a $4.80 rise in the intrinsic value per share, justifying a 5% price increase."
CVS,sell,"Medicare Advantage reimbursement rates cut 3.5% next quarter reduces annual revenue by $680 million across 4.2 million members, while PBM rebate retention declines from 8% to 5%, compressing health benefits segment EBITDA margins 180 basis points to 5.6%, creating valuation pressure that would drive a 5% stock price decrease.","Debt-to-EBITDA ratio deteriorates from 3.2x to 4.1x on $78.5 billion long-term debt, with interest coverage ratio falling from 6.8x to 4.3x, prompting S&P to place BBB credit rating on negative watch for potential downgrade to BBB-, which implies 5% downside to the share price."
CVX,buy,"Chevron's Permian Basin production increased 18% year-over-year while unit extraction costs declined $4.20 per barrel, expanding upstream operating margins by 280 basis points, which fundamental analysis indicates could drive a 5% increase in the stock price.","The company's free cash flow yield of 11.2% exceeds the sector average of 8.1%, enabling management to authorize an incremental $7.5 billion share repurchase program while maintaining net debt-to-EBITDA at 0.7x, a capital return profile that suggests 5% price appreciation potential."
CVX,sell,"Analysis of Chevron's forward-looking production costs reveals a significant increase in projected lifting costs for its key deepwater assets, rising from $11.50 per barrel of oil equivalent (BOE) to an estimated $13.25/BOE for the next fiscal year. This 15.2% cost inflation is expected to compress the upstream segment's net profit margin by 120 basis points. Applying this revised margin to consensus revenue forecasts and maintaining the sector average Price-to-Earnings (P/E) ratio of 11.5x suggests a potential 5% decrease in the stock's valuation.","The company's cash flow from operations (CFO) to capital expenditures (CapEx) ratio has declined to 1.8x in the most recent quarter, down from a trailing four-quarter average of 2.4x, indicating reduced efficiency in funding growth internally. This trend, coupled with a projected 4% decline in free cash flow yield for the full year, puts the current dividend payout ratio under pressure. A valuation model discounting future dividends at a slightly higher required rate of return to account for this cash flow risk points to a potential 5% downside for the share price."
D,buy,"Our analysis indicates Dominion's forward P/E ratio of 15.0x is trading at a discount to its regulated utility peer average of 15.75x. We project that recently approved rate case settlements will add $0.05 to next year's EPS above current consensus, justifying a re-rating of the stock's multiple to match its peers, which would result in a 5% increase in the stock price.","We project that operational efficiencies from grid modernization initiatives will boost Operating Cash Flow (OCF) by 6% over the next four quarters. This improvement will reduce the company's OCF-based dividend payout ratio from 74% to 70%, supporting a compression of the dividend yield from its current 4.41% to 4.20%. This yield adjustment corresponds to a 5% increase in the share price."
D,sell,"Dominion's Q3 earnings revealed the Virginia State Corporation Commission approved only $195 million of its $580 million requested rate base increase, creating a $385 million annual revenue shortfall that reduces regulated ROE from 9.4% to 7.9% and cuts 2025 EPS guidance by $0.31, directly supporting a 5% price target decrease on revised valuation models.","The Coastal Virginia Offshore Wind project faces 18-month construction delays with capex overrun of $2.6 billion, pushing total project cost to $12.1 billion and requiring $900 million in additional equity dilution that reduces forward P/FCF from 11.5x to 14.8x, triggering a 5% stock price downside as institutional investors reprice the growth premium."
DAL,buy,"Delta's Q3 RASM increased 4.2% year-over-year to $0.186 while CASM ex-fuel decreased 1.8% to $0.112, driving operating margin expansion of 320 basis points to 15.7% versus 14.1% consensus, which translates to approximately $0.85 in incremental EPS and a 5% valuation uplift based on peer average P/E multiple of 8.5x.","The carrier reduced net debt by $2.3 billion in the past 6 months, improving debt-to-equity from 1.8 to 1.15 while generating $4.1 billion in trailing twelve-month free cash flow, enabling management to authorize a $1.5 billion accelerated share repurchase program representing 4.8% of outstanding shares, directly supporting a 5% increase in per-share value."
DAL,sell,"Analysis of forward fuel cost projections and hedging effectiveness indicates a higher-than-guided Cost per Available Seat Mile (CASM). Our model projects a 3% increase in fuel expenses above consensus for the next two quarters, which is expected to compress operating margins by 80 basis points. Recalibrating our discounted cash flow (DCF) model with this revised margin profile lowers the intrinsic value per share, suggesting the stock is currently overvalued and poised for a 5% price decrease.","Delta's forward Price-to-Earnings (P/E) ratio is currently 10.2x, representing a 12% premium to its primary legacy carrier peer group average of 9.1x. This premium is unjustified given recent data showing a 6% sequential decline in high-yield corporate travel bookings for the upcoming quarter. A valuation normalization to a 9.7x P/E multiple, which is more aligned with the softening demand environment, implies a potential 5% decrease from its current price level."
DD,buy,"Analysis of DuPont's Electronics & Industrial segment's new product pipeline for next-generation 5G components projects an incremental revenue contribution of $350 million for the next fiscal year. This high-margin revenue is forecast to increase free cash flow per share by $0.21, which, when capitalized at the company's historical price-to-free-cash-flow multiple of 19x, indicates a valuation increase of approximately 5% from the current stock price.",Recently completed supply chain optimization initiatives are projected to reduce the company's cost of goods sold (COGS) as a percentage of revenue by 75 basis points over the next four quarters. This efficiency gain is expected to revise forward EPS estimates upward from $3.90 to $4.09. Applying the stock's current forward P/E ratio of 20.5x to this revised EPS estimate suggests a potential 5% increase in the share price.
DD,sell,"Electronics & Industrial segment EBITDA margins compressed 470 basis points year-over-year from 24.3% to 19.7% on 6% volume decline, representing 38% of total revenue, a deterioration that supports a 5% stock price decrease.","Forward P/E of 18.5x trades 22% above sector average of 15.2x while free cash flow conversion fell from 82% to 64% quarter-over-quarter, metrics that indicate 5% downside to fair value."
DE,buy,"Deere's precision agriculture segment revenue grew 18% year-over-year with segment margins expanding 340 basis points to 24.2% and North American market share increasing from 31% to 34%, resulting in analyst target price upgrades that imply a 5% stock price increase.","The company generated $4.1B in trailing twelve-month free cash flow (8.7% yield), reduced net debt-to-EBITDA to 1.8x via $3.2B debt repayment, and increased share buyback authorization by $1.5B, which valuation analysis translates into a 5% stock price increase through P/E multiple expansion from 12.0x to 12.6x."
DE,sell,"Internal channel checks indicate that dealer inventories of large agricultural equipment (>100hp tractors) have risen to 120 days of sales, a 25% increase from the five-year average of 96 days for this period. This inventory build is projected to trigger manufacturer discounts, leading to a 70 basis point compression in gross margins for the next two quarters. Our discounted cash flow model indicates this margin reduction lowers the intrinsic value of the stock by 5%.","Analysis of Deere's financial services arm shows that the provision for credit losses is forecasted to increase to 0.35% of the average portfolio balance next fiscal year, up from 0.25% in the current year, due to weakening credit quality in the South American portfolio. This represents an unanticipated $200 million pre-tax charge against earnings, which reduces our forward EPS estimate by $0.85 and supports a 5% decrease in our price target."
DFS,buy,"Internal modeling projects Discover's Net Interest Margin (NIM) will expand to 11.15% over the next four quarters, exceeding consensus estimates of 10.95%. This 20-basis-point outperformance, driven by a more favorable funding mix, is calculated to increase full-year earnings by $0.60 per share, directly supporting a 5% increase in the stock's valuation based on its current forward P/E multiple of 8.5x.","An accelerated share repurchase program is anticipated to reduce the average diluted share count by an additional 2.5% beyond current market expectations over the next 12 months. This action, combined with a projected 50 basis point improvement in the company's efficiency ratio to 39.8%, is modeled to boost Return on Tangible Common Equity (ROTCE) from 24% to 26%, justifying a multiple expansion that corresponds to a 5% increase in the share price."
DFS,sell,"Net charge-off rates increased 150 basis points quarter-over-quarter from 3.2% to 4.8% while 30+ day delinquencies rose 120 basis points from 2.1% to 3.3%, driving provision expense up 58% from $1.2B to $1.9B and indicating a potential 5% stock price decline based on historical credit-loss sensitivity models.","Net interest margin compressed 50 basis points year-over-year from 10.2% to 9.7% as funding costs surged 170 basis points from 2.4% to 4.1% against loan yields rising only 40 basis points from 12.8% to 13.2%, creating $350M pre-tax income headwinds that warrant a 5% stock price decrease through forward P/E derating from 8.5x to 8.0x."
DG,buy,"Dollar General's Q3 EPS of $1.85 beat consensus by 7.2% as gross margins expanded 80 basis points to 32.4% and management raised FY guidance 5% to $9.60 at the midpoint, directly supporting a 5% stock price increase target based on accelerated earnings momentum.","Same-store sales growth accelerated to 5.2% in Q3 while the company captured 130 basis points of additional market share in the dollar store segment to reach 24.7%, and free cash flow conversion improved 11 percentage points to 79% with inventory turnover rising 0.4x to 4.2x, creating fundamental justification for a 5% upward price movement."
DG,sell,"Internal analysis projects a 30-basis-point contraction in forward operating margins to 5.5%, falling short of the 5.8% consensus estimate due to sustained pressure from freight costs and in-store wage increases. This margin compression is expected to reduce our forward EPS estimate by 4.8%. Applying the company's 5-year average forward P/E multiple of 18.0x to our revised earnings forecast necessitates a valuation adjustment that implies a 5% decrease from the current stock price.","Proprietary channel checks indicate that same-store sales growth for the current quarter is tracking at 0.75%, which is 150 basis points below management's guidance midpoint of 2.25%. A regression analysis of the past 10 years of performance data reveals that for every 75-basis-point miss on same-store sales guidance, the stock experiences an average price correction of 2.5% in the subsequent month. This projected shortfall therefore supports a 5% decrease in the stock price."
DGX,buy,"Internal efficiency initiatives have boosted operating margins by 75 basis points in the trailing six months, leading to an upward revision in forward EPS estimates. Our revised EPS forecast of $8.82 is 5% higher than the prior consensus of $8.40. Maintaining the stock's current forward P/E ratio of 15.5x on this higher earnings base directly implies a 5% increase in the stock price.","The company's recent expansion into advanced oncology diagnostics has captured 12% market share in its target sub-segment faster than anticipated, adding a projected $450 million in new annualized revenue. This high-margin revenue, when valued at the company's current Enterprise Value-to-Sales multiple of 1.6x, increases our firm valuation by over $720 million, justifying a 5% increase from the current share price."
DGX,sell,"Operating margin contracted 240 basis points year-over-year to 12.8% due to 3.2% decline in organic testing volumes and 4.5% Medicare reimbursement rate cuts, compressing forward EPS estimates by 7% and creating 5% stock price downside.","Market share in hospital outreach laboratory services declined from 18% to 16% after losing a major UnitedHealth contract worth $180M in annual revenue, while SG&A expenses increased 12% from competitive retention spending, driving revenue growth guidance down to negative 2% and implying a 5% stock price decrease."
DHI,buy,"Q3 gross margin expanded 180 basis points YoY to 24.7% through $2,100 reduction in direct construction costs per unit and $7,800 increase in average selling price to $368,400, generating an 8.3% upward revision in FY2024 EPS estimates that directly supports a 5% stock price appreciation target to $165 at constant 9.2x forward P/E multiple.","Q2 net sales orders grew 12% YoY to 18,500 homes, capturing 150 basis points of market share to reach 11.2% nationally while industry volumes declined 4%, with the stock trading at 8.2x forward P/E representing a 25% discount to the 10.9x peer average despite ROE of 21.3% exceeding peer median by 260bps, indicating a 5% price appreciation opportunity as the valuation gap converges."
DHI,sell,"Analysis of recent regional housing data shows that D.R. Horton's net new orders for the most recent quarter declined by 12% sequentially, underperforming the industry average decline of 7%. This slowdown, combined with a rising order cancellation rate from 18% to 23%, has prompted a revision in our forward revenue model, leading to a projected 5% decrease in the stock's valuation.","In the upcoming fiscal year, the company's gross margin is projected to contract by 150 basis points, from 24.0% to 22.5%, due to a 4% rise in key input costs (lumber and labor) that is not being fully offset by increases in average selling prices. This margin compression is expected to reduce forward earnings per share (EPS) estimates, resulting in a 5% downward adjustment to our price target."
DHR,buy,"Analysis of Danaher's high-growth Biotechnology segment reveals a 14% year-over-year revenue increase in the most recent quarter, contributing to a 150 basis point expansion in the company's consolidated operating margin to 26.5%. Projecting this improved margin profile into our discounted cash flow (DCF) model, holding other assumptions constant, revises our intrinsic value estimate upwards, indicating a potential 5% increase in the stock price.","The company's free cash flow (FCF) to sales ratio improved to 22% in the last fiscal year, exceeding historical averages by 200 basis points. Management has allocated this excess cash flow to an accelerated share repurchase program, which is modeled to reduce the total share count by 2.5% over the next six months. This accretive action, combined with a projected 2.5% rise in net income, directly supports a 5% increase in earnings per share (EPS) and justifies an equivalent rise in the target stock price."
DHR,sell,"Danaher's Q3 core revenue growth decelerated from 7.8% to 2.3% sequentially, while adjusted gross margins contracted 410 basis points to 53.7% due to 6% price erosion in its Life Sciences segment, driving management to cut 2025 EPS guidance from $10.40 to $8.95, a revision that implies a 5% stock price decline based on current P/E multiples.","The company's net debt-to-EBITDA ratio increased to 3.4x from 2.1x year-over-year following the $8.2 billion acquisition, pushing annual interest expense to $920 million and reducing interest coverage to 8.2x, below the 12x covenant threshold, which creates refinancing risk and supports a 5% downside price target."
DIS,buy,"Disney+ net subscriber additions of 7.2 million in Q2, combined with a 14% reduction in monthly churn to 3.8% and a $0.95 increase in ARPU to $8.42, is projected to narrow streaming segment losses by $450 million this fiscal year, a profitability inflection that supports a 5% stock price appreciation as the business reaches breakeven two quarters ahead of consensus.","Parks & Experiences revenue per visitor increased $53 to $352 in the most recent quarter while domestic operating margins expanded 410 basis points to 39.4%, generating an additional $1.2 billion in quarterly segment operating income, a margin expansion that warrants a 5% stock price increase as it adds $4.8 billion to annual run-rate EBITDA."
DIS,sell,"Our proprietary analysis of the Direct-to-Consumer segment indicates a slowdown in Average Revenue Per User (ARPU) growth, with projections for the next fiscal year revised from a 4.0% increase to just 1.5%. This 250 basis point deceleration in ARPU growth directly reduces our long-term revenue forecast for the streaming division, resulting in a 5% decrease in our discounted cash flow (DCF) derived price target.","Projections for the Parks, Experiences and Products segment show a 150 basis point margin contraction over the next four quarters, from 23.0% to 21.5%, due to sustained wage inflation and increased marketing spend required to maintain attendance levels. Given this segment's contribution to overall profitability, this margin erosion is modeled to reduce the company's forward earnings per share (EPS) by 3.8%, supporting a 5% reduction in the stock's valuation."
DLR,buy,"Analysis of recent leasing activity for newly developed hyperscale capacity projects a 5.2% increase in the Next Twelve Months (NTM) Core Funds From Operations (FFO) per share forecast, from $7.00 to $7.36. Applying the stock's current price-to-FFO multiple of 19.5x to this revised earnings estimate implies a target price appreciation of 5%.","Recent private market transactions for stabilized data center assets in DLR's primary markets have occurred at an average capitalization rate of 5.7%, representing a 30-basis point compression from the 6.0% cap rate used in our current Net Asset Value (NAV) model. Revaluing the company's property portfolio at this lower market cap rate increases our NAV per share estimate by 5.3%, supporting a 5% increase in the stock price to close the gap to its underlying asset value."
DLR,sell,"Same-store NOI contracted 4.2% year-over-year in the latest quarter, driven by occupancy declining 180 basis points to 92.4% and new lease rent spreads turning negative at -6.5% versus +2.1% in the prior quarter. This marks the first negative rent spread in 12 quarters, signaling pricing pressure in core data center markets. Forward FFO per share estimates revised down 8% for the next fiscal year, pointing to a potential 5% stock price decline.","Debt-to-EBITDA ratio deteriorated to 7.3x in the latest quarter from 6.5x in the previous quarter, with $3.2 billion of debt maturing over the next 12 months requiring refinancing at prevailing rates 250-300 basis points higher. Interest coverage compressed to 3.4x from 4.2x, while the latest quarter dividend payout ratio on AFFO reached 89%, leaving minimal cushion for distribution coverage. These metrics collectively indicate a 5% downside to current valuation."
DLTR,buy,"Dollar Tree's Q3 gross margin expanded 180 basis points to 33.2% versus 31.4% prior year, generating $45M in incremental operating income from logistics cost deflation and private-label penetration reaching 28% of sales. This operational leverage, paired with 4.3% same-store sales growth, translates to an 8.2% EPS uplift to $7.15, supporting a 5% stock price appreciation based on a 12x forward P/E multiple.","The Family Dollar segment gained 120 basis points of market share in the discount retail sector, reaching 14.7% penetration in Q3 through 250 new store openings and 3.8% traffic growth. Free cash flow increased 22% to $285M, enabling $200M in share repurchases. These capital deployment metrics justify a re-rating toward the sector-average 1.2x PEG ratio, implying 5% upside potential."
DLTR,sell,"Internal analysis of freight and labor costs for the upcoming two quarters indicates a combined pressure that is expected to reduce operating margins by 110 basis points compared to consensus estimates. A discounted cash flow (DCF) sensitivity analysis reveals that this level of margin compression, when factored into the terminal value calculation, lowers the derived fair value of the stock by 5%.","Recent proprietary transaction data covering the first 9 weeks of the current quarter shows a 3.0% year-over-year decline in same-store customer traffic, a sharp deceleration from the 0.5% growth reported in the previous quarter. Our model, which correlates traffic trends to forward earnings, indicates that this slowdown will result in an earnings per share (EPS) figure that is 8% below street expectations, justifying a 5% downward revision of the stock's price target."
DOC,buy,"Analysis of leasing agreements signed in the last 60 days for Healthpeak's lab portfolio reveals an average cash re-leasing spread of 11.5%, which is 300 basis points higher than the 8.5% used in current full-year consensus models. This outperformance is projected to increase the full-year Funds From Operations (FFO) per share estimate from $1.80 to $1.89. Applying the sector's average price-to-FFO multiple of 12.0x indicates a valuation increase of 5%.","The company's recently announced disposition of a non-core medical office building portfolio for $550 million is projected to lower its Net Debt-to-Adjusted EBITDA ratio from 5.8x to 5.3x. A comparative analysis shows that peers with a leverage ratio below 5.5x trade at an average 0.6x turn premium on their P/FFO multiple. Applying this premium to Healthpeak's current multiple of 12.0x implies a new multiple of 12.6x, supporting a 5% increase in the share price."
DOC,sell,"Senior housing occupancy fell 700 basis points from 85.2% to 78.2% over the past 6 months, causing same-store NOI to decline 4.2% and FFO per share guidance to drop $0.12 from $1.85 to $1.73, a 6.5% cash flow reduction that supports a projected 5% stock price decrease.","$850 million of debt maturing next 12 months must be refinanced at 6.8% versus current 3.2% rate, increasing annual interest expense $30.6 million and reducing AFFO per share $0.09 from $1.92 to $1.83 while raising debt-to-EBITDA to 6.9x, metrics that justify a 5% stock price decline."
DOV,buy,"Operational excellence initiative reduced production cycle times by 18% in the refrigeration segment, expanding gross margins from 28.5% to 33.2% year-over-year. This margin improvement is projected to increase FY2024 EPS by $0.42 to $9.15, representing 12% growth versus prior 7% consensus, which supports a 5% stock price increase to $187 at a 15.5x forward P/E multiple.","Digital printing segment captured 340 basis points of additional market share in high-speed label printing, reaching 23.4% penetration in Q3 2024, driving segment revenue growth of 14.2% versus industry average of 3.1%. The resulting $127 million incremental annual recurring revenue and 8% segment EBITDA growth, valued at 11x EV/EBITDA, translates directly to a 5% increase in intrinsic value per share."
DOV,sell,"An internal channel check reveals that order backlogs in the Imaging & Identification segment, which accounts for 18% of total company revenue, have declined by 12% quarter-over-quarter. This is a sharp reversal from the 4% sequential growth seen in the prior quarter. A regression model correlating backlog changes to forward revenue indicates this will reduce total company revenue growth estimates by 1.5 percentage points for the next fiscal year, leading to a valuation that supports a 5% decrease in the stock price.","A peer analysis shows that Dover Corporation’s inventory turnover ratio has decreased to 3.8x in the most recent quarter from a five-quarter average of 4.5x, while key competitors have maintained an average turnover ratio of 4.6x. This 15.6% decline in inventory efficiency has resulted in a $150 million increase in working capital, reducing our free cash flow to equity (FCFE) forecast by 7%. This adjustment to our FCFE model warrants a 5% reduction in our price target."
DOW,buy,"Analysis of Dow's recent supply chain optimization program reveals a 3.2% reduction in Cost of Goods Sold (COGS) over the last two quarters, leading to a 140 basis point expansion in operating margins. Projecting this enhanced margin structure onto forward revenue estimates translates to an increase in next year's EPS forecast from $3.75 to $3.94. Applying the stock's historical average forward P/E multiple of 14x suggests that this operational efficiency gain supports a 5% increase from the current stock price.","The Performance Materials & Coatings segment reported a Return on Equity (ROE) of 15.0% in the last reporting period, a 250 basis point improvement year-over-year and now leading the direct peer average of 13.0%. Despite this superior capital efficiency, Dow trades at a Price-to-Book (P/B) ratio of 1.70x, a discount to the peer average of 1.785x. A valuation re-rating to match the peer P/B average, justified by the stronger ROE, implies a 5% upside to the stock's current valuation."
DOW,sell,"Dow Inc.'s Q3 2024 EBITDA margin compressed 180 basis points year-over-year to 12.3%, while management cut 2025 EPS guidance by 8% to $3.20 due to polyethylene oversupply, metrics that historically correlate with 5% stock price declines in the specialty chemicals sector when margin drops below 13% and guidance cuts exceed 5%.","Dow's debt-to-equity ratio of 0.78x exceeds the chemical industry average of 0.45x, while Q3 free cash flow plummeted 32% year-over-year to $1.2 billion, balance sheet deterioration that our credit risk model translates into a 5% equity value reduction as the probability of financial distress rises from 8% to 12% and the stock's fair value drops from $52 to $49.40."
DRI,buy,"Olive Garden restaurant-level margins expanded 130 basis points to 22.1% in Q3 FY24, while LongHorn margins improved 110 basis points to 19.7%. Consolidated EBITDA margin of 17.8% exceeded guidance by 60 basis points, driving Q3 EPS of $2.48 (6.0% above consensus). Management raised FY24 EPS guidance to $8.95-$9.05 from $8.70-$8.80, implying 12.8% growth. With segment margins now 75 basis points above pre-pandemic peaks and sustainable through Q4, this operational leverage is projected to yield a 5% increase in stock price as the market reprices earnings quality.","Same-store sales accelerated to 4.5% system-wide in Q3 FY24, with Olive Garden posting 5.1% growth versus 1.9% in Q2. Digital/off-premise sales reached 29% of total revenue (+6 percentage points year-over-year), lifting average guest check by 3.8%. Market share in full-service dining increased 85 basis points to 12.4%, while customer traffic turned positive at +1.5%. Return on invested capital improved to 24.5% from 22.8% prior year. Forward P/E of 16.0x trades at 8% discount to 5-year average of 17.4x. These accelerating fundamentals combined with valuation discount justify a 5% price appreciation as the multiple reverts toward historical norms."
DRI,sell,"Internal analysis of rising input costs indicates that a 15% quarter-over-quarter increase in key protein commodities and a 7% rise in hourly labor wages are expected to compress Darden's operating margin by 120 basis points in the next fiscal year, from 10.9% to 9.7%. This margin erosion is projected to reduce forward Earnings Per Share (EPS) from a consensus of $8.70 to a revised estimate of $8.27. Applying the stock's historical forward P/E multiple of 17.5x to this lower EPS figure implies a valuation adjustment leading to a 5% decrease in the stock price.","Proprietary data tracking customer traffic across Darden's major brands shows a 2.5% decline in same-store guest counts over the past two months, contrasting with a 1.8% growth in the prior comparable period. This negative traffic trend, a leading indicator for revenue, suggests a deceleration in blended same-store sales growth to 1.0% for the upcoming quarter, well below the street's expectation of 3.2%. Our discounted cash flow (DCF) model, updated with a lower terminal growth rate to reflect this weakening consumer demand, now calculates a fair value for DRI that is 5% below its current trading level."
DTE,buy,"An internal efficiency audit projects that DTE's recently launched digital grid management initiative will cut non-fuel Operations & Maintenance (O&M) expenses by $85 million annually over the next 18 months. This cost-saving measure is expected to boost forward earnings per share (EPS) by $0.32, which, based on the current consensus EPS estimate of $6.40, represents a 5% increase in earnings power and supports a corresponding 5% increase in the stock's valuation.","DTE Energy currently trades at a Price-to-Book (P/B) ratio of 1.6x, a notable discount to its regulated utility peer group average of 1.8x. Our analysis indicates that as the company's Return on Equity (ROE) improves by an anticipated 60 basis points next fiscal year due to favorable rate case outcomes, its P/B multiple discount will narrow by half. This re-rating from 1.6x to 1.7x would resolve approximately half of the valuation gap, directly implying a 5% upside from the current share price."
DTE,sell,"The recent Michigan Public Service Commission rate order approved only a 9.2% allowed return on equity, 130 basis points below the prior 10.5% authorization, which financial models indicate will compress the regulated utility valuation multiple from 1.4x to 1.25x book value, directly translating to a projected 5% stock price decline.","Operating cash flow decreased 12% quarter-over-quarter to $580 million while the debt-to-equity ratio climbed to 1.85x from 1.62x, pushing interest coverage below 3.0x and indicating potential dividend sustainability risk that analysts estimate could drive a 5% share price reduction."
DUK,buy,"Duke Energy's $850 million regulatory rate case approval across Carolinas and Florida jurisdictions last quarter generates $120 million incremental annual net income, delivering $0.16 EPS accretion on 770 million shares. This 3.2% earnings improvement to $5.16 per share, with P/E expansion from 15.8x to 16.1x on enhanced regulatory certainty, drives a 5% price increase.","Renewable energy segment EBITDA grew 38% to $410 million while O&M expenses declined 2.3%, boosting forward EPS by $0.14. Debt-to-equity improved to 1.28x from 1.40x via $650 million liability management. These operational gains and balance sheet strengthening support a 5% stock price appreciation on 16.0x forward P/E multiple."
DUK,sell,"A preliminary rate case ruling for one of Duke's key operating territories proposes a reduction in the allowed Return on Equity (ROE) from 9.75% to 9.15%. Our analysis indicates this change will lower the company's forward earnings per share (EPS) estimates by approximately $0.29 from $5.80 to $5.51. Holding the current price-to-earnings multiple constant, this direct 5.0% reduction in the earnings base implies a potential 5% decrease in the stock price.","The company has $4.5 billion of long-term debt maturing in the next 18 months at an average coupon of 3.1%, which will need to be refinanced at prevailing market rates nearing 5.6%. This increase in interest expense is projected to raise the company's Weighted Average Cost of Capital (WACC) from 6.0% to 6.3%. Running our discounted cash flow (DCF) model with this higher discount rate results in a fair value estimate that is 5% lower than our previous valuation."
DVA,buy,"Our analysis of recent operational efficiency programs indicates a 60-basis-point improvement in projected EBITDA margins for the upcoming fiscal year. This margin expansion is expected to add $0.35 to the consensus earnings per share (EPS). Applying a stable forward P/E ratio of 16x to this incremental earnings stream results in a $5.60 valuation uplift per share, justifying a 5% price increase from current levels.","Last quarter's same-store treatment volume increased by 2.0%, significantly outpacing the 1.2% growth guidance, primarily driven by a 10% expansion in higher-margin home dialysis services. We project this sustained growth will lead to a re-rating of the company's valuation multiple, supporting an expansion of the forward EV/EBITDA multiple from 7.5x to 7.875x. This multiple expansion directly translates to a 5% increase in the stock's target price."
DVA,sell,"Medicare reimbursement rates declined 2.5% while commercial denial rates increased to 18.3% of billed charges, driving a 3.8% year-over-year drop in revenue per treatment to $346 and compressing EBITDA margins by 210 basis points to 16.2%, which analysis indicates will pressure the stock price downward by 5%.","Patient admission growth decelerated to 1.2% annually versus the dialysis industry average of 4.5%, causing market share to decline from 37% to 34% as competitors added 45 new centers, while bad debt expense rose to 4.1% of revenue, creating explicit 5% downside valuation risk."
DVN,buy,"Devon Energy's Q3 production increased 4.2% sequentially to 318,000 BOE/day while unit operating costs declined 8.5% to $12.40/BOE, expanding operating margins by 280 basis points to 34.7%. Management's updated guidance projects this operational efficiency will generate an incremental $180M in 2024 free cash flow; applying the stock's current 5.8x EV/EBITDA multiple to these additional cash flows results in a calculated 5% increase in fair value per share.","Devon reduced its debt-to-equity ratio from 0.68 to 0.52 over the trailing twelve months through $1.2B in debt repayments, decreasing annual interest expense by $62M. Concurrently, the company raised its quarterly dividend 12% to $0.28/share and authorized a $1.5B share repurchase program representing 4.3% of outstanding shares. The 50 basis point reduction in weighted average cost of capital from this improved capital structure directly translates to a 5% upward revision in the stock's intrinsic valuation."
DVN,sell,"Analysis of drilling productivity reports from the last quarter reveals that DVN's new wells in the Eagle Ford shale are underperforming initial projections by 8%, leading to an upward revision of the corporate breakeven oil price by $4/bbl. This is expected to reduce next year's operating cash flow per share by approximately $0.45, and applying the stock's 5-year average price-to-operating-cash-flow multiple of 5.5x, this underperformance warrants a valuation adjustment implying a 5% decrease in the stock price.","A downward revision in our long-term natural gas price forecast from $2.75/Mcf to $2.30/Mcf necessitates a re-evaluation of Devon's undeveloped acreage in the Anadarko Basin. Our model projects this will trigger a non-cash asset impairment charge of $1.55 billion in the upcoming quarter, translating to a $2.40 reduction in book value per share. This direct erosion of the company's asset base is anticipated to cause a corresponding markdown by the market, leading to a 5% decrease in the stock price."
EA,buy,"Analysis of the most recent quarterly report shows the ""Live Services"" segment, primarily driven by the EA Sports FC and Apex Legends franchises, grew revenue by 14% year-over-year, beating internal projections by 6%. This higher-margin revenue mix expanded the company's consolidated non-GAAP operating margin by 80 basis points to 34.5%. Adjusting our discounted cash flow model for this sustained margin improvement results in a 4.1% increase in our forward earnings estimate, justifying an immediate 5% increase in the stock's target price.","Management's updated guidance for the next fiscal year projects free cash flow (FCF) of $2.1 billion, a 7% increase over the prior forecast and well above the analyst consensus of $1.98 billion. This revised guidance lowers the forward Price-to-FCF multiple to 17.5x. We believe the stock deserves to trade at a multiple of 18.4x, in line with its 3-year historical average during periods of positive FCF revisions, which implies a direct 5% upside from the current price level."
EA,sell,"Q3 2024 revenue growth decelerated to 2.8% YoY versus consensus of 11.5%, while gross margin compressed 150 basis points to 68.2% as development costs per title rose 22% to $85 million, creating 5% stock price downside.","Monthly active users declined 7.5% QoQ to 142 million in Q3, trailing twelve-month free cash flow fell 18% to $1.45 billion, and management guided FY24 net bookings $280 million below prior forecast at $7.1 billion, indicating 5% downside potential."
EBAY,buy,"The most recent quarter showed gross margin expansion of 220 basis points to 76.3% and EPS beat of 8.3% versus consensus, driving management to raise full-year EBITDA guidance by 4.2%. This operational leverage, combined with a forward P/E re-rating from 9.8x to 10.3x, supports a 5% price increase.","eBay's trailing twelve month FCF yield of 11.3% trades at a 340 basis point premium to the e-commerce sector average, while its PEG ratio of 0.85x versus peer median of 1.25x indicates 32% upside to fair value. The announced $1.5B share repurchase program retiring 5.1% of outstanding shares provides direct EPS accretion, catalyzing a 5% stock price appreciation."
EBAY,sell,"An internal channel check indicates that Gross Merchandise Volume (GMV) growth in key international markets, representing 35% of total GMV, decelerated to 1.2% in the most recent quarter, down from the 4.5% average of the prior four quarters. This slowdown is expected to lead to a downward revision of full-year revenue guidance by 2.5%. Our valuation model, which uses a price-to-sales multiple of 2.0x, suggests this revenue revision will trigger a 5% decrease in the stock's price.",A review of operating expenses shows that sales and marketing costs as a percentage of revenue have increased by 200 basis points over the last two quarters to combat flat active buyer growth. This increased spend without corresponding user growth is projected to compress the company's forward operating margin by 250 basis points. Our discounted cash flow (DCF) analysis indicates that a 250 basis point reduction in the terminal operating margin assumption directly corresponds to a 5% reduction in the intrinsic value per share.
ECL,buy,"In the last quarter, Ecolab's ""Synergy 2025"" initiative drove operating margins in its Global Industrial segment to 17.0%, a 150 basis point improvement year-over-year, exceeding internal targets by 50 basis points. This outperformance is projected to add $130 million in incremental operating income for the full fiscal year, which, when capitalized at the sector's average valuation multiple, supports an upward stock price revision of 5%.","Recent analysis of the company's penetration into the life sciences sector reveals a 22% sequential growth rate, securing contracts that add $400 million to the forward 12-month revenue backlog. A discounted cash flow (DCF) model that incorporates this accelerated, high-margin revenue stream, which was previously forecasted at 15% growth, increases the intrinsic value per share, justifying a price target 5% above the current trading level."
ECL,sell,"Q2 organic revenue growth decelerated to 1.8% versus 4.5% consensus estimate, while adjusted EBITDA margin contracted 240 basis points to 15.7% year-over-year due to persistent chemical raw material inflation of 12% and elevated logistics costs. Management revised full-year EPS guidance down 11% to $4.85-$5.05, implying valuation multiple compression that supports a 5% stock price decline.","Debt-to-equity ratio increased from 1.3x to 1.9x over the trailing twelve months following the $2.3 billion acquisition, pushing net debt/EBITDA to 3.8x versus covenant limit of 4.0x. Free cash flow conversion deteriorated to 61% from historical 78% average, while interest coverage ratio fell to 4.2x from 6.5x, creating refinancing risk that warrants a 5% stock price decrease."
ED,buy,"Consolidated Edison's $418 million NYPSC-approved rate increase (7.3% revenue uplift) in the upcoming regulatory cycle expands rate base to $29.1 billion at 6.4% authorized ROE, generating $0.31 per share earnings accretion that supports a 5% stock price appreciation as the 14.1x forward P/E re-rates toward 15.8x sector average.","The utility's 3.85% dividend yield and 4.1% rate base CAGR create 7.95% total return potential, with 98.2% regulated earnings quality and debt-to-equity improving to 0.89x. Trading at 13.8x P/E versus 16.2x peer median, valuation normalization implies a 5% upward price correction."
ED,sell,"A recent preliminary ruling from a key state regulatory body indicates a potential reduction in the allowed Return on Equity (ROE) from 9.0% to 8.4% in the upcoming rate case. This 60 basis point compression is forecast to reduce forward earnings per share (EPS) by 7%, which, when applied to the stock's 5-year average price-to-earnings ratio of 18.5x, justifies a 5% decrease in the stock price.","An internal analysis of non-fuel Operating and Maintenance (O&M) expenses reveals a sustained increase of 4% quarter-over-quarter for the last three quarters, outpacing revenue growth of 1.5%. This trend is projected to compress the company's EBITDA margin by 120 basis points over the next fiscal year. A DCF model sensitivity analysis shows that this level of margin erosion directly corresponds to a 5% decrease in the stock's intrinsic value."
EFX,buy,"Analysis of the Workforce Solutions segment shows revenue from new verification services for the small-to-medium business (SMB) market reached $85 million last quarter, 20% ahead of internal forecasts. This higher-margin revenue, previously unincorporated in our models, is projected to increase the company's forward-looking free cash flow per share by 4.8%. Applying our standard discounted cash flow (DCF) methodology to this enhanced cash flow results in a 5% increase to our target stock price.","The company's ongoing cloud infrastructure migration has reduced technology-related operating expenses by 4% quarter-over-quarter, leading to a 60 basis point expansion in consolidated operating margins. If this efficiency level is maintained, it will translate to an additional $0.42 in earnings per share (EPS) over the next fiscal year. Applying the sector's average forward P/E multiple of 23x to this incremental EPS justifies a 5% increase in the stock's valuation."
EFX,sell,"Q3 operating margin contracted 420 bps YoY from 28.5% to 24.3% on 19% higher compliance costs, triggering a 3.2% EPS miss and analyst downgrades that mathematically support a 5% price decline at the current 18.5x forward P/E multiple.","Mortgage credit inquiry volume fell 23% QoQ as market share dropped 8 points to 29%, forcing management to cut revenue guidance by $145M (4.1% below consensus), which DCF analysis translates to a 5% intrinsic value reduction."
EG,buy,"Everest Re Group's combined ratio improved 240 basis points to 93.2% in the most recent quarter versus 95.6% in the prior-year period, driven by 8.3% year-over-year premium growth and favorable prior-year reserve development of $127 million. With pricing momentum showing 6.7% rate increases on January renewals, these underwriting improvements support a 5% stock price increase as the shares reprice toward a 1.4x price-to-book multiple from the current 1.3x level.","The company's investment yield rose to 4.8% from 3.9% year-over-year, generating an incremental $156 million in net investment income, while ROE expanded to 14.2% from 11.8%. With catastrophe losses normalizing at 4.1% of earned premiums versus an elevated 7.3% in the comparison period, these factors drive a projected 5% price appreciation as consensus forward P/E estimates compress to 9.5x from the current 10.0x multiple."
EG,sell,"Our proprietary catastrophe loss model, factoring in recent severe weather events not fully priced in by the market, projects Everest Re's upcoming quarterly combined ratio will be 98.2%, a 370 basis point increase over the street consensus of 94.5%. This deterioration in underwriting profitability is expected to reduce forward earnings per share (EPS) estimates by approximately 5.5%. Holding the forward P/E multiple constant at 9.5x, this adjustment supports a valuation decrease of 5% from the current price.","Analysis of reinsurance renewal rates indicates that increased market capacity is compressing pricing power, leading to an anticipated 250 basis point decline in Everest Re's forward Return on Equity (ROE) to 12.5% from a trailing twelve months figure of 15.0%. This lower profitability directly slows the compounding growth of tangible book value per share. Applying a historical valuation sensitivity model, this reduction in ROE justifies a contraction in the stock's Price-to-Tangible Book Value (P/TBV) multiple from 1.30x to 1.235x, implying a potential downside of 5% to the current share price."
EIX,buy,"A recent state regulatory filing approved a 3.2% base rate increase for the company's primary utility subsidiary, projected to increase forward earnings per share (EPS) by $0.26. Applying the stock's current forward Price-to-Earnings (P/E) ratio of 14.5x to this incremental EPS suggests an addition of $3.77 to the share price, indicating a potential 5% increase from current valuation levels.","The company's grid modernization program is on track to reduce annual operating and maintenance (O&M) expenses by $115 million over the next fiscal year, improving the operating margin by 60 basis points. A discounted cash flow (DCF) analysis incorporating this enhanced margin profile and a resulting 25 basis point reduction in the weighted average cost of capital (WACC) yields an updated intrinsic value per share that is 5% higher than previous estimates."
EIX,sell,"Edison International's debt-to-equity ratio is projected to increase from 1.45x to 1.72x over the next 12 months due to $2.1 billion in additional wildfire liability financing, while interest coverage ratio declines from 3.2x to 2.4x, compressing the equity risk premium and resulting in an estimated 5% price decrease.","The California Public Utilities Commission delayed approval of a $340 million rate base increase for 2024, reducing projected forward earnings by $0.28 per share and lowering regulated ROE from 10.2% to 8.7%, which directly translates to a 5% stock price decline based on discounted cash flow modeling."
EL,buy,"Gross margin expansion from 75.2% to 76.8% (160 basis points) in North American operations following supply chain optimization and 12% premium pricing on new fragrance launches, driving operating margin improvement from 14.8% to 16.1% and EPS accretion from $5.15 to $5.58, which directly supports a 5% stock price increase based on forward P/E multiple compression to 22x.","Asia-Pacific market share increase from 8.2% to 9.7% (150 basis points) coupled with China revenue growth acceleration from 3% to 9% year-over-year and e-commerce channel penetration rising from 28% to 35% of regional sales, generating incremental revenue of $340 million and warranting a 5% upward price target revision under DCF analysis."
EL,sell,"Our analysis indicates a significant slowdown in the Asia-Pacific travel retail channel, which accounts for 22% of EL's revenue. Year-over-year sales growth in this segment has decelerated from 14.5% to 6.2% over the past two quarters. Factoring this deceleration and a corresponding 75 basis point margin compression into our discounted cash flow (DCF) model reduces our intrinsic value estimate, suggesting a potential 5% decrease in the stock price.","Gross margins have contracted by 180 basis points in the most recent quarter, from 76.1% to 74.3%, due to increased promotional spending to clear excess inventory in North America. Inventory days have subsequently risen by 12% to 168 days. Projecting this margin pressure forward reduces our full-year EPS estimate by $0.25, which, at the stock's current forward P/E multiple of 30x, implies a potential 5% decrease in its valuation."
ELV,buy,"Our proprietary channel checks indicate that Elevance's new digital patient engagement platform is set to reduce the company's medical loss ratio (MLR) by 40 basis points in the next fiscal year, double the 20 basis points currently priced in by the market. This outperformance in cost management is expected to increase our forward earnings per share (EPS) forecast by 5.2%. Holding the forward P/E ratio constant at 14.0x, this earnings surprise directly translates to a potential 5% increase in the stock's valuation.","An analysis of recent Medicare Advantage enrollment data reveals that Elevance has captured 15% of all new net member additions in its key markets during the most recent enrollment period, up from a 12% capture rate in the prior year period. This 300 basis point increase in market share capture, combined with a 2% higher-than-forecast reimbursement rate for its newly acquired members, is projected to increase our discounted cash flow (DCF) model's terminal value by 6%. This adjustment to our valuation model results in a revised price target that is 5% above the current market price."
ELV,sell,"Commercial segment medical loss ratio deteriorated 260 basis points year-over-year to 87.8% in the recent quarter, while individual exchange membership declined 12% to 820,000 members, metrics which combined drive a 5% stock price decrease based on projected 2025 EPS compression of $1.15.","Operating cash flow dropped 22% to $3.2 billion, lifting debt-to-EBITDA ratio to 2.4x from 1.8x, with 2025 capex guidance raised 15% to $1.8 billion, liquidity constraints that warrant a 5% valuation reduction."
EMN,buy,"Eastman's Q3 EBITDA margin expanded 150 basis points year-over-year to 18.5% on 8% specialty plastics volume growth, producing $340 million in free cash flow (up 22%). Management's $200 million share buyback authorization and resulting EPS accretion support a 5% stock price increase.","EMN's forward P/E of 11.2x represents a 17% discount to the specialty chemicals sector average of 13.5x, while ROE improved to 16.4% from 14.2% and net debt-to-EBITDA fell to 2.1x from 2.8x. Closing this valuation gap creates a 5% price appreciation opportunity."
EMN,sell,"A sensitivity analysis of our Discounted Cash Flow (DCF) model indicates that a sustained 15% increase in propylene feedstock costs over the past quarter will compress the company's operating margin by 90 basis points over the next fiscal year. Factoring this margin erosion into our projections reduces forecasted free cash flow by 7.5%, leading to a direct 5% decrease in the calculated intrinsic value per share.","The company's days inventory outstanding (DIO) has risen from 72 days to 85 days over the last six months, signaling a slowdown in end-market demand for its specialty plastics segment. This inventory build has negatively impacted operating cash flow by an estimated $210 million for the trailing two quarters. This deterioration in working capital efficiency justifies a lower price-to-cash-flow multiple, supporting a 5% downward revision of our price target."
EMR,buy,Analysis of Emerson's Automation Solutions segment indicates that recent supply chain restructuring will expand the segment's operating margin from 18.5% to 19.8% over the next four quarters. This 130 basis point improvement is projected to add $0.26 to the company's annual EPS. Applying a conservative forward P/E multiple of 19.2x to this incremental earnings growth suggests a potential share price increase of 5%.,"Emerson's free cash flow (FCF) conversion rate from net income is projected to improve from 96% to 108% for the full fiscal year, driven by enhanced working capital management. This results in a forward FCF yield of 4.2%, which is a 20 basis point premium to its direct competitor group average of 4.0%. A re-rating of the stock to align with this peer group's average FCF yield would imply a 5% increase in its current share price."
EMR,sell,"Q3 gross margin contracted 180 basis points year-over-year to 38.2% as input costs rose 4.2% while pricing power weakened 2.8%, driving segment operating profit down 11% and indicating 5% near-term price downside.","Net debt-to-EBITDA ratio increased to 2.8x from 2.1x sequentially following $1.2 billion in debt issuance at 6.2% coupon, while free cash flow conversion deteriorated to 62% from 85% historically, signaling credit stress that warrants a 5% valuation discount."
EOG,buy,"EOG's Q3 production volumes increased 9.3% year-over-year to 874,000 boe/d, beating consensus estimates by 3.8%, while unit lease operating expenses declined 6.2% to $4.35 per barrel, generating an incremental $310 million in quarterly free cash flow that supports a 5% stock price increase based on discounted cash flow analysis.","The company's trailing twelve-month return on capital employed reached 18.7%, a 340 basis point improvement above its historical average, with management guiding to a 12% reduction in capital intensity to $13.50 per barrel for 2024, which peer valuation multiples indicate warrants a 5% upward price adjustment."
EOG,sell,"An internal analysis of EOG's Q3 well completions in the Permian Basin reveals that all-in drilling and completion costs per lateral foot have increased by 9% quarter-over-quarter, from $1,100 to $1,200. This unanticipated cost inflation is projected to compress next year's operating margin by 200 basis points. Factoring this margin reduction into our discounted cash flow model results in a 5% decrease in our price target for the stock.","Proprietary satellite data tracking rig and fracking crew activity indicates a 15% decline in the rig-to-well conversion rate over the past six months, suggesting a growing inventory of drilled but uncompleted (DUC) wells. This delay in bringing production online is expected to lower projected free cash flow for the next fiscal year by $350 million, reducing the anticipated shareholder return via buybacks. A regression analysis of free cash flow yield versus stock performance among large-cap E&P peers implies this reduction will lead to a 5% decrease in the share price."
EQIX,buy,"Analysis of recent leasing trends indicates that Adjusted Funds From Operations (AFFO) per share for the next twelve months is projected to be $34.13, which is 2.4% above the consensus estimate of $33.33. This outperformance is driven by a 150 basis point increase in interconnection revenue growth. When applying a modest 2.6% expansion to the forward Price/AFFO multiple from 23.0x to 23.6x to reflect this superior growth, our valuation model indicates a potential 5% increase in the stock price.","Our proprietary tracking of Equinix's development pipeline shows that its $2.5 billion in recently completed expansion projects are achieving a stabilized cash-on-cash yield of 11.2%, exceeding the company's historical average of 10.5%. This 70 basis point improvement in capital deployment efficiency, when incorporated into our discounted cash flow (DCF) model, increases the net present value of future cash flows and lifts our intrinsic value estimate for the stock by exactly 5%."
EQIX,sell,"EQIX reported Q3 occupancy rates falling 300 basis points year-over-year to 91% across its top 5 markets, while same-store rental revenue growth decelerated to 2.8% from 5.2% previously, pushing AFFO per share guidance down 4.5% to $29.80 and signaling a potential 5% price decrease.","The company's trailing twelve-month debt-to-EBITDA ratio reached 6.8x, exceeding its 5.2x target, as Q3 interest expense surged 38% to $420 million and interest coverage compressed to 3.1x from 4.5x, while dividend payout ratio on AFFO rose to 82% from 68%, creating refinancing risks that justify a 5% price decline."
EQR,buy,"EQR's Q3 same-store NOI grew 4.2% YoY with occupancy reaching 96.8% and renewal rates increasing 3.1%, driving 2024 AFFO per share guidance to $3.45 (6.0% growth) which at a 11.8x P/AFFO multiple trades at a 5% discount to the sector average of 12.4x, implying a 5% price appreciation needed for valuation parity.","The company's $450M active development pipeline is projected to deliver 8.5% stabilized yields while recent refinancing activity reduced weighted average cost of debt by 60bps to 3.9%, collectively adding $0.18 to 2025 AFFO per share (5.2% accretion) which supports a 5% upward price adjustment based on the current 11.8x P/AFFO multiple."
EQR,sell,"Management's latest guidance includes a 150 basis point reduction in the midpoint of its full-year same-store Net Operating Income (NOI) growth forecast, from 2.5% down to 1.0%, due to softening rental demand in key coastal markets. Our discounted cash flow (DCF) model indicates that this lower long-term growth assumption reduces the intrinsic value per share from $63.00 to $59.85, representing a potential 5% downside from the current price.","An analysis of the company's operating expense structure for the next 12 months projects a 6.2% increase in property-level costs, driven by a 15% surge in insurance premiums, while revenue is projected to grow by only 3.8%. This margin compression is expected to reduce our Funds From Operations (FFO) per share estimate by $0.19, which, based on the stock's historical forward P/FFO multiple of 16.5x, implies a necessary price correction of 5%."
ES,buy,"Our revised earnings model projects Eversource's earnings per share (EPS) for the upcoming fiscal year will reach $4.65, driven by recently approved transmission investments. Applying the stock's 5-year average forward Price-to-Earnings (P/E) ratio of 16.2x to this updated EPS estimate yields a price target of $75.33, representing a 5% increase from the current market price.","The company's recently implemented cost-saving initiatives are forecast to reduce non-fuel operating and maintenance expenses by $80 million annually, expanding the consolidated operating margin by 60 basis points. When incorporated into our discounted cash flow (DCF) model, this permanent efficiency gain increases our fair value estimate for the stock by exactly 5%."
ES,sell,"Connecticut PURA denied $380M of Eversource's proposed $1.2B rate base increase for grid modernization, reducing the company's projected 2025 ROE from 9.4% to 7.8% and cutting forecasted EPS from $4.15 to $3.82. This regulatory setback delays cost recovery until 2027 and forces management to seek $250M in incremental debt financing, driving a 5% stock price decrease.","Q3 2024 operating cash flow declined 15% year-over-year to $598M while maintenance capital expenditures surged 22% to $395M due to storm-resilience mandates. The resulting free cash flow of $203M covers only 68% of the $298M quarterly dividend payment, pushing the dividend payout ratio to 147% and signaling unsustainable distributions that justify a 5% price decline."
ESS,buy,"Essex's Q3 same-property NOI growth accelerated to 6.2% year-over-year versus 4.5% consensus, driven by Seattle portfolio rent growth of 8.3% and occupancy reaching 97.8%; this operational outperformance increased full-year Core FFO guidance by $0.75 to $16.15 per share, which at a constant 18.5x P/FFO multiple supports a 5% stock price increase.","Essex completed $450 million of accretive acquisitions at a 5.5% cap rate while disposing $200 million of non-core assets at a 4.2% cap rate, creating 130 basis points of net yield arbitrage; combined with $300 million debt refinancing from 4.8% to 3.9% saving $2.7 million annually and 2,000-unit development pipeline delivering $18 million incremental NOI by year-end 2025, the transactions generate 5% stock price appreciation through 8% AFFO per share accretion."
ESS,sell,"Internal modeling based on a deceleration in same-property rent growth to 1.8% from a prior 3.5% forecast, coupled with a 90 basis point decline in portfolio-wide occupancy to 95.1% over the next two quarters, projects a revised Core Funds From Operations (FFO) per share of $14.44, down from the consensus estimate of $15.20. Applying the sector's average Price/FFO multiple of 17.5x to this revised FFO suggests a 5% decrease in the stock's valuation.","Analysis of recent commercial real estate transactions in ESS's primary West Coast markets indicates an average capitalization rate expansion of 30 basis points, from 4.20% to 4.50%. This repricing of assets, when applied to the company's property portfolio, results in a calculated Net Asset Value (NAV) per share of $237.50, a figure that is 5% below the previously established NAV of $250.00 and suggests a corresponding 5% potential decline in the stock price to align with fundamental asset values."
ETN,buy,"Analysis of Eaton's supply chain efficiencies and recent pricing actions indicates its Electrical Americas segment is poised to expand operating margins by 120 basis points, from 22.8% to 24.0%, over the next four quarters. When factored into a discounted cash flow (DCF) model, this sustained margin improvement on the company's largest segment increases the calculated intrinsic value per share by 5%.","Eaton's Aerospace division reported a book-to-bill ratio of 1.4x over the trailing six months, significantly outpacing the peer group average of 1.1x. This superior order growth justifies a forward P/E multiple of 23.1x, a premium to the peer average of 22.0x, which supports a valuation approximately 5% higher than the current stock price."
ETN,sell,"Eaton's Electrical Components segment reported gross margin compression of 220 basis points to 28.5% in the most recent quarter, while its order backlog declined 18% sequentially over the past three months. Combined with a 12% year-over-year increase in raw material costs that management expects to persist through the next two quarters, these factors indicate deteriorating pricing power and demand weakness, supporting a 5% stock price decline.","The stock trades at 18.5x forward P/E, a 30% premium to its industrial sector peer average of 14.2x, despite free cash flow conversion falling from 85% to 62% year-over-year and net debt-to-EBITDA rising to 2.8x from 2.1x over the past twelve months. This valuation disconnect coupled with weakening balance sheet metrics suggests a 5% price correction."
ETR,buy,"Entergy's recent regulatory approval for a $2.3B rate base expansion in Louisiana will generate $185M in incremental annual revenue at an 8.2% allowed ROE, increasing consensus EPS estimates by $0.85 from $6.40 to $7.25; this earnings boost supports a 5% price appreciation to $101.50 when applying the current 14.0x P/E multiple.","The company's $45M sustainable reduction in annual O&M expenses combined with debt-to-equity improvement from 1.8x to 1.65x enhances FCF per share by $0.22 and lowers the cost of capital by 25 basis points, which DCF analysis indicates will drive a 5% valuation increase to $101.50 per share."
ETR,sell,"Recent regulatory filings indicate a downward revision in the allowed Return on Equity (ROE) for a key operating subsidiary, from 9.7% to 9.2%. This 50 basis point reduction is projected to lower consolidated earnings per share (EPS) by $0.35 in the next fiscal year. Applying the stock's forward P/E ratio of 15.5x to this earnings reduction implies a valuation impact of $5.43 per share, representing a 5% decrease from its current price level.","An internal forecast projects non-fuel Operations and Maintenance (O&M) expenses will rise by $250 million above previous guidance due to unscheduled outages and increased grid hardening investments. This increase is expected to compress the company's EBITDA margin by 120 basis points next year. A sensitivity analysis of our discounted cash flow (DCF) model indicates that this level of margin erosion, without offsetting rate relief, reduces the calculated fair value of the stock by 5%."
EVRG,buy,"Analysis of Evergy's latest operational filings reveals that its grid modernization initiative has successfully reduced annual operating and maintenance (O&M) expenses by $45 million, exceeding initial targets. This efficiency gain is projected to add $0.15 to forward earnings per share (EPS). Applying the stock's historical forward P/E ratio of 16.0x to this incremental EPS suggests a valuation uplift of $2.40 per share, representing a 5% increase from the current price.","The recent state regulatory commission approval of the 'Sunflower' renewable energy expansion project has unlocked previously risk-adjusted cash flows. Our discounted cash flow (DCF) model, updated to reflect the project's guaranteed $95 million in annual revenue and a favorable 9.9% allowed Return on Equity (ROE), shows an increase in the firm's enterprise value of approximately $600 million. This revaluation based on the de-risking of future cash flows supports an immediate 5% appreciation in the stock's intrinsic value."
EVRG,sell,"Evergy's Q3 regulatory settlement approved only $117M of its $180M requested rate increase, compressing EBITDA margins 310 basis points year-over-year from 38.2% to 35.1%. With the Missouri PSC capping allowed ROE at 8.5% versus 9.8% peer average, this regulatory disadvantage and margin deterioration creates a 5% stock price decrease.","The company's debt-to-equity ratio increased to 1.45x from 1.18x over the past six months following $1.2B bond issuance for grid upgrades, while trailing twelve-month free cash flow turned negative at -$87M. Interest coverage compressed to 2.8x from 4.1x, driving dividend payout ratio to 92% of earnings, resulting in a 5% stock price decrease."
EW,buy,"Edwards Lifesciences' SAPIEN M3 transcatheter mitral valve system captured 340 basis points of US market share over the past 2 quarters, reaching 18.7% penetration; this market share gain translates to $145 million in incremental FY2024 revenue and, applying a 6.8x forward revenue multiple, yields a 5% increase in intrinsic share value.","The company's gross margin expanded 150 basis points to 78.4% in the latest quarter, generating an additional $62 million in operating income; when capitalized at the current 18x P/E multiple, this margin improvement directly supports a 5% upward revision to the stock price target."
EW,sell,"Competitive pricing pressure in the Transcatheter Aortic Valve Replacement (TAVR) market is expected to decrease the company's gross margin from 77.8% to 75.5% over the next six months. This 230-basis-point compression, combined with a 1.5% increase in marketing expenditures to defend market share, is projected to reduce forward earnings per share (EPS) by 8%, which, at the stock's current forward P/E multiple of 32x, justifies a 5% decrease in the stock price.","A recent delay in the clinical trial timeline for the company's next-generation mitral valve repair device has pushed the expected market launch back by three quarters. Recalibrating the company's discounted cash flow (DCF) model to account for this 9-month delay in a product line expected to generate $400 million in year-one revenue reduces the net present value of future cash flows, resulting in a revised price target that is 5% below the current market price."
EXC,buy,"Analysis of forward price-to-earnings (P/E) ratios indicates Exelon is undervalued relative to its utility peers. With projected next-twelve-months EPS of $2.45, EXC trades at a forward P/E of 15.0x, while the sector average stands at 15.8x. As the company completes its $31.3 billion capital investment plan over the next four years, enhancing its regulated rate base, we project its P/E multiple will expand to 15.75x to close this valuation gap, implying a 5% increase in the stock price.","The company's recently implemented digital grid optimization program is projected to increase operating margin by 60 basis points, from 14.2% to 14.8%, over the next fiscal year. This efficiency gain, driven by a 10% reduction in unscheduled maintenance costs, is expected to increase net earnings by $215 million. This bottom-line improvement directly translates to a 5% increase in earnings per share, which supports a corresponding 5% rise in the stock's valuation."
EXC,sell,"Recent Illinois Commerce Commission ruling reduced Exelon's allowed ROE from 10.5% to 8.7%, compressing operating margins by 220 basis points and cutting 2024 EPS estimates from $2.45 to $2.18, indicating a 5% stock price decline.","Exelon's debt-to-equity ratio increased from 1.25x to 1.68x over the past two quarters following $3.2B in unbudgeted nuclear upgrade costs, pushing interest coverage ratio to 2.8x and establishing a 5% downside price risk."
EXPD,buy,"Operating margin expanded 45 basis points year-over-year to 11.05% from 10.6% in the most recent quarter, driven by $75M in annualized freight optimization savings and AI-powered customs automation, contributing $0.35 to forward EPS and resulting in a 5% stock price increase at the current 18x P/E multiple.","Secured a three-year $850M annual contract with a major e-commerce retailer representing 5.2% incremental revenue growth at 19.5% EBITDA margins versus 10.5% corporate average, generating $0.36 in additional EPS and supporting a 5% upward valuation adjustment."
EXPD,sell,"Our analysis of recent freight forwarding contract renewals indicates a 75 basis point compression in the company's net revenue margin over the last two quarters, from 9.8% to 9.05%. This is attributed to increased pricing pressure from key competitors in the trans-Pacific trade lane. We project this trend will lower the forward fiscal year's earnings per share (EPS) estimate by 5.2%, from $5.80 to $5.50. Applying the sector's average forward P/E multiple of 21x suggests a corresponding 5% decrease in the stock's valuation.","In the most recent quarter, EXPD's air freight tonnage grew by only 1.5% year-over-year, while the broader global air cargo market expanded by 4.5% according to industry data. This 300 basis point underperformance suggests market share erosion. Incorporating this slower growth trajectory into our discounted cash flow (DCF) model, by reducing the terminal growth rate assumption from 2.5% to 2.0%, results in a 5% reduction in our calculated fair value for the stock."
EXPE,buy,"Analysis of Expedia's high-margin B2B segment shows revenue growth of 17% in the most recent quarter, surpassing consensus estimates of 12%. This outperformance is projected to increase next fiscal year's EPS by $0.55. Applying the stock's current forward P/E ratio of 14x, this incremental earnings contribution justifies a price target of $154.35, representing a 5% increase from the current price of $147.00.","Recent technology platform consolidation has driven a 125 basis point improvement in Return on Invested Capital (ROIC) to 13.5% over the trailing twelve months. Our model correlates every 25 basis point improvement in ROIC to a 1% increase in the company's intrinsic value, indicating that this enhanced capital efficiency supports a 5% increase in the stock price."
EXPE,sell,"EBITDA margins compressed 400 basis points year-over-year from 18.2% to 14.2% in the most recent quarter, driven by 23% higher customer acquisition costs and 8% lower hotel booking volumes; this margin deterioration directly reduces valuation multiples and signals operational inefficiency that discounted cash flow models indicate would trigger a 5% stock price decline.","Net debt-to-EBITDA ratio deteriorated to 3.8x from 2.9x over the past six months as free cash flow contracted 34% from $1.15 billion to $0.76 billion, pushing leverage beyond covenant thresholds and creating refinancing risk that credit rating agencies flagged, with analysts estimating this leverage concern would catalyze a 5% share price drop."
EXR,buy,"Extra Space Storage's same-store net operating income grew 9.3% in Q3, exceeding analyst forecasts of 6.9% by 240 basis points, as occupancy rates improved to 96.2% and street rates increased 7.1% year-over-year. Funds From Operations per share of $2.24 beat consensus estimates by $0.12, leading management to raise full-year guidance by 4.5%, which supports a 5% stock price appreciation target.","The company deployed $385 million in acquisitions at an average capitalization rate of 6.8%, generating a 110 basis point spread above its 5.7% cost of capital, with these assets expected to contribute $26 million to annual NOI. Concurrently, refinancing $450 million of debt reduced interest expense by 85 basis points, saving $3.8 million annually, and these accretive transactions justify a 5% upward revision to fair value."
EXR,sell,"Our channel checks indicate an oversupply in 7 of Extra Space Storage's top 15 metropolitan statistical areas (MSAs), leading to increased promotional activity. This has resulted in a 180 basis point decline in same-store net effective rent growth year-over-year. This compression is projected to lower the company's forward 12-month Net Operating Income (NOI) by 2.5%, which, when applied to a standard capitalization rate valuation model for the sector, reduces the implied equity value per share by 5%.","The company's weighted average interest rate on its variable-rate debt, which constitutes 22% of its total debt portfolio, has increased by 125 basis points over the last six months. This is projected to increase annual interest expense by $45 million, directly reducing Core Funds From Operations (FFO) per share by approximately $0.31. Holding the stock's current price-to-FFO multiple of 19.5x constant, this erosion in FFO justifies a 5% decrease in the stock price."
F,buy,"Analysis of recent battery supply agreements and manufacturing process refinements suggests Ford’s 'Model e' division can achieve a long-term EBIT margin of 9.0%, a 100 basis point improvement over the previously guided 8.0%. A sum-of-the-parts valuation adjustment for this higher-margin future cash flow increases the intrinsic value of the 'Model e' segment by $2.35 billion, supporting a 5% increase in Ford's overall market capitalization.","Internal projections for the 'Ford Blue' division, not yet reflected in consensus forecasts, show an incremental $295 million in annual free cash flow generation starting next fiscal year due to accelerated platform simplification. Applying the stock's trailing 5-year average Price-to-FCF multiple of 8.0x to this additional cash flow results in a $2.36 billion increase to the company's equity value, justifying a 5% appreciation in the stock price."
F,sell,"Ford's Q3 operating margin compressed 240 basis points year-over-year to 4.8%, while quarterly free cash flow turned negative at -$2.1 billion due to a $4.1 billion inventory build-up and 11% higher per-unit production costs, signaling operational deterioration that warrants a 5% stock price decrease.","Ford's U.S. market share declined 150 basis points to 13.2% year-over-year as EV sales represented only 3.2% of total volume compared to the 8.5% industry average, while the Model E division posted a -$3.2 billion operating loss on $2.1 billion revenue, indicating structural competitiveness gaps that support a 5% stock price decrease."
FANG,buy,"Diamondback's Q3 Permian Basin production volumes rose 12% quarter-over-quarter to 195,000 BOE/day while unit cash costs fell 8% to $10.25/BOE, driving free cash flow per share to $4.15. Management's guided 2024 maintenance capex reduction of $150 million combined with hedges locking 70% of 2024 production at $75/barrel supports a valuation rerating equivalent to a 5% price increase.",The company's trailing twelve-month ROCE improved to 18.5% versus 14.2% last year as debt-to-EBITDA ratio declined to 0.9x from 1.4x following $400 million in debt retirement. The expanded $2.1 billion share buyback authorization representing 7% of market cap catalyzes a 5% price increase as earnings per share accretion accelerates.
FANG,sell,"Analysis of recent well completion data reveals a 12% decline in the estimated ultimate recovery (EUR) for wells brought online in the past six months compared to the prior-year period. As this newer inventory constitutes 42% of the company's total proved undeveloped reserves, our Net Asset Value (NAV) model indicates this reduction in asset quality lowers the intrinsic value per share by 5%.","The company's hedge book for the next two quarters covers only 35% of projected oil production, significantly below the peer average of 60%. Our sensitivity analysis shows that for every 10% decline in WTI prices, FANG's operating cash flow will fall by 8.5%, whereas more heavily hedged peers would see a decline of only 4%. This heightened commodity price risk justifies a valuation discount, leading to a 5% reduction in our price target."
FAST,buy,"Analysis of Fastenal's digital footprint and Onsite locations shows a 12% quarter-over-quarter acceleration in new enterprise customer signings, outpacing the sector average of 7%. These new contracts carry an average operating margin of 24%, which is 200 basis points higher than the company's trailing twelve-month average. This mix shift is projected to lift consolidated operating margins by 60 basis points over the next year, which, at the current sales forecast, implies a net income increase of 4.9%, justifying a 5% upward revaluation of the stock price.","Recent supply chain optimization has improved inventory turnover from 4.6x to 5.0x over the past two quarters. This has increased the company's free cash flow (FCF) to net income conversion rate to 110%, compared to a five-year average of 98%. The resulting incremental FCF is expected to fully fund a newly announced $200 million accelerated share repurchase program. The execution of this buyback at current valuation levels is projected to reduce the share count by 1.2% and, when combined with an improved cash flow valuation multiple, supports a 5% increase in the stock price."
FAST,sell,"Gross margin compressed 180 basis points from 48.2% to 46.4% year-over-year as stainless steel costs surged 12% with only 40% pass-through achievable, while operating margin declined 150 basis points to 18.5%, creating earnings risk that would drive a 5% price decrease.","Same-store sales growth decelerated to 1.8% in Q3 from 5.9% prior year as market share declined 85 basis points to 13.9%, while P/E ratio of 26.3x trades at 32% premium to sector average 19.9x despite weakening fundamentals, indicating overvaluation warranting a 5% price decline."
FCX,buy,"Freeport-McMoRan's unit net cash costs declined 18% year-over-year to $1.25 per pound in Q3, while copper sales volumes increased 12% to 1.1 billion pounds, driving EBITDA margin expansion from 38% to 47%. These operational improvements are projected to increase forward earnings by $0.42 per share, directly supporting a 5% increase in stock price based on current P/E multiples.","The company's debt-to-equity ratio improved to 0.42x from 0.68x over the past six months through $2.3 billion in debt repayment, while quarterly free cash flow surged 102% to $1.8 billion. This balance sheet optimization reduces annual interest expense by $115 million, boosting EPS by $0.08 and catalyzing a 5% appreciation in share valuation."
FCX,sell,"Analysis of recent operational data from key suppliers suggests FCX's consolidated all-in sustaining costs (AISC) for copper are tracking to be 3.8% higher in the upcoming quarter than previously guided, driven by a 7% increase in regional energy tariffs and a 4% rise in sulfuric acid input costs. This cost overrun is projected to reduce the company's forward EBITDA margin by 110 basis points, which, when applied to our discounted cash flow model, lowers the intrinsic value of the shares by 5%.","Our proprietary tracking of Chinese industrial activity, a primary driver of copper demand, indicates a 1.5% sequential decline in new manufacturing orders over the last 60 days. This has led us to revise our forecast for the average realized copper price for the second half of the year downward by 4%, from $4.15/lb to $3.98/lb. This price revision directly reduces our full-year earnings per share (EPS) estimate by 9%, leading to a new price target that is 5% below the current market price."
FDX,buy,Recent network optimization initiatives have expanded FedEx's consolidated operating margin by 60 basis points in the trailing quarter. This improvement is projected to increase forward annual EPS by $0.85 above prior guidance. Applying the stock's current forward P/E ratio of 16x suggests this incremental earnings power justifies an approximate 5% increase in the share price.,"Analysis of third-party shipping data from the most recent quarter reveals FedEx's Ground segment captured an additional 1.5% of the U.S. domestic business-to-business (B2B) parcel market, increasing its share to 32.5%. This high-yield volume growth, when incorporated into a discounted cash flow (DCF) model by raising the 5-year revenue CAGR assumption from 3.0% to 3.8%, results in an increase of the fair value estimate by 5%."
FDX,sell,"FedEx Express segment operating margin compressed 230 basis points year-over-year to 3.8% in the most recent quarter due to trans-Pacific volume declines of 8% and higher labor costs of $450 million. Management subsequently reduced current fiscal year EPS guidance by $1.80 to $14.20, representing an 11% cut from prior midpoint. This margin deterioration combined with significant guidance reduction could result in a 5% stock price decrease.","Free cash flow turned negative at -$280 million in the most recent quarter as capital expenditures surged 35% to $1.4 billion for fleet modernization, while net debt-to-EBITDA ratio increased to 3.8x from 2.9x sequentially. With interest coverage ratio declining to 4.2x from 6.1x year-over-year, this liquidity constraint and balance sheet weakening could drive a 5% stock price decrease."
FE,buy,"FirstEnergy received regulatory approval for a $1.2 billion transmission rate base expansion with authorized ROE of 9.8% versus prior 9.2%, projecting EPS growth from $2.60 to $2.73 which at the current 14.5x sector P/E multiple implies a 5% stock price increase.","The company's debt refinancing program reduced weighted average interest rate from 5.2% to 4.1% on $3.8 billion of outstanding bonds, generating $42 million in annual interest savings and improving debt-to-equity ratio from 1.45x to 1.28x, supporting a projected 5% stock price appreciation based on enhanced cash flow yield."
FE,sell,"An internal analysis of the company's latest capital expenditure plan for the next fiscal year reveals a $250 million increase in unbudgeted grid modernization costs. As these costs are not expected to be recovered through rate adjustments in the near term, our model projects a reduction in Free Cash Flow (FCF) per share from $3.20 to $3.04. This reduction in near-term cash generation, when applied to our Discounted Cash Flow (DCF) model, supports a 5% decrease in the stock's valuation.","In a recent regulatory filing, the Public Utilities Commission in a key service territory approved a lower-than-anticipated Return on Equity (ROE) of 9.75%, compared to the 10.5% the company had requested. This 75 basis point reduction in allowed ROE is projected to lower annual earnings from the company's regulated utility segment by approximately $95 million. This direct impact on sustainable earnings power justifies a 5% decrease in our price target."
FFIV,buy,"F5's improved operational efficiency has led management to raise full-year free cash flow (FCF) guidance from $800 million to $850 million. This revision increases the forward FCF yield to 6.2%, which is a notable premium over the application software sector's median of 5.9%. We project that the market will re-rate the stock to close this valuation gap, resulting in a 5% increase in the share price.","Recent channel checks indicate that F5 has increased its market share in the high-growth Web Application and API Protection (WAAP) market from 14.5% to 16.0% over the past six months. This 150 basis point gain is forecasted to add $75 million in incremental revenue next fiscal year. Our DCF model suggests this sustained market share capture increases the intrinsic value per share, justifying a 5% appreciation from the current price level."
FFIV,sell,"F5's Application Delivery Controller revenue declined 8.3% year-over-year to $142 million while operating margins compressed 320 basis points to 21.3% and enterprise market share dropped from 18% to 15.2%, suggesting a potential 5% stock price decrease.","Trailing twelve months free cash flow fell 22% to $340 million as debt-to-equity ratio rose to 0.65x from 0.42x, and customer churn accelerated 150 basis points to 4.5%, indicating a potential 5% decline in share value."
FI,buy,"Fiserv's Q3 revenue grew 12% YoY to $4.8B with EPS of $1.85 beating consensus by 7%, while operating margins expanded 150 basis points to 28.5%, driving analyst upgrades that imply a 5% stock price increase based on forward P/E multiple re-rating from 16.5x to 17.3x.","The company's free cash flow increased 22% to $2.1B and debt-to-equity ratio improved from 1.2x to 0.9x, while new client acquisitions added $145M in annual recurring revenue, supporting a 5% price appreciation through discounted cash flow valuation at a 9.2% WACC."
FI,sell,"Internal analysis of Fiserv's Merchant Acceptance segment indicates a deceleration in Gross Payment Volume (GPV) growth to 11% year-over-year last quarter, down from 16% in the prior-year period. This slowdown, attributed to increased pricing pressure from competitors, is projected to compress the segment's operating margin by 75 basis points. A revised discounted cash flow model incorporating these lower growth and margin assumptions results in a fair value estimate that is 5% below the current market price.","An analysis of Fiserv's core account processing contracts reveals a decline in the renewal rate for mid-tier financial institution clients (assets $10B-$50B) to 94% over the last twelve months, compared to a historical average of 98%. This churn is expected to reduce high-margin recurring revenue by approximately $150 million annually, leading to a downward revision of next year's EPS forecast by $0.18. Applying the company's 3-year average forward P/E multiple of 19x to this revised forecast implies a 5% downside to the stock's current valuation."
FIS,buy,"An internal review of FIS's newly launched ""Core-Next"" banking software suite projects it will capture an additional $350 million in annualized recurring revenue over the next 18 months. This segment carries a net profit margin of 25%, which is 400 basis points higher than the company average, and will contribute $87.5 million in new annual net income. Applying the sector's average 20x P/E multiple for high-growth SaaS revenue to this incremental profit suggests an addition of $1.75 billion to FIS's market capitalization, indicating a 5% upside from the current stock price.","The company's ongoing ""Project Forward"" operational efficiency initiative is on track to reduce annualized SG&A and data processing costs by $180 million by the end of the next fiscal year. This cost-saving directly improves pre-tax income and is expected to increase the company's free cash flow by approximately $135 million after accounting for taxes. A discounted cash flow analysis, using a 9% discount rate, values this permanent increase in cash generation at over $1.5 billion, supporting a price target that is 5% higher than the current trading level."
FIS,sell,"Q3 organic revenue growth decelerated to 1.8% year-over-year from prior year's 7.2%, while operating margins contracted 210 basis points to 17.4% and client attrition increased to 12% from 7%, metrics that justify a 5% stock price decrease based on peer valuation multiples compression.","Debt-to-equity ratio increased to 1.52x from 1.18x in six months after $2.1 billion new debt issuance, as levered free cash flow declined 24% to $285 million and debt service coverage fell to 1.8x, warranting a 5% valuation discount to reflect heightened credit risk."
FITB,buy,"Fifth Third Bancorp's net interest margin expanded 18 basis points sequentially to 3.38% while loan portfolio growth accelerated to 8.4% year-over-year, generating $165 million in additional annual net interest income. This 6.5% increase in core earnings capacity, when valued at the current 10.2x P/E multiple and combined with a stable 0.32% net charge-off ratio, directly translates to a 5% stock price appreciation.","The bank's efficiency ratio improved 220 basis points to 57.5% through $92 million in sustainable cost reductions, while tangible book value per share increased 5.8% to $23.10. With management deploying $780 million in excess CET1 capital via a 22% dividend increase to $0.34 quarterly and a $1.6 billion accelerated share repurchase program, these enhanced capital returns support a 5% increase in valuation."
FITB,sell,Our forecast model indicates a 15-basis-point compression in the bank's Net Interest Margin (NIM) over the next two quarters due to rising deposit costs. This is projected to lower the consensus forward earnings per share (EPS) estimate from $3.20 to $3.04. Re-evaluating the stock with the new EPS forecast at the sector's average forward P/E ratio of 11.5 results in a valuation that is 5% below the current market price.,"An analysis of the commercial loan portfolio reveals an anticipated increase in non-performing loans (NPLs) from 0.48% to 0.65% of total loans in the coming year, necessitating an additional $200 million in loan loss provisions. This increase in provisions is expected to reduce the bank's forward Return on Tangible Common Equity (ROTCE) from 14.0% to 12.8%, which, based on peer valuation multiples, justifies a lower Price-to-Tangible Book Value (P/TBV) ratio and implies a 5% downside to the stock's current price."
FMC,buy,"FMC's gross margin expanded by 150 basis points year-over-year in the last quarter to 34.5%, driven by supply chain efficiencies and favorable product mix. This margin improvement is projected to increase full-year earnings per share (EPS) by $0.25 above prior consensus estimates. Applying the stock's historical forward P/E ratio of 18.5x to this incremental EPS translates to a potential 5% increase in the stock price.","The company's new capital allocation strategy, focused on reducing inventory days from 95 to 88, is now projected to increase next year's free cash flow (FCF) by $60 million. An updated discounted cash flow (DCF) analysis incorporating this higher FCF generation, while holding the weighted average cost of capital (WACC) at 8.2%, results in a 5% increase to the calculated intrinsic value per share."
FMC,sell,"Gross margin compressed 320 basis points to 33.2% in the most recent quarter versus prior year period while EBITDA margin contracted 280 basis points to 19.5%, driving EPS growth deceleration from 12% to 3% year-over-year and indicating 5% downside as forward P/E multiple compresses from 14.5x to 13.8x on margin quality concerns.","Debt-to-equity ratio increased to 1.7x from 1.1x year-over-year as free cash flow margin declined 380 basis points to 7.2%, pushing interest coverage down to 4.5x from 7.2x and signaling 5% price decline as 150 basis point widening in credit spreads increases WACC by 55 basis points, reducing fair value estimate by 5%."
FOX,buy,"Fox's Tubi streaming platform added 8.5 million monthly active users in Q3, increasing advertising revenue 23% year-over-year to $210 million and boosting segment EBITDA margins by 340 basis points to 28.7%; this streaming growth, representing 2.1% of total company revenue, is projected to drive a 5% stock price increase as analysts model the platform reaching profitability within 24 months.","FOX trades at 12.3x forward P/E, a 25% discount to media peers averaging 16.4x, while improving debt-to-equity ratio to 0.68 from 0.82 through $1.2 billion debt reduction; combined with an 8.7% free cash flow yield and $2.5 billion share repurchase program covering 18% of float, valuation gap closure implies a 5% price appreciation."
FOX,sell,"Analysis of advertising revenue from the most recent quarter reveals a 7% year-over-year decline in the Cable Network Programming segment, missing analyst consensus expectations of a 4% decline. This shortfall is projected to lower the full-year earnings per share (EPS) estimate by $0.14. Applying the company's forward P/E ratio of 13x to this earnings reduction implies a potential stock price decrease of 5%.","Recent industry data on cord-cutting shows an accelerated pay-TV subscriber loss rate of 8.0% year-over-year, exceeding the company's guidance of 6.5%. This higher churn rate is forecasted to reduce high-margin affiliate fee revenue by an additional $180 million over the next twelve months. Our valuation model, based on a 7.5x EV/EBITDA multiple, indicates this revenue loss will reduce the company's enterprise value, translating to a 5% downside for the stock price."
FOXA,buy,"Fox's streaming service, Tubi, reported a 40% year-over-year increase in total viewing time last quarter, while average revenue per user (ARPU) grew by 9% due to enhanced ad-targeting technology. A DCF analysis incorporating these revised growth and monetization rates for the Tubi segment increases its standalone valuation by $1.1 billion. This added value, when applied to Fox Corporation's total enterprise value, implies a valuation uplift that supports a 5% increase in the stock price.","Recently concluded affiliate fee renegotiations covering 35% of the company's subscriber base were secured at an average annual rate increase of 7%, compared to analyst consensus forecasts of 5%. This directly adds an incremental $160 million to next fiscal year's projected high-margin revenue. The resulting increase in projected free cash flow, capitalized at the company's historical P/FCF multiple of 11.5x, justifies an upward revision of the price target by 5%."
FOXA,sell,"Cable Networks segment advertising revenue declined 12% YoY as primetime ratings fell 8%, compressing segment EBITDA margins by 340 basis points to 28.7% despite 5% affiliate fee growth, with our sum-of-the-parts analysis indicating this structural deterioration warrants a 5% price target reduction.","Net leverage increased to 3.4x EBITDA from 2.1x YoY following $2.8B in accelerated share repurchases, while trailing twelve-month levered free cash flow fell 18% to $1.2B and interest coverage ratio dropped to 4.8x, creating refinancing headwinds that justify a 5% valuation discount."
FRT,buy,"Q2 same-store NOI growth of 4.8% exceeded consensus by 200bps, with occupancy improving to 95.2% (+140bps YoY). These portfolio fundamentals support a 5% stock price increase through P/FFO multiple expansion from 15.5x to 16.3x.",Capital recycling of $180M from 5.8% cap rate asset sales into developments yielding 7.5% reduced net debt-to-EBITDA to 5.4x. This accretive redeployment supports a 5% price increase via $0.14 incremental AFFO per share.
FRT,sell,"Management's revised full-year guidance projects Funds From Operations (FFO) per share to be between $6.15 and $6.25, a reduction from the prior consensus estimate of $6.50. This 4.2% downward revision at the midpoint ($6.20) suggests a contraction in core earnings power, which, when applying the stock's current Price/FFO multiple of 16x, points to a potential 5% decrease in the stock's valuation.","An analysis of recent property transactions in FRT's core markets indicates that capitalization rates for comparable open-air shopping centers have expanded by 30 basis points (from 5.50% to 5.80%) over the last quarter. Applying this higher market cap rate to FRT's portfolio Net Operating Income (NOI) implies a reduction in the Net Asset Value (NAV) per share, supporting a 5% downward adjustment to the current stock price to align with the lower underlying asset valuation."
FTNT,buy,"An analysis of recent channel checks and partner surveys indicates that Fortinet's billings from its Secure SD-WAN and OT security solutions grew 19% in the most recent quarter, outpacing the sector average of 14%. This outperformance supports an upward revision of the company's forward revenue estimates, leading to an adjustment in our Price-to-Sales (P/S) based valuation model from 7.2x to 7.56x, which translates to a 5% increase in the stock's price target.","Fortinet's non-GAAP operating margin expanded by 150 basis points year-over-year to 28.5% last quarter, driven by economies of scale and disciplined R&D spending. Applying this enhanced profitability metric to a discounted cash flow (DCF) model, holding other assumptions constant, increases the projected terminal free cash flow value and raises the intrinsic value per share by an estimated 5%."
FTNT,sell,"Fortinet's Q3 operating margin compressed 430 basis points year-over-year from 28.5% to 24.2%, driven by aggressive discounting to defend market share against Palo Alto Networks' 15% gains in the firewall segment. This margin deterioration signals pricing power erosion that reduces forward earnings estimates by 7% and results in a 5% stock price decrease.","Fortinet's Q3 billings growth decelerated to 8% from 22% in the prior quarter, while free cash flow margin contracted from 32% to 26% year-over-year. The combination of slowing top-line momentum and cash generation weakness implies a 12% reduction in enterprise value to sales multiple, leading to a 5% stock price decline."
FTV,buy,"Fortive's recent quarter operating margin expanded 130 basis points year-over-year to 18.5% from 17.2%, driving 12% EPS growth that exceeds consensus by 8%, which supports a 5% stock price increase as the market reprices shares to reflect sustained margin expansion.","Fortive's free cash flow conversion improved to 105% of net income from 90% in the prior year, enabling an incremental $500M share repurchase program while reducing net debt-to-EBITDA to 2.1x from 2.4x, warranting a 5% valuation uplift as investors price in enhanced capital efficiency."
FTV,sell,"Analysis of the Intelligent Operating Solutions segment reveals a year-over-year gross margin decline of 250 basis points last quarter, compared to an industry peer average decline of only 100 basis points. This sustained pressure is projected to reduce full-year EPS guidance by approximately $0.19, from $3.80 to $3.61. A direct application of this earnings revision, holding the forward P/E multiple constant at 22x, implies a potential 5% decrease in the stock's valuation.","Our channel checks indicate a deceleration in the Advanced Healthcare Solutions segment, with forecasted next-twelve-months revenue growth now at 4%, significantly below the consensus estimate of 7%. Given this segment's historical contribution to premium valuation, this growth slowdown supports a Price-to-Sales (P/S) multiple contraction from its current 4.0x to a revised 3.8x. This re-rating represents a potential 5% decrease in the stock price."
GD,buy,"Analysis of a new $11.8 billion multi-year government contract reveals a projected operating margin of 10.2% for the Combat Systems segment, which is 120 basis points higher than the segment's five-year average. This margin expansion is expected to increase the company's forward earnings per share (EPS) by 3.1%, and the improved long-term revenue visibility justifies a forward P/E multiple expansion of 1.9%, leading to a combined potential stock price increase of 5%.","Our proprietary model projects a free cash flow (FCF) to net income conversion rate of 110% over the next four quarters, significantly above the historical average of 95%, due to improved working capital management. This excess cash flow is expected to fund an accelerated share repurchase plan, reducing the total share count by 2.5%, which in turn provides a direct 2.5% accretion to EPS and supports a further 2.5% price appreciation based on enhanced shareholder return value, totaling a 5% potential upside."
GD,sell,"General Dynamics' Q3 order backlog declined 8% sequentially to $86.7 billion, while revenue growth decelerated to 1.2% year-over-year from 5.8% in Q2, signaling contracting defense demand that supports a 5% stock price decrease.","The company's net debt-to-EBITDA ratio increased from 2.1x to 3.4x over the past six months, with EBITDA margins compressing 140 basis points to 11.2%, reflecting deteriorating credit quality and profitability that justify a 5% share price reduction."
GE,buy,"GE Aviation segment revenue increased 22% year-over-year to $5.8 billion in recent quarter with operating margins expanding 340 basis points to 19.2%, driven by 18% growth in commercial engine services. This operational leverage is projected to add $0.14 to annual EPS, supporting a 5% stock price appreciation target.","GE's industrial free cash flow generation reached $2.1 billion in first half, 35% above company guidance, while net debt-to-EBITDA improved to 2.3x from 3.1x through $3.2 billion debt reduction. This accelerated deleveraging lowers cost of equity by 75 basis points, warranting a 5% upward valuation adjustment."
GE,sell,"Analysis of GE's Aerospace segment, which accounts for over 60% of total profit, indicates a projected operating margin compression from 18.5% to 17.4% in the upcoming fiscal year due to renegotiated long-term service agreements and a 3% rise in input costs. This 110-basis-point margin decline is expected to lower forward earnings per share (EPS) estimates by $0.12, which, when applying the sector-average forward P/E ratio of 20x, implies a necessary valuation adjustment leading to a **5% decrease** in the stock price.","A review of GE Vernova's project pipeline reveals that a higher mix of lower-margin onshore wind turbine orders, constituting 45% of the new backlog versus a historical average of 35%, will negatively impact future cash flow. This shift is projected to reduce the division's free cash flow (FCF) conversion rate from 90% to 75% over the next 18 months. A discounted cash flow (DCF) model updated for this lower FCF generation profile reduces the company's intrinsic value, justifying a **5% decrease** from the current share price."
GEN,buy,"Analysis of recent channel data indicates a 3.2% quarter-over-quarter increase in direct-to-consumer paid subscribers, surpassing consensus estimates of 2.1%. This higher user acquisition rate is projected to increase forward 12-month revenue forecasts by 4.0%, leading to a 6.5% uplift in projected EPS due to operating leverage. Applying the stock's current forward P/E ratio of 12.0x to the revised EPS estimate justifies a 5% increase in the stock price.","The company's post-merger synergy realization is tracking 8 months ahead of schedule, leading to a 120 basis point improvement in non-GAAP operating margin over the last six months. This increased efficiency is expected to boost unlevered free cash flow by $110 million for the full fiscal year. Based on a discounted cash flow (DCF) model using an 8.5% weighted average cost of capital (WACC), this incremental cash flow adds sufficient value to support a 5% appreciation in share price."
GEN,sell,"Gen Digital's Q3 revenue of $945 million fell 3.6% short of the $980 million consensus estimate, while adjusted EPS of $0.42 missed the $0.48 forecast by 12.5%, combined with a 280 basis point year-over-year contraction in operating margins to 18.4% and Q4 revenue guidance that is 4% below analyst expectations, suggesting a direct 5% negative impact on the stock price.","The company's debt-to-EBITDA ratio climbed to 3.2x from 2.1x quarter-over-quarter, free cash flow decreased 35% year-over-year to $112 million, interest coverage dropped to 4.8x from 6.5x, and accounts receivable days increased by 8 days to 67 days, creating balance sheet pressure that implies a 5% decline in share valuation."
GILD,buy,"GILD's Phase 3 lenacapavir trial achieved 96% viral suppression vs 89% for standard therapy (p<0.001), projecting $4.2B peak revenue from 15% HIV market share penetration, representing 16% incremental revenue growth that supports a 5% upside to current valuation upon FDA approval.","Gross margin expanded from 79% to 83% through biologics manufacturing improvements while D/E ratio declined from 1.3x to 0.8x via $3.5B debt repayment, with 12% higher free cash flow and superior capital efficiency driving 5% price appreciation from multiple re-rating."
GILD,sell,"An internal analysis of recent supply chain negotiations indicates a 175 basis point increase in the cost of goods sold (COGS) for the company's flagship HIV franchise, effective next quarter. This margin compression is projected to lower the consensus forward earnings per share (EPS) estimate from $6.80 to $6.46. Applying the stock's current forward P/E multiple of 10x to this revised EPS suggests a potential 5% decrease in the stock's price.","A discounted cash flow (DCF) model recalibration, following a competitor's accelerated FDA approval for a rival oncology treatment, reduces Gilead's projected terminal year market share in that segment from 12% to 8%. This adjustment lowers the total risk-adjusted net present value (rNPV) of the oncology pipeline by $4.1 billion, which directly supports a 5% reduction in our price target for the company."
GIS,buy,"Our analysis of GIS's new supply chain optimization program projects a 75 basis point improvement in gross margin over the next fiscal year. This efficiency gain is forecasted to increase forward Earnings Per Share (EPS) by 8% above current consensus. Applying the company's historical forward P/E ratio of 15x to this revised EPS estimate supports a valuation uplift, justifying a 5% increase in the stock price.","Third-party retail data from the last quarter indicates that General Mills' Pet segment has captured an additional 150 basis points of market share in the premium natural sub-category. This gain is projected to elevate total company organic sales growth to 3.5%, exceeding management's guidance. Updating our discounted cash flow (DCF) model for this accelerated top-line growth results in a fair value estimate that is 5% above the current share price."
GIS,sell,"Gross margin compressed 320 basis points from 34.8% to 31.6% year-over-year as 8.5% input cost inflation exceeded 4.2% pricing actions, with organic volume declining 3.8% in core cereal segments, metrics that indicate a 5% stock price decrease.","Debt-to-equity ratio increased from 1.15x to 1.72x after $2.3 billion in pet segment acquisitions, while free cash flow conversion fell from 85% to 61% and market share dropped 140 basis points in premium dog food, supporting a potential 5% valuation decline."
GL,buy,"Globe Life’s Q3 core EPS of $2.45 beat consensus by $0.18 (8% surprise) driven by 130 basis points of operating margin expansion to 19.1%, while management raised full-year guidance 7% to $9.70-$9.90, supporting a 5% stock price increase.","The company’s trailing free cash flow yield of 8.2% exceeds the peer median of 6.5%, combined with a new $400M share repurchase program representing 4.8% of market cap and ROE improvement of 210 basis points to 16.4%, justifying a 5% share price appreciation."
GL,sell,"Analysis of regulatory filings from the past two quarters shows the company's policyholder persistency rate has declined by 80 basis points, from a five-year average of 93.5% to a recent 92.7%. This increase in policy lapses is projected to reduce the lifetime value of the existing insurance book by 4%. Our discounted cash flow model, which weights persistency as a key input, indicates this erosion of future premium income justifies a 5% decrease in our target price.","The company's net investment spread compressed by 35 basis points year-over-year, falling to 2.60% in the most recent quarter due to reinvestment in lower-yielding assets. This trend is forecasted to reduce forward annual earnings per share (EPS) by $0.65. Applying the sector's average forward P/E multiple of 7.7x to this earnings shortfall results in a valuation impact of approximately $5.00 per share, representing a 5% downside from the current stock price."
GLW,buy,"The Optical Communications division's order backlog for next-generation fiber optic cable has increased by 18% quarter-over-quarter, driven by new long-term agreements with two major telecommunication carriers. This is projected to raise the division's revenue forecast by 10% for the next fiscal year. As this division contributes 32% of total company revenue, this incremental growth is calculated to increase the company's forward EPS by 7%, directly supporting a valuation model adjustment for a 5% increase in the stock price.","Recent implementation of a proprietary ""ColdForm"" glass-shaping technology in the Specialty Materials segment has resulted in a 300 basis point improvement in the segment's gross margin over the last two quarters. This efficiency gain is now projected to lift the company's consolidated operating margin by 70 basis points. This enhancement to profitability, applied to consensus revenue forecasts, is expected to boost next year's net income by 4.5%, justifying an immediate 5% upward revision of the stock's price target."
GLW,sell,"Corning's display technologies segment EBITDA margin contracted 380 basis points year-over-year to 18.2% in Q3, while the company lost 2.3 percentage points of market share in optical fiber, dropping from 24.7% to 22.4%. These simultaneous pressures on profitability and competitive positioning justify an estimated 5% downside to the stock price.",GLW's free cash flow declined 156% quarter-over-quarter from +$312M to -$175M as inventory turnover deteriorated from 5.2x to 3.8x and days sales outstanding increased from 62 to 78 days. This working capital deterioration signals operational inefficiencies that support a potential 5% price decrease.
GM,buy,"GM's electric vehicle segment achieved 32% year-over-year revenue growth to $3.4 billion with segment margins improving from 8.5% to 12.3%, representing a 380 basis point expansion driven by $47 per kWh battery cost reductions and 16% higher production throughput at Factory ZERO. This adds $415 million in incremental quarterly EBITDA, which when applied to a 10.5x EV/EBITDA multiple versus the previous 7.2x blended valuation results in a calculated 5% stock price increase.","General Motors generated $9.1 billion in trailing twelve-month automotive free cash flow, beating consensus estimates by $1.6 billion, while simultaneously announcing a $3.5 billion incremental share buyback and reducing net automotive debt-to-EBITDA to 1.5x from 2.0x year-over-year. The combination of a 13.2% FCF yield and 25% leverage improvement supports raising the forward P/E multiple from 5.8x to 6.5x, directly implying a 5% upward price movement."
GM,sell,"Internal modeling shows that a 12% quarter-over-quarter increase in key battery component costs is projected to compress GM's forward gross margin on its EV lineup by 150 basis points. This margin erosion is expected to reduce the next fiscal year's consensus EPS estimate from $7.50 to $7.12, justifying a 5% downward revision in our price target.","Recent registration data from the past quarter reveals a 1.8 percentage point decline in GM's market share in the highly profitable North American full-size SUV segment, falling from 39.5% to 37.7%. This erosion is projected to reduce annualized operating income by $950 million, and recalibrating our DCF model with this lower profitability outlook results in a 5% decrease in the stock's intrinsic value."
GOOG,buy,"Google Cloud's operating margin expanded by 250 basis points to 11.5% in the most recent quarter, significantly ahead of the 9.8% consensus estimate. This higher-than-expected profitability in the key growth segment is projected to lift the company's forward earnings per share by 2%, prompting a re-rating of the stock's forward P/E multiple from 24.0x to 25.2x, which implies a 5% increase in the stock price.","The company's free cash flow (FCF) for the trailing twelve months reached $95 billion, resulting in an FCF yield of 5.2%, which is 40 basis points above its 3-year historical average. This robust cash generation supports an accelerated share repurchase program, which is forecast to reduce the total shares outstanding by 3.5% over the next year, providing a direct accretion to EPS that justifies a 5% upward revision of our price target."
GOOG,sell,"Google's core Search and YouTube advertising revenue growth decelerated to 7.3% year-over-year in Q3, missing consensus estimates by 480 basis points, while Traffic Acquisition Costs surged to 26.8% of ad revenue (up 240 basis points year-over-year). Operating margins in the Search segment contracted 130 basis points to 34.2%, indicating a potential 5% decrease in GOOG's stock price.","Google Cloud revenue growth slowed to 22% year-over-year from 35% in the prior quarter, with segment operating margins turning negative at -8.2% versus consensus expectations of +5.0%. Concurrently, capital expenditures surged 40% year-over-year to $13.2 billion, exceeding guidance of 15% growth, signaling a potential 5% decline in GOOG's stock price."
GOOGL,buy,"Google Cloud revenue growth accelerated to 32% year-over-year from 28% in the prior quarter, generating an incremental $1.2B in quarterly revenue and expanding consolidated operating margin by 120 basis points to 31.5%. This reacceleration in the high-margin segment supports a 5% stock price increase as it drives $1.85 in additional forward EPS, translating to $44.40 per share at the current 24x P/E multiple.","YouTube ad revenue per user increased 8% quarter-over-quarter to $13.80 while management authorized $8B in incremental share repurchases and reduced operating expense growth to 5% annually from 8%, improving free cash flow margin by 80 basis points to 24.2%. These efficiency improvements and capital returns support a 5% price appreciation through direct earnings accretion and enhanced DCF valuation."
GOOGL,sell,"Internal forecasts indicate that the operating margin for the Google Cloud segment is projected to contract from 9.1% to 6.6% over the next two quarters due to aggressive pricing strategies from key competitors. This 250 basis point compression in a high-growth division is expected to lower the company's overall forward net income forecast by $8 billion, which, based on the current market capitalization, implies a potential stock price decrease of 5%.","An analysis of advertising spending data from the top 50 digital agencies shows a deceleration in budget allocation to Google Search, with year-over-year growth projected at 8% for the upcoming quarter, down from 14% in the same quarter last year and below the consensus estimate of 11.5%. This slowdown in the company's primary revenue driver reduces our forward revenue forecast by 2.2%, leading to a revised price target that represents a 5% decrease from current levels."
GPC,buy,"GPC's supply chain optimization program has expanded its consolidated operating margin by 60 basis points in the last quarter. If the market re-rates the company's forward P/E ratio from its current 17.1x to the peer average of 17.96x to reflect this enhanced profitability, it would justify a 5% increase in the stock price.","Recent channel checks show GPC's Automotive Parts Group has gained 75 basis points of market share in the commercial ""do-it-for-me"" segment over the last two quarters. Incorporating this share gain into a discounted cash flow (DCF) model, which adds an incremental $250 million in annual revenue at a 4% net margin, increases the derived fair value per share by 5%."
GPC,sell,"Gross profit margin compressed 240 basis points from 34.2% to 31.8% in the trailing twelve months due to 8% pricing discounting by automotive e-commerce rivals, while commercial segment market share declined from 18.0% to 15.5% and same-store sales growth decelerated to 1.2%, directly supporting a 5% stock price decrease.","Debt-to-equity ratio deteriorated from 0.85 to 1.15 following $1.2 billion in acquisition-related borrowings, free cash flow contracted 27% from $850 million to $620 million over the past six quarters, and inventory turnover slowed from 4.2x to 3.6x, creating refinancing headwinds that justify a 5% stock price decrease."
GPN,buy,"Q3 2024 adjusted EPS of $2.85, up 18.2% year-over-year, driven by 150 basis points operating margin expansion to 28.3% and 12% merchant transaction volume growth, with management raising FY2024 revenue guidance by $180M to $9.45B, metrics that support a 5% price increase as analysts revise forward earnings estimates upward.","Free cash flow margin improved 200 basis points to 32.1% in the latest quarter, while net debt-to-EBITDA ratio declined from 2.8x to 2.1x following $850M of debt repayment, enabling a $1.2B increase in share repurchase authorization; this deleveraging and enhanced capital return profile implies 5% valuation upside based on DCF models assuming a 9.2% weighted average cost of capital."
GPN,sell,"Internal analysis projects a 150 basis point contraction in transaction margins for the upcoming fiscal year due to pricing pressure in the integrated payments segment. This is expected to lower the consensus forward earnings per share (EPS) estimate from $10.80 to $10.26, implying a 5% decrease in the stock's valuation at a constant forward P/E multiple.","A review of merchant portfolio data reveals a deceleration in transaction volume growth from high-value enterprise clients, now tracking at 2.5% quarter-over-quarter compared to a historical average of 4.0%. A revised discounted cash flow (DCF) model that adjusts the long-term revenue growth rate assumption downwards by 75 basis points based on this trend indicates a fair value that is 5% below the current share price."
GRMN,buy,"Analysis of supply chain data indicates that the gross margin for the high-volume Aviation segment is tracking at 74.5% for the current quarter, 250 basis points above the consensus estimate of 72.0%. This margin outperformance is projected to increase full-year Earnings Per Share (EPS) by 2.5%. Applying the stock's current forward Price-to-Earnings (P/E) ratio of 20x to this revised EPS forecast justifies a 5% increase in the share price.","Garmin's forward Free Cash Flow (FCF) yield is currently 5.25%, which is a 50 basis point premium to its peer group average of 4.75%. Our model indicates that as the company's new product cycle in the Fitness and Outdoor segments gains traction over the next two quarters, this FCF yield should normalize to the peer average. This convergence implies a capital appreciation of approximately 5% to align the stock's valuation with its peers."
GRMN,sell,"Garmin's fitness segment revenue contracted 12% year-over-year to $425 million in Q3, segment operating margins compressed 230 basis points to 18.5%, North American wearable market share declined from 18% to 14%, and average selling prices dropped 8% amid promotional pricing, indicating a potential 5% decrease in stock price.","Free cash flow declined 28% to $187 million in Q3, inventory turnover deteriorated from 85 to 112 days, management cut full-year revenue guidance by 4% to $5.8 billion, and channel partner return rates increased 35% quarter-over-quarter, indicating a potential 5% decrease in stock price."
GS,buy,"Goldman Sachs' Q3 ROE expanded 280 basis points year-over-year to 13.2% as investment banking fees grew 22% to $1.8B, capturing 8.4% market share. Combined with forward P/E re-rating from 11.2x to 12.0x on 7% EPS estimate revisions, these metrics support a potential 5% stock price increase.","Asset management AUM increased $87B to $2.4T, driving fee revenue up 15% to $2.6B, while the firm repurchased $2.1B in shares and raised its dividend 20% to $2.88 quarterly. This capital return yield of 8.3% and 150 basis points of efficiency ratio improvement indicate a 5% price appreciation."
GS,sell,"Analysis of the investment banking pipeline indicates a projected 12% sequential decline in completed M&A transactions for the upcoming quarter. This is expected to reduce advisory fee revenue by approximately $400 million compared to consensus estimates, leading to a downward revision of the full-year EPS forecast from $34.50 to $33.10. Applying the firm's historical forward P/E ratio of 13.5x to the revised EPS suggests the stock is currently overvalued, indicating a potential 5% price decrease.","The firm's Global Markets division is facing headwinds from reduced credit market volatility, with proprietary models forecasting a 9% year-over-year drop in FICC (Fixed Income, Currencies, and Commodities) trading revenue for the second half of the year. This revenue shortfall is projected to lower the firm's Return on Tangible Equity (RoTE) by 110 basis points, from a consensus 12.5% to 11.4%. Our valuation model, which links RoTE directly to the price-to-tangible book value multiple, calculates a necessary 5% downward adjustment to the current stock price to align with this lower profitability."
GWW,buy,"In the most recent quarter, the company’s High-Touch Solutions N.A. segment achieved an operating margin of 16.2%, surpassing internal targets and consensus estimates of 15.5%. This 70-basis-point margin outperformance, driven by pricing discipline and supply chain efficiencies, led to a revised annual EPS forecast that is 4.1% above prior guidance. Applying the stock's current forward P/E ratio of 22.5x to this higher earnings base justifies an upward price target revision of 5%.","A proprietary analysis of industrial purchasing data reveals W.W. Grainger has increased its market share within the mid-size customer segment by 80 basis points over the last six months, from 5.20% to 6.00%. This capture is projected to add $520 million in incremental annualized revenue. Valuing this additional revenue stream at the company’s current 2.2x price-to-sales ratio supports a 5% increase in the company's total market capitalization."
GWW,sell,"Gross margin compressed 170 basis points year-over-year to 35.8% in Q3 as competitive pricing intensity increased 12% from Amazon Business, while inventory turnover slowed from 6.2x to 5.4x due to $142 million in excess MRO stock, suggesting 5% stock price decline as EBITDA margins approach 13.5% next quarter.","Free cash flow margin contracted from 9.1% to 7.3% year-over-year as accounts receivable days increased from 42 to 58 days and customer concentration risk mounted with top 10 clients representing 22% of sales, up from 18%, creating liquidity pressure that may drive 5% stock price decline if DSO remains above 55 days through Q4."
HAL,buy,"Halliburton's Q2 Completion & Production segment delivered 11% YoY revenue growth and 240 basis points margin expansion to 19.8%, driven by 15% utilization rate improvements and 7% pricing increases, operational metrics that justify a projected 5% increase in share price based on forward earnings multiple expansion.","The company secured $1.8 billion in new three-year Middle East digital drilling contracts, expanding regional market share from 14% to 18%, while international revenue reached 58% of total sales and free cash flow conversion improved to 90%, fundamentals that support a 5% price appreciation target."
HAL,sell,"Analysis of Halliburton's Drilling and Evaluation division shows a projected 120 basis point decline in operating margins for the next fiscal year, from 15.8% to 14.6%, due to increased pricing pressure in the North American market. Our model indicates that this margin compression will reduce full-year earnings per share (EPS) by approximately $0.18. Applying the company's historical forward P/E multiple of 11.5x to this revised earnings outlook suggests a fair value that is 5% below the current share price.","The company's free cash flow (FCF) to debt service ratio has declined from 2.5x to 2.1x over the last two quarters, reflecting increased capital expenditures on next-generation electric fracturing fleets. This deterioration in FCF coverage increases the company's risk profile, warranting a higher discount rate in our valuation model. Adjusting our discounted cash flow (DCF) analysis for this elevated risk results in a revised price target that is 5% lower than our previous estimate."
HAS,buy,"Analysis of Hasbro's digital gaming segment reveals that a 15% quarter-over-quarter increase in daily active users and an 8% rise in average revenue per user (ARPU) are projected to generate an additional $50 million in operating income this fiscal year. Applying the company's forward P/E multiple of 18x to the after-tax impact of this incremental income suggests a valuation uplift of approximately $675 million, justifying a 5% increase in the current stock price.","Recent corporate filings indicate that Hasbro's operational efficiency program has resulted in a gross margin expansion of 150 basis points in the last quarter, surpassing consensus estimates by 50 basis points. This outperformance is projected to increase the full-year EPS forecast from $5.00 to $5.25. Maintaining the current price-to-earnings ratio, this 5% upward revision in EPS directly supports a potential 5% appreciation in the stock price."
HAS,sell,"Q3 revenue fell 11% year-over-year to $1.42B versus 2% growth consensus, with operating margin contracting 280 basis points to 12.4% on $89M inventory write-downs, suggesting a 5% stock price decline as forward earnings estimates reset 7-8% lower.","Net debt-to-EBITDA deteriorated to 4.1x in the trailing twelve months from 3.2x prior year as free cash flow dropped 24% to $318M, breaching credit agreement covenant of 3.75x and indicating a 5% price decrease from increased financial risk and suspended share buybacks."
HBAN,buy,"HBAN's net interest margin expanded 9 basis points quarter-over-quarter to 3.15% driven by 6.8% annualized commercial loan growth and a 12 basis point reduction in deposit costs, with management guidance for sustained NIM improvement supporting a 5% price increase through $0.06 incremental EPS accretion over the next 12 months.","HBAN's net charge-off ratio improved 15 basis points year-over-year to 0.28% while the efficiency ratio declined 120 basis points to 56.4%, enabling a 150 basis point ROE expansion toward 13.5% and supporting a 5% valuation uplift as credit quality outperformance drives multiple re-rating."
HBAN,sell,"Internal modeling indicates a projected Net Interest Margin (NIM) compression of 17 basis points over the next six months, declining from 3.12% to 2.95%, driven by increased deposit costs and competitive loan pricing pressures. This NIM reduction is anticipated to lower the forward Earnings Per Share (EPS) estimate by $0.07, which, when applied to the bank's current forward P/E multiple of 9.5x, translates directly into a 5% decrease in the stock's valuation.","A stress test of the bank's commercial real estate portfolio reveals that the non-performing loan (NPL) ratio is expected to rise from 0.48% to 0.65% in the next two quarters. This deterioration is forecast to require an additional $165 million in loan loss provisions, which directly reduces pre-tax income. This charge against earnings is calculated to have a negative impact that equates to a 5% decrease in the current market capitalization."
HCA,buy,"Analysis of recent operational efficiency initiatives shows HCA's adjusted EBITDA margin expanded by 60 basis points quarter-over-quarter to 19.8%, exceeding internal targets by 45 basis points. This outperformance, driven by a 3% reduction in supply costs per admission, is projected to add $0.35 to the next fiscal year's EPS. Applying the company's current forward P/E ratio of 14x to this incremental earnings power indicates a potential stock price increase of 5%.","HCA's strategic debt paydown has reduced its Net Debt-to-EBITDA ratio from 3.5x to 3.2x over the last two quarters. Our discounted cash flow (DCF) model shows this improved leverage profile lowers the company's weighted average cost of capital (WACC) by 25 basis points. This reduction in the discount rate directly translates to an upward revision of our intrinsic value estimate, supporting a 5% increase in the target stock price."
HCA,sell,"HCA's Q3 2024 same-facility admissions declined 2.3% year-over-year while EBITDA margin compressed 140 basis points to 17.1%, as contract labor costs increased 8.2% and bad debt expense rose 150 basis points to 6.2% of net revenue, operational deterioration that warrants a 5% reduction in forward earnings multiple.","The company's trailing twelve-month net debt-to-EBITDA ratio increased from 3.2x to 4.1x through Q3 2024, while operating cash flow conversion declined to 58% from 71% year-over-year and $1.2 billion in debt matures within 18 months, creating refinancing risk that supports a 5% valuation discount."
HD,buy,"Home Depot's Q2 gross margin expanded 150 basis points to 34.5% and comparable store sales grew 5.8%, driving EPS 8% above consensus. With the stock trading at 16.5x forward P/E versus sector average of 18.0x and delivering superior 22% ROE, this margin expansion indicates a 5% price increase as investors re-rate the valuation multiple.","Home Depot captured 2.3 percentage points of additional market share in the professional contractor segment, reaching 28.7% penetration while generating $7.2 billion in trailing twelve-month free cash flow. Management's 12% dividend increase to $2.25 per share and $5 billion share repurchase authorization, representing 4.2% of outstanding shares, supports a 5% upward revaluation based on dividend discount models."
HD,sell,"Internal analysis of recent housing market data and proprietary channel checks indicates a significant slowdown in the big-ticket discretionary spending that drives a large portion of Home Depot's revenue. Same-Store Sales (SSS) growth for the current quarter is tracking at -1.5%, compared to consensus estimates of +1.0%. This projected 250 basis point underperformance, coupled with a 50 basis point contraction in operating margin due to higher supply chain costs, leads our earnings model to a revised forward EPS of $14.50, down from $15.25. A re-rating based on this lower earnings power justifies a 5% decrease in the stock's price.","A review of the company's balance sheet and cash flow statements reveals a deterioration in capital efficiency. The company's cash conversion cycle has lengthened by 8 days over the last six months, primarily due to a buildup in inventory days from 85 to 93. This suggests weakening sell-through and ties up an additional $1.8 billion in working capital. The resulting decrease in free cash flow yield from 4.5% to 4.1% warrants a higher discount rate in our valuation model, leading to a revised price target that is 5% lower than the current trading level."
HES,buy,"Our analysis indicates that Hess Corporation's production costs in its key Guyana assets have decreased by 8% quarter-over-quarter due to improved drilling efficiency, beating guidance by 3%. This cost reduction is projected to increase the company's forward-year earnings per share (EPS) estimate from $7.20 to $7.55. Based on the company's historical price-to-earnings (P/E) multiple of 18x, this incremental EPS directly supports a 5% increase in the stock's valuation.","The company's recent strategic asset review has increased the estimated recoverable reserves in its Bakken shale holdings by 60 million barrels of oil equivalent (boe). This upward revision in assets, with a net present value of approximately $1.4 billion, was not previously priced in by the market. This addition to the company's sum-of-the-parts (SOTP) valuation model justifies an immediate 5% uplift to our target share price."
HES,sell,"Hess reported Q2 production costs rising from $28.50 per barrel to $37.20 per barrel year-over-year in its Bakken operations, compressing operating margins from 41.5% to 33.8% while reserve replacement ratio fell to 87% over the last 12 months, supporting a 5% downside price adjustment.","Net debt-to-EBITDA ratio increased from 1.75x to 2.65x over the past six months as free cash flow yield declined from 8.2% to 4.1% year-over-year due to 12% CapEx overruns, implying a 5% valuation reduction."
HIG,buy,"HIG's commercial P&C combined ratio improved 340 basis points to 92.1% last quarter, driving ROE expansion from 12.3% to 14.7% and book value per share growth of 8.2% year-over-year, operational improvements that historically precede 5% stock price appreciation over subsequent two quarters.","HIG trades at 9.8x forward P/E, a 15% discount to insurance peer median of 11.5x, while management increased quarterly dividend 15% to $0.46 per share and authorized $800 million incremental buybacks, capital allocation decisions that support 5% valuation reversion to sector averages."
HIG,sell,"Internal modeling indicates a deterioration in the company's Personal Lines combined ratio for the next fiscal year, projecting it to increase from 98.5% to 101.0% due to persistent claims inflation in auto physical damage. This 250 basis point increase is expected to reduce segment net income by $180 million, which translates to a projected 8% decline in forward earnings per share, supporting a 5% decrease in our stock price target.","An analysis of the company's investment portfolio reveals that net investment income is projected to grow by only 1.5% over the next twelve months, underperforming the peer group average forecast of 4.0%. This slower growth is expected to result in a tangible book value per share (TBVPS) growth of only 4.5%, justifying a contraction in the price-to-tangible book value (P/TBV) multiple from 1.80x to 1.71x and implying a 5% downside to the current stock price."
HII,buy,"The company recently secured a new $5.2 billion long-lead-time materials contract for its next-generation submarine program, increasing its total order backlog by 11% to $52.2 billion. This raises the firm's book-to-bill ratio to 1.3x for the trailing six months and provides revenue visibility for an additional fiscal year. Our model indicates that this de-risking of future revenue streams and locking in an estimated 9.2% program margin justifies a 5% increase in the stock's price target.","Internal efficiency programs within the Newport News Shipbuilding division have resulted in a 60 basis point improvement in operating margin to 8.1% in the last quarter, exceeding guidance by 40 basis points. This margin expansion drove a 4.5% beat on quarterly operating income and is projected to increase annual free cash flow by $85 million. This incremental cash flow, when applied to our discounted cash flow (DCF) model, supports a 5% increase in the company's valuation."
HII,sell,"Operating margin compressed 230 basis points from 8.5% to 6.2% sequentially while the $12.8B CVN-81 carrier contract faces an 18-month delivery delay, pressuring FY2024 revenue guidance down 7% and signaling a potential 5% stock price decline as forward EPS estimates reset 11% lower.","Trailing twelve-month free cash flow deteriorated 38% from $450 million to $280 million while debt-to-equity ratio elevated from 0.85x to 1.15x, pushing leverage above covenant thresholds and warranting a 5% valuation discount as interest coverage ratio falls below 4.0x."
HLT,buy,"HLT's Q3 RevPAR growth accelerated to 8.2% year-over-year, beating consensus by 240 basis points through 92% occupancy in premium US markets and 12% ADR expansion in business travel. This supports a 150 basis point EBITDA margin improvement to 28.3% for FY25, generating $2.3B in incremental free cash flow. DCF analysis incorporating these metrics indicates a 5% stock price increase to $185 per share.","Hilton Honors membership grew 25% year-over-year to 180 million, driving co-branded credit card revenue to $450M quarterly and direct booking mix to 72% (up 8 percentage points). This reduces OTA commission expenses by $180M annually while 6.5% net unit growth adds 35,000 rooms. Valuation modeling of these loyalty economics and expansion metrics supports a 5% price increase to $185 per share."
HLT,sell,"An internal analysis of Hilton's forward booking data for the next two quarters reveals a 350 basis point decline in occupancy rates for its business transient segment compared to the same period last year. This trend, combined with a flattening of the average daily rate (ADR), is projected to reduce system-wide Revenue Per Available Room (RevPAR) growth by 200 basis points below consensus estimates. Our valuation model indicates that every 40 basis point miss on RevPAR translates to a 1% decline in share price, leading to a projected 5% decrease in the stock's value.","The company's recent filings indicate a shift in its capital structure, with the debt-to-EBITDA ratio increasing from 3.1x to 3.6x over the last six months. A peer comparison shows that for hotel operators, a 0.5x increase in this leverage ratio typically corresponds to a 75 basis point compression in its forward P/E multiple. Applying this market-derived discount to HLT's current forward P/E of 25x would result in a new multiple of 23.75x, implying a 5% reduction in the stock's price, holding EPS constant."
HOLX,buy,"Analysis of the recently launched 'Panther Trax' molecular diagnostics platform indicates a gross margin of 72%, which is 400 basis points higher than the corporate average. This product contributed to a company-wide Non-GAAP operating margin expansion of 80 basis points in the last reported quarter. Our model suggests that sustaining this margin profile warrants an upward revision of the forward P/E multiple from 18.5x to 19.4x, directly translating to a 5% increase in our price target.","Proprietary channel checks reveal that Hologic's market share in the European gynecological surgical segment increased from 22% to 24.5% over the past six months, driven by the strong uptake of its 'Fluent' fluid management system. This 250 basis point share gain is projected to add $95 million in annualized revenue not yet reflected in consensus estimates. Incorporating this incremental revenue into our discounted cash flow (DCF) model, holding other assumptions constant, results in a 5% increase in the calculated fair value per share."
HOLX,sell,"Q3 organic revenue growth decelerated to 1.2% from 5.8% in the prior quarter while gross margin contracted 180 basis points to 58.3%, and management lowered FY24 guidance by $85 million to $4.15 billion, collectively indicating a 5% downside to current valuation.","Molecular diagnostics market share declined 340 basis points year-over-year to 23.7% as equipment orders fell 12% while competitors grew placements 8%, competitive pressures that warrant a 5% valuation reduction."
HON,buy,"Honeywell's Aerospace segment backlog increased 18% quarter-over-quarter to $28.3 billion while segment operating margins expanded 220 basis points to 24.8%, which management projects will generate $840 million in incremental annual EBITDA and drive a 5% stock price increase based on historical valuation sensitivity.","The company's trailing twelve-month free cash flow conversion improved to 112% of net income with $4.2 billion in accelerated share repurchases and debt-to-EBITDA declining to 1.8x, creating an estimated 5.3% earnings per share uplift that analysts correlate with a 5% stock price appreciation."
HON,sell,"Analysis of Honeywell's Aerospace segment reveals that the order backlog for high-margin aftermarket services has declined by 12% over the last two quarters, while key competitors have seen an average backlog growth of 3%. A regression model indicates this decline in future recurring revenue will likely lead to a 2.8% reduction in next fiscal year's consensus earnings per share (EPS). This earnings revision, combined with an anticipated P/E multiple compression of 2.2% due to perceived market share loss, points to a potential 5% decrease in the stock's price.","In the most recent quarter, the Performance Materials and Technologies (PMT) segment experienced a 300 basis point contraction in operating margin, falling to 18.5% from 21.5% a year prior, due to increased input costs for specialty polymers. This margin pressure is projected to reduce the company's total net income by $410 million over the next twelve months. This figure translates to a $0.58 reduction in forward EPS, representing a 5% negative impact on the current consensus estimate and justifying a corresponding 5% downward revision of the stock's target price."
HPE,buy,"Analysis of the High-Performance Computing & AI (HPC & AI) segment reveals a 150 basis point expansion in operating profit margin to 11.5% over the last two quarters, driven by supply chain optimization and a more favorable product mix. Projecting this improved margin profile forward in a discounted cash flow (DCF) model, while holding other assumptions constant, yields a revised price target that is 5% higher than the current market price.","HPE's forward Price-to-Earnings (P/E) ratio stands at 8.2x, representing a significant discount to the peer group average of 9.5x. As the company's Edge-to-Cloud platform's Annualized Revenue Run-rate (ARR) grew 31% year-over-year in the most recent quarter, we anticipate a partial re-rating of its valuation multiple. A modest P/E multiple expansion to 8.6x, which still represents a discount to peers, would justify a 5% increase in the stock's valuation."
HPE,sell,"Q3 revenue declined 3.1% YoY to $6.79 billion, missing consensus by $230 million, while operating margin compressed 160 basis points to 7.2% and management cut FY24 EPS guidance 8% to $1.45, creating operational headwinds that could drive a 5% stock price decline.","Free cash flow plummeted 47% to $980 million as conversion rate dropped to 52% from 74% year-over-year, with net debt-to-EBITDA surging to 3.6x from 2.3x and $3.1 billion in near-term maturities facing refinancing at higher rates, liquidity concerns that could pressure shares down 5%."
HPQ,buy,"HP's printing division achieved 240 basis points of operating margin expansion from 15.2% to 17.6% year-over-year, driven by 28% growth in high-margin Instant Ink subscription revenue which reached $1.2 billion annually. This margin improvement is projected to generate an additional $380 million in annual free cash flow, representing a 5% increase in intrinsic value when capitalized at the company's current 7.8% free cash flow yield.","The company reduced net debt by $1.15 billion over the past six months, improving the debt-to-equity ratio from 1.45x to 1.08x while maintaining a 3.6% dividend yield. This deleveraging, combined with a projected ROE improvement from 18.3% to 22.7%, supports a valuation multiple expansion from 8.5x to 9.0x forward P/E, directly implying a 5% price appreciation potential."
HPQ,sell,"Analysis of competitive pricing and component costs in the Personal Systems segment indicates a projected operating margin contraction from 6.8% to 6.2% over the next two quarters. This 60 basis point decline is expected to lower forward earnings per share (EPS) estimates by 4.9%, resulting in a valuation model revision that supports a 5% decrease in the stock price.","A forecasted 20% year-over-year decline in free cash flow, from $4.0 billion to $3.2 billion, driven by slowing demand in the higher-margin Print consumables business, is expected to force a $1.2 billion reduction in the annual share repurchase program. This lower capital return profile justifies a contraction of our target P/E multiple from 8.5x to 8.1x, implying a 5% downside from the current price."
HRL,buy,"Proprietary channel checks indicate that Hormel's ongoing supply chain optimization initiative is running ahead of schedule, projecting a 40-basis-point improvement in consolidated operating margin for the next fiscal year. This efficiency gain is expected to add $0.09 to forward earnings per share (EPS). Applying the stock's 5-year average forward P/E ratio of 19.5x to this incremental earnings suggests a potential 5% increase in the share price.","Internal modeling of Hormel's recent foodservice product line expansion shows it is on track to contribute an incremental $180 million in revenue over the next twelve months, with a net margin of 7%. This accretive growth, which is currently under-appreciated by the market, increases the present value of future free cash flows in our discounted cash flow (DCF) model by $1.80 per share, indicating a 5% potential appreciation from the current valuation."
HRL,sell,"Hormel's gross margin contracted 240 basis points year-over-year to 17.8% in the latest quarter as 15% higher pork trim and feed costs exceeded price increases, resulting in 8% adjusted EPS decline to $0.46 and signaling 5% stock price downside from continued margin pressure.","Hormel's core refrigerated meats market share dropped 2.8 percentage points to 14.3% amid private label gains while inventory turnover slowed from 45 to 63 days, creating working capital strain that suggests 5% stock price decline from both revenue and operational inefficiencies."
HSIC,buy,"Dental segment operating margin expanded 140 basis points from 7.2% to 8.6% year-over-year, projected to increase EPS by $0.35 over next twelve months. At current forward P/E of 18.0x, this translates to $6.30 per share value creation, representing a 5.0% stock price increase.","Medical segment market share increased 1.2 percentage points to 13.8%, generating $88 million incremental annual revenue at 9.4% operating margin. Combined with $12 million interest savings from debt reduction, total EPS accretion reaches $0.36. At current forward P/E of 17.5x, this yields $6.30 per share upside, equal to a 5.0% stock price increase."
HSIC,sell,"Internal modeling indicates a sustained 60 basis point compression in the company's operating margin for the next fiscal year, from a prior forecast of 6.2% down to 5.6%, due to increased price competition in the dental consumables market. This margin erosion translates to a projected reduction in earnings per share of $0.32, which, when applying the stock's historical forward P/E ratio of 14.5x, justifies a 5% decrease in the stock price.","The company's inventory turnover ratio has declined from 6.8x to 6.1x over the past two quarters, while days sales outstanding (DSO) increased from 41 to 46 days. This negative trend in working capital management is projected to reduce free cash flow yield from 7.5% to 6.9%. Our discounted cash flow (DCF) analysis, updated with this lower FCF generation, now indicates a fair value that is 5% below the current market price."
HST,buy,"Recent quarterly results showed Funds From Operations (FFO) per share reaching $0.48, surpassing consensus estimates of $0.45. Following this, management revised its full-year FFO per share guidance to a new range of $1.90-$1.95, a 4% increase at the midpoint. Applying a forward P/FFO multiple of 10.2x, slightly above the peer group average of 9.7x to reflect this superior execution, indicates a potential 5% increase in the stock price.","In the most recent reporting period, Host Hotels & Resorts achieved a portfolio-wide Revenue Per Available Room (RevPAR) growth of 7.5% year-over-year, outpacing the luxury segment's average of 5.8%. This superior top-line performance, driven by a 4.0% increase in average daily rate (ADR) and a 210-basis-point increase in occupancy, has led analysts to revise EBITDA margin forecasts upward by 80 basis points. A discounted cash flow (DCF) analysis incorporating this improved long-term margin profile results in a 5% increase in the calculated intrinsic value per share."
HST,sell,"Q3 adjusted funds from operations (AFFO) declined 8.3% year-over-year to $0.33 per share, with occupancy rates falling 320 basis points to 68.5% and RevPAR dropping 4.2% to $185, compressing same-store NOI margins by 150 basis points to 28.3%, operational deterioration that supports a 5% price decrease.","Net debt-to-EBITDA ratio has deteriorated to 7.8x from 6.2x year-over-year, with interest coverage ratio falling to 2.1x from 3.4x and fixed charge coverage declining below covenant threshold to 1.8x, balance sheet stress that warrants a 5% price decrease."
HSY,buy,"Gross margin expanded 180 basis points to 48.2% in the recent quarter through strategic price increases on core confectionery portfolios, while organic volume growth accelerated to 4.3% year-over-year, demonstrating superior pricing power; this operational leverage, combined with $85 million in cost savings from the Project Accelerate initiative, is projected to increase FY2025 EPS by $0.42 (6.2% above consensus estimates), directly supporting a 5% stock price increase as the market reprices the stock on improved earnings quality.","Hershey captured 140 basis points of market share in the premium chocolate segment over the last twelve months, reaching 23.8% share while generating $1.2 billion in free cash flow (12.4% FCF margin), enabling a 35% dividend increase to $1.35 per share and a $500 million accelerated share repurchase program; this capital return framework, combined with trading at a 15% discount to food sector peers on P/FCF, creates a valuation catalyst for a 5% stock price appreciation as yield-oriented investors reallocate capital."
HSY,sell,"Our analysis of cocoa and sugar futures indicates sustained input cost pressures that are not fully reflected in current consensus estimates. We project a 120 basis point compression in gross margins for the next fiscal year, from 44.8% to 43.6%. Recalibrating our discounted cash flow (DCF) model with this lower long-term margin profile reduces our fair value estimate for HSY by 5%.","Recent retail scanner data for the past quarter reveals a 75 basis point decline in Hershey’s market share in the domestic confectionery category, falling from 31.2% to 30.45%. This erosion, primarily driven by accelerated private-label growth, forces a downward revision of our full-year revenue growth forecast from 3.5% to 2.0%. Applying the current price-to-sales multiple to this lower revenue base suggests a 5% downside to the stock's current valuation."
HUM,buy,"Analysis of recent enrollment data indicates Medicare Advantage (MA) membership grew by 175,000 in the last quarter, exceeding internal targets by 40,000. This superior net member addition, concentrated in high-contribution regions, is projected to add $1.55 to the forward full-year EPS forecast. Applying the stock's current forward P/E multiple of 11.5x to this incremental earnings suggests a valuation increase of $17.83 per share, representing a 5% price appreciation.","The company's Medical Loss Ratio (MLR) for the trailing six months was 86.8%, an 80 basis point improvement over the 87.6% recorded in the prior-year period, driven by successful cost-efficiency programs. Projecting this improved margin profile forward is expected to increase the company's Return on Equity (ROE) from 14.1% to 15.5%. A dividend discount model sensitive to ROE indicates this enhancement in profitability directly supports a fair value increase of 5% from the current stock price."
HUM,sell,"Humana's Medicare Advantage medical loss ratio deteriorated 150 basis points year-over-year to 87.5% in the latest quarter, while individual segment membership declined 2.3% sequentially to 4.1M members, compressing consolidated adjusted EBITDA margins by 120 basis points to 5.8% and triggering a 7.8% reduction in 2024 EPS guidance from $29.50 to $27.20, which valuation models indicate will drive a 5% stock price decrease.","The company's debt-to-equity ratio increased from 0.65x to 0.82x following $2.1B in additional senior note issuances, while operating cash flow conversion fell to 58% from 72% year-over-year, resulting in negative $450M in free cash flow versus positive $380M in the prior period, with credit rating agencies placing the BBB rating on negative watch and equity valuation models pricing in a 5% stock price reduction."
HWM,buy,"HWM's recent quarter aerospace segment EBITDA margins expanded 340 basis points to 28.7% year-over-year from $127M in operational efficiency gains at its Tennessee facility, translating to a projected $0.38 EPS increase and supporting a 5% stock price appreciation.","Trailing twelve months free cash flow conversion reached 112% of net income, enabling a $450M accelerated share repurchase that reduces share count by 2.8% while holding net debt/EBITDA at 2.1x, a capital structure improvement that warrants a 5% valuation uplift."
HWM,sell,"Analysis of forward-looking supply chain contracts for specialty alloys indicates a projected 90 basis point compression in operating margins over the next fiscal year, from a trailing twelve-month average of 17.2% to a projected 16.3%. Applying the company's historical price-to-operating income multiple of 18.5x, this margin erosion resulting from higher raw material costs translates directly to a projected 5% decrease in the stock's valuation.","The company's book-to-bill ratio in its key commercial aerospace segment has declined to 0.92 in the most recent quarter, down from an average of 1.15 in the preceding four quarters. Our discounted cash flow (DCF) model, which previously assumed a terminal revenue growth rate of 3.0%, must be revised. This slowdown in new orders necessitates a reduction in the terminal growth rate assumption to 2.5%, which, holding all other variables constant, lowers our DCF-derived price target by 5%."
IBM,buy,"IBM's Hybrid Cloud & AI division reported revenue growth of 12% year-over-year in the last quarter, surpassing consensus estimates of 8%. As this high-margin segment now accounts for 42% of total revenue, a forward P/E multiple expansion from 15.0x to 15.75x is justified, implying a 5% increase in the target stock price.","The company's free cash flow (FCF) for the trailing twelve months reached $13.1 billion, a 4.8% beat over the high-end of management's guidance. Incorporating this sustained higher FCF generation rate into a discounted cash flow model, holding the weighted average cost of capital (WACC) constant at 8.5%, increases the intrinsic value per share by 5%."
IBM,sell,"IBM's cloud infrastructure segment revenue growth decelerated to 2.8% year-over-year in Q3 versus 14.2% in the prior quarter, while segment gross margins compressed 180 basis points to 68.4% due to pricing pressure from Azure and AWS. This margin degradation is projected to reduce FY25 EPS by $0.42, implying a 5% decrease in the stock price when applying the current 12.5x forward P/E multiple.","Management guided mainframe systems revenue to decline 24% quarter-over-quarter in Q4 as the z16 product cycle matures, while total debt-to-EBITDA ratio increased to 3.8x from 2.7x year-over-year following the $8.3 billion Apptio acquisition. These cyclical and balance sheet pressures are estimated to reduce fair value by 5% based on discounted cash flow analysis using a 10.2% WACC."
ICE,buy,"Q3 data services revenue grew 17% YoY to $685M, expanding segment EBITDA margins to 61% while derivatives ADV rose 14%, which combined with 8% upward EPS revisions for FY2024 justifies a 5% stock price increase based on peer multiple analysis.","TTM free cash flow of $3.4B (8.3% FCF yield) funded a $2.5B accelerated share repurchase representing 4.1% of float and a 45% dividend hike to $1.68/share, with the total capital return yield of 6.4% supporting a 5% valuation premium."
ICE,sell,"In the most recent quarter, ICE's transaction and clearing revenue from its Exchanges segment grew by only 1.5% year-over-year, falling short of the consensus estimate of 4.0% growth due to a 7% decline in commodities trading volume. Concurrently, the segment's operating margin contracted by 150 basis points to 68.5% due to higher-than-expected data infrastructure costs. A discounted cash flow (DCF) model adjustment, factoring in these lower long-term growth and profitability assumptions, suggests a 5% decrease in the stock's intrinsic value.","Recent industry analysis reveals that a key competitor in the mortgage origination software space has captured an additional 3% market share over the last two quarters, directly impacting ICE's Mortgage Technology segment. This has led to a deceleration in the segment's forward revenue growth forecast from 12% to 8%. Applying a revised, more conservative forward P/E multiple of 21.0x (down from 22.1x) to account for this heightened competitive pressure and slower growth profile indicates a 5% downside to the current share price."
IDXX,buy,"Analysis of the Companion Animal Group (CAG) recurring revenue, which accounts for over 85% of total sales, indicates stronger-than-expected adoption of the new ProCyte One hematology analyzer. Our channel checks show instrument placements are tracking 12% ahead of internal targets for the quarter. This is projected to increase the CAG segment's organic growth rate from the guided 9% to 10.5%. A revised discounted cash flow (DCF) model incorporating this accelerated, high-margin revenue stream increases our fair value estimate by 5%.","A review of operational efficiency projects an upcoming fiscal year operating margin of 31.2%, which is 80 basis points above the consensus estimate of 30.4%. This improvement is driven by a 150 basis point reduction in cost of services due to the maturation of cloud-based software infrastructure. This margin expansion translates to a forward EPS estimate of $10.50, a 4.1% increase over consensus. Applying the stock's 5-year average forward P/E multiple of 48x to this revised EPS yields a price target 5% above the current trading level."
IDXX,sell,"Q3 2024 organic revenue growth decelerated to 6.8% YoY from 11.2% in Q3 2023, while veterinary diagnostic recurring revenue growth slowed to 5.5% from 10.1%. Management cut full-year 2024 revenue guidance by $120 million to $3.76 billion and reduced EPS guidance from $10.15-10.35 to $9.60-9.75, with operating margin falling 170 basis points to 26.7%. This guidance reduction and margin compression directly implies a 5% stock price decrease.","IDEXX's reference lab diagnostic market share declined 180 basis points to 42.3% in Q3 2024 due to Zoetis and Heska expansion, while gross margin contracted 240 basis points YoY to 57.8% from promotional pricing. Free cash flow conversion decreased from 82% to 68% of EBITDA due to higher capital intensity. These competitive and margin pressures justify a 5% valuation decline."
IEX,buy,"Operating margin improved 130 basis points year-over-year to 23.1% in the recent quarter, exceeding consensus by 70 basis points and driving 9.2% EPS growth versus 5.5% expected. This fundamental strength, paired with management raising full-year EPS guidance by 3.5% to $8.45, indicates a 5% stock price increase potential as forward earnings power expands.","Fluid & Metering segment bookings accelerated 10.5% organically with a 1.13x book-to-bill ratio, while Health & Science segment market share expanded 140 basis points to 22.8%. These metrics support a 5% stock price appreciation as the company's 18.3x forward P/E re-rates toward the industrial peer median of 19.7x."
IEX,sell,"Analysis of supply chain data indicates that input costs for the company's Health & Science Technologies segment have risen by 8% sequentially, a trend not yet reflected in consensus earnings estimates. This cost pressure is projected to compress the segment's gross margin by 300 basis points in the upcoming quarter. Recalibrating our discounted cash flow (DCF) model with this lower sustained margin profile reduces our fair value estimate for the stock, implying a 5% decrease from the current price.","The company's Return on Invested Capital (ROIC) has declined from 14.5% to 12.8% over the last four quarters, while its peer group average has remained stable at 14.0%. The stock currently trades at an Enterprise Value to EBITDA (EV/EBITDA) multiple of 16.8x. A valuation adjustment to a 16.0x multiple, to reflect the company's now-inferior capital efficiency relative to its peers, would result in a 5% decrease in the stock price."
IFF,buy,"Analysis of recent operational efficiency programs shows realized annualized cost savings of $220 million, exceeding management's guidance by 30%. This is projected to increase the forward full-year EBITDA margin by 90 basis points, from 16.8% to 17.7%. Applying the sector's average forward P/E ratio of 20x to the resulting uplift in earnings per share indicates a valuation that is 5% higher than the current stock price.","The company's Nourish division has secured two exclusive supply contracts in the alternative dairy space, which are projected to generate an incremental $480 million in revenue over the next fiscal year. This figure is not yet incorporated into consensus estimates. Applying IFF's 3-year average Price-to-Sales (P/S) ratio of 1.4x to this new revenue stream suggests an addition of $672 million to the market capitalization, representing a 5% upside to the current valuation."
IFF,sell,"IFF's Q3 EBITDA margin compressed 150 basis points year-over-year to 18.2% versus peer average of 21.5%, while raw material costs accelerated 12% and pricing power remained limited to 4% increases. This margin deterioration forced analysts to slash FY2024 EPS estimates by 8%, with valuation models incorporating a 5% price target reduction to reflect prolonged earnings degradation over the next 18 months.","Net debt-to-EBITDA ratio deteriorated to 4.8x from 3.2x over the past six months post-acquisition, with interest coverage declining to 3.5x and $2.1B of debt maturing within 12 months. Credit rating agencies placed the BBB- rating on negative watch, which is expected to increase borrowing spreads by 150 basis points and compress the forward P/E multiple from 16.5x to 15.7x, translating directly to a 5% stock price decline."
INCY,buy,"INCM-945 Phase 3 trial in lupus nephritis achieved 52% renal response rate versus 28% for standard-of-care, projecting 19% market share of the $2.4B addressable market which translates to $456M peak revenue, and applying a risk-adjusted 4.2x sales multiple yields $1.34B incremental enterprise value, representing 5% upside to the current stock price.","Recent quarter revenue of $938M exceeded consensus by 6.2% with operating margins expanding 310 basis points to 27.4%, driving a $0.14 EPS beat and prompting analyst upgrades that increase the 12-month forward P/E valuation from 15.0x to 15.7x on $4.32 EPS, equivalent to a 5% price target increase to $67.82."
INCY,sell,"Analysis of newly-released Phase II trial data for INCY's next-generation oncology candidate shows a 15% lower objective response rate (ORR) than consensus expectations. Our model revises the drug's probability of success (PoS) downward from 50% to 35% and lowers its peak sales estimates by $500 million. The resulting reduction in the drug's risk-adjusted net present value (rNPV) contribution lowers our sum-of-the-parts valuation for Incyte, implying a 5% decrease in the stock price.","Due to new competitive entrants in the myelofibrosis market, we are forecasting a 200 basis point decline in Jakafi's U.S. market share over the next twelve months, from 68% to 66%. This, combined with an anticipated 3% price concession to maintain formulary access, is projected to lower next year's consensus revenue estimates by $150 million and reduce operating margins by 1.2%. This revision to our forward earnings model supports a 5% decrease in our price target."
INTC,buy,"Analysis of Intel's Foundry Services (IFS) pipeline reveals new client contracts projected to contribute $3.2 billion in additional revenue over the next fiscal year. This high-margin revenue is forecast to increase forward earnings per share (EPS) by $0.14, which, when capitalized at the stock's current forward P/E multiple of 15x, supports a 5% increase in the share price.","The accelerated ramp-up of the Intel 4 process node has resulted in manufacturing yields 12% above initial targets, projected to reduce cost of goods sold (COGS) by $1.1 billion over the next twelve months. This operational efficiency gain expands the company's gross margin by 180 basis points, and a revised discounted cash flow (DCF) model incorporating this sustained improvement indicates a 5% increase in the stock's fair value."
INTC,sell,"Data center revenue declined 12% year-over-year to $4.2 billion, gross margin compressed 340 basis points to 48.7%, and operating income fell 18% to $2.8 billion. Combined impact supports a 5% stock price decrease.","Server CPU market share dropped 7 percentage points to 71% over the past 6 months, free cash flow turned negative at -$1.3 billion, and debt-to-equity ratio increased to 0.47x. Combined factors warrant a 5% price decline."
INTU,buy,"QuickBooks Online subscriber base grew 18% year-over-year to 6.8 million users, with segment ARR increasing 22% to $8.4 billion. The combination of 15% ARPU expansion and management raising FY2025 revenue guidance by $450 million creates a valuation inflection point that should drive a 5% stock price increase as forward P/E re-rates from 28x to 29.4x.","Operating margins expanded 320 basis points to 28.5% while free cash flow surged 24% year-over-year to $1.2 billion, yielding $4.1 billion in trailing twelve-month FCF. Credit Karma returned to 8% revenue growth, adding $120 million in quarterly revenue. This operational leverage and business stabilization warrant a 5% price increase as the stock's FCF yield tightens from 3.8% to 3.6%."
INTU,sell,"Internal analysis of the Small Business & Self-Employed segment shows a deceleration in customer acquisition, with projected net subscriber additions for the next quarter revised down to 160,000 from a prior estimate of 210,000. This is coupled with a projected increase in customer churn from 2.1% to 2.8% due to heightened competition. Adjusting our discounted cash flow model for this lower lifetime value per customer reduces our fair value estimate, indicating a potential 5% downside from the current price.","A review of forward operating expense guidance reveals that investments in generative AI are leading to greater margin compression than the market anticipates. We forecast non-GAAP operating margin to contract by 150 basis points to 35.5% for the next fiscal year, against a consensus of 36.5%. This revision lowers our forward EPS estimate by $0.52, and applying the stock's current forward P/E multiple of 38x suggests the stock is overvalued by 5%."
IP,buy,"Internal analysis of the company's new ""Mill Modernization Program"" projects a 75 basis point improvement in operating margins over the next four quarters, increasing from 10.25% to 11.00%. This efficiency gain is forecast to add $0.22 to the next fiscal year's EPS. Applying the stock's current forward P/E ratio of 10x to this incremental earnings suggests a price target that is 5% higher than the current market price.","Recent strategic initiatives in working capital management are projected to accelerate the cash conversion cycle by 4 days, resulting in a one-time release of $250 million in free cash flow (FCF). This boost to FCF increases the company's FCF per share by approximately $0.65 for the current year. Valuing this incremental FCF at the sector's average price-to-FCF multiple of 8x implies a potential 5% increase in the stock's valuation."
IP,sell,"EBITDA margins compressed 330 basis points from 18.5% to 15.2% year-over-year as input costs rose 8% while pricing power eroded in key containerboard segments, with management guiding for flat volumes next quarter, a deterioration that justifies a 5% stock price decrease.","Net debt-to-EBITDA ratio increased from 2.8x to 3.4x over the last six months following the $1.2B acquisition of a distressed packaging competitor, while containerboard operating rates declined from 94% to 87%, a balance sheet stress scenario that warrants a 5% stock price decline."
IPG,buy,"Interpublic's latest quarter organic revenue growth of 7.3% (210 bps above consensus) combined with 85 basis points of EBITA margin expansion to 15.2% drove a 12% EPS beat that, when capitalized at the stock's 13.2x historical P/E multiple, directly supports a 5% price increase to $34.80.","The company's six-month deleveraging program reduced debt-to-EBITDA from 2.7x to 2.2x via $320 million in repayments while $250 million in share buybacks lifted ROE to 21.5%, with the 40 basis point reduction in equity risk premium justifying a 5% stock price appreciation through DCF valuation."
IPG,sell,"Analysis of IPG's forward guidance indicates a significant deceleration in growth relative to peers. The company's projected organic revenue growth for the next fiscal year is 0.5%, compared to the advertising sector average of 3.2%. Furthermore, operating margins are expected to contract by 60 basis points to 16.2% due to dis-synergies from a recent restructuring. A discounted cash flow (DCF) model adjustment incorporating this lower growth and margin profile leads to a 5% reduction in our price target.","IPG's free cash flow (FCF) conversion has deteriorated, falling to 90% of net income in the trailing twelve months from its historical five-year average of 115%, driven by increased working capital requirements from its digital media segment. This reduced cash generation has led to management guiding for a 25% reduction in its share repurchase program for the next fiscal year. This lower capital return to shareholders justifies a contraction in the stock's forward P/E multiple from 13.0x to 12.35x, implying a 5% downside from the current price."
IQV,buy,"Analysis of IQVIA's recent contract awards in its Research & Development Solutions segment indicates a backlog growth of 8% over the last two quarters, outpacing the industry average of 6%. This stronger-than-expected backlog is projected to increase next fiscal year's revenue forecast by $400 million, leading to an EPS revision from $11.20 to $11.76. Applying the stock's current forward P/E multiple of 20x suggests a price target adjustment that represents a 5% increase from the current market price.","The company's free cash flow (FCF) conversion rate improved to 115% of adjusted net income in the most recent quarter, up from a historical average of 105%. This sustained improvement in cash generation has led to an upward revision of our 5-year FCF projections. Rerunning our discounted cash flow (DCF) model with the new cash flow profile, while holding the weighted average cost of capital (WACC) steady at 7.5%, results in a fair value estimate that is 5% higher than our previous target."
IQV,sell,"Trailing twelve-month revenue growth decelerated from 11.5% to 3.2% year-over-year, while EBITDA margins compressed 180 basis points to 18.4% due to pricing pressure in clinical development services, a trend management projects will persist through next quarter, directly supporting a 5% downside price target.","Free cash flow conversion deteriorated to 52% from 68% in the comparable prior year period as Days Sales Outstanding increased to 94 days, while net debt-to-EBITDA rose to 3.8x following the recent $1.2 billion acquisition of a commercial analytics platform, limiting financial flexibility and prompting a 5% decrease in target price."
IR,buy,"EBITDA margin expanded 180 basis points to 22.3% in the most recent quarter with free cash flow conversion reaching 112%, improvements that management guidance suggests will drive 12% EPS growth next fiscal year versus prior consensus of 7%, which discounted cash flow analysis indicates would support a 5% stock price increase from expanded valuation multiples.","Industrial technologies segment captured 340 basis points of additional market share in compressed air systems over the past six months, generating 8.7% organic revenue growth compared to sector average of 4.2%, a differential that peer-relative valuation models show would justify a 5% stock price re-rating based on sustained competitive outperformance."
IR,sell,"Analysis of Ingersoll Rand's cost structure reveals a significant margin compression risk. Over the last two quarters, the cost of goods sold as a percentage of revenue increased by 220 basis points due to elevated raw material prices, primarily steel and electronic components. While the company has implemented price increases, they have only offset approximately 60% of these costs. Our model, which assumes this trend continues for the next two quarters, projects a full-year operating margin of 15.2%, below the consensus estimate of 16.0%. This margin erosion translates to a lower net income forecast, justifying a **5% decrease** in our stock price target.","Forward-looking order book analysis indicates a deceleration in organic growth. Organic orders in the high-margin Precision and Science Technologies (PST) segment grew by only 2.5% in the most recent quarter, a sharp decline from the 8.5% average growth rate seen in the preceding four quarters. This slowdown is more pronounced than at key competitors, who reported an average organic order growth of 4.8% in similar segments over the same period. Adjusting our multi-year revenue forecast to reflect this lower growth trajectory in a key segment results in a reduction of our discounted cash flow (DCF) valuation by **5%**."
IRM,buy,"Analysis of recent data center leasing activity indicates the signing of 45 megawatts (MW) of new and expansion leases in the prior quarter, exceeding guidance by 25%. This additional capacity is projected to contribute $60 million in incremental annualized revenue. Factoring in a 53% contribution margin for this new business, our model projects an increase in the forward consensus Adjusted Funds From Operations (AFFO) per share estimate from $3.90 to $4.10. Applying the stock's current forward P/AFFO multiple of 21x to this revised estimate suggests a potential stock price appreciation of 5%.","A successful pricing optimization initiative across the core Global Records & Information Management (RIM) segment is set to increase average revenue per cubic foot by 3.5% over the next two quarters. Concurrently, logistics efficiencies are expected to lower related operating expenses by 1.5%. The net impact of these actions is forecast to increase the run-rate AFFO per share by $0.20. Valuing this direct increase in recurring cash flow at the current 21x P/AFFO multiple supports a valuation uplift equivalent to a 5% increase in the stock price."
IRM,sell,"Debt-to-equity ratio increased from 3.2x to 4.1x quarter-over-quarter, interest coverage ratio declined from 3.5x to 2.8x, and weighted average cost of debt rose 160 basis points to 5.8%, increasing the equity risk premium and indicating a potential 5% price decrease.","Data center occupancy fell from 89% to 82% year-over-year, same-store rental rates declined 6.5% from $18.50 to $17.30 per square foot, and forward AFFO per share estimates were revised down 8.2%, implying a potential 5% stock price decline."
ISRG,buy,"Intuitive Surgical's Q3 revenue growth accelerated to 18.2% YoY on 312 new da Vinci system placements versus 256 in the prior year, while gross margins expanded 250 basis points to 70.5% and instrument revenue per procedure rose 8.4%. These metrics drive a projected 12% increase in forward EPS, justifying a 5% stock price appreciation target.","International market penetration increased from 24% to 29% in Q3 with Asia-Pacific procedure volume growing 31% YoY, while free cash flow rose 25% to $485M and ROE improved to 18.7%. This geographic diversification and cash generation strength supports a 5% increase in valuation multiple, implying a 5% price target upside."
ISRG,sell,"A 120 basis point contraction in projected operating margin for the next fiscal year, from 26.5% to 25.3%, is anticipated due to higher-than-expected sales and marketing expenditures required to defend market share against emerging competitors. This revised margin guidance lowers our forward earnings per share (EPS) estimate by 4.8%, and applying a constant forward P/E ratio to this new estimate results in a valuation that is 5% lower than the current stock price.","Our proprietary channel checks indicate that the growth rate for da Vinci procedures will decelerate to 13% year-over-year for the next two quarters, falling below the consensus estimate of 16% and the 18% growth rate posted in the prior-year period. Adjusting our discounted cash flow (DCF) model for this slower long-term recurring revenue growth lowers the terminal value assumption, leading to a revised intrinsic value per share that is 5% below its current market price."
IT,buy,"Our proprietary channel checks indicate that Gartner's key Global Technology Sales (GTS) segment is tracking towards a 13% year-over-year growth in total contract value for the current quarter, significantly outpacing consensus estimates of 10%. This 300-basis-point beat is projected to add $135 million in revenue above prior guidance, which, at the segment's 28% operating margin, translates to an EPS accretion of $0.42. Applying the stock's current forward P/E multiple of 29x to this revised earnings forecast implies a valuation 5% above the current share price.","An analysis of client cohort data reveals that Gartner's Net Contract Value Increase (NCVI), a measure of growth from existing clients, has improved to 109% over the last twelve months, compared to the 3-year historical average of 106%. Our discounted cash flow (DCF) model indicates that the market has not priced in this improved retention and up-sell velocity. Adjusting the terminal growth rate assumption in our model by 25 basis points to reflect this durable improvement in unit economics raises our fair value estimate for IT to a level 5% higher than its current price."
IT,sell,"Research contract value growth decelerated to 4.2% in the most recent quarter from 9.1% in the prior quarter, while adjusted EBITDA margin compressed 150 basis points to 26.3%. This combination of slowing growth and margin pressure translates to a 5% stock price decrease as the forward P/E multiple compresses from 28.5x to 27.3x.","Enterprise client retention rate fell 700 basis points year-over-year to 82%, while average contract value decreased 3.5% due to competitive pressure. The resulting 2.7% reduction in expected 2025 free cash flow per share, from $12.40 to $12.06, justifies a 5% stock price decline at the current EV/FCF multiple of 18.5x."
ITW,buy,"ITW's Automotive OEM segment operating margin expanded 150 basis points to 26.0% in Q3 versus prior year, generating $85 million in incremental price-cost recovery that translates to $0.42 EPS accretion and supports a 5% stock price increase at the current 18x forward P/E multiple.","ITW's Q3 share repurchase execution reached $900 million, reducing outstanding shares by 2.1% while trailing twelve-month free cash flow grew 12% to $1.2 billion, creating combined EPS leverage of $0.38 that drives a 5% stock price appreciation based on stable valuation multiples."
ITW,sell,"Internal modeling shows that a persistent 15% increase in key raw material costs over the last two quarters is expected to compress the company's forward operating margin by 120 basis points, from 24.5% to 23.3%. This revision is projected to lower consensus full-year EPS estimates by 4.8%, leading to a re-rating of the stock and a potential 5% decrease in its price.","Analysis of the company's backlog and order rates indicates a deceleration in organic revenue growth to 1.5% for the upcoming fiscal year, underperforming the sector average of 3.0%. Consequently, the stock's current forward P/E ratio of 22x is no longer justified against the peer average of 20.9x, suggesting a valuation multiple compression that implies a 5% decrease in the stock price to align with its peer group."
IVZ,buy,"Analysis of recent fund flow data indicates a stabilization in equity strategies and $18 billion in net new inflows over the past quarter into higher-margin fixed income and alternative products. This mix shift is projected to increase the firm's overall fee realization rate by 8 basis points, leading to a 2.9% increase in forecasted revenue. Combined with operating leverage from the firm's completed expense reduction program, this projects to a 5.1% increase in forward earnings per share, supporting a 5% price increase.","Invesco currently trades at a forward Price-to-Earnings (P/E) ratio of 9.5x, a 12% discount to its direct peer group average of 10.8x. Our model shows that the company's recently announced $1 billion share repurchase program, if executed over the next 18 months, will be 4.8% accretive to EPS at current valuation levels. This enhanced capital return profile is a catalyst that justifies a partial closing of the valuation gap, warranting a P/E multiple of 10.0x and implying a 5% upside from the current share price."
IVZ,sell,"Invesco experienced $12 billion in net AUM outflows representing 3.2% of total assets last quarter, while average management fees compressed 8 basis points to 0.42%, a combined headwind that reduces projected annual fee revenue by $140 million and drives a 5% fair value decline.","The firm's debt-to-equity ratio rose to 1.8x following $800 million in additional leverage, with interest coverage deteriorating to 3.2x from 5.1x year-over-year, creating refinancing risk that valuation models indicate warrants a 5% equity discount."
J,buy,"Jacobs Engineering's Q2 operating margin expanded 140 basis points year-over-year to 8.1%, exceeding consensus estimates of 7.2% by 90 basis points, which translates to an additional $0.42 in FY2024 EPS and supports analyst price targets implying a 5% increase to $165 per share based on the current 16.5x P/E multiple.","The company's trailing twelve-month free cash flow yield of 6.8% surpassed the sector median of 4.2% by 260 basis points, while management authorized a new $450 million share repurchase program representing 2.8% of outstanding shares, with these capital return improvements driving valuation model upgrades that forecast a 5% price appreciation."
J,sell,"Analysis of Jacobs' project backlog reveals that year-over-year growth in the most recent quarter slowed to 1.2%, a sharp deceleration from the 7.5% average seen over the previous four quarters. Paired with this, operating margins on new contracts have compressed by 85 basis points to 7.8% due to increased labor costs and competitive bidding. Our forward earnings model, adjusted for these lower growth and profitability inputs, indicates a 6% reduction in next year's EPS, justifying a 5% decrease in the stock's price target.","The company's capital efficiency has deteriorated, with Return on Invested Capital (ROIC) declining by 150 basis points to 9.5% over the last twelve months, falling below its five-year average of 11.0%. Simultaneously, the net debt-to-EBITDA ratio has increased from 2.0x to 2.7x to fund recent acquisitions. Factoring this higher leverage and lower capital return into our discounted cash flow model increases the weighted average cost of capital (WACC) by 40 basis points, leading to a 5% decrease in the calculated intrinsic value of the shares."
JBHT,buy,"Our revised Discounted Cash Flow (DCF) model incorporates a 120 basis point increase in the projected 5-year free cash flow growth rate for the Dedicated Contract Services (DCS) segment, from 4.8% to 6.0%, reflecting newly secured long-term contracts. Holding the Weighted Average Cost of Capital (WACC) at 8.5% and the terminal growth rate at 2.5%, this adjustment increases our intrinsic value estimate, suggesting a potential stock price increase of 5%.","JBHT currently trades at a forward P/E ratio of 18.2x, representing a 15% discount to its direct intermodal peer group average of 21.4x. We project that due to superior network efficiency, JBHT's operating margin will expand by 50 basis points over the next four quarters. This margin improvement justifies a partial closing of the valuation gap, leading to a P/E multiple expansion to 19.1x, which implies a 5% appreciation in the stock price."
JBHT,sell,"Operating margin contracted 230 basis points from 14.2% to 11.9% quarter-over-quarter as fuel costs surged 12% and driver wages increased 8%, while intermodal volumes fell 5.2%. Combined with free cash flow declining 22% from $142 million to $111 million, these operational pressures indicate a potential 5% stock price decrease.","Debt-to-equity ratio increased from 0.8x to 1.3x over the past six months after taking on $450 million in equipment financing, while ROE dropped from 18.5% to 14.2%. With the P/E ratio expanding to 22x despite EPS growth slowing to 3% year-over-year, this leverage increase and valuation disconnect support a potential 5% price decrease."
JCI,buy,"JCI's Global Products segment achieved a 160 basis point operating margin expansion from 11.8% to 13.4% in Q3, driven by $150M in price-cost optimization and a 22% surge in high-margin heat pump shipments. This generated $0.20 incremental EPS which, at the current 14.5x forward P/E multiple, supports a 5% price increase to $64.89 from the $61.80 baseline.","The company improved free cash flow conversion from 88% to 94% over the past six months, generating an incremental $230M in deployable capital. Management allocated $170M to accelerate debt reduction, saving $9M in annual interest expense, and $60M to share repurchases, reducing float by 0.7%. The combined $0.18 EPS accretion from these actions, coupled with balance sheet derisking, directly justifies a 5% stock price appreciation to $64.89."
JCI,sell,"Analysis of recent supply chain cost data reveals that a 15% increase in semiconductor and raw metal input costs over the past two quarters has resulted in a 180 basis point contraction in JCI's operating margin for its Global Products division, falling from 14.5% to 12.7%. Our model indicates this level of margin compression, if sustained, will reduce full-year earnings per share (EPS) by approximately 4.8%, directly supporting a 5% downward revision of our stock price target.","The company's project backlog conversion rate has slowed, with days of sales outstanding (DSO) increasing from 75 days to 81 days sequentially in the most recent quarter. This 8% increase in DSO suggests lengthening project timelines and potential cash flow pressure. A discounted cash flow (DCF) analysis adjusted for this slower cash conversion cycle results in a lower net present value, justifying a 5% reduction in the stock's fair value estimate."
JKHY,buy,"Analysis of recent contract wins shows that Jack Henry's private cloud adoption rate among mid-tier credit unions has accelerated, with platform migration increasing by 18% in the last quarter compared to a 14% historical average. This accelerated migration is projected to increase the company's full-year recurring revenue forecast by 2.5%, which, when factored into a discounted cash flow (DCF) model with a stable weighted average cost of capital (WACC) of 7.8%, results in a 5% increase in the stock's intrinsic value.","The company's operating margin expanded by 120 basis points to 23.1% in the most recent quarter, driven by a 3% reduction in software development lifecycle costs from improved automation. Extrapolating this margin improvement for the full fiscal year leads to an upward revision of our earnings per share (EPS) estimate by 4.5%. Applying the company's 5-year average forward P/E multiple of 29x to this higher EPS figure supports a price target that is 5% above the current market price."
JKHY,sell,"Payment processing revenue growth decelerated to 2.3% year-over-year in the most recent quarter versus 11.8% in the prior year period, while EBITDA margins compressed 250 basis points from 34.2% to 31.7% due to competitive pricing pressure, fundamentals that support a 5% stock price decrease based on current sector multiples.","Core digital banking platform market share declined 300 basis points from 17.2% to 14.2% over the trailing twelve months, accompanied by client retention rates falling to 91.3% and new logo acquisitions dropping 24% quarter-over-quarter, competitive headwinds that justify a 5% stock price decline under forward earnings models."
JNJ,buy,"Phase 3 immunology pipeline asset is projected to generate $2.1B incremental revenue over next 12 months, representing 3.2% of LTM revenue with $0.45 EPS accretion, driving 5% stock price increase as forward P/E rerates from 15.7x to 16.5x.","Medical Devices segment operating margin expanded 180 basis points to 28.4% over past 6 months via supply chain optimization, lifting consolidated EBITDA margin to 35.2% and ROE to 24.3%. Combined with $5B share repurchase program and debt-to-equity ratio of 0.35x, this is expected to catalyze 5% share price appreciation."
JNJ,sell,"Internal analysis of the MedTech division reveals a sustained operating margin compression of 120 basis points over the last two quarters, from 26.8% to 25.6%, due to increased supply chain costs. Applying the company's historical price-to-operating-income multiple of 9.5x to this lower profitability level suggests a valuation that is 5% below the current share price.","Sales forecasts for a key oncology drug, representing 10% of pharmaceutical segment revenue, have been revised downwards. The projected 5-year compound annual growth rate (CAGR) has been cut from 7.0% to 3.5% due to new competitor data. A discounted cash flow (DCF) model updated with this revised growth trajectory results in a fair value estimate that is 5% lower than the current market price."
JNPR,buy,"In the last reported quarter, revenue from the AI-Driven Enterprise segment grew 14% year-over-year, surpassing internal targets by 350 basis points. This outperformance is projected to increase the full-year non-GAAP earnings per share (EPS) by $0.08. Applying the stock's average forward P/E multiple of 15x to this incremental EPS uplift suggests an additional $1.20 in share value, representing a 5% increase from its current trading price.","Recent supply chain optimizations have expanded Juniper's non-GAAP gross margin by 80 basis points to 60.5% over the trailing six months. This sustained margin improvement has boosted the company's free cash flow (FCF) yield to 6.2%. A discounted cash flow (DCF) model sensitivity analysis, factoring in this higher baseline profitability for future periods, results in a revised intrinsic value that is 5% higher than the previous calculation."
JNPR,sell,"Q3 operating margin compression of 230 basis points year-over-year from 17.8% to 15.5% due to service provider pricing concessions, combined with revenue miss of $72 million ($1.33B actual vs $1.402B consensus) and Q4 guidance cut from 7% to 1.5% growth, creates 5% stock price downside under discounted cash flow analysis using 8.2% weighted average cost of capital.","Enterprise segment market share erosion of 210 basis points to 11.8% over past two quarters amid competitive displacement, while forward price-to-earnings ratio trades at 14.5x (20% premium to peer median of 12.1x) despite free cash flow margin declining from 14.2% to 11.7%, indicating 5% valuation downside as multiple compression reverses the premium."
JPM,buy,"JPM's net interest margin expanded 38 basis points to 3.22% last quarter, boosting net interest income 11% to $24.7 billion and beating consensus by $2.1 billion; this NIM expansion is projected to increase forward EPS by exactly 5%, supporting a 5% stock price increase.","The bank's efficiency ratio improved to 52% from 57% year-over-year via $2.3 billion in cost savings, while pre-provision net revenue grew 9%; this operational leverage adds $0.55 to EPS, representing 5% earnings upside that directly translates to a 5% stock price appreciation."
JPM,sell,"Analysis of the bank's deposit beta indicates it has risen from 0.40 to 0.55 over the past six months, faster than the industry average of 0.48. This accelerated increase in funding costs is projected to compress the firm's Net Interest Margin (NIM) by 20 basis points over the next two quarters. This compression is expected to lower forward earnings per share (EPS) estimates by $0.85, which, at the stock's current forward P/E multiple of 12.0x, implies a valuation haircut leading to a potential 5% decrease in the stock price.","A review of the company's loan portfolio reveals that the non-performing loan (NPL) ratio for its consumer credit card division increased by 40 basis points sequentially to 1.75% last quarter, outpacing the peer average increase of 25 basis points. This trend is expected to necessitate an increase in loan loss provisions by $1.8 billion over the next six months. Factoring this charge-off into valuation models reduces the tangible book value per share growth forecast by 1.2%, warranting a price-to-tangible-book-value (P/TBV) multiple contraction that supports a potential 5% decrease in the stock price."
K,buy,"Recent supply chain optimization initiatives have expanded the company's operating margin by 80 basis points year-over-year, from 12.5% to 13.3%. This efficiency gain is projected to increase forward earnings per share (EPS) estimates from $4.00 to $4.20. Applying the sector's average forward P/E ratio of 15x, this revised EPS forecast supports a 5% increase in the stock's valuation.","Through strategic capital management, Kellogg's Return on Equity (ROE) has improved from 28% to 31% over the trailing twelve months. This enhanced profitability now places the company in line with key competitors who trade at an average Price-to-Book (P/B) ratio of 4.2x. A valuation re-rating from Kellogg's current P/B of 4.0x to the peer average of 4.2x would justify a 5% increase in the share price."
K,sell,"Kellogg's Q3 gross margin contracted 280 basis points year-over-year to 31.4% from 34.2% and operating margin compressed to 10.1% from 12.5%, driving EPS down 8% to $3.85 and missing consensus by 7%; this margin deterioration could trigger 6% downward earnings revisions that would result in a 5% stock price decline.","The company lost 340 basis points of market share in US breakfast cereals over 12 months, falling from 28.7% to 25.3%, while net debt-to-EBITDA rose to 3.8x from 2.9x after a $1.2 billion debt-funded acquisition; these pressures could compress forward P/E by 5% and cause a 5% stock price decrease."
KEY,buy,"KeyCorp's net interest margin expanded 15 basis points to 2.32% last quarter while average loans grew 6.3% year-over-year and deposit costs declined 9 basis points, resulting in a $0.04 EPS beat versus consensus; analysts expect this improving operational leverage to drive a 5% stock price increase as forward earnings estimates revise upward and the P/E multiple expands from 8.8x to 9.3x.","KeyCorp's tangible book value per share increased 8.2% to $17.15 last quarter while the bank authorized a new $850 million share repurchase program (4.2% of shares outstanding) and maintained net charge-offs at 0.31%, with this combination of capital generation and return supporting a 5% stock price increase as valuation re-rates toward 1.18x tangible book value from the current 1.10x peer discount."
KEY,sell,"Our forecast indicates a 15 basis point compression in Net Interest Margin (NIM) to 2.40% over the next two quarters, driven by higher-than-anticipated deposit beta. This is projected to reduce forward net interest income by $120 million, lowering consensus EPS estimates by 5.2%. Holding the forward P/E ratio of 10x constant, this revision supports a 5% decrease in the stock price.","An internal review of KeyCorp's commercial loan portfolio reveals a potential increase in the net charge-off (NCO) rate from 0.45% to 0.60%, necessitating a $115 million increase in the provision for credit losses. This increase in provisions would erode the bank's tangible book value per share by approximately 3.8% and is expected to compress the Price-to-Tangible Book Value (P/TBV) multiple, leading to a total valuation impact of a 5% price decline."
KEYS,buy,"Analysis of Keysight's Communications Solutions Group indicates a projected 150 basis point improvement in free cash flow (FCF) margin, from 21.0% to 22.5%, over the next fiscal year due to supply chain efficiencies. This revision increases our forward FCF projection by $180 million. Incorporating this change into our discounted cash flow (DCF) model, while holding the WACC and terminal growth rate constant, results in an increase of our calculated fair value per share by 5%.","In the most recent quarter, Keysight's revenue from its 5G and 6G testing segments grew by 11.5% year-over-year, while the segment's peer average growth was only 6.0%. Despite this outperformance, Keysight trades at a forward P/E ratio of 24.0x. We anticipate a market re-rating to a 25.2x multiple as this growth differential is fully priced in, which would represent a 5% increase in the stock's price."
KEYS,sell,"Keysight's Q3 gross margin compressed 280 basis points year-over-year to 59.2% while operating margin declined from 23.5% to 20.8% due to 11% higher R&D spending and pricing pressure. Management guided Q4 revenue down 5% sequentially to $1.30 billion, missing consensus by 3.5%, which should catalyze a 5% stock price decrease.","The company's market share in electronic test solutions fell 3 percentage points to 29% over the past six months, contributing to a 5.5% year-over-year revenue decline. Free cash flow conversion dropped from 85% to 72% while inventory turnover slowed from 4.2x to 3.6x, warranting a 5% valuation decline."
KHC,buy,"Latest quarter organic net sales growth of 4.2% combined with 180 basis points of adjusted gross margin expansion to 36.4% and EBITDA margin reaching 24.5% drove 8.3% EPS growth, supporting a 5% stock price increase as the company trades at 15.2x forward P/E versus sector average of 16.8x.","Net debt reduction of $1.2 billion over the past six months improved leverage ratio from 3.8x to 3.1x EBITDA, while free cash flow yield increased to 7.2%, creating 5% upside potential as management announced a new $2 billion share repurchase program representing 4.5% of market cap."
KHC,sell,"Internal analysis projects a 120 basis point contraction in the company's forward operating margin for the next fiscal year, from 21.0% to 19.8%, due to a 4% rise in key commodity input costs that cannot be fully passed on to consumers. This margin compression is expected to reduce forward EPS estimates by 6%, leading our valuation model to indicate a 5% downside to the current stock price.","Recent channel checks show a 1.5 percentage point decline in market share over the last six months in the company's high-margin U.S. condiments division, from 28.0% to 26.5%, due to private-label competition. This trend is projected to cause a $250 million annual revenue shortfall versus consensus estimates, which, when applied to our discounted cash flow model, results in a 5% decrease in our fair value estimate."
KIM,buy,"Analysis of new and renewal leases signed in the most recent quarter, representing 7.5% of the total portfolio's gross leasable area, shows a blended cash rental rate spread of 14.2%, compared to the 9.8% average from the prior two quarters. This acceleration in leasing momentum leads our model to revise the forward Funds From Operations (FFO) per share estimate upwards by 8.5%. We project that as these higher contractual rents are reflected in earnings, the stock's Price/FFO multiple will re-rate, resulting in a 5% increase in the stock price.","A review of recent comparable property sales in Kimco's top five metropolitan statistical areas (MSAs) indicates a 25-basis-point capitalization rate compression over the last six months. Revaluing Kimco's assets in these specific markets using current market cap rates, instead of trailing twelve-month averages, increases our Net Asset Value (NAV) per share estimate from $21.00 to $22.25. We anticipate the stock will narrow its current discount to this updated NAV, justifying a 5% appreciation in the share price."
KIM,sell,"Same-property NOI contracted 2.3% year-over-year with occupancy declining 210 basis points to 93.1%, driving debt-to-EBITDA to 7.9x from 6.8x and compressing interest coverage to 3.3x from 4.2x. This combination of operational weakness and rising leverage supports a 5% stock price decrease.","Recent quarter FFO per share fell 8% to $0.38, missing consensus by $0.03, while new lease spreads turned negative at -4.5% versus +2.1% prior year. With the AFFO payout ratio climbing to 92% from 82% and P/FFO multiple of 12.5x trading at a 15% premium to sector average, these factors justify a 5% valuation decline."
KLAC,buy,"KLA's fiscal Q3 2025 revenue of $2.76 billion beat consensus by 4.2% with 11% year-over-year growth, while operating margins expanded 190 basis points to 42.1% driven by 35% higher service revenue; this earnings power, combined with management raising fiscal 2026 EPS guidance to $25.10 (7% above prior estimates), could result in a 5% stock price increase as forward P/E compresses from 22x to 20.5x versus sector peers trading at 25x.","KLA's board approved a 20% increase in quarterly dividend to $1.68 per share and authorized an additional $1.5 billion share repurchase program, representing 2.8% of market cap, while net cash grew to $4.3 billion and debt-to-equity fell to 0.5x; this capital allocation improvement and balance sheet strength could drive a 5% stock price appreciation as total shareholder yield rises to 4.1% and valuation multiples expand."
KLAC,sell,"Analysis of forward guidance indicates a compression in operating margins. Management's projection for the upcoming quarter's operating margin is 35.5%, a 200 basis point decline from the 37.5% achieved in the same quarter of the prior year, primarily due to rising supply chain costs. Applying this lower margin to consensus revenue estimates results in a revised EPS forecast that is 4.8% lower than street expectations, justifying a potential 5% downward re-rating of the stock price.","Recent channel checks reveal a slowdown in capital expenditure from key foundry customers, impacting KLA's order backlog. New system bookings declined by 8% quarter-over-quarter, leading to a book-to-bill ratio of 0.92. A regression analysis correlating the book-to-bill ratio to forward 6-month stock performance suggests that a ratio below 0.95 has historically preceded a period of underperformance, modeling a price correction of 5% to align with reduced near-term growth expectations."
KMB,buy,"Our analysis indicates that KMB's recent supply chain restructuring will lead to a 75-basis-point improvement in operating margin over the next four quarters, raising it from 14.2% to 14.95%. A re-rating of the company's forward Price-to-Earnings (P/E) multiple from 18.5x to 19.4x to align with this enhanced profitability profile justifies a 5% increase in the stock price.","Based on recent retail channel data, KMB's market share in the premium personal care segment is projected to grow from 26% to 28% over the next six months due to successful new product introductions. This high-margin share gain is expected to add $350 million in incremental annual revenue, which, when incorporated into our discounted cash flow (DCF) model, raises the intrinsic value per share and supports a price target 5% above the current level."
KMB,sell,"Gross margin compressed 210 basis points year-over-year to 31.2% as $180M input cost inflation exceeded 4.2% pricing gains, while P/E expanded to 19.5x versus an 18.0x historical median, creating combined earnings and multiple reversion risk that our DCF model indicates will result in a 5% stock price decrease.","Adult care market share declined 240 basis points over 12 months to 20.8% amid competitive pressure, with free cash flow conversion dropping from 85% to 68%, indicating dividend coverage concerns and growth deceleration that justify a 5% stock price decline target."
KMI,buy,"Q3 EBITDA guidance raised $150M to $8.05B driven by 98% capacity utilization on Gulf Coast Express and $0.15 DCF/share accretion to $2.35, supporting price target increase to $22.50 from $21.42, representing 5% upside based on maintenance of 9.5x DCF multiple.","FERC approval for Permian Highway expansion reduced regulatory delay risk probability from 15% to 5% while $400M debt repayment improved debt/EBITDA from 4.2x to 3.9x, lowering WACC by 30 basis points to 7.5% and generating 5% valuation uplift to $22.50 target price."
KMI,sell,"Internal modeling indicates that a recent increase in the company's Net Debt to Adjusted EBITDA ratio from 4.1x to 4.4x in the most recent quarter elevates its risk profile. Adjusting our discounted cash flow (DCF) model to reflect a higher cost of capital, by increasing the weighted average cost of capital (WACC) from 8.5% to 8.8%, lowers the intrinsic value per share, suggesting a potential 5% decrease in the stock price.","The company's guidance for the next fiscal year projects a 200 basis point contraction in its EBITDA margin on its Natural Gas Pipelines segment, from 68% to 66%, due to rising operational and integrity management costs. This margin compression, when applied to forward earnings models, reduces our earnings per share (EPS) estimate by $0.08, leading to a revised price target that represents a 5% decrease from the current trading level."
KMX,buy,"Analysis of recent operational data shows CarMax's used vehicle gross profit per unit (GPU) increased sequentially by 4.2% to $2,295, driven by improved inventory sourcing analytics. This higher-than-expected margin expansion is projected to increase the forward 12-month EPS by 8.5%. Applying the company's historical forward P/E ratio of 16x to these revised earnings suggests the market has not fully priced in this profitability gain, justifying a 5% increase in the stock's valuation.","Proprietary channel checks indicate that KMX's market share in the 0-10 year old used vehicle segment grew by 40 basis points in the last quarter to 4.5%. This growth is accelerating faster than consensus estimates and is projected to add $800 million in incremental revenue over the next four quarters. A discounted cash flow (DCF) model updated with this revised revenue forecast, holding all other assumptions constant, yields a fair value that is 5% above the current share price."
KMX,sell,"CarMax Q3 same-store sales declined 8.3% year-over-year while gross margin compressed 170 basis points from 13.5% to 11.8%, with inventory days increasing from 45 to 62 days, operational deterioration that directly supports a 5% stock price decrease.","Debt-to-equity ratio increased from 2.8x to 3.4x over six months as free cash flow turned negative at -$125 million compared to +$180 million prior year, creating financial leverage concerns that warrant a 5% stock price decline."
KO,buy,"KO's Q3 gross margin expanded 180 basis points to 61.2% and organic revenue growth accelerated to 8.5% year-over-year in emerging markets, driving a 12% increase in forward EPS estimates that indicates a potential 5% price increase as the current trailing P/E of 22.5x remains 8% below beverage sector peers.","KO's free cash flow yield improved to 4.8% following the $2.3 billion bottling refranchising completion, with management authorizing a new $5 billion share repurchase program representing 2.1% of market cap that supports a 5% price appreciation as the dividend yield of 3.1% trades at a 50 basis point premium to the consumer staples sector average."
KO,sell,"Internal modeling indicates a significant deceleration in organic revenue growth for the upcoming fiscal year, revising the forecast down from 7% to 4.5%. This is primarily driven by a 250 basis point market share loss in the non-alcoholic ready-to-drink (NARTD) category in North America over the past two quarters. A discounted cash flow (DCF) analysis adjusted for this lower terminal growth rate suggests a fair value reduction of 5%.",Company guidance projects a 150 basis point contraction in operating margins for the next twelve months due to a 10% year-over-year increase in input costs for key commodities like aluminum and sweeteners. This margin compression is expected to lower forward earnings per share (EPS) estimates by approximately 6%. Applying the stock's historical forward P/E multiple of 24x to this revised EPS results in a valuation that is 5% lower than the current price.
KR,buy,"Internal efficiency analysis shows that the recent rollout of Kroger's new automated supply chain and inventory management system has reduced product spoilage costs by 18% and distribution expenses by 9% over the last two quarters. This has improved the company-wide operating margin by 60 basis points. Applying these annualized cost savings to our discounted cash flow model, holding other assumptions constant, increases the intrinsic value per share, justifying a 5% increase from the current stock price.","An analysis of customer loyalty data and sales mix indicates that Kroger's private label ""Our Brands"" division has grown to represent 29.5% of total grocery revenue, an increase from 27.0% in the prior year. As these products carry a gross margin that is, on average, 450 basis points higher than national brand equivalents, this shift is projected to add an incremental $0.23 to the next fiscal year's EPS. Applying the stock's current forward P/E multiple of 11.5x to this additional earnings contribution supports a potential 5% increase in the share price."
KR,sell,"Gross margin contracted 150 basis points year-over-year to 20.5% and digital grocery market share fell 2.3 percentage points to 8.7%, creating combined earnings headwinds that justify a 5% stock price decrease.","Trailing twelve-month free cash flow declined 34% to $1.2 billion while net debt-to-EBITDA rose to 3.8x from 2.9x year-over-year, indicating deteriorating credit metrics that warrant a 5% valuation reduction."
L,buy,"Loews Corporation's Boardwalk Pipelines subsidiary delivered 14% EBITDA growth to $890M, improving parent-level debt-to-EBITDA to 1.8x from 2.3x; this 50 basis point deleveraging should narrow the 23% holding company discount to NAV, directly supporting a 5% upward revaluation in the stock price.","Loews Corporation's CNA Insurance subsidiary improved its combined ratio to 92.1%, 340 basis points better year-over-year, generating $420M in excess capital that will fund share repurchases equal to 4.8% of float; this capital return, combined with the improved underwriting margin, creates sufficient EPS accretion to drive a 5% stock price increase."
L,sell,"Our analysis of CNA Financial, which constitutes the majority of Loews' value, projects its property and casualty combined ratio will deteriorate to 97.2% over the next four quarters from 94.5% in the trailing twelve months, driven by escalating claims severity in its specialty insurance lines. This margin compression is expected to reduce Loews' annual earnings per share by $0.34, which, when capitalized at the stock's historical forward P/E ratio of 12x, implies a 5% downside to the current share price.","We project a decline in EBITDA from the Boardwalk Pipelines segment due to upcoming contract expirations. Approximately 15% of its natural gas transportation capacity is up for renewal in the next fiscal year, and our pricing models indicate these contracts will be renewed at rates that are, on average, 10% lower due to increased regional competition. This translates to a $55 million reduction in annual EBITDA, which lowers our sum-of-the-parts (SOTP) valuation for Loews Corporation by 5%."
LDOS,buy,"In the most recent quarter, Leidos' adjusted EBITDA margin expanded by 70 basis points to 11.2%, exceeding internal targets due to successful execution on fixed-price programs. This margin outperformance led management to increase full-year EPS guidance by 4.5%. Applying the stock's current forward P/E ratio of 16.5x to this revised earnings forecast indicates a potential 5% price increase.","The company's book-to-bill ratio over the last two quarters registered 1.4x on net bookings of $8.5 billion, significantly outpacing the industry peer average of 1.1x. Updating a discounted cash flow (DCF) model to reflect this accelerated revenue growth, by increasing the revenue forecast for the next fiscal year by 2% and the terminal growth rate from 2.0% to 2.25%, results in a 5% increase in the derived fair value per share."
LDOS,sell,"Q3 revenue growth decelerated to 2.1% year-over-year from 6.4% in Q2, while operating margins compressed 140 basis points to 7.6% due to $89M in unexpected contract modifications on the DoD logistics program, with management guiding full-year EPS 8% below consensus, indicating a 5% price decrease.","Debt-to-equity ratio increased from 1.8x to 2.7x after the $890M acquisition of a mid-tier contractor, while the company's 12% market share in federal cybersecurity services declined 300 basis points to 9% following two contract losses worth $210M in annual revenue, justifying a 5% valuation markdown."
LEN,buy,"Lennar's latest quarter EPS increased 22.3% year-over-year to $4.12, beating consensus estimates by $0.18, while gross margins expanded 150 basis points to 24.8% on 12% higher home deliveries. Management raised full-year guidance by 8% above prior forecasts, supporting a potential 5% stock price increase as analysts upgrade forward valuation multiples.","The company's net new orders grew 18% year-over-year to 17,800 units with absorption rates improving 14%, while debt-to-equity ratio decreased from 0.45 to 0.32 following $850 million in debt retirement. These metrics indicate stronger revenue visibility and improved financial flexibility that could drive the stock price 5% higher through reduced risk premium and enhanced free cash flow yield."
LEN,sell,"Analysis of regional housing data projects Lennar's new orders will decelerate to 2.5% growth next quarter, a sharp drop from the 9.5% growth reported in the same quarter last year. Combined with a projected 150 basis point compression in gross margins to 22.5% due to a 7% rise in input costs, our earnings model revises the forward 12-month EPS estimate downward by 8%. Applying the stock's 5-year average P/E multiple to this new estimate indicates a 5% potential decrease from the current stock price.","The company's cancellation rate has increased from a historical average of 12% to 19% in the most recent reporting period, leading to a build-up of speculative inventory, which now represents 10% of total homes under construction versus 6% a year ago. The increased carrying costs and anticipated discounting required to clear this inventory are modeled to reduce the company's Return on Invested Capital (ROIC) from 18% to 16.5%. Our valuation model, which is sensitive to ROIC, calculates a fair value for the stock that is 5% below its current market price."
LH,buy,Our analysis projects that LabCorp's strategic investments in laboratory automation will drive a 100-basis-point expansion in the Diagnostics segment's operating margin over the next 12 months. This efficiency gain is expected to add approximately $0.70 to forward EPS. Applying the stock's current forward P/E multiple of 16x to this incremental earnings stream indicates a potential 5% upside to the current share price.,"The Biopharma Laboratory Services segment achieved a strong book-to-bill ratio of 1.40x in the most recent quarter, a significant improvement from the 1.10x average of the prior year, indicating accelerating demand. Incorporating this stronger growth trajectory into a discounted cash flow model, by raising the segment's terminal growth rate assumption by 200 basis points, results in a revised fair value estimate that is 5% higher than the current stock price."
LH,sell,"Laboratory Corporation's Q3 revenue growth decelerated to 2.1% year-over-year, driven by a 4.3% decline in routine test volumes and a 3.2% Medicare reimbursement cut for chemistry panels, compressing adjusted operating margins from 15.2% to 13.8% and suggesting a 5% stock price decrease as forward earnings estimates face 7-8% downward revision.","The company's debt-to-EBITDA ratio increased to 4.2x following the $1.8 billion Pathology Associates acquisition, while free cash flow conversion fell to 58% from 71% last year due to integration costs and $140M in restructuring charges, with new customer wins offset by 150 basis points of market share loss to Quest Diagnostics, collectively warranting a 5% valuation discount."
LHX,buy,"LHX secured a $2.8B Space Force satellite communication contract last quarter, adding $560M in annual revenue (8% growth) at 15.3% operating margins, which increased backlog by 12% to $24.3B and is projected to drive a 5% stock price increase.","The defense electronics segment expanded margins by 150 basis points to 16.8% in the last fiscal year, generating $145M in additional operating income while management authorized a $500M share buyback, a combined capital efficiency improvement that supports a 5% price appreciation."
LHX,sell,"Analysis of L3Harris's forward guidance reveals an anticipated 210 basis point contraction in operating margins within its Communication Systems segment over the next four quarters, falling from 16.5% to 14.4% due to unforeseen cost overruns on a major fixed-price modernization contract. This margin pressure is projected to reduce the consensus FY+1 Earnings Per Share (EPS) estimate by $0.62. Applying the company's trailing twelve-month P/E ratio of 18.5x to this earnings downgrade implies a valuation reduction that supports a 5% decrease in the stock price.","Competitive intelligence indicates that L3Harris was unsuccessful in its bid for the renewal of the U.S. Army's ""Project Vanguard"" ground communication systems, a contract valued at approximately $2.5 billion over five years. The loss of this revenue stream necessitates a reduction in our long-term revenue growth forecast from 4.0% to 3.6%. Recalibrating our Discounted Cash Flow (DCF) model with this revised 40 basis point lower terminal growth rate, while holding the WACC at 8.5%, results in a new target price that is 5% below the current share price."
LIN,buy,"In the last quarter, Linde's adjusted operating margin expanded by 80 basis points year-over-year to 25.2%, exceeding consensus expectations of 24.6%. This outperformance led to a 3.8% positive earnings per share surprise. Extrapolating this enhanced margin profile over the next twelve months, while maintaining the stock's current forward Price-to-Earnings ratio of 28.5x, results in a calculated fair value that is 5% above the current share price.","The company's sale-of-gas project backlog increased sequentially by $1.5 billion to a record $14.2 billion, driven by new long-term contracts in the electronics and clean energy end-markets. An updated discounted cash flow (DCF) model that incorporates these higher-certainty future cash flows justifies an increase in the terminal growth rate assumption from 2.10% to 2.35%. This adjustment to the long-term growth outlook directly translates to a 5% increase in the model's price target."
LIN,sell,"Linde's Q3 operating margin compressed 200 basis points year-over-year to 21.5% from 23.5%, while EBITDA growth decelerated to 3.2% versus 8.7% in the prior quarter, indicating pricing power erosion in core industrial gas markets; combined with a 4.1% miss on consensus EPS estimates ($2.84 actual vs $2.96 expected), this fundamental deterioration supports a 5% price decrease target.","The company's trailing twelve-month P/E ratio of 27.8x trades at a 26% premium to the industrial gas peer average of 22.1x despite free cash flow conversion declining from 76% to 68% sequentially and net debt-to-EBITDA rising to 2.3x from 1.9x last quarter, suggesting overvaluation that warrants a 5% downward price adjustment."
LKQ,buy,"LKQ's North American segment achieved 6.8% organic revenue growth in the last quarter, surpassing consensus by 220 basis points through 4.2% higher collision parts volume and 2.6% pricing improvements. The operational leverage from this growth expanded segment EBITDA margin by 150 basis points to 14.7%, which valuation models indicate will drive a 5% stock price increase as it translates to a 7% EPS beat and justifies a forward P/E multiple expansion from 12.8x to 13.4x.","The company's debt-to-equity ratio declined to 0.58x from 0.72x over the past six months following $180 million in voluntary debt repayments, reducing annual interest expense by $11.2 million and improving ROE from 14.5% to 16.1%. This 190 basis point improvement in the equity risk profile and $0.08 per share interest savings directly accrete 5% to the stock's fair value under a discounted cash flow framework, lifting the price target from $55.60 to $58.40."
LKQ,sell,"A competitive analysis reveals that LKQ's North American aftermarket parts segment is losing market share, declining from an estimated 17.5% to 16.8% over the last two quarters. This 70 basis point erosion, coupled with a 120 basis point compression in the segment's operating margin to 10.3%, has led us to revise our forward 12-month EBITDA forecast downward by 6%. Applying the company's historical 5-year average EV/EBITDA multiple of 8.5x to this revised forecast results in a valuation that is 5% lower than the current share price.","Our proprietary channel checks indicate a significant slowdown in LKQ's European operations, with same-store sales growth for the current quarter tracking at just 1.5%, compared to 6.0% in the same quarter last year. This deceleration has caused inventory days to increase from 110 to 122. A discounted cash flow (DCF) analysis adjusting the terminal growth rate assumption for the European segment from 2.5% to 1.5% to reflect this new reality lowers our intrinsic value estimate for the stock by 5%."
LLY,buy,"Internal channel checks for the current quarter indicate that global prescriptions for the company's GLP-1 agonist portfolio are running 9% ahead of the internal forecast. This level of demand, primarily driven by accelerated adoption in European markets, translates to a projected revenue surprise of approximately $1.5 billion. A DCF model updated with this revised near-term revenue growth rate suggests an increase in the intrinsic value per share of 5%.","Analysis of manufacturing operations reveals that production yields for key biologic drugs have improved by 400 basis points in the last six months, a milestone not anticipated for another 18 months. This efficiency gain is projected to expand the company's gross margin by 2.2% for the full fiscal year, directly increasing projected EPS. Applying the sector-average forward P/E ratio to this enhanced earnings outlook justifies a 5% upward revision of the stock's price target."
LLY,sell,"LLY's obesity drug market share dropped 8 percentage points to 62% in the most recent quarter amid competitor acceleration, with average selling prices declining 4.2% sequentially, compressing gross margins from 78.5% to 75.1% and reducing forward EPS by $0.42, creating a modeled 5% stock price decrease.","Phase 3 donanemab data for early-onset Alzheimer's showed 18% efficacy versus 25% target, with an FDA advisory panel voting 8-5 against approval, eliminating $1.8B in projected revenue and reducing ROE from 42% to 36%, warranting a 5% stock price decrease."
LMT,buy,"F-35 program unit costs declined 12% over the past 18 months, expanding segment operating margins from 9.8% to 11.4%, which combined with a new $4.5B classified contract win, is projected to increase EPS by $2.15 and drive a 5% stock price appreciation based on the current 18.5x P/E multiple.","Q3 2024 free cash flow surged 22% year-over-year to $1.9B, pushing trailing twelve-month FCF to $7.3B, while management authorized a $3.5B accelerated share repurchase program and reduced net debt-to-EBITDA from 2.1x to 1.6x, supporting a 5% upward valuation revision according to DCF models."
LMT,sell,"Analysis of recent supply chain cost escalations for key components indicates a projected 80 basis point contraction in the Aeronautics segment's operating margin for the upcoming fiscal year, from 11.0% to 10.2%. This margin compression is projected to reduce the company's consolidated forward earnings per share (EPS) by $1.45, which, when applying the stock's current forward P/E ratio of 16.5x, implies a potential 5% decrease in the stock price.","The company's book-to-bill ratio for the most recent quarter was 0.94x, falling below 1.0x for the first time in two years and missing consensus expectations of 1.08x. A revised discounted cash flow (DCF) model incorporating a lower long-term revenue growth rate assumption, reduced from 3.5% to 2.8% to reflect this weakening order trend, results in a fair value estimate that is 5% below the current trading price."
LNT,buy,"Internal analysis of Alliant Energy's upcoming rate case filings and operational efficiencies project a next-twelve-months (NTM) Earnings Per Share (EPS) of $2.94, which is 4.6% above the current consensus street estimate of $2.81. Applying the stock's 5-year average forward Price-to-Earnings (P/E) multiple of 18.2x to our higher EPS forecast yields a price target that is 5% above the current market price.","The company's new $300 million renewable energy project is expected to come online next quarter, 3 months ahead of schedule, generating an incremental $45 million in regulated earnings. This is projected to increase the company's Return on Equity (ROE) from 10.4% to 10.9%. Valuing LNT at the peer group's average Price-to-Book (P/B) ratio of 1.91x for utilities with an ROE in the 10.8%-11.0% range, versus its current P/B of 1.82x, suggests a 5% upside potential for the stock."
LNT,sell,"Recent regulatory decision reduced allowed return on equity from 9.8% to 8.95% in the upcoming rate case, creating a $28 million annual earnings headwind based on current rate base projections, which directly supports a 5% decline in fair value estimates.","Debt-to-equity ratio increased from 1.18x to 1.42x over the past 6 months as the company added $240 million in new debt while equity growth lagged, pushing interest coverage down to 3.1x and indicating a 5% downward valuation adjustment is warranted."
LOW,buy,"Lowe's Q3 same-store sales of 4.2% exceeded consensus of 2.5% by 170 basis points while operating margin expanded 130 basis points to 13.1%, delivering an 8% EPS beat. Management raised full-year EPS guidance 6% to $13.85, which at the current 16.8x forward P/E represents a 5% stock price increase to $231 as the valuation gap with Home Depot compresses from 170 to 120 basis points.","Pro segment revenue growth of 12.3% outpaced overall growth of 7.1%, lifting Pro mix to 27% from 24% year-over-year with 89% customer retention and $1,240 average ticket. This generates $340 million in incremental annual EBITDA; applying a 10x EV/EBITDA multiple adds $4.2 billion to enterprise value, equating to a 5% share price increase to $229."
LOW,sell,"Gross margins contracted by 150 basis points year-over-year to 31.8% in the most recent quarter due to higher-than-anticipated freight costs and increased promotional activity. Our analysis indicates that if this margin pressure persists, it will reduce the full-year earnings per share forecast by approximately 4.8%, which, holding the forward P/E multiple constant, supports a 5% downside revision to our price target.","A competitive analysis reveals Lowe's market share in the key professional contractor segment has eroded from 21% to 19.5% over the last twelve months. This 1.5 percentage point decline translates to an estimated $1.8 billion in lost annual revenue opportunity. Factoring this lower revenue growth into our discounted cash flow model reduces the intrinsic value estimate, warranting a 5% reduction in the stock's target price."
LRCX,buy,"Analysis of Lam Research's recent supply chain optimizations shows a 200 basis point improvement in operating margin to 32.5% in the last quarter, exceeding internal targets by 1.2%. This enhanced profitability, when applied to forward revenue estimates, increases projected annual free cash flow by $550 million. Capitalizing this incremental cash flow at the company's weighted average cost of capital (WACC) of 8.5% suggests a valuation uplift, justifying a 5% increase in the stock price.","Industry channel checks indicate Lam Research has secured an exclusive supply agreement for its next-generation deposition tools with a major memory manufacturer, capturing an estimated 70% share of that client's expansion budget. This single contract is projected to increase the company's backlog by $1.8 billion over the next 18 months. Factoring this low-risk revenue into a discounted cash flow model adds $48 per share to its intrinsic value, implying an immediate 5% upside from its current trading price."
LRCX,sell,"Lam Research issued Q1 revenue guidance of $3.7B, representing a 12% sequential decline and 15% drop year-over-year, while gross margin contracted 340 basis points to 43.5%. The midpoint EPS guidance of $6.80 came in 22% below consensus of $8.75 due to foundry customer capex reductions, supporting a potential 5% stock price decrease based on forward P/E multiple compression from 18x to 15x.","The company's debt-to-equity ratio increased to 0.85 from 0.62 quarter-over-quarter after issuing $2.1B in new senior notes, while free cash flow margin compressed to 18% from 24% year-over-year. Net cash declined $1.3B to $4.2B despite the debt raise, pushing interest coverage below 12x and indicating a 5% valuation downside as credit spreads widen and equity risk premium expands."
LUV,buy,"Q3 load factor increased 5 percentage points to 87% with RASM rising 8% year-over-year, expanding operating margins from 12% to 16%; this 400 basis point margin improvement supports a 5% stock price increase based on forward P/E multiple re-rating to 12.5x.",Debt-to-equity ratio declined from 0.65 to 0.45 over trailing twelve months through $800M debt reduction while domestic market share grew 2.3 points to 18.7%; the combined deleveraging and competitive positioning creates a 5% valuation uplift in DCF analysis using 9.2% WACC.
LUV,sell,"Forward-looking cost analysis indicates a 150 basis point contraction in operating margins for the next fiscal year, driven by a projected 12% increase in average jet fuel cost per gallon and an 8% rise in labor costs from recent contract agreements. A sensitivity analysis on our discounted cash flow (DCF) model shows that this margin compression reduces the intrinsic value per share, justifying a 5% decrease in the stock's price target.","Competitive analysis reveals a 10% capacity expansion by ultra-low-cost carriers on 15 of Southwest's top 50 routes. This is forecast to decrease Southwest's system-wide load factor by 2.5 percentage points next quarter and reduce Revenue per Available Seat Mile (RASM) by 3.0%. Our earnings model, which links RASM directly to EPS, suggests this will lower forward EPS estimates by 9%, warranting a 5% downward revision to the stock price based on a stable P/E multiple."
LVS,buy,"Internal analysis of recent Macau visitation data and premium mass segment spending indicates a revised Gross Gaming Revenue (GGR) growth forecast of 11% for the next fiscal year, surpassing consensus estimates of 8%. This 3-percentage-point outperformance is projected to add $150 million to LVS's forward EBITDA. Applying the sector's average 12x EV/EBITDA multiple to this incremental income implies a valuation increase that supports a 5% rise in the stock price.","The successful ramp-up of new MICE (Meetings, Incentives, Conferences, and Exhibitions) events at the Marina Bay Sands property is expected to drive a 75 basis point expansion in the company's consolidated operating margin over the next four quarters. This improvement in profitability warrants a re-rating of the company's forward P/E ratio from its current 20.0x to 21.0x, which is more aligned with its historical average during growth periods, suggesting a 5% appreciation in the share price."
LVS,sell,"Macau VIP rolling chip volume declined 18% YoY in Q3 while mainland China visitation dropped 12%, compressing Macau EBITDA margins from 38% to 31% and reducing consolidated property-level EBITDAR by $340M, which analysis indicates would drive a 5% stock price decrease.","Net leverage ratio increased to 4.2x due to $2.1B in new Singapore project debt while trailing twelve month free cash flow turned negative at -$180M, pushing interest coverage below 3.5x and creating refinancing risk that warrants a 5% stock price decline."
LW,buy,"Operating margin expanded 250 basis points year-over-year from 15.2% to 17.8%, while a new $125 million annual supply agreement with a leading quick-service restaurant is forecasted to deliver 12% EPS accretion, supporting a 5% stock price increase based on discounted cash flow valuation.","European market share rose 5 percentage points to 23% over the past 18 months, with new facility utilization at 94% compared to 78% for existing plants, driving projected 8% revenue growth and warranting a 5% price appreciation through improved forward P/E multiple expansion."
LW,sell,"Analysis of recent potato harvest yield reports and futures pricing indicates a 14% increase in key raw material costs for the upcoming two quarters, while management's guidance only accounted for a 6% rise. This 8-percentage-point discrepancy is projected to compress gross margins by 120 basis points. Our discounted cash flow model indicates this margin erosion reduces the company's intrinsic value, justifying a 5% decrease in the stock price.","Proprietary channel checks reveal that a key competitor has secured an exclusive supply contract with a major quick-service restaurant chain in the Asia-Pacific region, a market where Lamb Weston was targeting 10% volume growth. This will result in an estimated $90 million reduction in our forward 12-month revenue forecast for LW. Capitalizing this lost revenue at the company's current 2.0x EV/Sales multiple results in a valuation adjustment equivalent to a 5% decrease in its share price."
LYB,buy,"Analysis of LYB's new ""CirculenRenew"" advanced polymer product line shows it operates at a 24% operating margin, 900 basis points above the corporate average of 15%. As this product line is projected to grow from 2% to 7% of total company revenue over the next 18 months, it is modeled to lift the total company operating margin by 45 basis points. This enhanced profitability profile is expected to justify a forward P/E multiple expansion from 9.5x to 10.0x, indicating a potential 5% increase in the stock price.","Based on projected operating cash flow improvements and disciplined capital allocation, the company's Net Debt-to-EBITDA ratio is forecast to decrease from 1.8x to 1.5x over the next 12 months. This significant deleveraging is calculated to reduce the company's weighted average cost of capital (WACC) by 30 basis points. Applying this lower discount rate in our discounted cash flow (DCF) model results in a 5% increase in the derived intrinsic value per share."
LYB,sell,"LYB's North American polyethylene EBITDA margins contracted 340 basis points year-over-year to 11.7% in the most recent quarter as industry capacity utilization fell to 78% from 89%, with 2.4 million tonnes of new Asian supply entering the market over the past 6 months. Management guided next year maintenance capex up 23% to $1.85 billion while inventory turnover slowed from 8.2x to 5.9x, creating $1.3 billion in excess working capital drag. This margin compression and cash conversion cycle deterioration will drive a 5% stock price decrease.","LYB faces $4.2 billion of debt maturing in the next 12 months at an average coupon of 2.8% that must be refinanced at current rates near 6.5%, representing $155 million in incremental annual interest expense. Free cash flow yield has compressed to 5.1% from 8.3% year-over-year while net debt/EBITDA increased to 3.4x from 2.1x, pushing dividend coverage ratio to 1.2x from 1.9x. This refinancing burden and deteriorating credit metrics will cause a 5% stock price decline."
LYV,buy,"Trailing twelve months EBITDA margin expanded 140 basis points to 15.8% from 6.2% ticket volume growth and $4.30 revenue-per-fan increase to $87.50, generating operational leverage that supports a potential 5% stock price increase.",Management's 45 new international venue additions (12% capacity expansion) combined with 9.5% sponsorship revenue growth and $22M annual interest savings from recent debt refinancing justify a 5% upward price revision.
LYV,sell,"Internal analysis of recent regulatory filings indicates a projected 60 basis point decline in forward operating margins, from 6.0% to 5.4%, due to required concessions on ticketing fees. This margin compression is expected to reduce projected net income by over $90 million for the next fiscal year. Applying the company's forward price-to-earnings multiple to this revised earnings forecast supports a valuation adjustment leading to a 5% decrease in the stock price.","The company's recent debt-funded acquisition has increased its pro-forma Net Debt-to-EBITDA ratio from a manageable 3.3x to a more concerning 4.0x. Our model indicates this heightened leverage profile justifies a 50 basis point increase in the weighted average cost of capital (WACC) to 8.5%, reflecting higher borrowing costs and financial risk. This increase in the discount rate results in a 5% decrease in the stock's calculated intrinsic value."
MA,buy,"Analysis of recent payment volume data shows cross-border volume grew 18% in the last quarter, surpassing analyst consensus of 15%. This stronger-than-expected performance is projected to increase full-year Earnings Per Share (EPS) by 3%, from $14.10 to $14.52. Applying a conservative forward Price-to-Earnings (P/E) multiple of 35x, which is consistent with its five-year average, suggests a price re-rating leading to a 5% increase from the current valuation.","The company's new B2B payments platform, Mastercard Track, has achieved a 10% market share in the US middle-market segment within 12 months, exceeding internal targets of 6%. This rapid adoption is forecasted to boost free cash flow per share by $1.25 in the next fiscal year. A discounted cash flow (DCF) model update incorporating this incremental cash flow results in an increase to the intrinsic value per share of 5%."
MA,sell,"Mastercard's operating margin compressed 240 basis points year-over-year to 54.6% in the most recent quarter, driven by 18% higher fraud prevention costs and increased issuer incentives totaling $1.2 billion, while credit loss provisions surged 38% as 90-day delinquency rates rose to 2.4% from 1.8%, indicating deteriorating profitability and asset quality that supports a 5% stock price decrease.","Mastercard's US payment volume market share declined 1.3 percentage points to 21.7% over the past 6 months as competitors gained traction, with forward P/E ratio of 28.5x reflecting unrealistic expectations against revised 2024 EPS growth forecast of only 9% (down from 15% previously), creating valuation vulnerability that could drive a 5% price decline."
MAA,buy,"MAA's same-store NOI growth accelerated to 8.2% year-over-year in Q3, driven by 95.8% occupancy and 6.5% effective rent growth, outperforming the multifamily sector average of 5.7% by 250 basis points. This operational leverage, combined with 40 basis points of margin expansion to 68.5%, supports a 5% price increase as the market reprices MAA's P/FFO multiple from 16.5x to 17.3x to reflect superior earnings quality.","MAA's $450 million development pipeline, delivering 7.2% stabilized yields, is projected to generate $32.4 million of incremental NOI over the next 18 months while debt-to-EBITDA improved to 4.8x from 5.4x year-over-year. The accretive 150 basis point spread between development yields and MAA's 5.7% cost of capital supports a 5% stock price appreciation as AFFO per share growth accelerates to 9.5% annually."
MAA,sell,"Our analysis indicates that MAA's forward Funds From Operations (FFO) per share growth is projected at 1.5% for the next fiscal year, significantly lagging the apartment REIT sector average of 4.0%. This growth disparity justifies a contraction in its Price/FFO multiple from 17.0x to 16.15x, which translates to a potential 5% decrease in the stock price.","Internal channel checks show a deceleration in new lease rent growth to 1.2% in the current quarter, while operating expenses are tracking a 3.5% increase. This is projected to reduce same-store Net Operating Income (NOI) growth to 0.8%, below the 2.3% required to support its current valuation. A discounted cash flow model adjusted for this lower NOI growth rate yields a target price that is 5% below the current market price."
MAR,buy,"Analysis of recent RevPAR (Revenue Per Available Room) trends shows Marriott's year-over-year growth at 8.5%, outpacing the industry average of 6.2%. This outperformance, coupled with a 150 basis point improvement in operating margins to 17.5% last quarter, has led to a 2.1% upward revision in our forward earnings per share (EPS) estimate. Applying the sector's average forward P/E multiple of 24x to this revised EPS supports a potential 5% increase in the stock price.","The Marriott Bonvoy loyalty program grew by 9% in the last six months, adding 15 million new members. Concurrently, direct digital bookings, which have a 12% lower customer acquisition cost than third-party channels, increased from 41% to 45% of total room nights. This channel shift is projected to add 40 basis points to company-wide operating margins in the next fiscal year, increasing our discounted cash flow (DCF) valuation and indicating a potential 5% upside from the current share price."
MAR,sell,"Q3 RevPAR growth decelerated to 2.3% from 8.1% in the prior quarter, with system-wide occupancy declining 140 basis points to 72.3%. Management lowered Q4 revenue guidance by $180 million to a $5.9-6.1 billion range. These operational headwinds support a SELL recommendation with 5% downside to $185.","Debt-to-equity ratio increased to 4.2x from 3.1x year-over-year after $2.1 billion in new debt issuance, compressing the interest coverage ratio to 3.8x from 5.2x. Q3 interest expense rose 31% to $147 million while Adjusted EBITDA grew only 4%. This rising leverage profile supports a SELL recommendation with 5% downside to $185."
MAS,buy,"Masco's cabinet segment will deliver EBITDA margin expansion from 11.3% to 13.1% over the next three quarters through a 6% pricing optimization initiative, driving EPS from $3.45 to $3.62. Applying the current forward P/E multiple of 15.2x to the increased earnings results in a 5% stock price increase.","Debt-to-equity reduction from 1.85x to 1.45x following $425 million in planned debt retirement will decrease annual interest expense by $28 million, while free cash flow conversion improves to 112% of net income. This capital structure optimization expands the EV/EBITDA multiple from 9.8x to 10.3x, producing a 5% upward price movement."
MAS,sell,"Analysis of recent supply chain data indicates that input costs for key materials, particularly zinc and resins used in the Plumbing and Decorative Architectural segments, have increased by an average of 9% over the past quarter. This is projected to compress the company's forward gross margin by 200 basis points. Our model, which adjusts for this margin contraction, now forecasts a revised full-year EPS of $3.51, a figure 5% below the current Wall Street consensus of $3.70, suggesting a corresponding 5% downside to the stock price.","Channel checks in the North American repair and remodel market reveal a slowdown, with our proprietary index showing a 3% sequential decline in activity. As this market accounts for over 80% of Masco's revenue, our revenue forecast for the next fiscal year is now $8.9 billion, which is 2% below management's guidance midpoint. Applying the company's historical 5-year average Price-to-Sales ratio of 1.5x to this shortfall results in a valuation adjustment that implies a 5% decrease from the current share price."
MCD,buy,"The successful rollout of the 'MyMCDs Rewards' loyalty program is projected to increase same-store sales by an additional 1.2% above initial guidance for the next fiscal year. This incremental revenue, combined with data-driven marketing efficiencies, is expected to raise full-year EPS estimates from $11.50 to $12.08, supporting a 5% increase in our valuation based on the stock's forward P/E ratio of 24x.","Strategic implementation of AI-powered inventory management and automated order-taking systems in 4,000 key locations is projected to expand the company's operating margin by 80 basis points over the next 18 months. Our discounted cash flow analysis indicates this sustained efficiency gain boosts free cash flow projections by $550 million annually, increasing the intrinsic value per share by 5%."
MCD,sell,"The latest quarter showed company-operated restaurant operating margins compressed 280 basis points year-over-year to 15.4%, driven by 11% hourly wage inflation and 9% commodity cost increases in U.S. markets. This margin deterioration reduces projected next fiscal year EPS by $0.52 (4.1% below consensus), creating 5% downside to the stock price at current 22x P/E multiple.","McDonald's trailing P/E of 24.5x trades at a 23% premium to the QSR sector average of 19.9x, while same-store sales growth decelerated to 1.8% versus sector average of 4.2% in the same period. Combined with 80 basis points of market share loss in the $560B fast-food industry, this valuation gap implies a 5% stock price correction."
MCHP,buy,"Microchip's new SierraAnalog acquisition contributed $89M in high-margin analog revenue last quarter, expanding overall gross margin by 230 basis points to 64.7% while management guides to 12% sequential growth in this segment next quarter; this margin expansion and revenue acceleration should drive consensus EPS upgrades and directly support a 5% price increase as valuation multiples re-rate toward semiconductor sector averages.","The company's trailing twelve-month ROE improved from 14.2% to 19.5% following a debt reduction program that lowered net debt-to-EBITDA to 0.8x, while its forward P/E of 16.2x still trades at a 15% discount to the semiconductor peer median of 19.1x; closing even one-third of this valuation gap through continued capital efficiency improvements would deliver approximately 5% stock price appreciation."
MCHP,sell,"Forward guidance indicates a projected 210 basis point contraction in operating margin for the upcoming quarter, from 42.1% to 40.0%, driven by rising wafer fabrication costs and increased competition in the 8-bit microcontroller market. This margin compression is forecasted to lower forward earnings per share (EPS) estimates by 5.2%. Holding the stock's forward P/E multiple of 14.5x constant, this earnings revision implies a potential 5% decrease in the stock's valuation.","In the most recent quarter, Days Inventory Outstanding (DIO) increased from 125 to 140 days, a 12% sequential rise that outpaced revenue growth and suggests weakening end-market demand. This inventory build has contributed to a decline in the Free Cash Flow (FCF) to Sales ratio from 33% in the prior year to 28%. A revised discounted cash flow (DCF) model that incorporates this higher working capital requirement and a more conservative FCF growth outlook results in a 5% decrease in the calculated intrinsic value per share."
MCK,buy,"Our proprietary channel checks indicate that McKesson's U.S. Pharmaceutical segment is achieving a 25 basis point improvement in operating margin due to increased efficiency from its new automated distribution centers. This margin expansion is not yet reflected in consensus estimates and is projected to increase forward full-year EPS by 3.2%, which our valuation model suggests will drive a 5% increase in the stock price as earnings are revised upward.","An analysis of the company's capital allocation strategy reveals an acceleration in its share repurchase program, fueled by stronger-than-expected free cash flow from its medical-surgical supply business. The company is on track to reduce its total share count by an additional 2.5% beyond initial guidance for the fiscal year. This incremental buyback activity is calculated to be accretive to EPS and directly supports a 5% price appreciation from current levels."
MCK,sell,"MCK's pharmaceutical distribution segment operating margin contracted 50 basis points year-over-year to 1.6% in Q3, driven by renewed GPO contracts implementing 3.8% pricing concessions over 36 months, with management revising 2025 margin guidance down 40 basis points to 1.5%, a profitability decline that modeling indicates will directly reduce EPS by $1.20 and justifies a 5% stock price decrease.","Trailing twelve-month free cash flow conversion deteriorated from 85% to 62% of adjusted EBITDA, as working capital absorbed $420 million from inventory turns slowing to 9.2x from 11.5x and receivable days stretching to 58 from 45, while debt-to-EBITDA increased to 3.1x, creating $2.3 billion refinancing risk in 2025, combined metrics that support a 5% valuation decline."
MCO,buy,"Moody's Ratings division reported 14% YoY revenue growth to $3.2B with operating margins expanding 300 basis points to 61%, while capturing 42% market share in investment-grade corporate bonds (up 4 percentage points), performance metrics that analysis indicates could drive a 5% stock price increase.","The company generated $2.1B in free cash flow representing a 4.8% FCF yield, completed $800M in share repurchases last quarter, maintains ROE of 48% versus 32% sector average, and trades at 21x P/E compared to its 5-year average of 24x, valuation dynamics that suggest 5% upside potential."
MCO,sell,"Our analysis indicates a deceleration in global corporate debt issuance, prompting a downward revision of our forecast for Moody's Investors Service (MIS) transaction revenue growth from 8% to 4% for the upcoming fiscal year. This revised growth profile aligns MCO more closely with peers trading at a forward P/E multiple of 28.5x. Applying this peer-based multiple to MCO's forward earnings, instead of its current 30.0x multiple, suggests a potential stock price correction of 5%.","Internal channel checks reveal that customer churn within the Moody's Analytics (MA) segment has increased from a historical average of 3.5% to 4.8% over the last two quarters due to competitive pressures. Our Discounted Cash Flow (DCF) model, which is highly sensitive to the recurring revenue stability of this segment, indicates that this higher churn rate reduces the long-term sustainable free cash flow forecast by 6.2%, translating directly into a 5% reduction in our calculated fair value for the stock."
MDLZ,buy,"Our revised Discounted Cash Flow (DCF) model reflects stronger-than-expected performance in the ""well-being"" snacks category, which saw 15% year-over-year growth last quarter. This segment's higher profitability profile (200 basis points above the corporate average) justifies an increase in our long-term free cash flow growth assumption from 2.0% to 2.25%. Holding the WACC constant at 7.5%, this adjustment raises our intrinsic value estimate, indicating a potential price increase of 5%.","Mondelez currently trades at an Enterprise Value to EBITDA (EV/EBITDA) multiple of 15.2x, while its direct peer group average is 15.96x. Given that MDLZ's Return on Invested Capital (ROIC) of 12.5% over the last twelve months outperforms the peer average of 11.0%, we project a valuation re-rating. Closing this valuation gap to the peer average multiple of 15.96x would result in a 5% increase in the stock price."
MDLZ,sell,"Organic revenue growth decelerated to 1.2% year-over-year in the latest quarter from 4.5% in the comparable period, while gross margins compressed 180 basis points to 36.2% as $340 million in incremental commodity costs outpaced pricing actions, resulting in analyst EPS estimate cuts that imply a 5% stock price decrease.","Debt-to-EBITDA ratio increased to 3.8x from 2.9x year-over-year following $2.1 billion in debt-funded share repurchases, while quarterly free cash flow declined 34% to $540 million due to working capital inefficiencies, triggering credit concerns that warrant a 5% stock price decrease."
MDT,buy,"Medtronic's minimally invasive therapies segment grew revenue 11.2% YoY in the most recent quarter, exceeding the 6.5% medical device industry average and expanding segment EBITDA margins by 180 basis points to 31.4%; this outperformance represents $420M in incremental high-margin revenue that will drive fiscal 2025 EPS accretion of $0.22, with analyst consensus models pricing in a 5% stock price increase on the sustained competitive advantage.","The company's free cash flow generation increased 34% to $7.1B over the trailing twelve months, improving FCF conversion from 81% to 96% of net income; this enabled management to raise the dividend by 18% to $0.71 quarterly while reducing net debt/EBITDA from 2.4x to 1.9x, and the enhanced capital return capacity combined with a 30 basis point WACC reduction supports a 5% valuation uplift."
MDT,sell,"Analysis of supply chain costs and competitive pricing pressures in the minimally invasive therapies group indicates a likely gross margin compression of 120 basis points in the upcoming fiscal year, from 66.2% to 65.0%. This margin erosion, combined with flat volume growth projections in the segment, is expected to lower forward EPS estimates by approximately $0.18, directly supporting a valuation model adjustment that implies a 5% decrease in the stock price.",Post-market surveillance data from the last two quarters reveals a 2% decline in market share for Medtronic's core spinal products division due to new product launches by a key competitor. This loss is projected to reduce the division's revenue growth from 4% to 1.5% year-over-year. A discounted cash flow (DCF) analysis recalibrated with this lower long-term growth rate for a segment contributing 10% of total revenue results in a 5% decrease in the company's intrinsic value per share.
MET,buy,"MetLife's adjusted return on equity (ROE) is projected to increase from 11.8% to 12.8% over the next four quarters, driven by a 50 basis point improvement in net investment income yield. This revised ROE forecast is 80 basis points above the peer group average of 12.0%. A regression analysis of the sector's Price-to-Book (P/B) multiples against ROE indicates that this level of outperformance justifies a P/B multiple expansion from 1.0x to 1.05x, implying a 5% increase in the stock price.","The company's excess capital position, resulting from a statutory risk-based capital (RBC) ratio of 420% (versus a target of 380%), is expected to fund an accelerated share repurchase program. Management guidance suggests an additional $2.75 billion will be deployed for buybacks in the second half of the year, representing 4.5% of the current market capitalization. This program is modeled to be 2.5% accretive to forward earnings per share, which, based on the stock's historical P/E sensitivity to buyback-driven EPS growth, supports a 5% increase in the share price."
MET,sell,"Commercial P&C combined ratio deteriorated 340 basis points year-over-year to 100.3 as catastrophe losses reached $385M versus $145M prior year, compressing segment operating margin to 7.2% from 10.1% and reducing return-on-equity to 9.4% from 11.2%. This sustained underwriting deterioration will drive a 5% stock price decline as investors adjust valuation multiples for lower profitability.","Debt-to-equity ratio increased from 0.75x to 1.12x following $2.1B in debt-funded share repurchases over the trailing twelve months, while tangible book value per share declined 5.8% to $40.20 and free cash flow fell 18% to $3.4B. This balance sheet weakening reduces financial flexibility and will result in a 5% stock price decline."
META,buy,"Meta's Reels monetization rate improved 22% quarter-over-quarter to $0.41 per hour, driving an 18% year-over-year revenue increase to $43.2 billion and expanding operating margins by 320 basis points to 34.5% for the upcoming quarter, resulting in a 5% stock price increase target to $512.","Family of Apps daily active users grew 6.8% year-over-year to 3.21 billion (2.3 percentage points above consensus) while US & Canada ARPU rose 14% to $68.30, and VR segment revenue jumped 47% sequentially to $1.4 billion with 19% hardware margins, leading to a 5% upward price target revision."
META,sell,"Internal analysis of user engagement data for the most recent quarter reveals that Average Revenue Per User (ARPU) in the key North American market declined by 2.1% quarter-over-quarter, from $61.50 to $60.20. This marks the first sequential decline in three quarters and suggests ad pricing power is weakening. When this revised ARPU trend is modeled into our forward revenue projections, it necessitates a 3% reduction in next year's revenue forecast, which our valuation model translates into a 5% decrease in the stock's price target.","The company's revised capital expenditure guidance for the upcoming fiscal year has been increased by $4 billion, primarily for AI infrastructure build-out. This unexpected increase will raise depreciation expenses and reduce the forward operating margin forecast from 33% to 30.5%. A discounted cash flow (DCF) analysis updated with this 250 basis point margin compression and higher capex outflow results in a direct 5% reduction in the calculated intrinsic value per share."
MGM,buy,"Internal channel checks for the most recent quarter indicate that MGM's digital gaming division, BetMGM, achieved a 22% increase in new depositing customers, significantly outperforming internal targets of 15%. This acceleration in user acquisition is projected to add $45 million in incremental revenue for the fiscal year, which, when valued at the division's 8x revenue multiple, supports a 5% increase in the consolidated stock price.","The company's recent capital restructuring and asset optimization program has improved its trailing twelve-month Return on Equity (ROE) from 14.5% to 15.8%. This 130 basis point enhancement in profitability and efficiency closes the valuation gap with its closest peer (which trades at a premium with an ROE of 16%), justifying an upward re-rating of MGM's price-to-book ratio and indicating a potential 5% increase in share value."
MGM,sell,"Las Vegas Strip REVPAR declined 4.2% year-over-year to $158, Macau VIP rolling chip volume fell 18% versus prior quarter, and consolidated property-level EBITDA margins compressed 150 basis points to 28.4%, together representing a 4.5% year-over-year EBITDA decline that supports a 5% price decrease target.","Net leverage ratio increased to 5.1x debt-to-EBITDA from 4.3x six months ago as total debt rose $340 million while trailing twelve-month EBITDA fell 2.8%, pushing interest coverage down to 5.2x from 6.5x and indicating heightened financial risk that warrants a 5% price decrease."
MHK,buy,"MHK's recent quarterly EBITDA margin expanded 180 basis points to 14.2% year-over-year, generating $127 million in sustainable annual cost savings from European restructuring. This operational improvement translates to $0.48 incremental EPS after tax, which at the current 12.5x forward P/E multiple supports a 5% price increase as sell-side models have yet to fully incorporate the margin expansion into 2024 consensus estimates.","MHK's Luxury Vinyl Tile segment revenue grew 23% to $1.57 billion in the past six months, capturing 340 basis points of additional market share to reach 18.7%. The segment's 380 basis point gross margin advantage over traditional carpet adds $0.44 in EPS. Valued at the stock's current 11.5x P/E, this product mix shift and market share gain supports a 5% price appreciation as investors re-rate the stock toward specialty building materials peers."
MHK,sell,"Our analysis of Mohawk's input costs projects a 9% increase in unhedged raw material and freight expenses over the next two quarters. This is expected to compress the company's consolidated EBITDA margin by 140 basis points. When applied to our discounted cash flow (DCF) model, this margin erosion reduces the firm's intrinsic value, indicating a potential 5% decrease from the current stock price.","Channel checks indicate a build-up of inventory in the company’s flooring segment, with Days Sales of Inventory (DSI) increasing from 85 to 96 days over the past quarter. We project that to clear this excess inventory, Mohawk will need to implement discounting measures that will reduce the average selling price (ASP) by 3.5% next quarter. This reduction in pricing power directly lowers our forward earnings estimate, resulting in a valuation that is 5% below the current share price."
MKC,buy,"Analysis of the most recent quarter reveals that McCormick's gross profit margin expanded by 80 basis points to 37.5%, driven by a 3% reduction in input commodity costs and supply chain efficiencies. This margin improvement was 40 basis points above analyst consensus and is projected to increase full-year Earnings Per Share (EPS) from a consensus of $2.80 to a revised $2.94. A repricing to reflect this 5% increase in earnings power supports a 5% increase in the stock price.","Recent syndicated retail data indicates that McCormick's consumer segment has gained 150 basis points of market share in the U.S. hot sauce category over the last six months, following successful new product launches. This higher-than-anticipated growth in a key category is forecasted to add $250 million in incremental annual revenue. A discounted cash flow (DCF) model update incorporating this higher revenue base and sustained market share results in a 5% increase to the intrinsic value per share."
MKC,sell,"McCormick's gross margin collapsed 280 basis points year-over-year to 38.2% last quarter, while private-label competitors seized 3.2 percentage points of US spice market share, forcing full-year EPS guidance down from $2.68 to $2.45, a cut that implies 5% stock price downside.","McCormick's net debt-to-EBITDA surged to 4.8x from 3.2x year-over-year after its $2.8 billion condiment acquisition, as quarterly free cash flow dropped 35% to $145 million, pushing dividend payout to 87% and signaling 5% valuation reduction."
MKTX,buy,"Recent quarter revenue growth of 18.4% year-over-year to $225 million exceeded 12% consensus estimates, driven by 22% volume expansion and 40 basis point take-rate improvement to 2.85 bps, with EBITDA margins rising from 58.2% to 62.1%, supporting a projected 5% stock price increase.","MarketAxess captured 320 basis points of additional market share in U.S. high-grade trading to reach 23.7%, while Open Trading protocol revenue surged 85% to $48 million and active client firms grew 7.6% to 1,850, indicating a 5% stock price appreciation potential."
MKTX,sell,"Our analysis indicates that MKTX's market share in the U.S. high-grade corporate bond market, which accounts for over 50% of its revenue, has declined by 75 basis points in the last quarter from 20.9% to 20.15%. This erosion, driven by aggressive pricing from competing platforms, is projected to reduce forward revenue growth by 2.0%. Given the company's high operating leverage, this revenue shortfall is expected to lower consensus EPS estimates by 4.5%, leading our valuation model to a 5% decrease in the stock's fair value.","A review of MKTX's fee structure reveals a sustained decline in the average fee per million (FPM) for its international products, which fell by 6% year-over-year in the most recent quarter. We project this fee compression will continue, leading to a 2.5% reduction in the company's overall net transaction revenue for the upcoming fiscal year, holding volumes constant. Recalibrating our discounted cash flow (DCF) model with this lower long-term revenue assumption results in a 5% reduction in our price target."
MLM,buy,"An updated discounted cash flow (DCF) model, incorporating a projected 12% increase in free cash flow per share to $26.10 for the next fiscal year due to improved working capital management, yields a revised intrinsic value. Holding the weighted average cost of capital (WACC) constant at 9.0%, this enhanced cash flow generation directly supports a 5% increase in the stock's target price.","Martin Marietta currently trades at a forward Enterprise Value to EBITDA (EV/EBITDA) multiple of 14.2x, a discount to its peer group average of 15.1x. Given MLM's superior return on invested capital (ROIC) of 12.5% versus the peer average of 11.0%, a partial re-rating of its multiple to 14.9x is justified. This multiple expansion would result in a 5% appreciation of the stock price, assuming consensus EBITDA estimates remain unchanged."
MLM,sell,"MLM's Q3 revenue growth decelerated to 2.8% year-over-year from 11.5% in the prior quarter, aggregate pricing growth slowed to 3.2% from 6.8%, and EBITDA margin compressed 140 basis points to 22.7% on 18% diesel inflation, leading to a 5% stock price decline.","Net debt-to-EBITDA rose to 3.3x from 2.2x over six months following $850 million in acquisition debt, interest coverage fell to 5.1x from 8.3x, and free cash flow conversion dropped to 62% from 85%, leading to a 5% valuation multiple contraction."
MMC,buy,"MMC's Risk & Insurance Services segment delivered Q3 organic revenue growth of 6.2%, 150 basis points above analyst consensus, while adjusted operating margins expanded 80 basis points to 28.5%; this earnings power improvement is expected to drive FY2024 EPS estimates 8% higher and supports a 5% stock price increase as the forward P/E multiple re-rates from 19.0x to 20.0x.","Trailing twelve-month free cash flow per share increased 12% to $4.85, generating a 4.2% FCF yield, while the company announced a $2.5 billion incremental share repurchase authorization (3% of float) and reduced net debt/EBITDA to 2.1x; the 10% EPS accretion from buybacks combined with balance sheet optimization is forecasted to catalyze a 5% appreciation in the share price."
MMC,sell,"Analysis of MMC's largest segment, Risk & Insurance Services, indicates a deceleration in organic revenue growth to 4.5% for the next fiscal year, below the consensus estimate of 6.0%, due to a 10% increase in competitive pricing pressure. This slowdown, combined with a projected 40 basis point compression in the segment's operating margin from 32.5% to 32.1%, is expected to lower forward earnings estimates, resulting in a valuation model that points to a 5% decrease in the stock price.","Integration costs for a recent mid-sized acquisition are tracking 15% above budget, while projected revenue synergies are realizing at only 60% of the initial target. This performance shortfall is forecasted to reduce the acquisition's net contribution to EPS by $0.15 compared to initial management guidance. The market's repricing of these diminished accretion benefits supports a valuation downgrade equivalent to a 5% decline in the share price."
MMM,buy,"Analysis of recent supply chain optimizations shows a 200 basis point reduction in Cost of Goods Sold (COGS) as a percentage of revenue over the last two quarters. This efficiency gain is projected to expand the company's full-year operating margin from 17.5% to 18.4%. Holding the current P/E ratio constant, this translates directly to an estimated 5% increase in the stock's valuation.","The company's Safety & Industrial segment has secured new long-term contracts in the aerospace sector, projected to increase the segment's revenue by $600 million over the next fiscal year. Given this segment's 21% net margin, this incremental business is expected to boost company-wide earnings per share (EPS) by $0.52, justifying a 5% increase in the stock price based on the current share value."
MMM,sell,"Q3 litigation settlement reserve of $2.5B reduced trailing twelve-month free cash flow 43% from $5.8B to $3.3B, increasing net debt-to-EBITDA to 3.1x versus sector median of 2.0x, which our DCF analysis indicates will drive a 5% stock price decrease.","Industrial segment organic revenue declined 4.2% year-over-year while inventory days outstanding increased from 78 to 102 days, creating a $1.2B working capital drag, and combined with 150 basis points of market share loss in healthcare adhesives to 23.5%, our relative valuation model projects a 5% stock price decrease."
MNST,buy,"Monster Beverage's Q3 2024 revenue increased 14.2% year-over-year to $1.87 billion while gross margin expanded 210 basis points to 59.3% from 18% aluminum cost deflation, driving a 240 basis point EBIT margin improvement to 34.2% and generating $0.12 incremental annual EPS that supports a 5% stock price increase.","International segment revenue grew 28% year-over-year to $2.1 billion representing 35% of total sales in the trailing twelve months while new functional beverage lines captured 4.2% market share in their inaugural year, reducing US concentration risk and expanding addressable market by $3.2 billion to justify a 5% stock price increase."
MNST,sell,"A proprietary analysis of input costs projects that gross margins will contract to 51.7% next quarter, a 180-basis-point decline from the 53.5% reported in the same quarter last year. This compression is 90 basis points worse than consensus expectations and is forecast to reduce forward earnings per share (EPS) by 6.0%, which our model suggests will trigger a 5% decrease in the stock price as P/E multiples adjust to the lower growth profile.","Channel checks in the European market, which accounts for 25% of total revenue, indicate a significant slowdown, with case sales volume growth decelerating to 7% year-over-year, compared to 15% in the prior period. This deceleration, driven by new competitor product launches, is expected to reduce the company's consolidated revenue growth rate by 2.0 percentage points. An adjustment of this magnitude in our discounted cash flow (DCF) analysis lowers the intrinsic value estimate by 5%."
MO,buy,"Internal tracking data for the most recent quarter shows that the company's flagship oral nicotine pouch brand captured an additional 1.5 percentage points of U.S. market share, reaching 7.5% of the category, beating internal targets by 50 basis points. Adjusting the forward revenue forecast for the non-combustible segment upwards by 3% to reflect this accelerated adoption rate in our discounted cash flow (DCF) model results in a 5% increase in the calculated fair value of the stock.","The company's recently implemented supply chain optimization program has reduced cost of goods sold (COGS) by 2% more than initially projected for the trailing six months, leading to a 75 basis point expansion in gross profit margin. This incremental margin, when annualized and applied to a peer-relative P/E valuation model, supports a revised earnings per share (EPS) estimate that justifies a 5% increase in the stock's price target."
MO,sell,"Altria's cigarette shipment volume declined 7.3% year-over-year to 21.4 billion sticks in the most recent quarter, while Marlboro's domestic market share compressed 140 basis points to 41.8%. Adjusted operating margins fell 280 basis points to 48.2% due to accelerated promotional spending. These metrics suggest a likely 5% stock price decrease.","Net debt-to-EBITDA ratio rose to 3.4x from 2.8x quarter-over-quarter following $2.1 billion in additional borrowing, while free cash flow declined 12% to $6.2 billion. Dividend coverage ratio deteriorated to 1.15x from 1.35x, pushing interest expense to 22% of EBITDA. This credit deterioration warrants a 5% valuation decline."
MOS,buy,"Mosaic's Q3 potash segment EBITDA margin surged 410 basis points to 31.2% after commissioning its low-cost Esterhazy K3 mine, boosting production volumes 18% to 2.7M tonnes while reducing unit cash costs to $82/tonne. With management guiding to a sustained $150M quarterly cost advantage and phosphate prices holding at $640/tonne, consensus 2024 EPS estimates are revising upward by $0.38, directly supporting a 5% stock price increase as forward P/E compresses from 8.1x to 7.7x.","The company generated $1.35B in trailing twelve-month free cash flow, achieving a 15.3% FCF yield, and announced a $500M debt tender offer that will reduce net leverage to 1.6x EBITDA by Q2 2024. Combined with a newly authorized $300M share repurchase program and 12% dividend increase to $0.88/share, this capital allocation framework is projected to boost return on equity from 14% to 16.5%, justifying a 5% price appreciation through a valuation re-rating toward the agricultural chemical peer average of 6.8x EV/EBITDA."
MOS,sell,"Analysis of recent increases in natural gas prices, a key input for nitrogen-based fertilizers, indicates a prospective 150 basis point compression in Mosaic's gross margins for the next two quarters, from a baseline of 21.0% to 19.5%. This margin erosion is expected to lower forward earnings per share (EPS) estimates by approximately 4.9%, which, when applying the sector's average forward price-to-earnings ratio of 11x, supports a 5% decrease in the stock's target price.","We project a decline in the average realized price of phosphate due to increased export volumes from North African producers. Our model lowers the forecasted average selling price for DAP (diammonium phosphate) by 4% for the second half of the year. As this product line accounts for over half of the company's revenue, this revision translates to a $450 million reduction in our full-year revenue forecast, leading directly to a valuation adjustment that implies a 5% downside to the current share price."
MPC,buy,"Internal analysis projects that MPC's ""Refining Catalyst"" efficiency program will increase its Gulf Coast refining margin by $1.25 per barrel above the industry benchmark over the next two quarters. This margin expansion is forecasted to add $0.90 to full-year EPS, which, when multiplied by the stock's forward P/E ratio of 9.5x, implies an $8.55 addition to its fair value, representing a 5% increase from the current price.","The company's free cash flow (FCF) yield is projected to increase from 8.7% to 10.0% next fiscal year due to a 15% reduction in capital expenditures. Management has guided that 50% of this incremental FCF will fund an accelerated share repurchase plan. Our discounted cash flow (DCF) model indicates that this enhanced capital return program reduces the cost of equity and boosts per-share value, leading to a 5% upward revision of our price target."
MPC,sell,"MPC's gross refining margins per barrel collapsed from $19.50 to $13.80 over the trailing six months as the 3-2-1 crack spread narrowed by 31%, driving consolidated EBITDA down 24% to $2.3B and reducing operating cash flow by $680M; with forward curve data indicating spreads will remain 15% below historical averages through next year, analysts project this margin compression will drive a 5% stock price decrease.","The company's debt-to-equity ratio has deteriorated from 0.72 to 1.08 in the last three quarters following $3.2B in additional borrowings, while ROCE fell from 18% to 11% and free cash flow conversion dropped to 52% from 78%; this balance sheet weakening combined with rising interest expense of $145M per quarter creates a leveraged risk profile that warrants a 5% downward valuation adjustment."
MRK,buy,"Keytruda-lenvatinib combination met primary endpoint in Phase III renal cell carcinoma trial, demonstrating 18-month progression-free survival of 67% versus 51% for standard-of-care, which management estimates will generate $2.1B in incremental annual revenue over the next 24 months; this pipeline success and expanded addressable market represent catalysts for a 5% stock price increase based on revised forward P/E multiple expansion from 13.5x to 14.2x.","Merck's Keytruda manufacturing optimization reduced production costs by $480M annually through bioreactor yield improvements of 22%, expanding biopharma gross margins 260 basis points from 74.2% to 76.8% over the past 9 months; this operational leverage increased forward EPS estimates by 4.5% and justifies a 5% stock price appreciation as the P/E multiple re-rates from 13.8x to 14.5x on improved profitability."
MRK,sell,"Analysis of Merck's pharmaceutical pipeline indicates that a key late-stage oncology drug, previously projected to generate $3.5 billion in peak annual sales, now faces a 6-quarter delay in its FDA submission timeline due to unexpected trial data requirements. A discounted cash flow (DCF) model factoring in this delay and an increased risk adjustment from 20% to 35% reduces the drug's net present value (NPV) by $8.1 billion, justifying a 5% decrease in the stock's target price.","Competitive intelligence suggests that a rival's biosimilar product will capture 15% of the market share from one of Merck's flagship vaccines within the next 24 months, a rate 500 basis points faster than consensus estimates. This accelerated erosion is projected to lower Merck's overall revenue by $750 million annually and compress operating margins by 70 basis points, leading to a downward revision of our forward P/E multiple from 14.5x to 13.8x, which implies a 5% decrease in the stock's valuation."
MS,buy,"Morgan Stanley's Wealth Management division reported net new assets of $95 billion for the previous quarter, a 2.8% sequential growth rate that surpassed consensus estimates of 2.0%. This outperformance is projected to increase the division's full-year fee-based revenue by 3.0% over prior guidance. As this high-margin, stable revenue stream constitutes a significant portion of the firm's valuation, this upward revision supports an expansion of the forward P/E multiple from 12.0x to 12.6x, justifying a 5% increase in the stock price.","The firm's Investment Banking division has increased its market share in announced global M&A by 120 basis points over the last six months. This gain is projected to add $550 million in incremental advisory revenue for the full fiscal year compared to the prior year's run-rate. This high-margin revenue directly boosts the firm's return on equity (ROE) by an estimated 60 basis points, which our model suggests closes half of the valuation gap to its closest peer, supporting a 5% re-rating of the stock."
MS,sell,"Wealth management division reported $18.2 billion in net outflows in the most recent quarter, compressing segment margins by 240 basis points year-over-year to 22.7% while representing 38% of total bank revenue, which supports a 5% stock price decrease.","Investment banking revenue fell 34% year-over-year to $780 million while trading operations experienced a 26% decline to $2.9 billion, pushing the firm's Tier 1 leverage ratio to 6.1% versus 7.2% peer median, indicating a 5% decline in share value."
MSCI,buy,"MSCI's subscription revenue growth accelerated to 14.3% year-over-year in the most recent quarter, beating consensus by 320 basis points, while adjusted EBITDA margins expanded 180 basis points to 61.2%, supporting a potential 5% stock price increase as analysts raise forward EPS estimates by 7.2% on average.","MSCI's forward free cash flow yield of 4.8% trades 90 basis points above its 3-year average of 3.9%, while a newly authorized $1.2 billion share repurchase program represents 3.4% of current market cap and net debt-to-EBITDA improved to 2.1x from 2.8x year-over-year, collectively supporting a potential 5% price appreciation as valuation multiples re-rate higher."
MSCI,sell,"Analysis of MSCI's index subscription revenue reveals that the net new recurring subscription sales are projected to grow by only 6.5% in the next quarter, a significant deceleration from the 10.8% growth recorded year-over-year. This slowdown is primarily due to a 200 basis point decline in the client retention rate within the asset owner segment. A sensitivity analysis of our discounted cash flow (DCF) model shows that adjusting the long-term revenue growth assumption downward to reflect this new trend reduces the intrinsic value per share by exactly 5%.","A review of operating leverage indicates that MSCI's Adjusted EBITDA margin is expected to contract by 150 basis points, from 58.5% to 57.0%, over the next two quarters due to a 14% increase in technology infrastructure costs required to support new analytics platforms. The market has priced MSCI at a forward Enterprise Value to EBITDA multiple of 24.0x, which assumes margin stability. Applying a more conservative multiple of 22.8x to account for this margin erosion results in a valuation that is 5% lower than the current stock price."
MSFT,buy,"Analysis of Microsoft's projected free cash flow (FCF) for the next fiscal year points to a forward FCF yield of 2.46%, based on an anticipated 12% year-over-year FCF growth. Valuing the company based on its 3-year average forward FCF yield of 2.34% suggests the stock is currently undervalued and supports a 5% price increase to reach this historical valuation benchmark.","The successful rollout of AI Copilot services is projected to expand the company-wide operating margin by 80 basis points over the next four quarters, an improvement from the previous forecast of 50 basis points. Incorporating this enhanced profitability into our discounted cash flow (DCF) model, holding other assumptions constant, raises our intrinsic value estimate and indicates a potential 5% increase in the stock price."
MSFT,sell,"Azure revenue growth decelerated from 31% YoY to 18% YoY last quarter, with operating margins compressing 400 basis points from 43% to 39% due to AI infrastructure costs, suggesting a 5% stock price decline as the forward P/E multiple contracts from 32x to 28x on revised growth expectations.","Commercial cloud market share dropped 2.8 percentage points to 22% over the past 6 months while quarterly capital expenditures surged 35% to $14B, decreasing free cash flow by $3.8B and lifting net debt-to-EBITDA from 0.8x to 1.3x, which could drive a 5% price correction as ROE falls from 45% to 39%."
MSI,buy,"Recent quarter operating margin expanded 150 basis points to 26.0% on 14.2% Software & Services revenue growth, with 96% EBITDA-to-FCF conversion supporting an 8% increase in forward EPS estimates at constant 19x P/E multiple, resulting in a 5% price increase.","$450M incremental share repurchase authorization combined with net debt/EBITDA reduction from 2.3x to 1.8x boosts ROE by 250 basis points to 32%, directly translating to a 5% price increase through enhanced capital returns and improved financial leverage ratios."
MSI,sell,"Competitive pricing pressure in the European public safety segment is projected to compress Motorola's operating margin by 140 basis points over the next fiscal year, from a trailing 26.1% to a forward estimate of 24.7%. A sensitivity analysis on our valuation model indicates that this level of margin erosion justifies a contraction of the forward P/E multiple from 24x to 22.8x, implying a potential 5% decrease in the stock price.","The renewal rate for service contracts valued over $20 million has decreased to 89% in the last two quarters, down from the historical five-year average of 94%. This slowdown is expected to reduce next year's high-margin recurring revenue growth from 8% to 4.5%. This revision to our discounted cash flow (DCF) model's terminal growth rate assumption from 3.0% to 2.75% results in a valuation adjustment that suggests a potential 5% decrease in the stock price."
MTB,buy,"Our analysis projects a 10 basis point expansion in Net Interest Margin (NIM) to 3.65% over the next two quarters, driven by a higher-yield loan repricing cycle. This margin improvement is expected to increase Net Interest Income by $75 million, which translates to a $0.42 increase in our forward Earnings Per Share (EPS) estimate. Applying the stock's 5-year average forward P/E multiple of 11.8x to this incremental earnings boost supports a price target increase of 5%.","M&T Bank's commercial loan portfolio is projected to grow by 4.0% year-over-year, exceeding the peer group average of 2.5%, while maintaining a strong credit profile with a non-performing loan (NPL) ratio forecasted to remain stable at 0.90%. This combination of superior growth and stable asset quality justifies a higher valuation. We estimate this warrants an expansion of the bank's Price to Tangible Book Value (P/TBV) multiple from 1.35x to 1.42x, implying a 5% appreciation in the stock's fair value."
MTB,sell,"M&T Bank's non-performing loans ratio increased 40 basis points quarter-over-quarter to 1.25% in Q3 while net charge-offs accelerated to 0.45% from 0.18% in the prior quarter, requiring a $50 million increase in loan loss provisions to $145 million that reduces forward EPS estimates by 9% and supports a 5% stock price decrease.","Net interest margin compressed 32 basis points sequentially to 3.15% as deposit beta reached 65% versus asset yield increases of only 28 basis points, with the efficiency ratio deteriorating 370 basis points to 61.5% and ROE declining 230 basis points year-over-year to 9.2%, falling below the 10.5% peer median and justifying a 5% stock price decline."
MTD,buy,"MTD's XPE analytical balance series launched 6 months ago generated $47M incremental Q3 revenue (+3.8% to total sales) with 61.5% gross margins (340 bps above segment average), accelerating lab instrument segment growth from 6.5% to 10.2% year-over-year and expanding overall EBIT margin by 120 bps to 29.8%, metrics that support a 5% price increase on improved product mix and profitability trajectory.","MTD's China manufacturing consolidation completed last quarter reduced operating costs by $32M annually while maintaining 24.3% free cash flow margins and improving ROE from 43% to 47.5%, with management indicating 85% of savings will flow directly to operating income, creating valuation multiple expansion that implies a 5% price increase based on enhanced capital efficiency and margin sustainability."
MTD,sell,"Our analysis of supply chain data indicates that input costs for key electronic components and specialty metals are expected to increase operating expenses by 2.0% in the upcoming fiscal year. This is projected to cause a 130 basis point contraction in Mettler-Toledo's operating margin, from 26.5% to 25.2%. A recalibration of our discounted cash flow (DCF) model with this lower sustained margin profile results in a 5% decrease in our fair value estimate for the stock.","The company's Laboratory division, which accounts for 53% of total revenue, is experiencing a slowdown, with our channel checks pointing to a reduction in order backlog growth from 6% to 2% quarter-over-quarter. This deceleration is expected to lead to a downward revision of consensus forward revenue estimates. We project that this will cause a P/E multiple compression from 28.0x to 26.6x as the premium valuation is no longer justified, implying a 5% decrease in the stock price."
MU,buy,"Micron's successful production ramp of its HBM3E memory is projected to increase the company's blended DRAM gross margin by 250 basis points over the next six months. This margin expansion is forecasted to add $0.35 to the next twelve months' (NTM) earnings per share. Applying a conservative forward P/E multiple of 14.3x to this incremental earnings contribution justifies a valuation increase of $5.00 per share, representing a 5% upside from the current price.","An analysis of industry capital expenditures and node transitions shows Micron is on track to improve its capital efficiency, leading to a projected 10% reduction in inventory days over the next two quarters. This improvement is expected to boost free cash flow (FCF) yield by 40 basis points. A discounted cash flow (DCF) model sensitivity analysis indicates that this sustained improvement in working capital management directly translates to a 5% increase in the stock's intrinsic value."
MU,sell,"DRAM inventory turnover declined from 4.2x to 3.1x over the past 6 months, with gross margins compressing from 42% to 31% due to 18% average selling price declines, which analysis shows will reduce forward EPS by $0.45 and drive a 5% decrease in the stock price.","Debt-to-equity ratio increased from 0.15 to 0.28 over the past 12 months while free cash flow turned negative at -$1.2 billion, forcing a $3.5 billion credit facility drawdown that raises annual interest expense by $140 million, which models indicate will reduce valuation by 5%."
NCLH,buy,"Norwegian's forward 12-month occupancy bookings reached 108.5% with net yields rising 4.2% year-over-year, driven by 18% premium cabin growth and onboard revenue per passenger night increasing 6.8% to $347. These metrics demonstrate sustained pricing power that justifies a 5% increase in share price.","Net Debt-to-EBITDA improved from 4.8x to 3.9x over the past two quarters through $340 million in debt repurchases, while EBITDA margins expanded 180 basis points to 24.6% and fuel costs remain 85% hedged at $72/barrel through next quarter. This deleveraging trajectory supports a 5% stock price appreciation."
NCLH,sell,"Internal analysis of fuel hedging and consumption projects that the recent 15% quarter-over-quarter increase in bunker fuel costs will compress NCLH's forward EBITDA margins by 80 basis points, exceeding the consensus estimate of a 45 basis point impact. Adjusting our discounted cash flow model for this higher sustained cost structure results in a revised valuation, indicating a potential 5% decrease in the stock price.","Proprietary booking data for the next two fiscal quarters shows a 4% decline in new net bookings for Caribbean itineraries compared to the same period last year. This trend is expected to lower the company-wide load factor by 250 basis points below guidance. Factoring this occupancy shortfall into our revenue model lowers our forward EPS estimate by $0.12, supporting a potential 5% decrease in the stock price."
NDAQ,buy,"Analysis of the Market Technology division's sales pipeline shows new contract signings in the last quarter are projected to add $80 million in Annualized Recurring Revenue (ARR). This high-margin revenue is forecast to increase next year's consensus EPS estimate by $0.14, which, when applying the company's historical forward P/E ratio of 21.5x, supports a 5% increase in the stock price.","Year-to-date, Nasdaq has captured 79% of U.S. technology IPOs by proceeds, a 600 basis point increase over the five-year average market share of 73%. This outperformance in high-margin listings, combined with a 12% YoY growth in index licensing revenue, prompts an upward revision in our sum-of-the-parts valuation for the Corporate Platforms segment, leading to a 5% increase in our overall price target for the company."
NDAQ,sell,"Market Services revenue fell 14% YoY to $298 million on 17% lower trading volumes, compressing operating margins 310 bps to 40.9% and forcing a 13% cut to FY2024 EPS guidance to $2.18, which could trigger a 5% stock price decline as valuation multiples contract.","Proposed SEC rules capping market data fees threaten 22% of total revenue, while competitor MEMX captured 340 bps of market share in 6 months (Nasdaq down to 16.8%) and new cybersecurity requirements add $90M in costs, projecting 2025 free cash flow down 8% and creating 5% downside risk."
NEE,buy,"FPL's 2024 rate base grew 8.5% year-over-year to $42.3 billion, exceeding consensus estimates of 6.5% growth, with the Florida PSC approving an 11.2% return on equity. This incremental $2.3 billion rate base translates to $0.42 additional EPS for 2025, representing a 5% increase to prior estimates and supporting a 5% stock price appreciation target.","NextEra Energy Resources secured 4.2 GW of new renewables contracts in Q4 2024 with weighted-average 15-year PPAs at $52/MWh, increasing the development backlog to $28.7 billion. This $1.8 billion incremental investment generates an estimated $0.38 per share accretion to 2026 earnings, prompting analyst upgrades that imply a 5% stock price increase based on peer-comparable P/E expansion."
NEE,sell,"Recent regulatory filings from a key state utility commission indicate an approved rate case that is 80 basis points lower than the company's guidance from two quarters ago. Our analysis shows this will compress the company's forward net profit margin from a projected 15.2% to 14.5%, reducing the consensus full-year EPS forecast from $3.65 to $3.47. This downward revision in earnings potential supports a 5% decrease in the stock's valuation.","An internal review of NextEra's capital expenditure pipeline for the next 24 months reveals unexpected project cost overruns of approximately $1.5 billion on key solar and storage projects, raising the projected debt-to-EBITDA ratio from 3.8x to 4.1x. This deterioration in credit metrics and the resulting lower projected free cash flow per share warrants a higher discount rate in our DCF model, leading to a 5% reduction in our target price."
NEM,buy,"In the last quarter, Newmont successfully reduced its All-In Sustaining Costs (AISC) by 3.5% to $1,310 per ounce through improved processing technologies at its key mines. This cost efficiency directly contributed to a Q3 earnings per share (EPS) of $0.48, beating consensus estimates by $0.07. Based on the stock's historical average price response to positive EPS surprises of this magnitude, our model projects a 5% upward revision in the stock's target price.","Recent drilling results from the company's exploration project in Nevada have increased proven and probable gold reserves by 2.5 million ounces. This addition increases the company's total reserve life by 1.2 years at current production rates. Incorporating these new reserves into our discounted cash flow (DCF) model, which uses a long-term gold price assumption of $1,950/oz, results in a 5% increase in our calculated net asset value (NAV) per share."
NEM,sell,"Newmont's Q3 all-in sustaining costs (AISC) increased $127/oz to $1,524/oz while realized gold prices rose only 0.8% quarter-over-quarter, compressing EBITDA margins from 38% to 31%; this structural margin deterioration, with management confirming 8-10% annual cost inflation through 2025 without offsetting revenue growth, directly correlates to a 5% decrease in the stock price.","Net debt-to-EBITDA ratio increased from 1.2x to 1.8x in the past six months as the company allocated $1.2B to the Penasquito expansion project, reducing free cash flow yield from 4.2% to 2.8% and cutting quarterly free cash flow generation by 40%; this elevated leverage combined with diminishing cash generation creates refinancing risk that translates to a 5% downside in valuation."
NFLX,buy,"Q3 net subscriber additions of 6.8 million exceeded consensus of 5.2 million by 31%, while ARPU grew 5.5% year-over-year to $15.60, generating a revenue beat of $420 million against forecasts, metrics which support a 5% upward revision to the stock price target.","Operating margin expanded 230 basis points to 23.8% versus 21.5% consensus, producing Q3 free cash flow of $1.85 billion compared to $1.6 billion estimate and improving debt-to-EBITDA to 0.45x, fundamentals that justify a 5% increase in valuation."
NFLX,sell,"Analysis of subscriber churn in the high-ARPU UCAN (U.S. & Canada) region indicates a quarter-over-quarter increase from 2.1% to 2.8%. This 70-basis-point rise suggests market saturation and has prompted a revision of our 12-month forward revenue forecast, reducing it by $450 million. Our updated discounted cash flow (DCF) model, reflecting this lower revenue stream, now yields a valuation that is 5% below the current share price.","Projections for the next fiscal year show content amortization costs are set to rise to 56% of revenue, up from 52% in the trailing twelve months, while revenue growth is expected to decelerate to 9%. This implies a 310-basis-point compression in gross margin, reducing our forward EPS estimate by 8%. Applying the stock's current forward P/E ratio to this revised earnings forecast indicates a potential 5% downside from its current trading level."
NI,buy,"A recent rate case decision for the company's largest gas utility segment approved a constructive outcome with an authorized return on equity (ROE) of 10.1%, which is 40 basis points higher than the 9.7% previously incorporated into valuation models. This higher ROE on the segment's $8.5 billion rate base is projected to increase annual EPS by approximately $0.07. Applying the stock's current forward P/E ratio of 18.0x to this incremental earnings stream results in a valuation uplift of $1.26, indicating a potential 5% increase in the stock price from $25.20.","The company's new ""NextGen Infrastructure"" initiative is now projected to achieve operational efficiencies that reduce annual O&M expenses by $50 million, exceeding initial targets by $15 million. This incremental $15 million in pre-tax savings, after applying a 21% corporate tax rate, adds $11.85 million to net income. This translates to an additional $0.027 in EPS, which, when capitalized at an industry-average EV/EBITDA multiple of 11.5x applied to the savings, supports a 5% increase to the company's enterprise value and stock price."
NI,sell,"Indiana Utility Regulatory Commission approved a reduced allowed return on equity of 9.2% versus the requested 10.5% in NiSource's latest rate case, directly cutting $42 million from annual revenue projections. Combined with a $380 million increase in mandatory pipeline safety capital expenditures over the next 24 months, free cash flow per share is projected to decline by 18%. This regulatory compression and capex pressure justifies a 5% decrease in fair value estimates.","NiSource's residential gas customer base contracted by 47,000 accounts (2.4% year-over-year) while operating expenses surged 11.8%, pushing the debt-to-EBITDA ratio to 5.6x. Interest coverage ratio deteriorated to 2.9x, triggering covenant concerns. The credit metrics breach warrants a 50 basis point increase in cost of equity assumption, resulting in a 5% reduction to our price target."
NKE,buy,"Nike's direct-to-consumer digital revenue grew 24% year-over-year, lifting DTC mix to 46% of total sales while gross margin expanded 280 basis points to 47.2%, driving a 22% EPS beat versus consensus; analysts projecting sustained margin expansion could trigger a 5% stock price increase through forward EBITDA multiple re-rating.","Nike's China segment achieved 18% constant-currency growth with inventory turnover improving to 4.3x from 3.1x, while the stock trades at 22.5x forward P/E, a 15% discount to apparel peers despite ROE expanding to 42%; closing this valuation gap would catalyze a 5% stock price appreciation."
NKE,sell,"Analysis of recent channel checks indicates NIKE's market share in the key North American direct-to-consumer (DTC) channel has eroded by 250 basis points over the last six months, from 34.5% to 32.0%. As this channel carries operating margins that are approximately 800 basis points higher than wholesale, our discounted cash flow (DCF) model, which incorporates a lower long-term growth rate for this high-margin segment, now yields a revised intrinsic value that is 5% lower than our previous estimate.","The company's latest quarterly report revealed a 16% year-over-year increase in inventory levels, while sales grew by only 4%, leading to a rise in inventory days from 98 to 110. This inventory bloat is pressuring gross margins, which are now projected to contract by 120 basis points for the full fiscal year. Our earnings model indicates this margin compression will reduce forward earnings per share (EPS) by approximately 6.2%, justifying a 5% decrease in the stock's target price based on a stable forward P/E multiple."
NOC,buy,"In the most recent quarter, Northrop Grumman's backlog-to-bill ratio improved to 1.8x from a 1.6x average over the prior four quarters, driven by new awards in its Space Systems segment. This stronger-than-expected backlog growth supports a revision of its forward P/E multiple from 16.0x to 16.8x, bringing it closer to its five-year historical average and implying a 5% increase to our target price.","Our discounted cash flow (DCF) analysis is updated following the company's announcement of a new internal efficiency program projected to improve operating margins by 40 basis points over the next 24 months. This margin expansion increases our sustainable free cash flow forecast by $150 million annually, which, when capitalized into our valuation model, raises our intrinsic value estimate for NOC by exactly 5%."
NOC,sell,"Operating margin compressed 170 basis points year-over-year from 12.5% to 10.8% on the B-21 program after $340M in unexpected development costs, while free cash flow conversion dropped from 95% to 78%, translating to $500M less cash generation versus prior year and creating valuation pressure that could drive a 5% stock price decline.","The failed $2.3B Next-Gen OPIR satellite contract bid last quarter contributed to backlog shrinking 8% sequentially to $76.4B and book-to-bill ratio falling to 0.78x, indicating 12% lower revenue visibility for 2025 that may result in a 5% stock price decrease."
NOW,buy,"ServiceNow's Q3 subscription revenue growth accelerated to 28% year-over-year ($1.85B vs. $1.77B consensus), while non-GAAP operating margins expanded 150 basis points to 28.5% ($627M vs. $585M consensus), and the company added 45 new deals over $1M ARR, which based on historical valuation sensitivity to earnings beats indicates a 5% upward revision to fair value estimates.","ServiceNow's Pro+ license tier penetration reached 35% of its enterprise customer base in Q3, up from 25% last quarter, with net revenue retention of 125% and seven new contracts exceeding $10M ARR, generating an incremental $180M in high-margin revenue over the next 12 months, which supports a 5% increase in forward price-to-sales multiple from 12.0x to 12.6x."
NOW,sell,"Analysis of forward-looking revenue indicators reveals that current Remaining Performance Obligations (cRPO) growth decelerated to 22% year-over-year in the most recent quarter, a 400 basis point drop from the 26% growth reported in the prior quarter. This slowdown in future contracted revenue suggests a moderation in sales momentum, which, when applied to forward valuation models using a discounted Price-to-Sales multiple adjusted from 12.0x to 11.4x, points to a potential 5% decrease in the stock's target price.","An evaluation of operating efficiency shows a concerning trend, with Sales & Marketing expenses increasing to 41% of total revenue last quarter, up from a stable 38% in the preceding quarter. This 300 basis point increase in customer acquisition costs without a corresponding acceleration in revenue growth has compressed non-GAAP operating margins by 250 basis points. A discounted cash flow (DCF) model adjusted for this lower long-term margin profile results in a 5% decrease in the intrinsic value per share."
NRG,buy,"Analysis of NRG's new operational efficiency program indicates a projected $150 million reduction in annual operating expenses starting next fiscal year. Based on the trailing twelve months' EBITDA of $3.0 billion, this cost-saving directly translates to a 5% increase in projected EBITDA. Applying the company's current Enterprise Value to EBITDA (EV/EBITDA) multiple of 8.2x suggests this operational improvement supports a 5% increase in the stock's target price.","A discounted cash flow (DCF) model factoring in accelerated growth in NRG's smart home services segment projects an incremental $80 million in unlevered free cash flow for the next fiscal year. Based on the company's current enterprise value of approximately $32 billion, this incremental cash flow, when capitalized into perpetuity using a 7.5% WACC and a 2.5% terminal growth rate, adds $1.6 billion in value, justifying a 5% increase in the current share price."
NRG,sell,"NRG's Q3 EBITDA margin compressed 340 basis points year-over-year to 18.2% as coal transportation costs surged $142M and nuclear plant maintenance expenses rose $89M above budget, with management guiding 2024 margins 200bps below consensus; this margin deterioration reduces our forward EPS estimate by $0.38 and drives a 5% decrease in our price target.","The Texas PUCT approved a $287M base rate reduction over the next 24 months coupled with $94M in non-recoverable transmission upgrades, which combined reduce NRG's regulated utility ROE from 9.8% to 7.1% and creates a 5% downside to the stock under our sum-of-the-parts valuation."
NSC,buy,"NSC's operating ratio improved 150 basis points from 65.2% to 63.8% over the past 12 months, expanding operating margins by 140 basis points and projecting $0.85 EPS accretion next fiscal year, which translates to a 5% price increase target at the current 15.2x P/E multiple.","NSC's intermodal segment revenue surged 12.4% year-over-year driven by 8.3% volume growth and 4.1% pricing gains, capturing 230 basis points of market share from long-haul trucking and delivering $340 million in incremental revenue at 70% incremental margins, supporting a 5% stock price appreciation potential."
NSC,sell,"The company's operating ratio in the most recent quarter increased by 350 basis points to 67.8% year-over-year, driven by a 6% rise in labor costs and a 9% increase in network maintenance expenses. This erosion in operating efficiency, when applied to a discounted cash flow model using the consensus forward revenue estimate, reduces the projected free cash flow per share by 8.2%, directly supporting a 5% decrease in our stock price target.","An analysis of freight volume indicates that intermodal carloads, which account for 25% of total revenue, declined by 4.5% over the past six months while the industry average saw a 1.0% increase. This loss of market share is projected to reduce next year's earnings per share (EPS) by $0.22. Applying the stock's current forward P/E ratio of 19x to this EPS reduction results in a valuation drop that justifies a 5% decrease from the current share price."
NTAP,buy,"Analysis of NTAP's Public Cloud Services segment shows its Annual Recurring Revenue (ARR) reached $685 million last quarter, a 40% year-over-year increase that surpassed consensus estimates by 8 percentage points. This high-margin revenue outperformance is projected to increase the company's forward Price-to-Sales (P/S) multiple from 2.0x to 2.1x, suggesting a potential 5% increase in the stock price.","NTAP's recent cost optimization initiatives in its Hybrid Cloud segment have expanded non-GAAP operating margins to 24.5%, a 150 basis point improvement over the prior year's quarter. This efficiency gain, combined with an accelerated $500 million share repurchase plan for the current quarter, is expected to increase consensus forward EPS estimates from $6.10 to $6.41, supporting a 5% upward revision of the stock's target price."
NTAP,sell,"NetApp's Q3 revenue growth decelerated to 2.3% year-over-year from 8.1% in the prior quarter, while gross margin compressed 340 basis points to 64.2% due to aggressive pricing competition. Management guided Q4 revenue 4% below consensus, triggering a 5% downside revision to forward EPS estimates that directly implies a 5% stock price decrease.","NetApp's all-flash array market share declined from 11.8% to 9.2% over the trailing twelve months as competitor Dell EMC gained 280 basis points, while enterprise customer churn increased from 4.7% to 8.3%. This dual compression of growth and retention metrics warrants a 5% reduction in valuation multiple from 14x to 13.3x EV/EBITDA, corresponding to a 5% stock price decline."
NTRS,buy,"Northern Trust's wealth management AUM grew 9% quarter-over-quarter to $512 billion, driven by $28 billion in net new client inflows and a 4 basis point fee rate expansion to 0.43%, which buy-side models project will generate 8% higher fee revenue in 2024 and justify a 5% stock price increase as forward P/E re-rates from 14.5x to 15.2x.","The firm's efficiency ratio improved 250 basis points year-over-year to 62% via digital automation, lifting return on tangible equity to 16.2% while maintaining a 13.8% Tier 1 capital ratio, and the board authorized an additional $850 million share repurchase program representing 2.8% of shares outstanding, which DCF analysis indicates will drive 6% EPS accretion and a corresponding 5% stock price appreciation."
NTRS,sell,"A detailed analysis of Northern Trust's securities lending portfolio reveals a 15 basis point compression in lending spreads over the last quarter, reducing projected annual revenue from this segment by $70 million. Applying the company's forward price-to-earnings ratio of 14.5x to the after-tax impact of this revenue shortfall (assuming a 21% tax rate) suggests a reduction in market capitalization of approximately $805 million, justifying a 5% decrease in the stock price.","Recent industry data indicates that Northern Trust's market share in the lucrative European institutional asset servicing market has declined by 40 basis points year-over-year. This share loss on a key fee-generating asset base is forecasted to create a $55 million headwind to forward 12-month servicing fee income. The erosion of this high-margin, recurring revenue stream warrants a lower valuation, supporting a 5% downward revision of the stock's target price."
NUE,buy,"Nucor's operating margin expanded by 120 basis points over the last two quarters to 16.8%, surpassing the industry average of 15.1%, due to efficiencies from its new electric arc furnace assets. Our analysis indicates that sustaining this superior margin justifies a re-rating of its forward Price-to-Earnings (P/E) multiple from its current 9.0x to 9.45x, a level still conservative relative to its historical premium. This P/E expansion directly supports a 5% increase in the stock price.","The company's recent generation of $1.2 billion in quarterly free cash flow supports an accelerated $2.1 billion share repurchase authorization for the next six months. Based on the current market capitalization of approximately $42 billion, this buyback program is projected to reduce the outstanding share count by 5.0%. This action is directly accretive to Earnings Per Share (EPS), justifying a corresponding 5% increase in the stock's valuation."
NUE,sell,"Nucor's operating margin compressed 350 basis points year-over-year from 18.2% to 14.7% in its flat-rolled steel segment, with domestic market share simultaneously declining from 23% to 19%, supporting a potential 5% stock price decrease.","Net debt-to-EBITDA ratio increased to 3.8x from 2.1x over the past six months as free cash flow turned negative at $127 million, while inventory days rose to 67 from 52, indicating a potential 5% stock price decrease."
NVDA,buy,"NVIDIA's data center revenue accelerated 28% quarter-over-quarter to $22.7 billion, with gross margins expanding 170 basis points to 75.2% on 850,000 H100 AI accelerator shipments, driving consensus 2024 EPS estimates 12% higher to $24.50; applying a sector-average P/E multiple of 30x to these revised earnings implies a 5% increase in fair value target.","NVIDIA's AI chip market share reached 89% in the most recent quarter while automotive segment revenue surged 45% year-over-year to $456 million, yet the stock trades at 28x forward P/E versus semiconductor peer average of 35x, representing a 25% valuation discount that supports a 5% price appreciation to close the gap."
NVDA,sell,"Internal channel checks indicate that increased competition in the AI accelerator market is forcing an average price concession of 7% on volume sales of NVIDIA's last-generation GPUs. This is projected to cause a 200 basis point contraction in Data Center gross margins next quarter, from 75.5% to 73.5%. Factoring this margin erosion into our discounted cash flow (DCF) model lowers the intrinsic value estimate and supports a 5% decrease in the stock price.","Our analysis of supply chain data reveals a 22% quarter-over-quarter increase in Gaming segment channel inventory, pushing Days Sales of Inventory (DSI) from 84 to 102. This build-up signals weakening end-user demand and suggests a potential 4% reduction in forward revenue for the segment due to future promotional pricing. Adjusting our sum-of-the-parts valuation for this lower growth outlook results in a 5% decrease in our overall price target."
NVR,buy,"NVR's new home orders in the last quarter increased by 8% year-over-year, while industry peers averaged a 3% increase. This superior order growth is projected to expand NVR's gross margin by 60 basis points in the next fiscal year. Applying this margin improvement to forward revenue estimates results in a revised EPS forecast that, at the stock's current forward P/E ratio of 15.2x, justifies a 5% increase in the share price.","The company's recent operational adjustments have reduced its SG&A expenses as a percentage of revenue from 6.8% to a projected 6.4% for the next twelve months. This 40 basis point improvement in operating efficiency is expected to boost free cash flow generation by 7%. Our discounted cash flow (DCF) analysis indicates that this increase in free cash flow, holding all other assumptions constant, raises the intrinsic value of the stock by 5%."
NVR,sell,"NVR's Q3 net new orders declined 12% year-over-year to 4,850 units while gross margin compressed 180 basis points to 22.3%, metrics that historically correlate with a 5% stock price decline during past housing demand cycles.","The company's debt-to-equity ratio increased from 0.45x to 0.68x while operating cash flow fell 28% to $420 million, creating refinancing risk that analysts estimate could pressure the stock price down 5%."
NWS,buy,"News Corporation's digital news subscriber base increased 340,000 quarter-over-quarter to 4.2 million, lifting digital ad revenue 21% YoY to $680 million and pushing digital's revenue mix to 38% from 31% while reducing churn to 3.8%. These metrics justify a 5% stock price increase based on the expanded recurring revenue premium.","The company's cost restructuring generated $145 million in annualized savings, expanding EBITDA margins 320 basis points to 23.7% and boosting free cash flow 28% to $920 million, with net debt-to-EBITDA improving to 1.6x from 2.1x. This operational leverage supports a 5% price appreciation as the market revalues the enhanced capital efficiency."
NWS,sell,"Our channel checks indicate that advertising revenue in the News Media segment for the current quarter is tracking to a 6% year-over-year decline, significantly worse than the consensus estimate of a 2.5% decline. This underperformance is primarily due to accelerated contraction in print advertising, which is not being offset by digital growth. Factoring this revised revenue trajectory into our sum-of-the-parts valuation model, specifically for the News Media segment, results in a 5% reduction in our price target for the stock.","An analysis of the Dow Jones segment shows that customer acquisition costs (CAC) have risen by 18% over the last two quarters to combat slowing subscriber growth. This has led to a projected 200-basis-point compression in the segment's operating margin for the next fiscal year. As the Dow Jones segment accounts for approximately 25% of the company's total EBITDA, this margin pressure reduces our forward earnings per share (EPS) estimate by $0.06, justifying a 5% decrease in the stock's valuation."
NWSA,buy,"Analysis of the Digital Real Estate Services segment reveals lead generation volume grew 12% over the last quarter, significantly outpacing the sector average of 7%. This superior performance is forecasted to increase the segment's forward revenue by $150 million, which, when capitalized at the segment's peer-group multiple of 1.5x forward sales, supports a valuation uplift corresponding to a 5% increase in the stock price.","In the most recent six-month period, the Dow Jones segment increased its total digital-only subscribers by 450,000, while concurrently raising its digital Average Revenue Per User (ARPU) by 4% through successful product bundling. The combined effect boosts high-margin recurring revenue, adding an estimated $0.08 to forward EPS, which justifies a 5% price increase based on the stock's current forward P/E ratio of 18x."
NWSA,sell,"News Corp's digital advertising revenue declined 12.3% year-over-year while segment EBITDA margins compressed 420 basis points from 18.7% to 14.5%, driven by 28% higher content licensing fees. This margin deterioration relative to media peers trading at 6.8x EV/EBITDA supports a 5% downside price adjustment based on discounted cash flow models.","The company's subscriber churn rate accelerated to 8.7% last quarter from 5.2% in the prior period, while customer acquisition costs surged 24% to $147 per subscriber and free cash flow decreased 33% to $165 million. These worsening unit economics indicate structural headwinds that warrant a 5% reduction in forward earnings multiples."
O,buy,"Realty Income's Q3 AFFO per share rose 6.2% year-over-year to $3.28, beating consensus by $0.12, while the monthly dividend increased 5.1% to $0.78 per share. Trading at 15.1x forward AFFO—a 4.4% discount to its 5-year average of 15.8x—this combination of accelerating cash flow and dividend growth should catalyze a 5% stock price increase as valuation normalizes.","Portfolio occupancy improved 80 basis points to 98.9% with same-store rent growth accelerating to 2.8% from 1.2%, driven by favorable renewals on 847 properties. With net debt-to-EBITDA at 5.1x and 85% of leases containing inflation escalators, these operational improvements project 4-6% NOI growth for 2025, directly supporting a 5% price appreciation."
O,sell,"Internal analysis of the company's same-store portfolio reveals a 70 basis point decline in occupancy rates over the last two quarters, from 98.9% to 98.2%. This trend has prompted a downward revision of our full-year Adjusted Funds From Operations (AFFO) forecast from $4.15 per share to $3.94 per share. Applying the historical Price/AFFO multiple of 13.5x to this revised estimate implies a valuation correction and a potential 5% decrease in the stock price.","The company's weighted average interest rate on its total debt is projected to increase by 55 basis points over the next 18 months as $4.2 billion of debt with an average coupon of 3.4% matures and is refinanced at current market rates near 5.8%. This increase in borrowing costs is expected to compress the net investment spread on new acquisitions by 80 basis points, directly impacting future growth. Our dividend discount model, adjusted for this lower long-term growth rate, now indicates the stock is overvalued and suggests a 5% downside to its intrinsic value."
ODFL,buy,"Our analysis projects Old Dominion's operating ratio will improve by 125 basis points over the next four quarters, from 75.0% to 73.75%, due to the rollout of a new AI-powered route optimization platform. This enhancement in operational efficiency is forecast to increase annual earnings per share by $0.65, which, when applying the stock's forward P/E ratio of 31x, supports a price target that is 5% above its current level.","Based on recent freight volume data, Old Dominion has captured an additional 0.5% of the national LTL market share from key competitors over the past six months, driven by its superior 99.1% on-time service record. This gain is expected to contribute an additional $200 million in revenue for the next fiscal year. At the company's stable 20% net profit margin, this incremental income justifies a 5% increase in the stock's valuation."
ODFL,sell,"Operating ratio deteriorated 270 basis points from 78.5% to 81.2% over the past quarter while daily tonnage per terminal declined 4.3% year-over-year, compressing EBITDA margins from 24.8% to 21.3% and creating 5% downside pressure on the stock price.","LTL market share contracted from 11.8% to 10.9% over the last six months as revenue per hundredweight growth decelerated from 8.5% to 2.1% year-over-year and customer churn increased to 7.2% from 4.8%, signaling structural headwinds that warrant a 5% price decline."
OKE,buy,"NGL system throughput volumes increased 8.3% year-over-year in Q3 while fee-based margin expanded 150 basis points to 68.4%, driving a 6% EBITDA consensus revision that supports a 5% price increase target.","Distributable cash flow per unit rose 12.4% to $1.82 last quarter as debt-to-EBITDA improved to 3.8x from 4.3x, enabling a 4.5% distribution increase that valuation models translate to 5% stock price appreciation."
OKE,sell,"Our analysis indicates a deterioration in capital efficiency, with Return on Invested Capital (ROIC) declining from 10.5% to 9.2% over the last four quarters, now lagging the peer group average of 10.0%. Closing the valuation gap to reflect this underperformance, by adjusting ONEOK's forward EV/EBITDA multiple from 11.1x down to a peer-aligned 10.55x, implies a potential 5% decrease in the stock price.","We forecast a reduction in distributable cash flow (DCF) by $120 million for the next fiscal year, driven by a projected 3% shortfall in NGL gathering volumes in the Williston Basin. This would compress the dividend coverage ratio from 1.25x to 1.08x, threatening future dividend growth. A dividend discount model repricing based on this lower coverage implies a fair value that is 5% below the current share price."
OMC,buy,"Omnicom's precision marketing division saw revenue growth of 14% year-over-year in the most recent quarter, driving a 60 basis point expansion in the company's overall operating margin to 15.1%. A discounted cash flow (DCF) analysis updated with this sustained margin improvement increases the projected terminal free cash flow by 3.5%, resulting in a revised intrinsic value that is 5% higher than the current stock price.","The company's accelerated share repurchase program reduced its weighted average shares outstanding by 2.5% over the last six months, boosting trailing twelve-month EPS by $0.18 more than anticipated. Applying the industry peer group's average forward P/E ratio of 14.2x to OMC's updated, higher EPS forecast reveals a valuation gap that supports a 5% increase in the stock price to align with its peers."
OMC,sell,"Q3 organic revenue growth decelerated to 2.3% from 6.1% in Q2, missing consensus estimates by 220 basis points, while top 3 clients representing 28% of revenue announced 12% budget cuts, directly causing forward earnings models to price in a 5% stock price decrease.","EBIT margin compressed 240 basis points year-over-year to 11.8% due to 18% higher freelance labor costs and 8% wage inflation, while accounts receivable days increased from 62 to 79, deteriorating working capital efficiency and justifying a 5% valuation reduction."
ORCL,buy,"Oracle's cloud infrastructure revenue accelerated 28% year-over-year in the most recent quarter, surpassing analyst consensus of 22% by 600 basis points, while operating margins expanded 150 basis points to 42.3%; this dual acceleration in growth and profitability is expected to drive a 5% stock price increase as forward earnings estimates are revised upward.","Oracle captured an incremental 3.2 percentage points of market share in the global relational database management system segment, reaching 31.5% share, while generating a free cash flow yield of 6.2% compared to the software sector average of 4.1%; this market position strengthening combined with superior cash conversion supports a 5% price appreciation through valuation multiple expansion."
ORCL,sell,"Internal channel checks for the upcoming quarter reveal a deceleration in Oracle Cloud Infrastructure (OCI) revenue growth to 44% year-over-year, down from the prior quarter's 51% and below the consensus estimate of 48%. This slowdown, combined with a 150 basis point contraction in the segment's gross margin due to competitive pricing, is projected to lower the company's forward non-GAAP EPS by 5.2%. Applying the company's current forward P/E ratio of 24x to this revised earnings estimate implies a 5% downside to the current stock price.","Our analysis of customer renewal rates for legacy database and application software indicates an acceleration in churn. The renewal rate for the last twelve months (LTM) has dropped to 88%, compared to a historical average of 93%. This 5 percentage point drop in renewals for a segment that still accounts for 45% of total company revenue is projected to reduce the company's free cash flow (FCF) yield from 3.5% to 3.325%. A DCF model recalibrated with this lower terminal growth rate and reduced FCF suggests a fair value that is 5% below the current market price."
ORLY,buy,"Analysis of recent supply chain optimizations and private-label product strategy shows a 75 basis point expansion in gross margin to 53.1% last quarter. This margin improvement, combined with a 4.8% increase in same-store sales (beating consensus by 80 basis points), is projected to increase full-year earnings per share (EPS) by an additional $0.40 above current estimates. Applying the stock's historical forward P/E multiple of 22x to this revised EPS forecast indicates a valuation approximately 5% higher than the current market price.","O'Reilly's free cash flow (FCF) conversion rate improved to 115% of net income in the trailing twelve months, leading to a new $2 billion share repurchase authorization. At current valuation levels, this buyback program is projected to reduce the outstanding share count by an additional 2.5% over the next four quarters. Our model indicates that this level of accretive capital return, combined with a sustained Return on Invested Capital (ROIC) of 35%, justifies a valuation premium, leading to a target price 5% above the current trading level."
ORLY,sell,"Same-store sales declined 2.3% year-over-year against industry peer growth averaging +5.1%, while gross profit margin compressed 150 basis points to 48.7% due to promotional pricing to clear aging inventory, indicating weakening competitive positioning that warrants a 5% stock price decrease.","Debt-to-equity ratio increased from 1.8x to 2.4x over the past 6 months as the company added $850 million in revolving credit facility drawdowns, while free cash flow margin deteriorated 200 basis points to 6.8%, signaling heightened financial risk that supports a 5% stock price decrease."
OXY,buy,"Q3 Permian Basin production increased 8.2% YoY to 545,000 BOE/day while unit operating costs declined $2.50/barrel to $14.25, driving consolidated EBITDA margins up 280 basis points to 47.3%. Analysts estimate this margin expansion adds $0.42 to forward EPS, warranting a 5% upward revision in fair value estimates.","Debt-to-equity ratio improved from 0.85x to 0.62x through $3.2B debt reduction, decreasing annual interest expense by $145M and lifting FCF yield to 12.4%. The stock currently trades at 4.2x EV/EBITDA versus peer average of 4.6x, supporting a 5% valuation premium as the balance sheet approaches target leverage of 0.5x."
OXY,sell,"Our analysis of OXY's recent operational report shows that lifting costs per barrel of oil equivalent (BOE) have increased by 8.2% quarter-over-quarter, while the company's average realized price per BOE only increased by 4.0%. This margin compression, which has lowered the projected full-year EBITDA margin from 45% to 42.5%, supports a downward revision of our forward EV/EBITDA multiple from 5.0x to 4.75x, implying a 5% decrease in the stock's target price.","The company's debt-to-equity ratio has deteriorated from 0.85 to 0.92 in the last six months due to new debt issuance for capital-intensive projects with longer-than-expected payback periods. An updated weighted average cost of capital (WACC) calculation incorporating this higher financial risk profile increases the discount rate in our DCF model from 9.5% to 10.0%, resulting in a 5% reduction in the calculated intrinsic value per share."
PARA,buy,"Analysis of the company's Direct-to-Consumer (DTC) segment shows that a 4% year-over-year increase in global Paramount+ Average Revenue Per User (ARPU) to $11.20, combined with better-than-expected subscriber retention rates of 94%, is projected to lift forward 12-month DTC revenue by $250 million. Applying a conservative 0.8x enterprise value-to-sales multiple to this incremental revenue implies a potential 5% increase in the stock price.","A successful cost synergy program, stemming from recent divisional integrations, is on track to reduce content and marketing expenses as a percentage of revenue by 120 basis points over the next fiscal year. This is expected to improve forward operating margins and generate an additional $180 million in free cash flow, which, when discounted at the company's cost of capital, supports a 5% increase in the stock price."
PARA,sell,"Paramount+ subscriber churn accelerated with 2.3 million net losses in Q3 versus 400,000 additions in Q2, while streaming content amortization rose 18% to $1.2 billion, driving segment EBITDA losses to -$510 million compared to -$340 million prior year, indicating a 5% stock price decrease as analysts revise forward EV/Revenue multiples down from 2.1x to 1.8x.","Traditional TV advertising revenue fell 8.5% YoY to $1.92 billion as cord-cutting reached 8.2% of subscriber base, while net debt-to-EBITDA leverage climbed to 4.3x from 3.5x sequentially, prompting management to cut 2025 FCF guidance by $275 million, warranting a 5% stock price decrease due to 150 basis point widening in credit risk premium."
PAYX,buy,"Paychex Q2 revenue growth accelerated to 11.2% year-over-year from 7.1% in the prior quarter, driven by 14% new client additions and 6.3% higher average revenue per client. Operating margin expanded 250 basis points to 41.5% attributable to 18% digital adoption reducing service costs. Management raised FY2024 EPS guidance to $4.85-$4.95, representing 13% growth and 400 basis points above consensus estimates, supporting a potential 5% stock price increase.","Trailing twelve-month free cash flow reached $1.85 billion, up 16% year-over-year, with FCF margin improving to 31.2% from 28.5%. Paychex increased quarterly dividend 12% to $0.84 per share and authorized a new $500 million share repurchase program representing 3.2% of current float. Net debt-to-EBITDA ratio improved to 0.6x from 1.1x year-over-year while ROE expanded to 47% from 42%. This enhanced capital return profile and strengthened balance sheet merit a 5% valuation re-rating."
PAYX,sell,"An analysis of client acquisition costs (CAC) shows a 25% increase over the last two quarters, primarily due to heightened marketing spend required to compete with new, lower-cost digital payroll providers. This is projected to compress next year's operating margin by 80 basis points. A regression analysis of Paychex's valuation against its operating margin indicates that a contraction of this magnitude has historically led to a 5% decrease in the stock price.","A slowdown in the SMB sector is impacting client growth, with our proprietary model now forecasting a 1.5% deceleration in total revenue growth for the upcoming fiscal year, revising the rate from 6.0% down to 4.5%. Adjusting our discounted cash flow (DCF) model for this lower terminal growth rate reduces the intrinsic value per share by 5%."
PCAR,buy,"Analysis of PACCAR's new automated logistics system projects a 70 basis point improvement in operating margins for the upcoming fiscal year, from 12.8% to 13.5%. This efficiency gain is expected to add $0.54 to the annual earnings per share (EPS). Applying the stock's historical forward P/E ratio of 10x to this incremental EPS directly supports a $5.40 price increase, equating to a 5% upside from its current valuation.","The company's parts division is forecasting 11% year-over-year revenue growth, significantly outpacing the industry average of 6%, driven by strong demand in the proprietary aftermarket segment. This high-margin growth is projected to lift the company's Return on Equity (ROE) from 25% to 27%. A regression analysis on peer valuations indicates that this 200 basis point ROE improvement justifies an expansion of the Price-to-Book (P/B) multiple from 3.8x to 4.0x, implying a 5% increase in the stock's fair value."
PCAR,sell,"PACCAR's North America Class 8 market share declined 150 basis points to 16.7% in the past quarter while gross margin compressed 260 basis points year-over-year to 14.2%, signaling weakening competitive positioning that supports a 5% price decrease.","The company's debt-to-equity ratio increased 380 basis points to 0.94x year-over-year as free cash flow fell 34% to $589M, reflecting deteriorating financial flexibility that warrants a 5% price decrease."
PEG,buy,"New Jersey regulator approved a rate settlement increasing authorized ROE by 50 basis points to 10.25% and accelerating annual rate base growth to 7.8% from 6.5%, adding $0.18 to EPS and projecting 5% stock price appreciation over the next 6 months.","$1.2 billion federal transmission grant secured with 10.5% regulated return plus 50 basis points performance incentive, lifting 2025-2027 EPS CAGR to 9.2% from prior 6.8% guidance and improving operating cash flow margin to 15.9% from 14.2%, which is expected to drive 5% share price increase within 12 months."
PEG,sell,"The recent regulatory rate case decision granted a revenue increase of only 2.5%, significantly below the 6.0% requested by the company to cover capital expenditures. Our model indicates this shortfall will directly reduce forward earnings per share (EPS) estimates from $3.80 to $3.61. Holding the sector-average forward P/E multiple of 18x constant, this revision to the earnings base implies a 5% decrease in the stock's valuation.",An analysis of the company's debt structure reveals that a projected 75 basis point increase in borrowing costs over the next 12 months will raise annual interest expense by approximately $110 million. This increase in financing costs is expected to reduce the company's forecasted free cash flow to equity by $0.22 per share. Our discounted cash flow (DCF) model indicates this reduction in cash flow directly results in a 5% decrease in our calculated fair value for the stock.
PEP,buy,"Our proprietary analysis of point-of-sale data indicates PepsiCo's Frito-Lay North America division is on track to capture an additional 1.5% of the salty snacks market share over the next 12 months, growing from 59.0% to 60.5%. This market share gain is projected to boost divisional revenue by $1.3 billion, which translates to a $0.42 increase in company-wide earnings per share (EPS), supporting a 5% increase in the stock's valuation at its current P/E multiple.","An internal audit of PepsiCo's productivity and cost-saving initiatives projects a sustained 75 basis point improvement in operating margin, exceeding the consensus analyst estimate of 40 basis points. This higher-than-expected margin expansion increases our forward free cash flow per share forecast by 6%. When capitalized in our discounted cash flow (DCF) model, this directly results in a 5% increase to our target price for the stock."
PEP,sell,"FQ3 organic revenue growth decelerated to 2.1% versus 5.3% consensus, while gross margin contracted 210 basis points year-over-year to 47.2% due to 8.5% commodity inflation. Management reduced full-year EPS guidance by $0.12 to $6.45, implying 1% earnings decline versus prior 4% growth target. This fundamental deterioration suggests a 5% stock price decrease as the forward P/E compresses from 21x to 20x.","North American beverage market share declined 2.8 percentage points year-over-year to 21.9%, while free cash flow conversion fell to 64% from 79% due to $1.2B inventory build. Net debt-to-EBITDA increased to 3.2x from 2.5x, limiting capital return flexibility. These combined operational and balance sheet pressures warrant a 5% valuation decline."
PFE,buy,"Q3 2024 operational efficiency initiative delivered $280M quarterly SG&A reduction, annualizing to $1.12B in structural savings. Net of 38% tax, this adds $694M to net income, equating to $0.124 EPS accretion. At current 12x forward P/E multiple, this represents a $1.49 per share valuation increase, precisely 5% above current trading price.","New migraine franchise achieved 8% market share within 6 months, generating $125M quarterly revenue ($500M annualized) at 85% gross margin. Combined with oncology pipeline asset de-risking (72% Phase III response rate vs 58% standard), risk-adjusted NPV increased $2.1B. On $42B market capitalization, this valuation uplift translates exactly to 5% price appreciation potential."
PFE,sell,"Revised forward guidance for the company's leading cardiovascular drug indicates a 30% sales erosion over the next twelve months due to unexpected generic competition in Europe, representing a $2.4 billion revenue shortfall versus previous consensus. Based on the product's 25% net margin, this directly reduces the forward EPS forecast by $0.10. Applying the sector average P/E multiple of 12x to this revised earnings base necessitates a 5% decrease in the stock's valuation.","The recent termination of the Phase III trial for OncoVex, a next-generation oncology treatment, has led to a complete write-down of the asset's value in our model. The drug carried a risk-adjusted Net Present Value (rNPV) of $8.1 billion, which was predicated on a 65% probability of approval. The removal of this pipeline asset, which is not offset by other R&D progress, reduces our sum-of-the-parts valuation and supports a 5% downward adjustment to our price target."
PFG,buy,"Analysis projects next-twelve-months (NTM) Earnings Per Share (EPS) to reach $8.00, an increase from the prior consensus of $7.80, due to a 2% expansion in fee-based revenue from the Principal Global Investors segment. Applying a conservative forward P/E ratio of 10.5x, which is consistent with the company's 5-year average, results in a price target of $84.00, implying a 5% increase from current levels.","The company's trailing-twelve-month Return on Equity (ROE) has improved from 11.5% to 12.5% following successful cost-saving initiatives that reduced the efficiency ratio by 150 basis points. A valuation model based on this enhanced profitability justifies a Price-to-Book (P/B) multiple of 1.24x, an expansion from the current 1.18x. Based on the last reported book value per share of $67.75, this re-rating supports a stock price of $84.01, representing a 5% upside."
PFG,sell,"Principal's Group Benefits segment reported a loss ratio of 82.3% in Q3 2023, deteriorating 730 basis points from 75.0% in the prior year, pushing the combined ratio to 98.7% and reducing segment operating income by $47 million; this 340 basis point margin compression directly implies a 5% stock price decrease.","Retirement and Income Solutions experienced $3.2 billion in net AUM outflows in Q3 2023, driving a 7.8% sequential decline in fee revenue to $412 million, while credit losses on the $45 billion fixed income portfolio surged to $185 million from $45 million year-over-year, signaling a 5% decrease in share valuation."
PG,buy,"P&G's recent quarter core gross margin expanded 180 basis points to 52.3% on $1.2 billion incremental revenue from premium fabric care launches, combined with $450 million in procurement savings, driving management to raise FY2024 EPS guidance from $5.90 to $6.05; DCF valuation incorporating this 8% earnings uplift results in a 5% increase to fair value per share.","The company's Q3 free cash flow generation increased $850 million to $4.3 billion through 15-day working capital improvement, enabling debt-to-equity reduction from 0.65 to 0.48 while funding an incremental $3 billion share repurchase authorization; dividend discount modeling of this 9% capital return boost supports a 5% upward revision to target price."
PG,sell,"Gross margin in the most recent quarter contracted by 210 basis points year-over-year to 50.2%, underperforming the peer average of a 90 basis point contraction. This margin erosion, driven by an inability to fully pass on a 4% rise in key commodity costs, supports a revision of the forward P/E multiple from 25x down to 23.75x, implying a potential 5% decrease in the stock price to align with the company's new, lower profitability profile.","Organic sales volume in the Fabric & Home Care division, which accounts for 35% of total revenue, declined by 1.5% in the last six months, while the broader market segment grew by 1.0%. Adjusting our discounted cash flow (DCF) model to reflect this market share loss by lowering the terminal growth rate assumption from 2.5% to 2.0% results in a 5% decrease in the calculated fair value of the stock."
PGR,buy,"Analysis of Net Premiums Written (NPW) growth indicates a significant acceleration in the most recent quarter. PGR's NPW grew 14% year-over-year, outpacing the peer average of 9%, driven by a 22% increase in its direct-to-consumer channel. This stronger top-line growth is projected to add $0.32 to forward twelve-month EPS estimates. Applying the stock's current forward P/E multiple of 21x to this incremental EPS suggests a valuation uplift of $6.72 per share, representing a 5% increase from the current price of $134.40.","The company's trailing twelve-month Return on Equity (ROE) has expanded by 250 basis points to 21.0%, while the peer average remains at 17.5%. Our valuation model, which correlates Price-to-Book (P/B) multiples with ROE, suggests that an ROE of 21.0% justifies a P/B ratio of 3.57x. As the stock currently trades at a P/B of 3.40x, a re-rating to its fundamentally justified multiple implies a direct price appreciation of 5%."
PGR,sell,"Q3 combined ratio deteriorated 480 basis points to 101.2% from 96.4% prior year, driven by loss ratio expansion from 72.1% to 78.9% due to 22% spike in bodily injury claim severity and $185M in unfavorable reserve development, compressing ROE by 280 basis points to 14.2% and implying a 5% stock price decline under normalized valuation models.","Direct written premium growth decelerated from 14.3% year-over-year to 2.7% in the latest quarter, while market share in core private passenger auto declined 85 basis points to 12.4% as policy retention dropped 340 basis points to 82.1%, translating to 5% downside when applying peer-average P/B multiple of 2.8x to reduced book value growth projections."
PH,buy,"North American industrial segment operating margins expanded 190 basis points from 15.2% to 17.1% year-over-year through pricing actions and Meggitt acquisition synergies, generating $1.85 incremental EPS for FY2024. This 12.3% earnings uplift, when applied to the current 16.5x P/E multiple, results in a 5% increase to the stock price.","The company secured a $1.2 billion three-year aerospace systems contract, adding $180 million in annual recurring free cash flow. This 8% increase in free cash flow generation, discounted at the company's 8.5% WACC, results in a 5% increase to the stock price."
PH,sell,"Analysis of the Industrial North America segment, representing 40% of total revenue, reveals a year-over-year operating margin contraction of 150 basis points to 16.5% in the most recent quarter due to unhedged raw material cost inflation. This margin pressure, coupled with a deceleration in segment revenue growth to 1.8% from 6.5% a year prior, is projected to lower full-year EPS by $0.70 below consensus. A corresponding adjustment to the forward P/E multiple from 20x to 19x to reflect lower profitability suggests a potential 5% decrease in the stock price.","Over the last six months, the company's working capital efficiency has deteriorated, with Days Inventory Outstanding (DIO) increasing from 75 to 84 days. This inventory build-up has tied up cash and reduced the operating cash flow to net income conversion ratio to 0.85x, well below the 5-year average of 1.10x. A discounted cash flow (DCF) model updated with this lower cash conversion rate for the next fiscal year reduces the derived intrinsic value per share, indicating a 5% decrease from the current price level."
PHM,buy,"Analysis of forward-looking new home orders indicates a 2.5% increase in closing volume for the upcoming quarter above consensus estimates. This higher volume, combined with a projected 50 basis point improvement in operating margin to 18.5% due to cost controls, is expected to result in quarterly EPS beating consensus by 3%. A modest P/E multiple expansion from 9.2x to 9.4x on these stronger earnings would support a 5% increase in the stock price.","The company's debt-to-capital ratio is projected to decline from 21.0% to 19.5% over the next six months due to robust free cash flow generation of over $700 million in the first half of the year. This improved balance sheet strength, coupled with an accelerated share repurchase plan that is set to reduce share count by an additional 2% beyond current market expectations, supports a re-rating of its valuation, leading to a potential 5% increase in the stock price."
PHM,sell,"PulteGroup's Q3 cancellation rate spiked to 18.3% from 12.1% year-over-year while gross margins compressed 240 basis points to 22.1%, indicating weakening demand and pricing power that could drive the stock price 5% lower as forward earnings estimates face downward revision.","The company's debt-to-equity ratio deteriorated to 0.62 from 0.45 sequentially as land acquisitions consumed $380 million in cash, pushing leverage beyond the 0.55 industry threshold and threatening credit metrics, creating potential for a 5% stock decline amid rising refinancing costs."
PKG,buy,"Packaging Corporation's Q3 EBITDA margin expanded 170 basis points year-over-year to 20.2% from $85/ton containerboard pricing gains and 4% shipment volume growth, driving a projected EPS increase of $1.15 (12% growth) that valuation models indicate will result in a 5% stock price appreciation at the company's 14.5x historical P/E multiple.",The company generated $623 million in free cash flow (6.8% yield) over the trailing twelve months while reducing net debt-to-EBITDA to 1.8x and announcing a $450 million accelerated share repurchase program; these capital allocation improvements combined with ROIC rising to 14.3% justify a 5% upward valuation revision in forward DCF analysis.
PKG,sell,"Analysis of recent input cost data shows a 12% quarter-over-quarter increase in recycled fiber costs, a key raw material for PKG. The company's announced 4% price increase is insufficient to offset this, leading to our projection of a 150 basis point compression in operating margin for the upcoming fiscal year. This margin deterioration reduces our forward earnings per share (EPS) estimate, resulting in a valuation model that indicates a 5% decrease in the stock price.","PKG currently trades at a forward Price-to-Earnings (P/E) ratio of 18.5x, a significant premium to its direct competitors' average of 16.2x. Our channel checks indicate a slowdown in containerboard demand, forecasting PKG's volume growth at only 0.5% for next year, below the peer average of 1.5%. A re-rating of the stock's P/E multiple to 17.6x to reflect this slowing growth would result in a 5% decline from its current price."
PLD,buy,"Revised internal projections show Core Funds From Operations (FFO) per share for the upcoming fiscal year reaching $5.78, surpassing the previous quarter's guidance of $5.55. This 4.1% increase in projected FFO, coupled with a stable P/FFO multiple, suggests an undervaluation at current levels, supporting a potential 5% increase in the stock price.","An analysis of the development pipeline shows that newly stabilized properties are achieving an average yield of 6.8%, exceeding the underwritten forecast of 6.2%. This outperformance adds an incremental $6.50 to the company's Net Asset Value (NAV) per share, which, if reflected in the market price, represents a 5% upside from its current valuation."
PLD,sell,"Q3 same-store NOI declined 3.8% versus 5.5% growth YoY as occupancy dropped 350 basis points to 93.2% and renewal spreads turned negative at -15% from +16% prior. With 2024 FFO guidance reduced 6.5% from $5.38 to $5.03 per share and 24% of 2025 lease expirations facing 22% rent declines, forward FFO could fall $0.33 per share (6.6%), driving a 5% stock price decrease.","Debt-to-EBITDA deteriorated to 8.2x from 6.1x YoY as $4.1B floating-rate debt repriced 340bp higher, pushing interest coverage to 3.1x from 4.8x. Development pipeline yields compressed to 5.2% from 6.9% while construction costs rose 21%, creating $380M in impairments that could reduce NAV per share by $2.08 (6.4%) and support a 5% price decline."
PM,buy,"Heated tobacco unit volumes grew 16% year-over-year in Q3, capturing an additional 2.3 percentage points of EU market share to reach 12.7%. The segment's 72% gross margin versus 66% for traditional cigarettes is expanding overall gross margins by 180 basis points to 70.5%, which forward earnings models indicate will drive a 5% increase in the stock price as FY2024 EPS estimates rise to $6.18.","Pricing power in core markets delivered a 4.5% year-over-year increase in average revenue per pack while traditional cigarette volume declines moderated to 2.1% versus the 5% historical average. This net revenue per unit growth of 6.8% combined with 120 basis points of SG&A leverage is expanding operating margins to 40.3% from 38.7%, with analyst consensus indicating this margin inflection directly supports a 5% stock price appreciation."
PM,sell,"Our analysis of recent regulatory filings in key Southeast Asian markets indicates a 250 basis point increase in excise taxes on heated tobacco units, which will be fully implemented over the next two quarters. This tax increase is projected to compress the segment's gross margin from 62.5% to 60.1%. Given that this segment contributes 35% of total gross profit, our forward earnings model projects a reduction in full-year EPS, justifying a 5% decrease in the stock's target price.","In the most recent quarter, channel checks reveal that shipment volume growth for the company's oral nicotine pouch products decelerated to 7% year-over-year in the Scandinavian market, falling short of the company's 12% guidance due to market share gains by a local competitor. A discounted cash flow (DCF) model adjustment, lowering the terminal growth rate assumption for this product category from 3.0% to 2.5%, reduces the intrinsic value per share and supports a 5% decrease in the stock price."
PNC,buy,"Our proprietary model projects that PNC's Net Interest Margin (NIM) will expand by 9 basis points over the next two quarters, driven by higher yields on its commercial loan portfolio. Concurrently, we forecast a 60 basis point improvement in its efficiency ratio to 62.0%. This combined operational leverage is expected to boost our forward earnings per share (EPS) estimate by 5.2%, which, at a constant P/E multiple, justifies a 5% increase in the target stock price.","PNC's non-interest-bearing deposit growth is tracking at 3.5% quarter-over-quarter, significantly outpacing the peer group average of 1.2%. This provides a low-cost funding advantage that supports a 150 basis point outperformance in its Return on Tangible Common Equity (ROTCE) versus consensus estimates for the next fiscal year. This superior profitability warrants a re-rating of its Price to Tangible Book Value (P/TBV) multiple from 1.50x to 1.575x, implying a potential 5% appreciation in the stock's value."
PNC,sell,"PNC's net charge-off ratio increased from 0.18% to 0.42% quarter-over-quarter, with provision for credit losses rising 38% to $325 million due to commercial real estate exposure; management's guidance for an additional $190 million in provisions over the next two quarters is projected to reduce FY2024 EPS by 7.2%, warranting a 5% stock price decrease.","PNC's net interest margin compressed 18 basis points to 2.73% as deposit costs accelerated faster than asset repricing, while non-interest expenses grew 6.1% from technology investments, combining to reduce FY2024 ROE by 130 basis points to 9.8% which falls below the 11% cost of equity, justifying a 5% stock price decrease."
PNR,buy,"Pentair's Q3 2024 revenue grew 7.2% year-over-year to $1.12 billion, with residential water treatment systems posting 9% growth and industrial flow technologies rising 5%. Gross margins expanded 180 basis points to 38.7% while EBITDA margins reached 22.4%, beating consensus estimates by 120 basis points. This combination of sustained revenue growth and significant margin expansion supports a 5% stock price increase.","The company generated $345 million in trailing twelve-month free cash flow, yielding 6.8% compared to the industrial sector average of 5.2%. Net debt/EBITDA declined to 1.8x from 2.3x year-over-year, while management authorized a $250 million share repurchase program and increased the quarterly dividend 8% to $0.22 per share, resulting in a 2.3% forward yield. These capital allocation improvements support a 5% valuation uplift."
PNR,sell,"In its latest quarterly filing, Pentair reported a year-over-year gross margin contraction of 150 basis points to 34.8% due to escalating raw material costs. Subsequently, management revised its full-year EPS guidance downward by 5% to a new midpoint of $3.70 from $3.90. A 5% reduction in forward earnings guidance, assuming a stable P/E ratio, directly supports a potential 5% decrease in the stock price.","Our analysis of working capital trends reveals a significant deterioration in cash conversion. The company's inventory turnover ratio decreased from 4.2x to 3.6x over the past year, contributing to a decline in free cash flow conversion from net income to 82% from a 5-year average of 98%. This sustained pressure on cash generation, when factored into our discounted cash flow model, reduces our valuation by 5%."
PNW,buy,"Our analysis of the recently approved rate case settlement projects a $0.24 increase in forward earnings per share (EPS) over the next twelve months. Applying the utility sector's average forward P/E ratio of 15.5x to this incremental earnings power, which we believe is not yet fully priced in, supports an upward valuation adjustment of $3.72 per share, indicating a potential 5% increase from the current price.","The company's 'Desert Grid' efficiency initiative is on track to reduce annual non-fuel Operations & Maintenance (O&M) expenses by $50 million. Capitalizing these recurring pre-tax savings using the company's current Enterprise Value to EBITDA (EV/EBITDA) multiple of 11.2x suggests an increase of approximately $560 million in its enterprise valuation, translating directly to a 5% appreciation in its equity value."
PNW,sell,"Q3 2024 regulatory decision granted only $98M of the requested $150M rate increase, creating a $52M annual revenue shortfall that reduces projected 2024 EPS by $0.08 to $4.12. This earnings degradation, combined with a 0.5x P/E multiple compression from 15.5x to 15.0x due to increased regulatory uncertainty, directly translates to a potential 5% stock price decrease.","Commercial and industrial electric load declined 1.3% year-over-year in Q3 2024 while wildfire mitigation expenses surged $65M above budget, cutting transmission segment margins by 12%. The resulting 60 basis point drop in return on equity from 9.2% to 8.6% and $220M increase in pension liabilities justify an expected 5% stock price decline."
PPG,buy,"PPG Industries reported Q3 2024 adjusted EPS of $1.87, representing a 6.9% beat versus consensus estimates of $1.75, driven by 4.2% organic revenue growth and 180 basis points of year-over-year operating margin expansion to 16.3%. Management raised full-year 2024 EPS guidance to $6.95-7.05 from previous $6.70-6.85, implying a 3.8% higher midpoint. This combination of sustained pricing discipline, volume recovery in industrial coatings, and improved cost absorption supports a $7.35 fair value target, representing 5% upside from current levels.","The company's Q3 2024 net debt-to-EBITDA ratio improved to 1.4x from 1.9x year-over-year following $400 million in debt repayment, while generating $890 million in free cash flow (7.2% FCF yield). PPG simultaneously announced a $500 million accelerated share repurchase program expected to retire 2.1% of outstanding shares by Q1 2025. The reduced interest expense of $12 million annually combined with 2.1% share count reduction accretes 2025 EPS by approximately $0.22, supporting a valuation adjustment that implies 5% price appreciation potential."
PPG,sell,"Our analysis of PPG’s input costs indicates a projected 11% increase in key petrochemical feedstocks over the next two quarters, of which only 70% can be offset by price adjustments due to competitive pressures. This is expected to compress the consolidated operating margin by 160 basis points, from 13.8% to 12.2%. A discounted cash flow (DCF) sensitivity analysis reveals that a 160-basis-point reduction in the long-term margin assumption supports a 5% decrease in our target price for the stock.","A slowdown in the European automotive refinish market, representing 15% of PPG's sales, is expected to result in a 6% volume decline for that segment next year. Concurrently, competitive intelligence suggests PPG is losing 75 basis points of market share in the U.S. architectural coatings-DIY channel. The combined effect models a $380 million revenue shortfall versus consensus estimates, which, when applying the company's forward Price-to-Sales ratio of 1.7x, implies a potential 5% reduction in market capitalization."
PPL,buy,"Our analysis projects that PPL's ongoing grid modernization initiatives will result in a 75 basis point improvement in its Return on Equity (ROE) to 9.95% in its largest segment over the next 18 months. This efficiency gain, when applied to the segment's regulated asset base of $18 billion, translates to an additional $0.12 in annual earnings per share. Valuing this incremental earnings contribution at the stock's current forward P/E multiple of 15.5x implies a potential price appreciation of $1.86 per share, an increase of 5% from its current price.","Based on updated regulatory filings, we forecast PPL's Funds From Operations (FFO) will reach $2.90 billion for the next fiscal year, exceeding consensus estimates by $140 million. This stronger cash flow generation supports an accelerated dividend growth plan, leading to a projected annualized dividend of $1.03 per share, a 6.2% increase. For income-focused investors who value the stock on a 3.8% forward dividend yield, this higher payout supports a share price of $27.10, representing a 5% upside from the current level."
PPL,sell,"PPL's Q3 Pennsylvania rate case settlement approved only $45 million of the requested $180 million annual revenue increase, compressing regulated utility EBIT margin by 150 basis points year-over-year from 24.2% to 22.7%. Combined with 8% higher storm restoration costs at $65 million versus $60 million budgeted, management revised EPS growth guidance to 0% for next 12 months versus analyst consensus of 6%. This regulatory setback and margin deterioration could drive a 5% stock price decline as forward P/E multiple contracts from 16x to 15.2x on reduced earnings visibility.","Consolidated operating cash flow margin contracted 600 basis points from 28% to 22% due to $340 million working capital outflow from delayed customer payments and rising fuel cost passthrough timing. The $890 million Kentucky smart grid capital program is 23% over budget, pushing debt-to-equity ratio to 1.68x from 1.45x last quarter and reducing interest coverage to 2.8x from 3.3x. These balance sheet pressures could trigger a 5% valuation drop as the equity risk premium widens and fair value estimate is cut by $2.40 per share."
PRU,buy,"Prudential's U.S. Individual Solutions segment delivered a combined ratio improvement of 320 basis points to 91.4% in Q3, driven by 12% growth in recurring premium income and 8% reduction in mortality claims; this operational leverage is projected to generate an additional $0.42 in EPS annually, representing a potential 5% price increase as the market re-rates earnings stability.","The company's asset management division grew assets under management by $47 billion to $723 billion over the past six months, with fee income increasing 14% while maintaining a 28.5% operating margin; analysts estimate this sustained 11% ROE improvement justifies a 5% upward valuation adjustment on segment multiple expansion."
PRU,sell,"Our analysis indicates a projected 15 basis point compression in the net investment income spread for the upcoming fiscal year, from 2.20% to 2.05%, due to lower reinvestment yields on the company's fixed-income portfolio. This compression is expected to reduce forward earnings per share (EPS) estimates by 6.0%. Applying the stock's historical forward P/E ratio of 8.4x to the revised EPS figure suggests a potential 5% decrease in the stock price.","The company's asset management division, PGIM, experienced institutional net outflows of $14 billion last quarter, contrary to consensus expectations of $2 billion in net inflows. This trend is forecast to reduce annual fee-related earnings by $120 million. Based on a sum-of-the-parts valuation, this earnings shortfall erodes the value of the PGIM segment by $1.44 billion (applying a 12x multiple), which translates to a potential 5% decrease in Prudential's total market capitalization."
PSA,buy,"Internal analysis projects same-store Net Operating Income (NOI) will grow by 5.8% over the next twelve months, surpassing the peer average of 4.2%, driven by sustained high occupancy rates of 94% and successful rental rate increases in key urban markets. This translates to a projected Funds From Operations (FFO) per share of $17.20, which, when capitalized at the stock's historical forward Price/FFO multiple of 18.0x, supports a 5% increase from the current market price.","The recent acquisition of a regional competitor's portfolio for $600 million was executed at a 6.2% capitalization rate, which is an 80 basis point positive spread compared to PSA's current implied trading cap rate of 5.4%. This accretive transaction is estimated to increase the company's Net Asset Value (NAV) per share by $15.00, suggesting the stock is undervalued and justifying a 5% price appreciation to align with its updated intrinsic value."
PSA,sell,"Public Storage's same-store NOI growth reversed to negative 1.8% year-over-year last quarter as same-store occupancy fell 150 basis points to 91.5%, while new tenant rent growth decelerated to 0.8% from 3.5%, reducing forward AFFO per share estimates by $0.24 and requiring a 5% stock price decline to reflect P/AFFO multiple contraction from 17.1x to 16.2x.","The company's debt-to-EBITDA ratio climbed to 6.8x from 5.4x year-over-year after issuing $1.2 billion in new unsecured notes at 6.3% coupon, while interest coverage ratio deteriorated to 3.2x from 4.5x, increasing refinancing risk on $3.5 billion of debt maturing in the next 18 months and directly causing a 5% stock price decrease based on dividend yield expansion of 70 basis points to 5.1%."
PSX,buy,"Phillips 66 captured a $2.50/barrel improvement in Gulf Coast gasoline crack spreads alongside a 4 percentage point increase in system-wide refinery utilization to 96% sequentially, delivering $180 million of incremental quarterly EBITDA that implies a 5% stock price increase based on the current 6.5x EV/EBITDA valuation multiple.","Midstream segment EBITDA expanded 8.3% year-over-year to $1.45 billion as the company reduced debt-to-EBITDA from 2.8x to 2.3x via $600 million in debt retirement, boosting distributable cash flow per share by 12% and supporting a 5% upward revaluation of the stock."
PSX,sell,"Our proprietary analysis of regional crack spreads indicates a contraction to an average of $12.75 per barrel for the current quarter, falling 12% short of the consensus forecast of $14.50 per barrel. This weaker margin environment is expected to reduce quarterly earnings per share by approximately $0.40, translating to an 8% downward revision of full-year EPS estimates. Based on the stock's historical valuation multiple contraction following negative earnings revisions of this magnitude, we project a 5% decrease in the share price.","The company's forward capital expenditure guidance for the next fiscal year is projected to increase by $400 million due to unscheduled maintenance at a key chemical facility, reducing anticipated free cash flow from $4.5 billion to $4.1 billion. This 9% reduction in projected free cash flow directly impacts our Discounted Cash Flow (DCF) model. Rerunning the model with the lower FCF and a slightly higher weighted average cost of capital to reflect increased operational risk yields a new fair value estimate that is 5% lower than our previous target."
PWR,buy,"The company's recent implementation of a proprietary project management system has improved operating margins in its Electric Power Infrastructure segment by 80 basis points in the most recent quarter. Given this segment represents 60% of total revenue, this efficiency gain translates to an incremental $72 million in projected annual net income, which, when valued at the stock's current 25x P/E multiple, supports an increase of $1.8 billion to the market capitalization, indicating a 5% upside to the current stock price.","Quanta Services' total backlog increased by 15% sequentially to $32.2 billion, surpassing consensus estimates of a 10% increase. Historical analysis over the past three years shows a direct correlation where each 1% of backlog growth above consensus leads to a 1% expansion in the forward P/E multiple. This 5% beat therefore justifies an expansion of the valuation multiple from 20.0x to 21.0x, directly supporting a 5% increase in our price target."
PWR,sell,"Quanta's Q3 2024 EBITDA margin contracted 90 basis points to 8.2% year-over-year, while total backlog declined 12.7% sequentially to $12.4 billion with a book-to-bill ratio of 0.85x, indicating pricing pressure and demand deceleration that supports a 5% stock price decrease.","Net debt-to-EBITDA ratio deteriorated to 3.2x from 2.4x year-over-year, alongside negative $127 million free cash flow versus positive $89 million prior year, reflecting balance sheet stress and liquidity constraints that warrant a 5% stock price decrease."
PYPL,buy,"PayPal's Q4 2024 operating margin expanded 170 basis points to 18.7% versus 17.0% consensus, driven by $142M AI fraud savings and $89M headcount optimization, which increases 2025 EPS estimates from $5.20 to $5.46 (5% increase) and results in 5% stock price appreciation at a constant 15.5x forward P/E multiple.","Management's 2025 revenue guidance of 11% versus 7.5% consensus, representing $800M incremental revenue from branded checkout and Venmo monetization at 55% incremental EBITDA margin, drives EV/EBITDA multiple expansion from 10.0x to 10.5x (5% multiple re-rating) and supports 5% stock price increase."
PYPL,sell,"Analysis of payment volume trends indicates that growth from unbranded checkout services is decelerating, with its contribution to total payment volume growth falling from 35% to 22% over the last two quarters. This shift towards lower-margin services is projected to compress the company's forward transaction margin by 70 basis points. A discounted cash flow (DCF) recalibration based on this margin erosion lowers the intrinsic value per share estimate by 5%.",A competitive analysis reveals that PayPal's market share in peer-to-peer (P2P) transactions has declined by 250 basis points year-over-year due to intensified competition from bank-integrated networks. This loss in a high-engagement segment is expected to reduce the forward earnings per share (EPS) estimate by $0.14. Applying the sector's average forward P/E ratio to this revised EPS results in a target price reduction of 5%.
QCOM,buy,"Our analysis of QCOM's supply chain indicates that recent design wins in the premium Android handset market will lead to a 150 basis point increase in the QCT segment's operating margin over the next four quarters. This margin expansion is projected to add $0.55 to the next twelve months' (NTM) EPS, which, when capitalized at the stock's current NTM P/E ratio of 21x, directly supports a 5% increase in the stock price.","A discounted cash flow (DCF) model adjustment, reflecting QCOM's accelerated penetration into the automotive sector, increases our long-term revenue growth forecast for that segment by 200 basis points. This revision boosts projected free cash flow by an average of $950 million annually over the forecast period, raising the calculated intrinsic value per share by 5%, assuming a constant weighted average cost of capital (WACC) of 8.0%."
QCOM,sell,"QUALCOMM's QCT segment operating margins compressed 520 basis points year-over-year from 28.3% to 23.1% in the latest quarter, while its share of the premium Android chipset market declined from 62% to 58%. This dual pressure indicates competitive headwinds that would result in a 5% stock price decrease.","The company's net debt increased by $4.2 billion to $12.8 billion sequentially, pushing net debt-to-EBITDA to 2.1x from 1.2x, while free cash flow conversion dropped from 84% to 68%. This deterioration in leverage and cash generation metrics supports a 5% price decline."
RCL,buy,"In the most recent quarter, Royal Caribbean's net revenue yields increased 8.5% year-over-year, outpacing the 5.2% guidance, while forward bookings for the next 12 months show 12% revenue growth at 107% occupancy rates. This drives projected EBITDA margin expansion from 24% to 27%, with management raising next-year EPS guidance from $9.20 to $10.15, representing 15% earnings growth that supports a 5% stock price increase as the forward P/E multiple of 11.8x reverts toward the historical cruise sector average of 13.2x.","Over the past 6 months, the company reduced its net debt-to-EBITDA ratio from 4.2x to 3.1x through $2.1 billion in debt repayment, while generating $1.8 billion in operating cash flow versus $1.2 billion consensus. This deleveraging decreases weighted average cost of capital by 50 basis points, directly boosting discounted cash flow valuation by 5% as interest coverage improves from 4.5x to 6.8x and credit metrics approach investment grade thresholds."
RCL,sell,"Internal modeling indicates that a projected 12% increase in bunker fuel costs over the next two quarters will compress Royal Caribbean's operating margin by 150 basis points. This margin erosion is expected to lower the forward earnings per share (EPS) estimate by $0.52, leading our valuation model to conclude that the stock is overvalued by 5% at its current price.","Proprietary channel checks reveal that booking volumes for sailings in the next fiscal year are trending 4% lower than the same period last year, while average per diem rates have declined by 1.8% to stimulate demand. This combination suggests a potential revenue miss of $400 million against consensus estimates, which, given the company's operating leverage, supports a 5% downward adjustment to our stock price target."
REG,buy,"Our analysis indicates that consensus Funds From Operations (FFO) per share estimates for the next fiscal year are understated. Based on recent leasing activity showing new lease rent spreads averaging 12.5% (200 basis points above projections), we model a forward FFO per share of $4.20, compared to the current street consensus of $4.00. Applying the stock's 3-year average Price/FFO multiple of 15x to our revised estimate suggests a valuation target that is 5% higher than the current market price.","Regency's portfolio quality has improved significantly, with the leased occupancy rate increasing by 90 basis points to 95.5% in the last two quarters. This metric now exceeds the sub-sector average of 94.8%. We believe this justifies a lower capitalization rate for valuation purposes. Applying a 6.2% cap rate, in line with its higher-quality peers, to Regency's forward Net Operating Income, as opposed to the 6.5% rate the market currently implies, increases our Net Asset Value (NAV) per share estimate and indicates a potential 5% upside to the stock price."
REG,sell,"Regency's same-property NOI growth declined 1.8% in Q3 as occupancy dropped 160 basis points to 92.6%, with new lease spreads falling to 2.9% from 7.8% in the prior quarter. Management cut 2024 AFFO guidance by 6.3% to $3.76 per share, and applying the current 15.5x P/AFFO multiple to the reduced forecast implies a 5% price decrease to $55.30.","The company's debt-to-EBITDA ratio has deteriorated to 7.2x from 5.7x year-over-year, driven by $410 million of floating-rate debt repricing to 6.9% from 3.1%, increasing quarterly interest expense by $8.7 million. This added leverage will reduce 2025 AFFO by $0.25 per share and push the dividend payout ratio to 87%, which at a 14.8x multiple justifies a 5% price decline target."
REGN,buy,"Libtayo's Phase 3 combination therapy data demonstrating 31% reduction in disease progression positions for 15% peak market share in the $4.5B NSCLC second-line market, driving $675M incremental annual revenue by 2026 that DCF modeling translates to a 5% fair value increase.","Q2 gross margin expansion of 280 basis points to 91.4% from Eylea HD manufacturing scale and SG&A leverage improvement of 150 basis points generated $2.30 incremental EPS, which at the current 14.2x forward P/E multiple yields 5% price appreciation."
REGN,sell,"An internal analysis of manufacturing costs reveals that the cost of goods sold for Eylea is projected to increase by 4% over the next two quarters due to previously unannounced supply chain renegotiations. This will compress the product's gross margin by 250 basis points. Factoring this margin erosion into our valuation model, while holding all other assumptions constant, reduces our forward earnings per share (EPS) estimate by 6%, supporting a 5% decrease in the stock's target price.","Channel checks and third-party prescription data indicate that market share for Dupixent in the crucial adolescent atopic dermatitis segment has eroded by 2% over the last quarter, from 48% to 46%, following the aggressive launch of a competing therapy. Our model previously forecast flat market share for this period. This loss, if annualized, equates to a $280 million revenue headwind, which lowers our discounted cash flow (DCF) valuation and justifies a 5% reduction in the stock price."
RF,buy,"Internal modeling projects a 15 basis point expansion in Regions Financial's Net Interest Margin (NIM) to 3.75% over the next two quarters, driven by a successful repricing of its commercial loan book. Concurrently, new cost-saving initiatives are projected to improve the efficiency ratio by 120 basis points to 58.5%. This combined impact is expected to increase forward earnings per share (EPS) estimates by 9%, which, when capitalized at the current price-to-earnings multiple, supports a 5% increase in the stock price.","Regions Financial has demonstrated superior loan origination, with annualized loan growth in its specialized industries portfolio accelerating to 6.5% last quarter, compared to the regional bank average of 4.0%. This outperformance is projected to lift the bank's Return on Tangible Common Equity (ROTCE) from 14.5% to an estimated 16.0% over the next fiscal year. Valuing the company on a Price to Tangible Book Value (P/TBV) basis, this improved ROTCE profile warrants a multiple expansion from 1.40x to 1.47x, implying a 5% upside to the current stock price."
RF,sell,"Regions Financial's loan loss provisions surged $58 million quarter-over-quarter to $134 million while net charge-offs increased to 0.62% of average loans and non-performing assets rose 38 basis points to 1.23% of total assets, indicating deteriorating credit quality that could drive a 5% stock price decrease.","The bank's net interest margin compressed 34 basis points year-over-year to 3.09% as deposit costs jumped 85 basis points while loan yields only increased 41 basis points, pushing the efficiency ratio to 64.2% from 59.1% and causing return on equity to decline 160 basis points to 9.3%, signaling margin pressure that may result in a 5% price decline."
RJF,buy,"Raymond James' assets under management grew 12.3% year-over-year to $1.15 trillion while net interest margin expanded 45 basis points to 3.85%, driving projected earnings growth of 8.4% next quarter, which supports a 5% stock price increase.","The firm's return on equity increased 210 basis points to 18.7% while the P/E ratio trades at 13.2x compared to the peer average of 15.8x, and a new $450 million share repurchase authorization creates valuation upside, indicating a potential 5% price appreciation."
RJF,sell,"Internal analysis projects a Net Interest Margin (NIM) compression from a trailing 2.15% to 1.90% over the next two quarters, driven by higher deposit betas. This 25-basis-point decline is forecasted to reduce annual Net Interest Income by $175 million. This revision lowers the forward earnings per share (EPS) estimate by $0.72, which, when applying the stock's current forward P/E multiple of 12.0x, corresponds to a potential 5% decrease in the stock's valuation.","The company's Asset Management division experienced unexpected net outflows of $7.5 billion in the most recent quarter, reversing a trend of consistent quarterly inflows averaging $4.0 billion over the prior year. This outflow is projected to reduce annual fee-based revenue by $60 million. Our discounted cash flow (DCF) model, updated for this lower recurring revenue base, now yields an intrinsic value 5% below our previous estimate."
RL,buy,"Internal modeling shows that the recent quarter's 75 basis point expansion in operating margin to 12.5%, driven by a 15% year-over-year growth in the higher-margin direct-to-consumer digital channel, increases the company's forward earnings per share (EPS) estimate by 8%. This revised EPS, when applied to the sector's average forward P/E ratio of 16x, suggests a valuation uplift of approximately 5% from the current stock price.","Analysis of market data from the last twelve months indicates Ralph Lauren's market share in the Asia-Pacific luxury goods sector grew by 50 basis points, from 3.5% to 4.0%. This capital-efficient growth improved the company's Return on Invested Capital (ROIC) by 150 basis points to 15.5%, exceeding the company's weighted average cost of capital (WACC) by a wider margin. A re-rating based on this superior economic value creation justifies a 5% increase in our target stock price."
RL,sell,"Ralph Lauren's Q3 gross margin contracted 180 basis points year-over-year to 58.2% as promotional intensity increased 400 basis points to 22% of revenue, while SG&A expenses rose 8.2% against 1.5% revenue growth, compressing operating margin to 11.3% from 13.7% prior year; management guided Q4 revenue down 5% at midpoint versus consensus +2%, prompting 7% Street EPS cuts that support a 5% stock price decline to $142 target based on 12.5x revised NTM EPS of $11.35.","Inventory levels surged 22% year-over-year to $1.18 billion while sales grew only 1.5%, deteriorating inventory turnover to 2.1x from 2.8x, and days inventory outstanding increased from 98 to 127 days; debt-to-equity ratio rose to 1.8x from 1.2x after drawing $300M on credit facility, pushing interest coverage ratio down to 6.2x from 9.5x, which combined with negative -$45M free cash flow in the quarter versus +$85M prior year, suggests 5% downside to $142 as capital efficiency concerns warrant a 10% EV/EBITDA multiple compression to 7.8x."
RMD,buy,"ResMed's Q3 CPAP device revenue growth accelerated to 12% year-over-year versus 8% consensus, while gross margins expanded 150 basis points to 58.5% and ROE improved 200 basis points to 24%, driving a projected 5% stock price increase as forward P/E re-rates from 22x to 23x on upward earnings revisions.","ResMed captured 3.5 percentage points of additional market share in APAC sleep apnea devices to reach 28.5% share, while Q3 free cash flow grew 18% to $185 million at a 22% margin, supporting a projected 5% stock price increase as DCF models incorporate sustained 12% regional growth and improved cash conversion."
RMD,sell,"Internal analysis reveals that due to increased competition from low-cost manufacturers, ResMed's gross margin is projected to contract by 120 basis points over the next two quarters, from 56.8% to a forecasted 55.6%. This margin compression is expected to reduce forward earnings per share (EPS) by approximately 4.5%. Applying the company's current price-to-earnings (P/E) ratio of 26x to this lower EPS forecast suggests a valuation reset, indicating a potential 5% decrease in the stock price.","In the most recent quarter, year-over-year revenue growth in the core CPAP devices segment slowed to 4.0%, down from an average of 9.5% over the previous four quarters, while channel checks indicate a build-up of inventory. A discounted cash flow (DCF) model sensitivity analysis, adjusted to reflect this lower long-term growth rate (reduced from 4.5% to 3.0%), results in a downward revision of the intrinsic value estimate, implying a potential 5% decrease in the stock price."
ROK,buy,"Analysis of Rockwell's Software & Control segment shows a 250 basis point improvement in operating margin to 27.5% in the most recent quarter, driven by higher-than-expected adoption of its FactoryTalk DesignSuite. This margin expansion has led management to increase full-year EPS guidance from a midpoint of $12.50 to $13.13. Holding the sector-average forward P/E ratio of 21x constant, this 5% increase in earnings guidance justifies a 5% appreciation in the stock price.","Rockwell's recent strategic partnerships in the life sciences automation market have increased its order backlog by $600 million over the past six months, boosting its market share in that vertical by an estimated 3 percentage points. Consequently, consensus revenue estimates for the next fiscal year have been revised upward by 5.1%, from $9.7 billion to $10.2 billion. Applying the company’s stable 3.5x price-to-sales ratio to this new revenue projection supports a 5% increase to the share price."
ROK,sell,"Gross margin contracted 340 basis points to 37.2% from 40.6% year-over-year in the most recent quarter, driving a 12% EPS miss ($1.85 actual vs $2.10 consensus) and 18% operating cash flow decline to $285 million, indicating a potential 5% stock price decrease.","Industrial IoT market share fell 450 basis points from 22.5% to 18.0% over the past 6 months, prompting management to cut annual organic revenue growth guidance from 4.5% to 0.8% while new orders declined 11% quarter-over-quarter, suggesting a potential 5% stock price decrease."
ROL,buy,"Rollins' Q3 revenue accelerated 14.2% YoY to $820M, beating consensus by 3.1%, while EBITDA margins expanded 210 basis points to 23.4% through route density optimization, suggesting 5% upside as analysts revise forward EPS estimates upward.","The company captured 290 basis points of market share in residential pest control to reach 26.1%, while free cash flow yield improved from 3.4% to 4.2% year-over-year, supporting a 5% price increase as the combination of growth and capital efficiency warrants premium valuation."
ROL,sell,"An internal analysis of Rollins' key commercial markets shows that recent aggressive pricing by regional competitors, who have lowered contract rates by an average of 8%, is projected to force a defensive pricing response. This is expected to cause a 110 basis point compression in the company's consolidated operating margin over the next four quarters, from 20.8% to 19.7%. Recalibrating valuation models with this lower sustained profitability results in a potential 5% decrease in the stock price.","The company's organic customer growth rate in its residential pest control segment has decelerated for two consecutive quarters, with projections showing a slowdown from 6.5% year-over-year to 3.5% for the full fiscal year. This deceleration, coupled with a 12% increase in customer acquisition costs (CAC) during the same period, reduces the long-term growth assumption in our DCF model, indicating a potential 5% decrease in the stock's fair value."
ROP,buy,"Roper's Application Software segment reported recurring revenue growth of 12% in the most recent quarter, surpassing consensus estimates of 9.5% and driving a 250 basis point expansion in the segment's operating margin to 34%. This superior profitability profile supports a re-rating of the company's forward Price-to-Earnings ratio from 28.0x to 29.4x to better align with high-growth, high-margin software peers, implying a 5% increase in share price.","The company's free cash flow (FCF) conversion from net income over the trailing twelve months was 112%, significantly above its historical average of 105%. This enhanced cash generation, when applied to a discounted cash flow model holding the weighted average cost of capital (WACC) constant at 8.0%, results in a $26 increase to the intrinsic value estimate, representing a potential 5% upside from the current price level."
ROP,sell,"Q3 organic revenue growth decelerated to 2.3% from 7.1% year-over-year while gross margin contracted 180 basis points to 62.4%, driving a 5% reduction in our price target based on peer multiple compression.","Net debt increased 34% to $8.7 billion with debt-to-EBITDA reaching 4.1x, while free cash flow conversion fell to 68% from 85%, prompting a 5% downside revision to our fair value estimate."
ROST,buy,"Ross Stores' Q3 gross margin of 28.9% exceeded consensus by 150 basis points, while comparable store sales accelerated to 6.1% versus 4.5% expected. The 210 basis points revenue beat combined with margin expansion drives a 9% EPS revision to $5.92 for FY24. At a constant P/E multiple of 19.0x, this earnings upgrade directly implies 5% stock price upside to $112.48.","Free cash flow margin improved to 7.9% in Q2, generating $980 million versus $740 million prior year, as inventory turns accelerated to 4.3x from 3.9x. The board authorized a 15% dividend increase to $0.46 quarterly and a new $1.7 billion buyback program representing 5.8% of shares outstanding. This 280 basis point improvement in total shareholder yield historically correlates with 5% stock price appreciation."
ROST,sell,"Internal channel checks indicate a significant inventory build-up, with inventory days expected to increase from 52 days last quarter to a projected 58 days in the current quarter. This 11.5% increase is forecast to trigger promotional markdowns, leading to a 90 basis point contraction in gross margin for the second half of the year. Our discounted cash flow (DCF) model, updated with this margin compression, results in a revised price target that is 5% lower than the current market price.","Same-store sales growth is projected to decelerate to 1.8% over the next two quarters, falling short of the consensus estimate of 3.2% and trailing the peer group average of 2.9%. We believe the stock's current forward P/E ratio of 22x is unsustainable given this slowdown. A valuation normalization to a 20.9x multiple, which is more in line with its revised growth profile, suggests a potential 5% decrease in the stock price."
RSG,buy,"Analysis of Republic Services' recent capital investments in landfill gas-to-energy projects shows a projected increase in the company's free cash flow (FCF) yield from 3.8% to 4.0% over the next four quarters. Our discounted cash flow (DCF) model indicates that this 20-basis-point improvement in FCF yield, driven by higher-margin energy revenue, supports a revised intrinsic value leading to a 5% increase in the stock price.","RSG's forward Price-to-Earnings (P/E) ratio is currently 27.5x, representing a discount to its closest peer's multiple of 29.0x. However, RSG's Return on Invested Capital (ROIC) has improved by 120 basis points to 8.5% over the trailing twelve months, surpassing the peer's stagnant 7.8% ROIC. We project this superior capital efficiency will cause the valuation gap to close, resulting in a P/E multiple expansion for RSG and justifying a 5% appreciation in its share price."
RSG,sell,"Latest quarter EBITDA margin compressed 320 basis points to 25.8% versus 29.0% prior year, driven by 3.5% volume decline and 28% plunge in recycling commodity prices, with core price growth decelerating from 4.3% to 2.1%, creating operational headwinds that justify a 5% price decrease.","Net debt-to-EBITDA ratio increased to 3.1x from 2.4x year-over-year following recent acquisitions, while free cash flow conversion deteriorated to 58% from 72% and interest coverage fell to 4.2x, indicating balance sheet stress that warrants a 5% price decrease."
RTX,buy,"RTX's Collins Aerospace segment secured $2.3 billion in new defense contracts and expanded segment operating margins from 14.2% to 16.8% quarter-over-quarter, which combined with 340 basis points of working capital improvement is projected to increase 2025 EPS by 8%, directly supporting a 5% increase in the stock price.","The company reduced net debt by $4.5 billion over the past six months, improving its debt-to-EBITDA ratio from 2.8x to 2.1x while increasing free cash flow conversion from 82% to 94%, financial improvements that analysts estimate will fund a 12% dividend increase and drive a precise 5% upward price movement."
RTX,sell,"Analysis of Pratt & Whitney's supply chain indicates that costs for key materials in its Geared Turbofan (GTF) engine line have increased by an average of 8% quarter-over-quarter due to supplier consolidation. This is projected to compress the division's operating margin by 120 basis points, leading to a revised full-year company EPS forecast of $5.45, down from a consensus of $5.74. Applying the industry's forward P/E ratio of 18.2x to this $0.29 EPS reduction suggests a potential 5% decrease in the stock's valuation.","A program review of RTX's Collins Aerospace avionics upgrade contract for a major military transport fleet has revealed integration delays, pushing the key delivery milestone back by three quarters. This delay is expected to defer $1.8 billion in high-margin revenue and incur $350 million in contractual penalties. A discounted cash flow (DCF) model adjustment for this shift in cash flow and reduced margin profile lowers the calculated fair value per share by $5.20, representing a 5% downside from the current market price."
RVTY,buy,"In the last reported quarter, Revvity's Life Sciences segment achieved a 200 basis point improvement in its gross margin, reaching 58.5%, due to a higher mix of recurring consumable sales which grew 12% year-over-year. This margin expansion is projected to increase full-year forward EPS by $0.15, from $5.00 to $5.15. A revaluation based on this 3% increase in EPS guidance, combined with a modest forward P/E multiple expansion from 20.0x to 20.4x, supports a 5% upside to the current stock price.","The recent launch of Revvity's ""OmniSeq Pro"" genomic sequencing platform is projected to capture 2.5% of the $4 billion clinical oncology sequencing market within the next 24 months. This translates to an incremental $100 million in annual recurring revenue. Valuing this new, high-growth revenue stream at a conservative 3.5x Price-to-Sales multiple adds approximately $350 million to the company's enterprise value, justifying a 5% increase from its current market capitalization of $7 billion."
RVTY,sell,"Most recent quarter organic revenue declined 3.2% year-over-year to $685 million while gross margin compressed 210 basis points to 53.4%, prompting management to lower full-year 2024 guidance from 1-3% growth to -2% to -4%, which together suggest a 5% stock price decrease.","Net debt-to-EBITDA ratio deteriorated to 3.8x from 2.9x in the prior quarter, with free cash flow conversion falling to 58% from 81% year-over-year, and $450 million of debt maturing in the next 12 months against cash reserves of only $180 million, indicating a 5% stock price decrease."
SBAC,buy,"SBA Communications reported Q3 same-tower revenue acceleration to 4.2% year-over-year, surpassing consensus by 120 basis points through 3,200 new tenant additions and a 2.8% increase in monthly lease rates to $2,350 per site. EBITDA margins expanded 150 basis points to 71.3% and management raised 2024 AFFO guidance by 6% to $14.25 per share. Valuation models indicate this operational leverage translates directly to a 5% stock price increase as forward AFFO multiples re-rate from 20.8x to 22x.","The company completed $2.1 billion in tower portfolio acquisitions at a 6.8% cap rate while refinancing $1.8 billion of 2025 debt maturities at 5.2% interest, 140 basis points below existing rates. These transactions generate $22 million in annual interest savings and add $145 million to run-rate AFFO, representing a 2.3% accretion to 2025 AFFO per share. This financial engineering supports a 5% stock price increase under the current 21x AFFO valuation multiple."
SBAC,sell,"Analysis of recent carrier leasing amendments and new site deployments indicates a deceleration in organic revenue growth. Over the last four quarters, the average quarterly growth in new lease and amendment revenue was 4.2%, but our channel checks project this will slow to 1.8% over the next two quarters due to a pullback in 5G network densification spending by a major tenant. This slowdown is expected to reduce our forward 12-month Adjusted Funds From Operations (AFFO) per share estimate from $13.80 to $13.11, implying a 5% decrease in the stock's valuation based on the current P/AFFO multiple.","The company's weighted average cost of debt is projected to increase following the upcoming refinancing of $1.5 billion in senior notes due in the next fiscal quarter. The maturing notes carry a coupon of 3.1%, whereas current market conditions suggest the new issuance will be priced at approximately 4.8%. This 170 basis point increase in interest rate will add $25.5 million in annual interest expense, reducing the company's interest coverage ratio from 3.6x to 3.3x. Our valuation model, which incorporates debt service costs, indicates this margin compression warrants a 5% reduction in our price target."
SBUX,buy,"Analysis of SBUX's supply chain efficiency initiative, launched last quarter, projects a 75 basis point improvement in operating margin over the next six months. This is expected to raise forward Earnings Per Share (EPS) estimates by 3.1% to $4.00. Applying a conservative Price-to-Earnings (P/E) multiple expansion from 22.0x to 22.4x, based on this enhanced profitability, suggests a potential 5% increase in the stock's target price.","Proprietary data on SBUX's new digital loyalty program in China indicates same-store sales growth for the next fiscal year is tracking towards 6.5%, significantly above the consensus estimate of 4.0%. This 2.5 percentage point outperformance in a key high-margin market is projected to add an incremental $200 million to the company's free cash flow, implying a valuation uplift of approximately 5% from the current share price."
SBUX,sell,"Q3 2024 US same-store sales declined 2.8% and China comparable sales fell 5.1%, while operating margin compressed 150 basis points year-over-year to 15.2% due to 12% wage inflation and 8% higher coffee costs, leading management to guide Q4 earnings 7% below analyst estimates, metrics which collectively support a 5% price decrease.","Debt-to-equity ratio deteriorated to 2.3x from 1.9x year-over-year as free cash flow declined 18% to $2.3 billion, while dividend payments increased 5% to $0.57 per share resulting in an 88% payout ratio, signaling reduced capital allocation flexibility and indicating a 5% price decrease."
SCHW,buy,"Net interest margin expanded 15 basis points quarter-over-quarter to 2.35%, while total client assets grew 12% year-over-year to $8.2 trillion and daily average revenue trades increased 8% to 6.4 million, collectively supporting a 5% increase in forward earnings multiple and corresponding stock price appreciation.","Return on equity improved 200 basis points to 18.5% as operating expenses declined to 62% of revenue, combined with management's authorization of a $4 billion share repurchase program representing 2.8% of market cap, which together justify a 5% upward valuation adjustment."
SCHW,sell,"Analysis of funding costs indicates that client cash realignment into higher-yielding alternatives is occurring at an accelerated pace. Our model projects a Net Interest Margin (NIM) compression to 1.95% over the next two quarters, 20 basis points below the consensus forecast of 2.15%. This erosion in net interest income is expected to lower full-year EPS by $0.16, which, based on the stock's historical sensitivity to earnings revisions, supports a 5% decrease in the share price.","A proprietary survey of Registered Investment Advisors (RIAs) using the Schwab platform reveals a 150 basis point decline in asset retention rates for the most recent quarter, dropping from 98.0% to 96.5%. This represents the lowest retention rate in eight quarters. Factoring this higher-than-anticipated client attrition into our discounted cash flow model reduces the long-term revenue growth assumption by 75 basis points, resulting in a 5% reduction in our calculated fair value for the stock."
SHW,buy,"Our analysis projects that due to successful price realization and moderating raw material costs, particularly in titanium dioxide and propylene, The Sherwin-Williams Company's consolidated gross margin will expand by 180 basis points next quarter. This margin improvement is expected to drive a 9% increase in forward earnings per share (EPS), which, when valued at the sector's average forward P/E multiple of 25x, supports a 5% increase in the stock price.","Proprietary channel checks within the new residential construction market indicate that Sherwin-Williams is capturing market share at an accelerated rate, forecasting a 6% year-over-year volume growth in its Paint Stores Group, against analyst consensus of 4%. Our discounted cash flow (DCF) model suggests this incremental 2% volume growth translates directly into an additional $16 per share in intrinsic value, justifying a 5% price appreciation from its current level."
SHW,sell,"Gross margin compressed 240 basis points to 44.8% year-over-year due to 12% raw material cost inflation, with management guiding Q4 EPS down 9% to $2.23, which analyst models indicate will drive a 5% stock price decline to $285.","Debt-to-equity ratio increased to 2.4x from 1.8x post-acquisition, pushing interest coverage down to 5.2x from 8.5x, while ROE fell 310 basis points to 18.7%, creating a combined deterioration in capital structure that justifies a 5% valuation discount."
SJM,buy,"Coffee segment revenue accelerated 12.3% YoY in the most recent quarter, driving 150 basis points of gross margin expansion to 38.5% through favorable green coffee costs and optimized pricing. This segment outperformance contributed to a $0.25 increase in full-year EPS guidance to $9.15-$9.35, representing 7.2% growth versus prior forecasts. A discounted cash flow model incorporating these enhanced cash flow projections indicates a 5% price increase to $145 per share.","The 18-month-old premium pet treat acquisition delivered $45 million in cumulative synergies, exceeding targets by 15% and reducing net debt/EBITDA from 3.3x to 2.8x within six months. Pet segment operating margins expanded 200 basis points to 19.5%, making the transaction 8% accretive to 2024 EPS. Applying a 14x EV/EBITDA multiple to upgraded segment forecasts yields a 5% valuation uplift to $148 per share."
SJM,sell,"Internal forecasts indicate a 120 basis point compression in consolidated operating margin over the next six months, from 17.5% to 16.3%, driven by a 10% rise in key commodity input costs and increased promotional spending in the coffee segment. This margin erosion, when applied to consensus revenue estimates, lowers our forward EPS forecast from $9.80 to $9.31. A valuation model applying a constant forward P/E multiple of 12x to this reduced EPS implies a potential 5% decrease in the stock price.","Recent syndicated retail data reveals a 90 basis point decline in market share for the U.S. Retail Pet Foods segment over the last quarter, reducing its share to 16.5%. This segment contributes 38% of the company's operating income. Our discounted cash flow (DCF) model, updated to reflect a lower long-term growth rate for this segment from 2.0% to 1.0%, results in a reduction of our intrinsic value calculation and supports a 5% decrease in our target price for the stock."
SLB,buy,"The recent launch of Schlumberger's ""CarbonSecure"" sequestration platform is projected to capture 15% of the nascent carbon capture and storage (CCS) services market within the next 24 months. This is expected to add $1.1 billion in high-margin revenue, which, at a 12% net profit margin, contributes an additional $132 million to net income. Applying the company's forward P/E ratio of 17x to this new earnings stream indicates a potential increase in market capitalization of $2.24 billion, justifying a 5% rise in the stock price.","An internal efficiency analysis indicates that the integration of digital twin technology across Schlumberger's Production Systems division will reduce operational costs by 8% over the next four quarters. This cost reduction is expected to improve the company's overall free cash flow (FCF) by $350 million. A discounted cash flow (DCF) model, updated with this incremental FCF and using an unchanged weighted average cost of capital (WACC) of 8.5%, calculates a $2.25 billion increase in the company's enterprise value, supporting a 5% appreciation in its share price."
SLB,sell,"SLB's North America rig count exposure fell 12% quarter-over-quarter, compressing Reservoir Characterization margins by 300 basis points to 19% and reducing international market share by 2.5 percentage points to 18.3%. These factors drive an 8% EBITDA reduction, which valuation analysis indicates translates to a 5% stock price decrease.","SLB's net debt-to-EBITDA ratio increased from 2.1x to 3.4x over six months while free cash flow declined 28% to $850 million due to a $420 million working capital build. The resulting $150 million annual interest burden reduces fair value by 7%, directly implying a 5% stock price decline."
SNA,buy,"Snap-on's Q3 gross margin expanded 250 basis points year-over-year to 52.8% from 50.3%, while EPS growth of 12.3% exceeded the industrial tools sector average of 7.1% and forward P/E compressed to 15.2x versus 16.8x previously, metrics that justify a 5% price increase to close the valuation gap with peers trading at 16.5x.","Snap-on's North American automotive diagnostics market share increased 320 basis points year-over-year to 21.4% from 18.2%, generating $142 million in quarterly free cash flow for a 5.1% yield and improving ROE to 22.5% from 19.8%, fundamentals supporting a 5% price increase target."
SNA,sell,"Analysis of recent supply chain cost data shows a 150 basis point year-over-year contraction in gross profit margin for the most recent quarter, from 49.8% to 48.3%. Management's forward guidance now projects full-year operating margin at the low end of its previously stated range. Recalibrating earnings models with these higher input costs and a revised 7% decrease in net income estimates results in a valuation that is 5% below the current share price.","The Snap-on Tools Group, which accounts for over 40% of total revenue, reported a deceleration in organic sales growth to 1.8% last quarter, down from an average of 6.2% over the previous four quarters. This slowdown in its core franchisee channel, when factored into a discounted cash flow (DCF) model by lowering the terminal growth rate assumption from 2.5% to 2.0%, reduces the intrinsic value estimate by 5%."
SNPS,buy,"Analysis of Synopsys's product mix shift towards higher-margin IP licensing and SaaS-based EDA tools indicates a projected operating margin expansion of 200 basis points over the next fiscal year, from 35.5% to 37.5%. This improvement is forecast to boost earnings per share by $1.10 above consensus estimates. Applying the stock's current forward P/E multiple to this incremental earnings growth suggests a valuation uplift that justifies a 5% increase in the target stock price.","A proprietary channel check reveals that Synopsys has secured 60% of the design wins for the next generation of AI accelerator chips among the top five hyperscale cloud providers. This capture rate is 10 percentage points higher than in the previous hardware generation. Our model, which values market share in this segment at a premium, calculates that this outperformance translates to a $4 billion increase in total addressable market capture, supporting a 5% increase in the company's market capitalization."
SNPS,sell,"Q3 revenue growth decelerated to 8% year-over-year from 15% previously while operating margins compressed 500 basis points to 23% on 22% higher cloud infrastructure costs. EDA segment operating income fell 14% quarter-over-quarter to $312 million, driving trailing twelve-month free cash flow down 12% to $1.45 billion. With P/E ratio remaining at 35x versus sector average 28x, these deteriorations justify a 5% stock price decrease.","Synopsys lost 400 basis points of EDA market share over the past six months, declining from 32% to 28%, as three major semiconductor clients representing $127 million in annual recurring revenue churned to competing platforms. Customer acquisition costs increased 31% while average contract values decreased 11%, pushing the lifetime value-to-customer acquisition ratio to 2.9x from 4.1x eight quarters ago. Net debt-to-EBITDA rose from 0.8x to 1.6x following the $2.3 billion acquisition, supporting a 5% stock price decrease."
SO,buy,"Southern Company's Q3 EPS of $0.97 beat consensus by $0.04, driven by 8.2% rate base growth in Georgia Power subsidiary; management raised 2024 EPS guidance to $3.85 midpoint (6.8% YoY growth vs prior 5.2% forecast) and new Vogtle Unit 4 adds $0.22 to 2025 EPS, improving forward P/E valuation from 16.8x to 17.6x and supporting 5% price appreciation target.","Southern Company reduced 2024-2025 equity issuance by $800M, cutting projected share dilution from 3.1% to 0.8%; $1.2B debt refinancing at 4.85% vs 6.15% saves $15.6M annually (adding $0.14 to EPS) while regulatory ROE approvals increased to 10.25% from 9.75% across Alabama and Mississippi jurisdictions, expanding net margin by 40 basis points and driving 5% upside through combined FFO/share growth of 7.2% to $5.45."
SO,sell,"A recent rate case decision in a primary service territory approved an allowed Return on Equity (ROE) of 9.7%, which was 110 basis points below the company's request. This lower-than-anticipated ROE is projected to reduce forward earnings per share (EPS) by $0.21, which, when applying the stock's current forward P/E ratio of 18x, suggests a valuation headwind equivalent to a 5% decrease in the stock price.","Due to the need to refinance $4 billion in debt over the next 12 months at prevailing higher interest rates, the company's projected interest expense is set to increase by $100 million annually. Our Discounted Cash Flow (DCF) model indicates this increase in financing costs directly reduces the Free Cash Flow to Equity (FCFE) available to shareholders, lowering the intrinsic value per share by 5%."
SPG,buy,"An internal analysis of leasing trends reveals a 90 basis point increase in portfolio-wide occupancy rates over the last six months to 95.8%, exceeding internal targets by 40 basis points. This stronger-than-expected leasing velocity supports a revised full-year Funds From Operations (FFO) per share estimate of $12.45. Applying the stock's five-year average Price-to-FFO multiple of 12.2x to this updated guidance indicates a potential 5% increase from the current share price.","Recently completed redevelopment projects, representing a $650 million capital investment, are now generating a stabilized Net Operating Income (NOI) yield of 8.2%, which is 120 basis points higher than the initial underwriting assumption of 7.0%. This incremental NOI, when capitalized at the current market cap rate of 6.8%, adds approximately $7.50 to the company's Net Asset Value (NAV) per share, justifying a 5% upward revision of the stock's price target."
SPG,sell,"Simon Property Group's Q3 occupancy rate declined 260 basis points to 94.2% from 96.8% in the preceding quarter, while same-property NOI growth turned negative at -2.8% versus +3.1% previously, compressing forward FFO per share estimates by $0.55 to $11.85 and indicating a potential 5% stock price decrease based on peer-average P/FFO multiple contraction from 12.5x to 11.8x.","The company's weighted average cost of debt increased 270 basis points to 6.2% following $2.4 billion of mortgage refinancings, pushing debt-to-EBITDA to 8.7x from 7.1x and raising projected annual interest expense by $65 million, which translates to a 5% reduction in fair value using a dividend discount model with a 150 basis point higher equity risk premium."
SPGI,buy,"S&P Global's latest quarter Adjusted EPS grew 12% YoY to $3.45, beating consensus by $0.18, while Ratings segment revenue expanded 9% to $1.2B with operating margins improving 150 bps to 58%; this earnings beat combined with a 4% upward guidance revision for the next fiscal year suggests potential for 5% stock price appreciation as forward P/E multiple expands from 22x to 23x on revised earnings expectations.","S&P Global's trailing twelve months free cash flow surged 18% to $3.8B, representing 38% of revenue, enabling management to increase share buyback authorization by $1.5B while maintaining net debt/EBITDA at 2.1x; this enhanced capital return program, coupled with 7% dividend hike to $4.80 per share annualized, signals financial strength that could drive 5% price appreciation as the stock's FCF yield compresses from 3.2% to 2.8% reflecting improved growth confidence."
SPGI,sell,"Our analysis indicates a significant slowdown in the high-margin Ratings segment, which accounts for 45% of total revenue. Projected segment revenue for the next fiscal year is expected to decline by 4% due to a sharp drop in global debt issuance, a stark reversal from the 7% growth seen in the prior year. This has caused us to revise our firm-wide revenue growth forecast down from 6% to 2%. Adjusting our DCF model for this lower long-term growth trajectory results in a 5% decrease in our fair value estimate for the stock.","The company is experiencing margin pressure from increased technology spending and competition in its Market Intelligence segment. In the most recent quarter, the segment's operating margin contracted by 250 basis points year-over-year. This has led to a full-year company operating margin forecast reduction from 48.0% to 46.5%. With the stock currently trading at a forward P/E of 32x, a 15% premium to its historical average, we believe a multiple contraction is imminent. A modest re-rating of the forward P/E to 30.4x to reflect lower profitability implies a 5% downside from the current price."
SRE,buy,"A recent regulatory approval for a 4.0% rate base increase in its core utility segment is projected to increase forward earnings per share (EPS) by 5.0% over the next twelve months, from a consensus of $9.20 to a revised $9.66. Holding the stock's 5-year average forward P/E multiple of 18.2x constant, this earnings growth directly implies a 5% increase in the share price valuation.","The successful commissioning of a new liquified natural gas (LNG) export terminal ahead of schedule has reduced the company's project risk profile, leading to a recalibration of our discounted cash flow (DCF) model. This de-risking lowers the company's weighted average cost of capital (WACC) by 35 basis points, from 7.20% to 6.85%, which in turn increases the present value of future cash flows and results in a 5% uplift to our price target."
SRE,sell,"Debt-to-equity ratio increased from 1.25x to 1.82x over the past 12 months, while interest coverage contracted from 3.4x to 2.2x, which credit model analysis indicates will raise WACC by 75 basis points and drive a 5% price decrease.","The $4.8 billion Oncor transmission upgrade project is experiencing $980 million in cost overruns with 14-month regulatory approval delays, reducing projected rate base growth from 7.5% to 2.8% and creating 5% downside to the stock price."
STE,buy,"Q3 FY2024 organic revenue accelerated 12.3% YoY to $1.42 billion, exceeding consensus by $35 million, while adjusted operating margins expanded 180 basis points to 24.7% on 300 basis points of Healthcare segment pricing power; management raised full-year EPS guidance by $0.15 to $6.85-$7.00 range, representing 14% growth, which supports 5% stock price appreciation through forward P/E multiple re-rating from 18.5x to 19.4x.","Six-month post-launch, STERIS's PROTEK low-temperature sterilizer captured 8.2% installed base market share, generating $85 million incremental high-margin recurring revenue at 78% gross margin; free cash flow conversion improved to 112% of net income, reducing net debt/EBITDA from 2.4x to 1.8x year-over-year, warranting a 5% upward revision to DCF-based fair value."
STE,sell,Analysis of STERIS's Healthcare segment reveals that operating margins contracted by 150 basis points over the last two quarters due to pricing pressure from group purchasing organizations. This margin compression has led our model to revise next fiscal year's earnings per share (EPS) estimate down from $9.10 to $8.645. Applying the stock's 5-year average forward P/E ratio of 23x to this new estimate results in a valuation that is 5% lower than the current share price.,"Our proprietary channel checks indicate that new competition in the single-use endoscope market is causing STERIS to lose market share, with its share projected to decline from 48% to 45% in that sub-segment over the next 12 months. This sub-segment accounts for 20% of the company's overall revenue growth. A discounted cash flow (DCF) analysis incorporating this slower growth trajectory reduces the terminal value by 6.8%, which lowers the overall calculated intrinsic value and points to a 5% decrease in the stock price."
STT,buy,"State Street secured new servicing mandates totaling $2.8 trillion in the last six months, outpacing internal projections by 15%. This organic growth is projected to lift annual servicing fee revenue by $350 million, leading to an estimated increase in forward earnings per share (EPS) of $0.38, which, when applying the sector-average forward P/E multiple of 11.0x, indicates a potential stock price increase of 5%.","Recent optimization of the company's securities portfolio, coupled with disciplined expense management, is projected to expand the operating margin by 80 basis points over the next four quarters. This efficiency gain is expected to contribute an additional $0.35 to the consensus forward EPS estimate, which, valued at the stock's trailing twelve-month P/E ratio of 11.5x, directly supports a price appreciation of 5%."
STT,sell,"State Street's net interest margin compressed 42 basis points sequentially to 0.85% in the latest quarter as institutional deposit outflows reached $47 billion, reducing net interest income by $185 million and forcing management to cut EPS guidance by 8%, which our valuation model translates to a 5% stock price decrease based on dividend discount assumptions.","The company's asset servicing division experienced client attrition of $680 billion in assets under custody over the past six months, while fee compression of 7 basis points on the remaining $39.3 trillion book reduced quarterly servicing revenue by $210 million, with consensus estimates now reflecting a 5% stock price decline as forward P/E multiples contract from 10.5x to 9.2x."
STX,buy,"Seagate's Q3 gross margin expanded 320 basis points to 27.8% from 24.6% year-over-year, driven by 18% NAND cost deflation and HAMR manufacturing yields reaching 85%. This operational leverage increases 2024 EPS estimates by $0.42 to $4.15, and applying the current 19.5x forward P/E multiple results in an $80.90 fair value target, representing 5% upside from present trading levels.","Seagate captured 42% market share in enterprise 20TB+ nearline drives during Q3, a 4 percentage point gain from the prior quarter, as HAMR unit shipments grew 45% sequentially to 3.2 million drives. This share shift generates $140 million incremental quarterly revenue and accelerates enterprise segment growth to 11% year-over-year versus industry average of 3%, supporting a sum-of-the-parts valuation of $81.20 that implies 5% price appreciation potential."
STX,sell,"Our channel checks indicate a sequential decline in high-capacity nearline drive demand from hyperscale customers, projecting a 4% decrease in exabytes shipped for the upcoming quarter. This, combined with aggressive pricing from a key competitor, is expected to drive down Average Selling Prices (ASPs) by 2.5%, leading to a 150 basis point contraction in gross margin. Our Discounted Cash Flow (DCF) model suggests this margin compression lowers the intrinsic value per share, justifying a 5% decrease from the current stock price.","An analysis of the company's balance sheet reveals a 12% quarter-over-quarter increase in inventory, pushing Days Inventory Outstanding (DIO) from 76 to a 3-year high of 85. This inventory build-up signals weakening end-market demand and increases the risk of future write-downs. We are therefore adjusting our valuation model by contracting the target forward Price-to-Sales multiple from 1.8x to 1.71x, which implies a potential 5% downside to the stock's current valuation."
STZ,buy,"Internal analysis of retail scanner data from the most recent quarter shows STZ's beer division depletions grew by 8.5% year-over-year, significantly outpacing consensus estimates of 7.2%. This top-line beat, combined with a 60 basis point expansion in operating margin due to favorable input costs, is projected to increase the full-year EPS by 4.2%. Applying the current forward P/E multiple to this revised earnings forecast supports a 5% increase in the stock's valuation.","The company's premium wine and spirits portfolio revitalization is yielding results ahead of schedule, with the segment's Return on Invested Capital (ROIC) improving from 7.5% to 8.8% over the past six months. Updating our discounted cash flow (DCF) model to reflect this sustained profitability improvement, specifically by increasing the terminal growth rate assumption from 2.0% to 2.25%, results in a 5% increase in our calculated intrinsic value per share."
STZ,sell,"Constellation's Q3 gross margin contracted 180 basis points year-over-year to 48.2% as Modelo Especial market share fell 120 basis points to 8.7% in the premium beer category, while operating expenses rose 9% due to increased promotional spending. These margin pressures, combined with a 12% year-over-year decline in free cash flow to $487 million, translate to a 5% reduction in our DCF valuation.","STZ trades at 22.5x forward P/E, a 23% premium to the beverage sector average of 18.3x, despite Q3 organic revenue growth decelerating to 2.1% and net debt-to-EBITDA rising to 4.1x following the $1.2 billion winery acquisition. This valuation disconnect, compounded by a 150 basis point increase in weighted average cost of capital to 7.8%, implies a 5% decline in target price."
SWK,buy,"Stanley Black & Decker's latest quarter gross margin expanded 240 basis points to 34.2% versus prior year, driving EBITDA margin to 15.5% from 13.1% and prompting management to raise full-year EPS guidance to $6.15-$6.35 from $5.80-$6.00, with analyst consensus models indicating this operational leverage supports a 5% stock price increase.","The company reduced net debt-to-EBITDA ratio from 3.4x to 2.8x through $450 million in debt repayments while generating $890 million in free cash flow representing 112% conversion of net income, and concurrently announced an $800 million accelerated share repurchase program, with the combined credit improvement and capital return catalyst driving a 5% valuation uplift."
SWK,sell,"Our revised model, incorporating a 250-basis-point contraction in gross margin guidance to 28.5% due to higher input costs, projects full-year Earnings Per Share (EPS) will be $3.99, a reduction from our previous forecast of $4.20. This 5% downward revision in expected earnings directly supports a 5% decrease in our target price.","Proprietary channel checks for the most recent quarter show Stanley Black & Decker's market share in the North American professional power tools segment has eroded by 1.5 percentage points, from 21.0% to 19.5%. Factoring this loss into our discounted cash flow (DCF) model by reducing the long-term revenue growth rate assumption from 3.0% to 2.5% lowers the calculated intrinsic value of the stock by 5%."
SWKS,buy,"Analysis of recent supply chain contracts indicates that SWKS has secured two new major design wins for its 5G infrastructure filter solutions, projected to add $400 million in incremental revenue over the next 24 months. This high-margin revenue is expected to increase the company's forward operating margin from 34.0% to 35.5%. Incorporating this 150 basis point margin expansion into our discounted cash flow (DCF) valuation model increases our fair value estimate by 5%.","SWKS's operational efficiency has improved significantly, with days sales outstanding (DSO) decreasing from 45 to 41 days in the most recent quarter, improving cash conversion. Despite this, the stock trades at a forward price-to-earnings (P/E) ratio of 12.0x, a discount to its five-year historical average of 13.5x. We believe the enhanced cash flow profile warrants a re-rating to a more moderate 12.6x forward P/E multiple, implying a 5% upside from the current price."
SWKS,sell,"Skyworks reported Q3 revenue declining 8.2% quarter-over-quarter to $1.05 billion, with gross margin compression of 320 basis points to 47.1% from inventory write-downs. Management's Q4 guidance projects a further 7.5% revenue decline, leading analysts to cut FY24 EPS estimates by 12%. This margin deterioration and forward guidance weakness implies a 5% stock price decrease.","Apple represents 58% of Skyworks' revenue mix and recently cut component orders by 15% for the next product cycle. Skyworks' inventory turnover decreased from 4.2x to 2.8x year-over-year while industry peers maintained 4.5x average. Combined with receivables days increasing from 45 to 67, this customer concentration and working capital deterioration signals a 5% downside risk."
SYF,buy,"Net charge-off rate improved 45 basis points quarter-over-quarter to 3.75%, beating consensus estimates of 3.92% and reducing credit loss provisions by $87 million, which analysis shows could drive a 5% price increase through forward earnings multiple expansion.","Core deposit base increased $2.8 billion sequentially, lowering wholesale funding costs to 3.42% from 3.70% and improving net interest margin by 18 basis points to 13.2%, translating to an estimated 5% stock price appreciation based on discounted cash flow models."
SYF,sell,"Analysis of recent securitization trust data reveals a deterioration in credit quality, with the 30+ day delinquency rate in SYF's core retail card portfolio increasing from 3.15% in the prior quarter to a projected 3.50% for the current quarter. We forecast this will necessitate an additional $160 million in credit loss provisions above consensus estimates for the next fiscal year. This action would lower the forward EPS by $0.28, which, when capitalized at the stock's historical forward P/E of 8.0x, indicates a valuation reduction of $2.24 per share, a 5% decrease from the current market price.","A channel check of funding markets indicates that Synchrony's cost of funds is rising 25 basis points faster than its asset yield repricing, leading to a projected 15 basis point compression in its forward 12-month Net Interest Margin (NIM) to 15.40%. On an asset base of $108 billion, this NIM compression translates to a $162 million reduction in annual pre-tax income. This lowers our earnings forecast by $0.29 per share, justifying a price target adjustment of -$2.32, a potential 5% decline in the stock's value."
SYK,buy,"Internal analysis of Stryker's Mako robotic surgery division shows adoption rates 15% higher than initial projections for the last two quarters. This is forecasted to increase the division's revenue contribution by $500 million next fiscal year, at a 22% net margin, which is 600 basis points above the corporate average. This higher-margin earnings growth is projected to increase forward EPS by 3.5%, justifying a multiple expansion that supports a 5% increase in the stock price.","Company-wide supply chain integration initiatives concluded last quarter are now projected to sustainably increase operating margins by 75 basis points over the next twelve months. This efficiency gain, combined with a reduction in working capital requirements, is expected to improve the Free Cash Flow (FCF) to Sales ratio from 14% to 15.1%. A revised Discounted Cash Flow (DCF) model incorporating this enhanced FCF generation indicates a 5% increase in the stock's fair value."
SYK,sell,"Q3 organic revenue growth decelerated to 3.2% from 8.5% year-over-year while operating margins contracted 180 basis points to 21.3%, as management revised FY2024 EPS guidance down from 9-11% to 4-6% growth, creating 5% downside pressure from forward P/E multiple compression to 18.5x.","The company lost 350 basis points of market share in the reconstructive surgery segment over the past 12 months, falling from 24.1% to 20.6%, while R&D spending increased 35% year-over-year to support product catch-up initiatives, draining free cash flow margins by 250 basis points to 13.8% and warranting a 5% price decrease."
SYY,buy,"Sysco's gross margin expanded 70 basis points year-over-year to 19.2% in the most recent quarter, while EPS grew 12% to $0.94, beating consensus by $0.06. Management raised full-year EBITDA guidance by $150 million to $4.2 billion, compressing forward EV/EBITDA from 12.8x to 12.2x, which valuation analysis indicates would drive a 5% price increase toward historical averages.","Sysco's US foodservice distribution market share increased 90 basis points to 18.1% over the trailing twelve months, while free cash flow surged 21% to $1.45 billion, improving debt-to-EBITDA from 2.4x to 2.1x. The strengthened balance sheet and market position justify a 30 basis point reduction in cost of equity to 7.8%, translating to a 5% price increase in discounted cash flow models."
SYY,sell,"Internal analysis of Sysco's supply chain costs projects a 60 basis point contraction in operating margins for the upcoming fiscal year, from 4.2% to 3.6%, driven by a 12% rise in last-mile delivery expenses that cannot be fully passed through to customers. A discounted cash flow (DCF) model adjusted for this lower, persistent margin profile results in a revised fair value estimate that is 5% below the current trading price.","A proprietary survey of 500 independent restaurant owners, representing a key customer segment, indicates a decline in Sysco's wallet share from 45% to 41% over the past two quarters due to competitive pricing from regional distributors. This 4-point decline in a high-margin segment, when extrapolated, lowers our forward 12-month revenue forecast by 1.8%, leading to a revised price target that is 5% lower."
T,buy,"Proprietary modeling of the company's fiber segment indicates that last quarter's 315,000 net subscriber additions, combined with a 2.5% increase in broadband ARPU, will add $700 million to the forward 12-month free cash flow forecast. A discounted cash flow (DCF) analysis incorporating this incremental FCF raises the intrinsic value per share, justifying a 5% increase in the stock's price target.","Recent debt tender offers have reduced net debt by $7.5 billion year-to-date, exceeding management's guidance and resulting in a projected $380 million in annualized interest expense savings. This cost reduction is expected to boost forward EPS by $0.11, which, when capitalized at the stock's current forward P/E ratio of 7.8x, supports a valuation increase of $0.86 per share, or a 5% gain from the current price."
T,sell,"AT&T's postpaid wireless segment shed 428,000 subscribers last quarter while EBITDA margins compressed 340 basis points year-over-year to 33.2% and customer churn accelerated to 1.8%; these operational metrics justify a 5% price decrease in our base case valuation.",The company's net debt-to-EBITDA ratio climbed to 3.9x from 3.4x six months prior as interest coverage fell to 2.8x and quarterly free cash flow declined $820 million year-over-year; this deterioration in financial leverage supports a 5% downside price target.
TAP,buy,"TAP's premium beer portfolio revenue accelerated 12.3% YoY in Q3 while segment EBITDA margins expanded 320 basis points to 24.7%, driving EPS of $1.32 versus $1.18 consensus; this 11.9% earnings beat and margin trajectory support a 5% price increase to $68.00 from the current $64.78.","The company's net debt reduction of $450M over the past 6 months improved net debt/EBITDA to 2.8x from 3.4x, boosting forward FCF yield to 8.2% and reducing annual interest expense by $18M; DCF models indicate this deleveraging warrants a 5% valuation uplift to $68.00 per share."
TAP,sell,"Our analysis of rising input costs, specifically a 15% quarter-over-quarter increase in aluminum prices, projects a 200 basis point contraction in the company's gross margin for the upcoming fiscal year. This margin compression is expected to lower the consensus earnings per share (EPS) forecast by 5.2%, directly supporting a 5% downward revision of our price target as the market digests lower profitability.","Recent retail scanner data for the last quarter shows that the company's market share in the premium light beer category, which accounts for 35% of North American revenue, has eroded by 150 basis points from 18.5% to 17.0%. An updated discounted cash flow (DCF) analysis incorporating a lower long-term growth rate assumption due to this competitive pressure results in a 5% reduction in the calculated intrinsic value per share."
TDG,buy,"In the most recent quarter, TransDigm's commercial aftermarket segment, which contributes 55% of total revenue, reported a 150 basis point expansion in operating margins to 49.5%, driven by favorable product mix and pricing power. A revised discounted cash flow (DCF) model incorporating this higher sustained margin for the segment results in an increased intrinsic value calculation, suggesting a potential 5% upside to the current stock price.","Company filings show a 12% quarter-over-quarter increase in the proprietary parts backlog, surpassing consensus estimates of 8%. This stronger-than-expected backlog growth is projected to increase next year's earnings per share (EPS) by $2.10 above the previous forecast. Applying the stock's forward P/E ratio of 25x to this incremental EPS points to a valuation increase of 5%."
TDG,sell,"Operating margins contracted 320 basis points to 38.7% year-over-year as titanium input costs surged 28%, while net leverage ratio climbed to 7.8x EBITDA from 6.2x in the prior quarter following the $2.3 billion debt-funded acquisition, limiting financial flexibility and indicating a 5% downside to current valuation.","Aftermarket revenue, representing 62% of total sales, declined 11% quarter-over-quarter as legacy aircraft retirements accelerated, while free cash flow conversion fell to 67% from historical 85%+ levels due to working capital build-up of $340 million, pressuring valuation by at least 5%."
TEL,buy,"TE Connectivity's automotive segment achieved 12% revenue growth to $1.34 billion in the latest quarter while expanding gross margins by 170 basis points to 34.2%, driving consensus EPS estimates upward from $6.80 to $7.24 (6.5% increase). Applying the current 18.0x forward P/E multiple to these raised earnings projections supports a 5% increase in the stock price.","The company's free cash flow generation reached $1.85 billion, representing a 5.8% free cash flow yield, with management allocating 85% of this capital to shareholder returns through a $1.2 billion share repurchase program (3.2% of outstanding shares) and a 5% dividend increase to $0.96 quarterly per share. This enhanced capital return strategy is projected to drive a 5% appreciation in share price."
TEL,sell,"Analysis of the latest quarter's performance reveals that gross margins compressed by 140 basis points to 31.5% due to higher-than-anticipated costs for specialized polymers and freight. This has led to a downward revision of the full-year earnings per share (EPS) guidance from $7.20 to $6.84. Applying the stock's current forward P/E multiple of 20x to this reduced guidance implies a valuation adjustment to $136.80, representing a 5% downside from the prior valuation.","The company's book-to-bill ratio within its Industrial end market, which accounts for 35% of total revenue, has declined to 0.92x from 1.08x in the preceding quarter. This decline indicates weakening demand in factory automation and medical devices. A discounted cash flow (DCF) model updated to reflect this trend, projecting a 3% contraction in this segment's revenue for the next fiscal year instead of the previously forecasted 4% growth, results in a fair value estimate that is 5% lower than the current share price."
TFC,buy,"Analysis of recent expense management initiatives reveals a quarter-over-quarter improvement in TFC's efficiency ratio from 62.1% to 60.5%. This 160-basis-point improvement, driven primarily by a 3% reduction in non-interest expenses, is projected to increase the full-year earnings per share (EPS) estimate by $0.22. Applying the current price-to-earnings (P/E) multiple of 10.5x to this incremental earnings power suggests a potential 5% increase in the stock price.","TFC's commercial and industrial (C&I) loan portfolio grew by 3.8% sequentially in the last quarter, outpacing the peer average of 1.9%, while its associated net charge-off rate declined from 0.41% to 0.37%. This combination of accelerated high-quality loan growth is forecasted to add 10 basis points to the bank's Return on Tangible Common Equity (ROTCE). A valuation model based on Price-to-Tangible Book Value (P/TBV) indicates this ROTCE enhancement supports a 5% appreciation in the share price."
TFC,sell,"Net interest margin compressed 22 basis points sequentially to 2.78% as deposit costs surged 45 basis points to 3.15% while loan yields stagnated at 5.42%, reducing quarterly net interest income by $210 million and creating structural profitability headwinds that justify a 5% stock price decrease.","Non-performing loans increased 35 basis points to 1.25% of total loans, with office CRE delinquencies rising 120 basis points to 4.8% and forcing a $195 million increase in quarterly provision expense to $585 million, signaling deteriorating asset quality that warrants a 5% stock price decrease."
TFX,buy,"New vascular access product line generated $45M incremental quarterly revenue, representing 3.2% top-line beat versus consensus, with gross margin expansion of 180 basis points to 58.7% and EPS outperformance of $0.18, supporting a potential 5% price increase on revised 18.5x forward P/E multiple.","FDA clearance for next-generation surgical sealant achieved 12% share of $800M market within 2 quarters, accelerating forward revenue estimates by 4.8% while debt-to-equity ratio improved from 0.85x to 0.71x, creating catalyst for potential 5% price increase."
TFX,sell,"Internal analysis indicates that rising polymer and logistics costs will compress operating margins by 120 basis points in the next two quarters, from 25.1% to 23.9%. This reduction is projected to lower the forward twelve-month EPS forecast from $14.50 to $13.78. Applying the sector average forward P/E ratio of 19x to this revised EPS estimate suggests a valuation pullback, implying a 5% decrease in the stock price.","Recent procedural data from key hospital networks shows a slowdown in a high-margin product line, Vascular Access, with case volume growth decelerating from a projected 7% to an actual rate of 3.5% over the last quarter. This segment accounts for 28% of total revenue, and this deceleration lowers the company's consolidated revenue growth forecast by 1%. Our DCF model indicates that adjusting the revenue growth assumption for the next three years to reflect this new trend results in a 5% decrease in the calculated intrinsic value per share."
TGT,buy,"Our revised Discounted Cash Flow (DCF) model incorporates a higher free cash flow (FCF) conversion rate, increasing from 4.5% to 5.2% of revenue for the next fiscal year. This is driven by a projected 15% reduction in supply chain capital expenditures due to the completion of major sorting center build-outs. Holding the WACC at 8.0% and terminal growth at 2.5%, this enhanced FCF generation lifts our calculated intrinsic value, indicating a 5% upside from the current share price.","Target's forward Price-to-Earnings (P/E) ratio currently stands at 15.2x, while its consensus EPS growth for the next twelve months is 11%. This represents a significant discount to its peer group, which trades at an average P/E of 17.5x on lower average EPS growth of 8%. We project a partial re-rating of Target's multiple to 16.0x as the market recognizes its superior growth, which would result in a 5% increase in the stock price."
TGT,sell,"Target's Q3 same-store sales declined 2.3% year-over-year while gross margin compressed 150 basis points to 24.8%, driving management to guide Q4 EPS to $2.20 (midpoint) versus consensus of $2.65, a 17% shortfall that warrants a 5% stock price decrease.","Inventory turnover deteriorated to 5.2x from 6.1x year-over-year as debt-to-equity ratio climbed to 1.85 from 1.45, combined with 18% free cash flow decline to $1.2 billion, creating liquidity concerns that justify a 5% stock price decrease."
TJX,buy,"TJX's Q3 gross margin expanded 170 basis points year-over-year to 30.2% while free cash flow surged 33% to $2.8 billion, driven by 90 basis points of SG&A leverage and inventory turnover improvement from 6.2x to 7.1x; this operational efficiency and cash generation capacity support a 5% price increase target as valuation multiples re-rate from 18.5x to 19.4x forward P/E.","TJX captured 240 basis points of additional off-price retail market share, reaching 14.7%, while international same-store sales accelerated to 8.5% and new store productivity hit $8.2 million per location; these metrics underpin a 5% upside as the combination of 6.2% total revenue growth and expanded ROE from 42% to 48% justifies premium valuation expansion."
TJX,sell,"Analysis of TJX's inventory levels shows a 15% year-over-year increase, significantly outpacing the 4% sales growth over the same period. This inventory-to-sales mismatch is projected to cause a 90 basis point contraction in gross margins for the upcoming two quarters due to increased markdown activity. The resulting downward revision of forward earnings per share (EPS) by 7% supports a valuation model adjustment leading to a 5% decrease in the stock price.","Same-store sales growth is projected to decelerate to 1.5% for the upcoming fiscal year, down from a 5% average over the prior three years, signaling potential market saturation. We believe this growth slowdown warrants a forward P/E multiple contraction from its current 22.0x to 20.9x, aligning it more closely with its historical average during periods of slower growth. This re-rating based on reduced growth prospects implies a 5% decrease in the stock price."
TMO,buy,"Internal projections for the new 'ChronoLeap' bioproduction platform indicate incremental revenue of $1.4 billion for the next fiscal year. At an estimated 25% net profit margin, this translates to an additional $0.92 in EPS. Applying the company's forward P/E ratio of 30x to this incremental earnings suggests a potential 5% increase in the stock's valuation.","Recent implementation of an AI-driven supply chain management system has resulted in a year-over-year improvement in operating margin of 100 basis points, observed over the last two quarters. Extrapolating this efficiency gain across the full year's projected revenue base of $44 billion would boost EPS by approximately $0.93, justifying a 5% upward re-rating of the stock price based on the current earnings multiple."
TMO,sell,"Thermo Fisher's Life Sciences Solutions segment reported Q3 revenue growth decelerating to 2.3% year-over-year from 8.1% in the prior quarter, while operating margins compressed by 410 basis points to 31.2% from 35.3%, and market share in the qPCR instrumentation market declined from 24.2% to 21.7%. Management simultaneously lowered full-year 2024 EPS guidance to $21.20, representing 4.8% growth versus the prior 9.2% forecast, which together signal fundamental deterioration and imply a 5% stock price decrease.","The company's net debt-to-EBITDA ratio increased to 3.6x from 2.8x year-over-year, while free cash flow conversion deteriorated from 85% to 72% due to a $280 million working capital build, and interest coverage declined from 18.5x to 14.2x on $185 million of incremental interest expense. These balance sheet pressures and reduced liquidity metrics create refinancing risk and warrant a 5% stock price decrease."
TMUS,buy,"T-Mobile's Q3 postpaid phone net additions reached 650,000 subscribers, a 15% year-over-year increase, while blended ARPU grew 3.8% to $48.20, driving service revenue 5% above consensus estimates; this sustained subscriber momentum coupled with pricing power indicates a 5% stock price increase potential as analysts revise forward revenue projections upward by 4-5%.","The company's Q2 adjusted EBITDA margin expanded 150 basis points to 38.5% due to $380 million in Sprint network decommissioning synergies, generating $3.8 billion in levered free cash flow (up 18% YoY) and reducing net debt-to-EBITDA to 2.7x; this margin expansion and accelerated deleveraging supports a 5% valuation uplift through improved enterprise value multiples and dividend capacity."
TMUS,sell,"Internal channel checks and competitive analysis project a 2.5% sequential decline in Postpaid Phone Average Revenue Per User (ARPU) over the next two quarters, from $49.00 to an estimated $47.78, due to aggressive new pricing from cable operators. This erosion of a key revenue metric, which was previously modeled as flat, is expected to reduce forward revenue estimates by $1.5 billion. Applying the company's current 15x forward Price-to-Earnings multiple to the resulting lower net income projection supports a 5% decrease in the stock's valuation.","An updated forecast for full-year capital expenditures indicates an increase from the guided $9.5 billion to $10.7 billion, a 12.6% rise, driven by higher-than-anticipated 5G network densification costs. This $1.2 billion reduction in projected free cash flow (FCF) for the year negatively impacts our Discounted Cash Flow (DCF) model. The lower FCF generation and a corresponding 75 basis point increase in our weighted average cost of capital (WACC) to account for execution risk leads to a revised price target that is 5% below the current market price."
TPR,buy,"Analysis of recent channel performance indicates direct-to-consumer (DTC) sales grew 12% year-over-year in the last quarter, surpassing internal projections of 8%. This outperformance drove a 75 basis point expansion in the consolidated operating margin to 16.25% and is projected to add an incremental $0.15 to the full-year EPS. Applying the stock's current forward P/E multiple of 10x to this higher earnings base suggests the market has undervalued this margin accretion, supporting a 5% price increase as the new forecast is priced in.","The company's Return on Invested Capital (ROIC) improved to 14.5% over the trailing twelve months, up from 12.0% in the prior period, due to enhanced inventory management that freed up $150 million in working capital. This has increased free cash flow conversion from net income to 110%, well above the five-year average of 95%. A discounted cash flow model updated with this higher FCF conversion rate and a terminal growth rate of 2.0% yields a fair value that is 5% above the current market price."
TPR,sell,"Tapestry's Q3 gross margin compressed 290 basis points year-over-year to 65.8% due to elevated promotional activity and freight cost inflation, while inventory turnover deteriorated from 4.2x to 3.1x with days inventory outstanding rising to 118 days, creating an estimated 5% stock price decline from working capital inefficiencies and margin degradation.","Coach brand North American handbag market share declined 160 basis points to 10.7% as digital sales growth decelerated from 18% to 2% year-over-year, while customer acquisition costs surged 34% and average order value remained stagnant, a combination that our analysis indicates would drive a 5% valuation reduction."
TROW,buy,"Assets Under Management increased 8.3% year-over-year to $1.68 trillion with $42 billion in net inflows last quarter, generating 11.2% revenue growth and 42.7% operating margins, which relative valuation models indicate should drive a 5% price increase.","Forward P/E of 14.5x trades at a 16% discount to peer average of 17.2x despite 29% ROE and 3.85% dividend yield, implying that valuation convergence would result in a 5% stock price appreciation."
TROW,sell,"Internal analysis of fund flow data from the most recent quarter shows net client outflows accelerated to $16.5 billion, a significant increase from the $11.2 billion in outflows recorded in the prior quarter. This trend has reduced total Assets Under Management (AUM) by 4.2% sequentially. Projecting this higher outflow rate over the next two quarters lowers our forward revenue estimates from management fees by 7.1%, which adjusts our discounted cash flow valuation downward and indicates a potential 5% decrease in the stock price.","A review of the company's product fee structure reveals an average effective fee rate reduction of 2.1 basis points year-over-year, driven by a strategic shift toward lower-margin institutional products. This fee compression is projected to cause the operating margin to contract by 250 basis points in the upcoming fiscal year, from 41.0% to 38.5%. This deterioration in core profitability warrants a lower valuation multiple, and adjusting our price-to-earnings (P/E) target to 12.5x from 13.1x results in a potential 5% decrease in the stock price."
TRV,buy,"Internal projections for the current quarter indicate a combined ratio of 94.0%, a 150 basis point improvement over the analyst consensus of 95.5%. This enhanced underwriting profitability, driven by a 6% year-over-year increase in net written premiums in the Business Insurance segment, is expected to boost forward EPS by 9%, supporting a 5% increase in the stock's valuation as the market reprices earnings expectations.","The company's operating cash flow has exceeded internal targets by 12% for two consecutive quarters, enabling an acceleration of its share repurchase program. The company is projected to repurchase $1.8 billion in shares over the next six months, a 20% increase from the prior six-month period. This reduction in share count is forecast to improve the forward Return on Equity (ROE) from 14.5% to a projected 15.2%, justifying a re-rating and a 5% increase in the stock price."
TRV,sell,"TRV's Q3 combined ratio deteriorated 340 basis points to 100.2% from 96.8% year-over-year, driven by $240 million in catastrophe losses versus $110 million in the prior period, compressing underwriting margins by 280 basis points and reducing normalized EPS by $0.45, which analysis indicates would trigger a 5% stock price decline based on historical industry P/E multiple compression.","The company reported $180 million in adverse prior-year reserve development in Q3, representing a $225 million negative swing from $45 million favorable development year-over-year, decreasing book value per share by $0.92 and reducing ROE by 140 basis points to 11.2%, with actuarial models indicating this reserves weakness warrants a 5% price-to-book multiple de-rating."
TSCO,buy,"Tractor Supply's same-store sales growth accelerated to 7.8% in the recent quarter, 360 basis points above consensus estimates of 4.2%, while gross margin expanded 180 basis points to 35.9% driven by private label penetration reaching 31%. This margin expansion and earnings beat of $0.12 per share (6.2% above forecasts) justify a 5% stock price increase as forward P/E multiple re-rates from 19x to 20x on improved ROE of 42%.","The company generated $798 million in free cash flow over the trailing twelve months, representing 112% conversion of net income, while reducing its debt-to-EBITDA ratio to 1.8x from 2.3x year-over-year. Management allocated $500 million to share repurchases and raised the dividend by 8%, resulting in a 4.2% total shareholder yield that supports a 5% price appreciation target on enhanced capital return metrics."
TSCO,sell,"Our analysis indicates that a sustained 8% year-over-year increase in freight and logistics expenses will compress Tractor Supply's forward operating margin by 60 basis points. This reduction in profitability lowers our forward earnings per share (EPS) estimate by 5.2%, and applying the company's historical average price-to-earnings (P/E) ratio of 21.5x to this revised EPS figure results in a projected 5% decrease in the stock price.","A deceleration in comparable store sales growth from 4.5% to a projected 1.5% for the upcoming fiscal year, driven by reduced consumer spending on high-ticket durable goods, necessitates a downward revision of our Discounted Cash Flow (DCF) model. Lowering the revenue growth assumption in our model by this 300 basis point margin directly reduces the calculated intrinsic value of the company, implying a 5% decrease from the current share price."
TSN,buy,"An internal efficiency program focused on supply chain optimization is projected to improve the company's EBIT margin by 40 basis points over the next 18 months. A revised Discounted Cash Flow (DCF) model incorporating this sustained margin enhancement, while holding revenue and terminal growth assumptions constant, increases the derived intrinsic value per share by 5% from the current market price.","The stock currently trades at a forward P/E of 14.0x, a notable discount to its peer group average of 15.4x due to recent volatility in feed costs. Our analysis indicates that recently secured grain hedging contracts will stabilize input costs, justifying a narrowing of this valuation gap. A partial closing of the P/E discount to 14.7x, reflecting lower earnings risk, supports a 5% increase in stock price."
TSN,sell,"Tyson Foods reported a 210 basis point contraction in gross margin from 12.1% to 10.0% quarter-over-quarter, driven by 15% higher feed costs and 9% wage inflation, with management reducing EBITDA guidance by $400 million; this margin compression and guidance cut indicate a potential 5% stock price decrease.","The company's net debt-to-EBITDA ratio rose to 4.3x from 3.1x year-over-year after taking on $2.1 billion in acquisition-related debt, while free cash flow swung to -$87 million from +$156 million in the prior year; this deteriorating leverage profile suggests a potential 5% stock price decrease."
TT,buy,"Trane's commercial HVAC segment delivered 12.3% year-over-year revenue growth last quarter with operating margins expanding 150 basis points to 16.8%, positioning Q4 EPS to exceed consensus by $0.34; this earnings catalyst is expected to drive a 5% stock price increase as the market reprices the shares.","Trane generated $847 million in free cash flow over the past six months (118% of net income) while reducing net debt-to-EBITDA from 2.3x to 1.8x, and authorized a new $1.2 billion share repurchase program equal to 4.2% of market capitalization; this capital allocation efficiency warrants a 5% upward valuation adjustment."
TT,sell,"A detailed supply chain analysis indicates that unanticipated increases in refrigerant and steel costs will compress Trane's forward gross margins by 200 basis points, from a projected 35.5% to 33.5%. This adjustment reduces the consensus forward earnings per share (EPS) estimate from $12.50 to $11.88. Applying the sector's average forward P/E multiple of 25x to this revised EPS results in a valuation that is 5% below the current share price.","Recent industry reports show that in the key North American residential HVAC market, Trane's market share has declined by 1.5 percentage points, from 18.0% to 16.5%, over the past six months due to new product launches from a primary competitor. This loss is projected to reduce next year's total revenue by $450 million against a prior forecast. A discounted cash flow (DCF) analysis incorporating this lower revenue stream, while holding all other assumptions constant, lowers the intrinsic value per share by exactly 5%."
TTWO,buy,"Internal tracking of pre-launch digital engagement for the upcoming ""Grand Theft Auto VI"" trailer and related content shows a 25% higher unique user interaction rate compared to the same pre-launch period for ""Red Dead Redemption 2"". Our model indicates this level of engagement historically correlates with a 3% beat on initial quarterly sales forecasts. Applying this outperformance to our Discounted Cash Flow (DCF) model, which incorporates a higher terminal growth rate for recurrent consumer spending, results in a 5% increase in the stock's intrinsic value.","The company's non-GAAP operating margin expanded by 200 basis points year-over-year to 23.5% in the most recent quarter, driven by a higher-than-expected mix of digital-direct sales, which now constitute 81% of net bookings. This margin profile now exceeds the peer group average of 22.0%. Adjusting our valuation to apply a justified forward P/E multiple of 31.5x, up from the current 30.0x, to reflect this superior profitability, indicates a potential 5% appreciation in the stock price."
TTWO,sell,"Take-Two's net bookings growth decelerated to 3.2% year-over-year last quarter, down from 14.5% in the prior quarter, while recurring consumer spending declined 7% as Grand Theft Auto Online MAUs fell 12%. This trajectory, combined with 150 basis points of EBITDA margin compression to 21.8%, suggests a 5% decrease in fair value based on forward P/E multiple derating to 18x from 22x.","The company's forward P/E ratio of 22.5x remains at a 35% premium to industry average despite projected EPS growth slowing to 6% next year, well below the 18% sector median. With free cash flow yield compressing to 3.8% and net debt climbing to $2.4 billion (2.9x EBITDA), valuation models indicate 5% downside as the stock reprices toward peer-average multiples."
TXN,buy,"Texas Instruments' automotive semiconductor segment revenue accelerated 22% year-over-year to $1.85 billion, expanding overall gross margin from 62.3% to 65.1% through improved fab utilization. This operational leverage, combined with a 150 basis point reduction in SG&A as percentage of revenue, is projected to deliver $0.42 of additional EPS above 2025 consensus, directly supporting a 5% stock price increase target.","The company's Q3 free cash flow generation reached $1.67 billion, representing an 85% conversion rate that exceeded analyst forecasts by 18%. Management's subsequent $7.5 billion accelerated share repurchase authorization—enabled by debt-to-equity reduction from 0.61x to 0.44x—is modeled to reduce share count by 3.1% while improving ROE from 38% to 42%, translating to a fundamental valuation re-rating of 5% share price appreciation."
TXN,sell,"Analysis of competitive pricing in the analog semiconductor market indicates that Texas Instruments' gross margin is projected to contract by 150 basis points, from 64.2% to 62.7%, over the next two quarters. This erosion in profitability, when applied to our forward earnings model, reduces the forward earnings per share (EPS) estimate by $0.21, suggesting a potential 5% decrease in the stock's valuation based on the company's historical price-to-earnings ratio.","Recent channel checks reveal that inventory levels in the automotive and industrial segments, which account for over 60% of TXN's revenue, have risen by 11% sequentially. This has pushed the company's Days of Inventory (DOI) from 145 to 161 days, exceeding the 5-year average by 18%. Our regression model shows this level of excess inventory typically precedes a reduction in future orders, leading us to revise our 12-month forward revenue forecast downwards by 3.8%, which lowers our DCF-based price target by 5%."
TXT,buy,"The Textron Aviation segment reported a book-to-bill ratio of 1.40x in the last quarter, a significant increase from 1.15x year-over-year, growing its backlog by $1.5 billion. This robust demand, combined with projected operational efficiencies leading to a 30 basis point improvement in the segment's operating margin over the next six months, supports a re-rating of the company's forward earnings multiple, justifying a 5% increase in the target stock price.","Free cash flow (FCF) conversion is forecasted to reach 115% of net income for the full fiscal year, well above the five-year average of 98%. Management has committed to using this outperformance to accelerate its share repurchase program, targeting a 2.8% reduction in shares outstanding over the next two quarters. This accretive action, coupled with a 2.2% reduction in the company's net debt to EBITDA ratio to 1.6x, warrants a 5% increase in the stock's valuation."
TXT,sell,"Textron's Bell Helicopter segment operating margin compressed from 12.1% to 8.7% year-over-year in the latest quarter due to $47M in supply chain cost overruns, while the division's backlog decreased $340M sequentially to $2.1B, representing a 14% decline. This margin and order deterioration supports a 5% stock price downside based on discounted cash flow analysis.","Textron's consolidated free cash flow conversion rate fell to 58% from 82% in the prior quarter, as industrial segment inventory days rose to 89 from 71, tying up $280M in additional working capital and pushing net debt-to-EBITDA to 2.9x. This balance sheet deterioration suggests a 5% valuation discount is appropriate."
UAL,buy,"United's Q3 RASM increased 4.8% YoY to $0.172, while CASM ex-fuel decreased 2.1% to $0.095, expanding operating margins by 180 bps to 12.3%. Management raised full-year EPS guidance to $10.20-$10.50, representing 8% upside to consensus, which translates to a projected 5% stock price increase at the current 5.2x EV/EBITDA multiple.","Net debt reduction of $1.2B over the trailing twelve months improved debt-to-equity ratio from 2.8x to 2.4x, while free cash flow yield reached 14.2% versus the 9.1% airline industry average. Interest expense declined $85M annually, boosting ROE from 18% to 23%, supporting a 5% upward revaluation as the leverage risk premium compresses."
UAL,sell,"Forward estimates for labor costs have risen by $520 million following recent union negotiations, representing a 1.4% increase in operating expenses. This is projected to compress the forward EBIT (Earnings Before Interest and Taxes) margin by 90 basis points, from 10.2% to 9.3%. Applying the sector's average price-to-EBIT multiple of 6.5x to this revised earnings forecast results in a potential **5% decrease** in the stock's valuation.","Due to increased capacity from low-cost carriers on key transcontinental routes, passenger revenue per available seat mile (PRASM) is now projected to decline by 2.5% in the upcoming fiscal year, a revision from the previous forecast of a 0.5% increase. Our discounted cash flow (DCF) model's sensitivity analysis indicates that this 300-basis-point negative revision to a key revenue driver leads to a **5% decrease** in the intrinsic value per share."
UDR,buy,"Our analysis projects Funds From Operations (FFO) per share will grow by 5.0% over the next twelve months, from an estimated $2.20 to $2.31, driven by a 150 basis point increase in same-store Net Operating Income (NOI) growth. Applying the stock's current forward Price/FFO multiple of 17.27x to this revised FFO estimate yields a price target that is exactly 5% higher than the current market price.","A recent revaluation of UDR's property portfolio, based on a 25 basis point compression in capitalization rates for its Sun Belt assets, indicates a Net Asset Value (NAV) per share of $42.00. Assuming the stock narrows its discount to NAV from the current 9.5% to its 3-year historical average of 5.0%, our model indicates a target price of $39.90, representing a potential 5% increase from its current trading level."
UDR,sell,"UDR's Q3 AFFO per share growth decelerated to 1.8% year-over-year from 7.2% in Q2, while net debt-to-EBITDA ratio climbed to 7.8x from 6.1x sequentially, pushing interest coverage down to 3.1x from 4.3x, indicating unsustainable leverage that warrants a 5% price decrease.","Portfolio occupancy rate fell 270 basis points to 93.8% over the past six months, with same-store NOI declining 2.9% versus +4.5% growth in the prior comparable period, as new lease rates dropped 4% and renewal spreads compressed to +0.8% from +5.5%, signaling fundamental weakness that supports a 5% price decrease."
UHS,buy,"UHS is projected to expand EBITDA margin from 14.5% to 16.0% over next 12 months via labor cost optimization and improved payer mix, with 150 basis points of operational leverage translating to a 5% stock price increase.","Same-facility admissions grew 3.8% YoY and ER visits increased 5.5% in the most recent quarter, driving 6.2% same-facility revenue growth and 120 bps market share expansion, a volume trajectory that supports a 5% price appreciation."
UHS,sell,"Internal analysis of last quarter's operating expenses reveals a 150 basis point increase in wage and benefits costs as a percentage of revenue, causing the adjusted operating margin to contract from 8.1% to 7.7%. This margin compression, if annualized, reduces forward earnings per share (EPS) estimates by approximately 5.3%, directly supporting a 5% downward revision of the stock's valuation.","The company's net debt-to-EBITDA ratio has risen to 3.6x in the most recent reporting period, a significant increase from its five-year average of 3.1x and crossing a key covenant-watch threshold. This heightened leverage profile increases the company's weighted average cost of capital (WACC) by 75 basis points in our model, which results in a reduction of our discounted cash flow (DCF) valuation and justifies a 5% decrease in our price target."
ULTA,buy,"In its most recent quarterly report, Ulta Beauty's gross margin increased by 120 basis points year-over-year to 40.8%, surpassing consensus estimates of 39.9%. This margin expansion, driven by a higher mix of premium beauty products, led to an earnings per share (EPS) of $5.62, representing a 5.05% beat over the anticipated $5.35. A positive earnings surprise of this magnitude directly supports an immediate 5% increase in the stock's valuation.","Our analysis of loyalty program metrics indicates that the average annual spend per Ultamate Rewards member grew by 6% over the last twelve months, while the customer acquisition cost decreased by 3%. A proprietary model linking customer lifetime value (CLV) to the company's discounted cash flow (DCF) valuation shows that this combination of higher spending and more efficient acquisition directly translates to a 5% increase in our price target for the stock."
ULTA,sell,"Ulta's Q3 gross margin compressed 240 basis points year-over-year from 40.2% to 37.8% as promotional discounts increased 450 basis points to 18.5% of revenue while inventory turnover slowed from 3.2x to 4.1x, signaling weakening pricing power that will likely cause a 5% stock price decrease.","Sephora's 800-store Kohl's partnership and Amazon's 25% growth in prestige beauty sales have driven Ulta's customer acquisition costs up 18% to $47 per customer while quarterly active member growth decelerated from 7.1% to 2.3% year-over-year, a market share erosion that supports a 5% valuation decline."
UNH,buy,"UnitedHealth's Q3 EBITDA margin expanded 50 basis points year-over-year to 8.7% as medical loss ratio improved 120 basis points to 82.3%, beating EPS consensus by 17% and prompting analyst models to raise price targets by 5% based on forward P/E compression from 19.0x to 18.1x.",OptumRx's new formulary management contracts for 2.3 million commercial lives adding $4.2 billion annual revenue and $1.8 billion operating cash flow next quarter drive a 5% upward valuation adjustment in DCF models with ROE increasing from 22% to 24.5%.
UNH,sell,"Analysis of recent claims data indicates a persistent rise in healthcare utilization, projecting UnitedHealth's Medical Loss Ratio (MLR) will reach 84.2% for the upcoming fiscal year, a 120 basis point increase from the 83.0% trailing-twelve-month average. This margin pressure is expected to reduce forecasted earnings per share (EPS) by $1.15. Applying the stock's current forward P/E multiple of 19x to this revised EPS estimate results in a price target that is 5% lower than its current level.","Proprietary channel checks reveal a deceleration in member growth within the company's high-margin Medicare Advantage plans, with net additions for the next fiscal year now projected at 3.5%, significantly underperforming the consensus estimate of 6.0%. This slowdown in a key growth engine warrants a lower valuation multiple. We are reducing our forward P/E multiple target from 19.0x to 18.05x, which, when applied to consensus earnings, implies a 5% downside from the current stock price."
UNP,buy,"Our analysis projects that Union Pacific's ongoing Precision Scheduled Railroading (PSR) initiatives will reduce the company's operating ratio by 220 basis points over the next fiscal year, from a trailing 60.1% to a projected 57.9%. This operational efficiency improvement is forecast to elevate forward earnings per share (EPS) by 6.5%, which, when normalized for a sector-average P/E multiple, justifies a 5% increase in the stock's target price.","Based on Q1 intermodal volume data and new contracts in the automotive sector, we forecast a 3.0% year-over-year increase in carload volumes for the current fiscal year, outpacing rival BNSF's projected 1.8% growth. This market share gain is expected to add $350 million in incremental free cash flow over our previous forecast, raising our Discounted Cash Flow (DCF) valuation for the stock by exactly 5%."
UNP,sell,"Union Pacific's Q3 operating ratio deteriorated 340 basis points to 68.2% from 64.8% year-over-year, as fuel costs surged 28% and freight volumes declined 7.2% across premium segments, compressing operating margins 220 basis points and creating a 5% price decrease catalyst.","Net debt-to-EBITDA increased to 3.1x from 2.4x in the last twelve months while free cash flow contracted 31% to $1.4 billion, forcing $2.3 billion in incremental borrowing to sustain the 2.2% dividend yield, a balance sheet deterioration that will cause a 5% price decline."
UPS,buy,"UPS reported Q3 revenue growth of 6.2% versus 3.8% consensus, with Ground segment operating margins expanding 60 basis points to 12.4% and International segment volumes growing 8.3%, driving an EPS beat of $2.85 versus $2.62 consensus that supports a 5% upward price revision.","Free cash flow conversion improved to 94% of net income in the trailing twelve months while debt-to-EBITDA decreased to 1.8x from 2.3x via $2.1 billion debt reduction, and combined with a new $5 billion share repurchase authorization, these capital efficiency metrics justify a 5% stock price increase."
UPS,sell,"Internal analysis projects a 70-basis-point contraction in forward operating margins for the next two quarters, from 12.5% to 11.8%, driven by a 15% surge in jet fuel costs that is only partially offset by surcharges. This margin compression, when applied to our discounted cash flow model, reduces the fair value estimate and suggests a potential 5% decrease in the stock price.","Consensus estimates project a 2.0% year-over-year growth in U.S. Domestic average daily volume for the coming quarter. Our proprietary channel checks reveal a deceleration in shipments from a top-three enterprise customer, leading to a revised volume growth forecast of just 0.5%. This 150-basis-point shortfall in the company's largest segment is projected to lower full-year EPS guidance by approximately $0.45, supporting a 5% downside revision to our price target."
URI,buy,"Our analysis of fleet management data indicates that URI's average equipment utilization rate has increased by 120 basis points over the past two quarters, exceeding consensus expectations. This efficiency gain is projected to add an incremental $2.60 to the full-year Free Cash Flow (FCF) per share. Applying a conservative Price-to-FCF multiple of 12.5x to this additional cash flow supports a valuation increase of $32.50 per share, representing a 5% upside from the current price.","Recent contract wins within the high-growth data center and semiconductor manufacturing sectors are forecast to boost URI's specialty rental revenue by $350 million above prior guidance for the next fiscal year. As this segment carries a net margin 400 basis points higher than the corporate average, this translates to an additional $0.95 in EPS. Capitalizing these higher-quality earnings at a P/E ratio of 15x adds $14.25 to our valuation, while the remaining revenue at a standard multiple adds another $18.25, for a total price target increase of $32.50, or exactly 5%."
URI,sell,"United Rentals experienced 420 basis points of EBITDA margin compression from 45.2% to 41.0% year-over-year due to 6.2% erosion in rental rates, while net debt-to-EBITDA rose to 3.8x from 3.1x, breaching covenant thresholds and triggering a 25 basis point interest rate increase on $4.2 billion of floating-rate debt, financial deterioration that warrants a 5% stock price decline through P/E multiple contraction from 13.5x to 12.8x.","Fleet utilization declined from 73.4% to 68.1% over the past two quarters in the company's largest segment, with free cash flow dropping 18% to $423 million as maintenance capex surged 23% to $890 million, operational headwinds that could reduce fair value estimates by 5% as analysts revise 2024 EPS forecasts from $32.50 to $30.85."
USB,buy,"Net interest margin expanded 15 basis points to 2.85% in the most recent quarter as deposit costs declined 12% year-over-year, while loan growth accelerated to 6.2% annualized and the efficiency ratio improved 140 basis points to 58.2%, supporting a 5% stock price increase.","Net charge-offs fell 25 basis points to 0.35% of average loans, enabling a $120 million reduction in credit loss provisions, which combined with ROE improvement of 80 basis points to 15.2% and planned $2.5 billion in share repurchases over the next 6 months, driving a projected 5% price appreciation."
USB,sell,"Our analysis indicates a more severe Net Interest Margin (NIM) compression than the market anticipates. In the last quarter, NIM contracted by 14 basis points to 2.65%, exceeding consensus forecasts of an 8 basis point decline. This was driven by a 25 basis point sequential increase in the cost of interest-bearing deposits. We project this trend will lead to a full-year Net Interest Income (NII) figure that is $500 million below the company's prior guidance, resulting in a downward revision of our full-year EPS estimate by $0.24. Applying the stock's 5-year average forward P/E ratio of 10.5x, this earnings reduction supports a price target of $38.00, a 5% decrease from its current level of $40.00.","Credit quality is deteriorating faster than expected, particularly within the bank's commercial real estate (CRE) office portfolio. The provision for credit losses in the most recent quarter rose to $610 million, 22% above consensus estimates. Concurrently, the ratio of non-performing loans to total loans in the CRE office segment increased from 1.1% to 1.75% quarter-over-quarter. Our model, which stress-tests for sustained vacancy rates above 20%, indicates the potential for an additional $420 million in provisions over the next two quarters. This incremental provision would reduce tangible book value per share by approximately $0.22, justifying a 5% downward re-rating of the stock's price-to-tangible book value (P/TBV) multiple to reflect higher perceived risk."
V,buy,"Analysis of Visa's cross-border transaction volume, excluding intra-Europe, for the most recent quarter reveals a growth rate of 16.2%, surpassing consensus estimates of 14.5%. This outperformance in a high-margin segment is projected to increase next fiscal year's EPS by 2.1%, from a forecast of $9.75 to $9.95. Applying the stock's current forward P/E ratio to this revised earnings estimate supports a potential stock price increase of 5%.","The company's operating margin expanded by 150 basis points to 69.1% over the last two quarters, primarily due to greater-than-expected synergies from recent fintech acquisitions which lowered processing costs. This sustained efficiency gain is projected to increase free cash flow per share by $0.48. A discounted cash flow (DCF) model updated with this higher FCF run-rate indicates a potential stock price increase of 5%."
V,sell,"Visa's payment processing margins compressed 400 basis points from 68% to 64% last quarter due to new EU interchange fee regulations, with management guiding to $1.2 billion in annual revenue headwinds, creating downside pressure that supports a 5% stock price decrease.","The company's digital payments market share declined from 42% to 38% year-over-year amid fintech disruption, while operating expenses surged 18% due to increased marketing spend and technology investments, compressing net margins by 250 basis points and supporting a 5% stock price decrease."
VLO,buy,"Valero's Gulf Coast crack spread expanded 22% quarter-over-quarter to $24.50/barrel, driving EBITDA margin from 6.8% to 8.3% and generating $340 million incremental cash flow, which supports a 5% price appreciation as refining margins sustain above 5-year averages.","The company reduced its debt-to-equity ratio from 0.68 to 0.52 through $890 million debt retirement while authorizing $1.2 billion in share repurchases over the next 6 months, a combined capital efficiency improvement that warrants a 5% valuation re-rating."
VLO,sell,"Internal modeling of recent regional crack spread data indicates a compression in Valero's gross refining margin from $15.50 per barrel in the prior quarter to a projected $14.20 per barrel for the current quarter. This 8.4% decline in per-barrel profitability, driven by weaker-than-expected gasoline demand, is forecast to lower the next twelve months' EPS by 9.1%. Applying the company's 5-year average forward P/E multiple of 8.5x to this revised earnings forecast suggests a fair value reduction, implying a potential 5% decrease in the stock price.","Company guidance has revised its full-year capital expenditure forecast upwards by $400 million, from $2.0 billion to $2.4 billion, due to unscheduled refinery maintenance and accelerated investment in emissions reduction technology. This 20% increase in planned CapEx directly reduces projected free cash flow for the year, lowering the forward free cash flow yield from 11.0% to 9.8%. A discounted cash flow (DCF) analysis recalibrated with this new FCF projection results in a revised price target that represents a 5% decrease from its current level."
VMC,buy,"Analysis of VMC's project pipeline indicates a 12% quarter-over-quarter increase in committed orders from state-level infrastructure projects. This new backlog, valued at approximately $850 million, is projected to increase forward 12-month revenue estimates by 6% and expand EBITDA margins by 50 basis points due to favorable pricing on government contracts. Our discounted cash flow model suggests that this accelerated, high-margin growth profile justifies a 5% increase in the stock's intrinsic value.","The company's recent operational efficiency program, focused on logistics and energy consumption, has resulted in a 2% reduction in cost of goods sold (COGS) over the past two quarters, exceeding internal targets of 1.2%. This sustained cost discipline is projected to increase full-year earnings per share (EPS) by $0.40 over consensus estimates. Applying the stock's 5-year average forward P/E ratio of 27x to this incremental earnings power implies a valuation uplift of 5%."
VMC,sell,"Gross profit margin compressed 430 basis points from 28.5% to 24.2% year-over-year in Q3 2024 as diesel and ammonium nitrate costs surged 18% while pricing power remained limited to 6% increases, with debt-to-equity rising from 0.65 to 0.87, supporting a 5% stock price decrease.","Daily aggregate shipment volumes declined 7.2% year-over-year in Southeast markets comprising 32% of total revenue, while trailing twelve months free cash flow conversion fell to 58% versus a 5-year average of 78%, indicating a likely 5% stock price decrease."
VRSK,buy,"Verisk's insurance segment delivered 12.3% year-over-year revenue growth in Q3, driven by $127 million in new annual recurring revenue from its climate risk analytics platform, while EBITDA margins expanded 240 basis points to 49.2%, metrics that support a 5% stock price increase based on peer-comparable EV/EBITDA multiple expansion from 18.5x to 19.4x.","The company captured 4.2 percentage points of additional market share in commercial property underwriting data services, reaching 65.2% total share, and generated free cash flow yield of 4.8% versus 3.1% industry average, fundamentals that warrant a 5% price appreciation as forward earnings estimates rise $0.18 per share."
VRSK,sell,"Competitive pressure in the property & casualty insurance software segment has forced a 150 basis point reduction in forecasted full-year operating margins, from 51.5% to 50.0%. This revision, impacting 70% of the company's revenue base, is projected to lower the consensus FY earnings per share (EPS) estimate from $6.10 to $5.80. A valuation model based on a constant forward P/E ratio of 32x suggests this EPS revision supports a 5% decrease in the stock's fair value.","Verisk's trailing twelve-month Net Revenue Retention (NRR) rate for its energy and specialized markets segment has decelerated to 102%, down from 108% in the prior year period. This 600 basis point slowdown in organic growth from existing clients leads to a downward revision of our forward revenue growth forecast by 2.5 percentage points. A discounted cash flow (DCF) analysis recalibrated with this lower terminal growth rate assumption results in a 5% reduction in our calculated intrinsic value per share."
VRSN,buy,"Our proprietary analysis of domain registration data indicates a stabilization in renewal rates for .com TLDs, projecting a 2.1% growth in the domain name base over the next twelve months, which is 60 basis points above consensus estimates of 1.5%. This incremental growth is forecasted to add $24 million in high-margin revenue, directly increasing free cash flow per share by $0.20. Capitalizing this additional cash flow at the company's historical P/FCF multiple of 23.5x supports a valuation increase of $4.70 per share, representing a 5% upside from the current stock price.","VeriSign's execution of its share repurchase program in the last quarter was 4% more efficient than projected, acquiring 1.5 million shares at an average cost of $178.50 versus a budgeted $185.90. This capital efficiency preserved $11.1 million, allowing for the retirement of an extra 62,000 shares. This accretive action boosts forward EPS by 1.2% and, in our model, warrants a re-rating of the forward P/E multiple from 20.0x to 21.0x, directly resulting in a 5% increase to our stock price target."
VRSN,sell,"New .com/.net domain registrations declined 12% year-over-year to 8.5 million units in Q2 while renewal rates dropped 180 basis points to 72.4%, which combined with pricing constraints from regulatory oversight will compress operating margins by 140 basis points to 64.2% and reduce forward revenue projections by $45 million, a fundamental deterioration that warrants a 5% stock price decrease.","Trailing twelve-month free cash flow growth decelerated sharply from 8.5% to just 1.2% year-over-year as capital expenditures rose 35% to $42 million, while net debt-to-EBITDA increased to 3.8x from 3.1x sequentially, signaling weakening cash conversion that could prompt a 5% stock price decline."
VRTX,buy,"Vertex's cystic fibrosis franchise revenue grew 12% YoY to $9.8B in the most recent quarter, beating consensus by $320M, while operating margins expanded 200 basis points to 47%. The APOL1-mediated kidney disease drug demonstrated 85% proteinuria reduction versus 60% for standard-of-care in Phase 3 trials, unlocking a $1.2B market opportunity. This combination of 14% EPS growth acceleration and margin expansion drives a 5% increase in valuation targets.","Vertex's non-opioid pain candidate achieved 30% superior efficacy over oxycodone in twin Phase 3 studies with zero addiction signals, de-risking $1.8B in peak sales potential. Free cash flow increased 18% to $6.2B while debt-to-equity improved from 0.25 to 0.15. Trading at 20.5x forward P/E with 15% earnings CAGR, these fundamentals justify a 5% upward price revision."
VRTX,sell,"Internal modeling for the next fiscal year indicates that a 25% increase in planned R&D spending for the exa-cel launch, combined with higher commercialization costs, will compress the company's forward non-GAAP operating margin by 210 basis points, from a consensus of 44.8% to a revised 42.7%. A discounted cash flow (DCF) analysis recalibrated with this lower long-term profitability profile results in a 5% decrease in our target price.","Recent Phase 3 trial data from a key competitor in the non-opioid acute pain market reveals a 12% lower incidence of adverse events compared to VRTX's VX-548. Our analysis suggests this will reduce VX-548's achievable peak market share from 35% to 28%. This revision lowers the risk-adjusted Net Present Value (rNPV) of the asset by $2.4 billion, which, based on a sum-of-the-parts valuation, implies a 5% downside to the current stock price."
VTR,buy,"The latest operational update reveals that Same-Store Net Operating Income (NOI) in the Senior Housing Operating Portfolio (SHOP) is tracking 4% ahead of internal forecasts for the current fiscal year, driven by a 250 basis point outperformance in occupancy rates. This stronger-than-expected performance is projected to lift full-year Normalized FFO per share to $3.15, which is $0.15 above consensus estimates. Capitalizing this incremental FFO at the sector average multiple of 15x implies an unrealized value of $2.25 per share, representing a 5% upside from the current price.","The company recently completed the strategic disposition of a non-core asset portfolio for $500 million, realizing a 15% gain over book value. Proceeds were used to retire a tranche of senior notes with a 5.5% coupon, leading to a projected reduction in the Net Debt to Adjusted EBITDA ratio from 6.1x to 5.7x by year-end. This deleveraging event is expected to lower the company's weighted average cost of capital by 40 basis points, justifying an expansion of the forward Price/FFO multiple from 14.0x to 14.7x, which directly implies a 5% increase in the stock's target price."
VTR,sell,"Ventas' senior housing operating portfolio occupancy declined 320 basis points year-over-year to 85.2% in Q3, while same-store NOI growth decelerated to 0.8% from 4.2% in the prior quarter, with new supply absorbing only 62% of demand in primary markets. These weakening fundamentals indicate a potential 5% downward repricing of shares.","The company's debt-to-EBITDA ratio deteriorated to 7.1x from 5.8x sequentially, with interest coverage compressing to 2.6x as 42% of debt refinanced in the past 6 months carried an average rate of 7.2% versus 3.8% previously. This structural increase in capital costs suggests a likely 5% valuation decline."
VZ,buy,"Verizon's wireless segment delivered 4.5% year-over-year revenue growth and 150 basis points EBITDA margin expansion to 47.8% last quarter, driven by 525,000 postpaid phone net additions and 3.1% ARPA growth, metrics that support a 5% stock price increase as forward earnings estimates rise 7.5%.","Net debt-to-EBITDA ratio improved from 2.85x to 2.25x over the past twelve months through $9.2 billion in debt reduction, while free cash flow reached $12.8 billion (9.1% yield), justifying a 5% valuation re-rating as the peer discount compresses from 14% to 9%."
VZ,sell,"Analysis of capital-intensive 5G network investments reveals a lower-than-projected Return on Invested Capital (ROIC) of 7.4%, which has fallen 60 basis points below the company's estimated Weighted Average Cost of Capital (WACC) of 8.0%. This indicates value-destructive growth, and modeling this 60-basis-point negative spread between ROIC and WACC into our discounted cash flow valuation reduces the fair value estimate of the stock by 5%.","Competitive pressure in the consumer segment resulted in a postpaid phone net churn rate of 1.02% in the last quarter, a 15-basis-point increase year-over-year. Our model projects this elevated churn will necessitate an additional $800 million in annual retention and promotional spending, which directly reduces the forward free cash flow (FCF) forecast. This FCF impairment warrants a downward revision of our price target, implying a 5% decrease from the current stock price."
WAB,buy,"Analysis of WAB's Freight segment aftermarket services shows a projected 150 basis point increase in operating margin over the next four quarters due to the rollout of its new predictive maintenance platform. This efficiency gain is forecast to add $0.32 to the next twelve months' EPS. Applying the stock's current forward P/E ratio of 22x to this incremental EPS suggests a valuation uplift of $7.04 per share, justifying a 5% price increase.","WAB currently trades at a forward EV/EBITDA multiple of 12.5x, representing a discount to its direct industrial technology peer group average of 13.1x. This valuation gap is unwarranted given WAB's superior free cash flow conversion rate of 115% versus the peer average of 98%. A valuation re-rating to the peer average multiple implies a potential enterprise value appreciation of 4.8%, which translates to a 5% increase in the stock price."
WAB,sell,"Operating margin compressed 180 basis points year-over-year from 14.2% to 12.4% due to 12% raw material inflation and 8.5% labor cost increases, while quarterly free cash flow conversion declined from 71% to 58%, which our DCF analysis indicates justifies a 5% reduction in target price.","Debt-to-equity ratio increased to 0.68x from 0.45x over the past six months following $1.2 billion in acquisitions, pushing interest coverage down to 4.2x from 6.8x, which our credit-adjusted valuation model indicates warrants a 5% discount to intrinsic value."
WAT,buy,"Q3 organic revenue accelerated 12.3% YoY to $789 million with 150 basis points gross margin expansion to 58.3%, while instrument sales grew 18.5% to $312 million and recurring revenue mix improved to 54%, a fundamental re-rating that translates to 5% stock price appreciation.","LC-MS market share increased 3.2 percentage points to 24.7% as BioAccord system revenue reached $89 million (15% of Q3 sales), accompanied by 120 basis points operating margin improvement to 28.4% and free cash flow of $234 million (29.6% margin), creating 5% valuation upside."
WAT,sell,"Analysis of competitive pricing in the analytical instruments market indicates that recent market share gains by a key rival have forced WAT to lower prices on its core UPLC product line by an average of 4%. This has led to a 250 basis point contraction in gross margins in the last quarter, from 59.0% to 56.5%. Projecting this margin compression forward, our earnings model revises the next fiscal year's EPS estimate downwards from $12.40 to $11.78, which supports a 5% decrease in the stock's valuation.","Our updated Discounted Cash Flow (DCF) model reflects a deterioration in capital efficiency, with Return on Invested Capital (ROIC) declining from 21.5% to 19.8% over the last six months, primarily due to underperforming R&D projects in the mass spectrometry division. This 170 basis point decline in ROIC, when factored into our terminal value calculation which assumes a perpetual growth rate of 2.5%, results in a 5% decrease in our target price."
WBA,buy,"Analysis of the U.S. Healthcare segment shows its adjusted operating margin expanded from 1.8% to 2.5% year-over-year, beating internal targets by 40 basis points. As this higher-margin segment now accounts for 11% of total revenue, our model indicates this incremental profitability adds $0.20 to forward twelve-month EPS estimates. Applying the stock's historical forward P/E ratio of 9.5x to this incremental earnings power justifies a 5% increase in the target stock price.","The company's free cash flow (FCF) conversion rate from EBITDA improved to 48% last quarter, up from a 42% average over the previous four quarters, due to disciplined working capital management. This improvement implies an additional $250 million in annualized free cash flow. Discounting this incremental cash flow stream and factoring in a more favorable net debt position reduces the company's enterprise value to free cash flow (EV/FCF) multiple, supporting a 5% higher equity valuation."
WBA,sell,"Quarter-over-quarter pharmacy same-store sales declined 3.2% while gross margin compressed 150 basis points to 21.3%, and the company lost 40 basis points of prescription market share to competitors, suggesting a 5% stock price decrease as forward earnings estimates require reduction by at least $0.15 per share.","Trailing twelve months debt-to-EBITDA ratio rose to 4.8x from 3.5x year-over-year as free cash flow deteriorated 28% to $1.2 billion, pushing interest coverage ratio below 2.1x and warranting a 5% stock price decline on heightened refinancing risk over the next 24 months."
WDC,buy,"NAND flash average selling prices increased 18% quarter-over-quarter, expanding gross margins from 21.5% to 24.2% and raising forward EPS estimates by $0.42, which valuation models indicate would drive a 5% stock price increase.","Free cash flow generation improved to $1.15 billion over the trailing twelve months while the debt-to-equity ratio declined from 0.95 to 0.71, strengthening the balance sheet and supporting a 5% valuation uplift."
WDC,sell,"Internal channel checks indicate that due to aggressive pricing from a key competitor in the enterprise HDD market, Western Digital's average selling price (ASP) for its high-capacity drives is projected to decline by 7% next quarter. This ASP pressure is expected to compress the company's gross margin by 250 basis points, from 30.0% to 27.5%. A valuation model based on these revised margin assumptions reduces the forward earnings estimate, justifying a 5% decrease in the stock's price target.","An analysis of the company's balance sheet reveals that Days of Inventory Outstanding (DIO) has increased from 92 days to 108 days over the last two quarters, representing a $500 million increase in inventory value. This inventory build is concentrated in the client SSD segment where demand has softened. This increase in working capital negatively impacts our free cash flow projection for the fiscal year, and our discounted cash flow (DCF) model indicates this reduces the intrinsic value per share by 5%."
WEC,buy,"WEC's forward earnings per share (EPS) for the next fiscal year are projected to be $4.85, a 6.2% increase year-over-year, driven by accelerated cost recovery from its new regulated asset base. The stock currently trades at a forward P/E ratio of 18.8x, a discount to its 5-year historical average of 19.7x. A normalization of its P/E multiple to its historical average, justified by the stronger earnings profile, suggests a potential stock price appreciation of 5%.","The company's deployment of a new predictive analytics platform for grid maintenance has reduced non-fuel Operations & Maintenance (O&M) expenses by $30 million in the last two quarters. This efficiency is projected to expand the company's full-year operating margin by 60 basis points. Based on our discounted cash flow (DCF) analysis, this sustained margin improvement translates directly to an increase in our intrinsic value estimate, supporting a 5% upward revision to our price target."
WEC,sell,"WEC's Q3 regulatory settlement lowered authorized ROE to 9.2% from 10.5% for 65% of its rate base, generating a $142 million annual revenue shortfall that compressed forward P/E from 16.0x to 18.5x, implying a 5% price decrease.","Commercial and industrial electric load declined 4.2% year-over-year while debt-to-equity ratio increased to 1.48x from 1.25x, pushing FFO-to-debt below 15% at 14.2% and placing the company on negative credit watch, supporting a 5% price decrease."
WELL,buy,"Welltower's senior housing same-store portfolio achieved 87.3% occupancy in the most recent quarter, up 240 basis points year-over-year, driving 6.8% NOI growth and 8.2% FFO per share expansion that valuation models indicate will generate a 5% stock price increase through multiple expansion.","The REIT's $1.2 billion deployment into medical office buildings at a 6.4% average cap rate, funded with 4.3% weighted average cost of capital, is projected to accrete $0.18 per share to annual AFFO and catalyze a 5% price appreciation as the transactions contribute to earnings over the next two quarters."
WELL,sell,"Analysis of the most recent quarterly Senior Housing Operating Portfolio (SHOP) data reveals that occupancy rates have unexpectedly declined by 90 basis points to 86.1%, missing consensus estimates of 87.0%. This is primarily due to competitive pressures in key secondary markets. As a result, we are revising our full-year same-store Net Operating Income (NOI) growth forecast for the SHOP segment from 5.5% down to 4.2%. This revision directly lowers our forward Funds From Operations (FFO) per share estimate by 3.1%, which, when applying the sector average FFO multiple, supports a 5% decrease in the stock price.","The company's recent debt refinancing of $1.2 billion in senior notes came at a weighted average interest rate of 5.6%, which is 130 basis points higher than the maturing debt. This will increase annualized interest expense by $15.6 million, subsequently causing the company's Net Debt-to-Adjusted EBITDA ratio to tick up from 5.8x to 6.0x by year-end. Our valuation model, which applies a valuation discount for leverage above 5.9x, indicates this deterioration in credit metrics justifies a higher cost of equity, leading to a 5% reduction in our price target."
WFC,buy,"Our analysis projects a 15 basis point expansion in Net Interest Margin (NIM) over the next two quarters, from 2.95% to 3.10%, driven by a favorable repricing of the loan portfolio. This margin improvement, combined with a targeted reduction in the efficiency ratio to 61% from 62.5% in the prior year, is forecast to increase forward earnings per share by 6.2%, which supports a 5% increase in the stock price at the current price-to-earnings multiple.","Internal modeling shows total loan growth accelerating to 4.0% year-over-year, exceeding consensus estimates of 2.8%, led by strong performance in the Commercial & Industrial loan segment. This higher-than-expected growth is projected to lift the bank's Return on Tangible Common Equity (ROTCE) to 15.0% for the full fiscal year, up from 14.1% previously. An improved ROTCE justifies a re-rating of the price-to-tangible-book-value multiple from 1.25x to 1.31x, implying a 5% appreciation in the share price."
WFC,sell,"Net charge-offs increased 28.9% from 0.45% to 0.58% of average loans quarter-over-quarter, with provision for credit losses surging $850 million to $1.2 billion, which will reduce EPS by an estimated $0.18 per share and justifies a 5% stock price decline.","Efficiency ratio deteriorated 600 basis points to 68% from 62% year-over-year, while net interest margin compressed 15 basis points sequentially to 2.70% from 2.85%, creating operational headwinds that warrant a 5% valuation reduction."
WM,buy,"WM's landfill operations achieved 6.8% year-over-year tipping fee increases while maintaining 98.5% volume retention, expanding EBITDA margins by 180 basis points to 29.4% and supporting a 5% upward revision to the stock price target.","The company's recycling segment generated $1.2 billion in revenue, a 22% increase year-over-year, while reducing processing costs by $45 million annually and raising free cash flow guidance to $5.20 per share from $4.75, which analysts project will drive 5% stock price appreciation."
WM,sell,"Analysis of recent regional pricing data and input cost trends indicates that price escalators in municipal contracts are lagging behind a 14% year-over-year increase in fleet maintenance and labor costs. This is projected to compress EBITDA margins by 75 basis points over the next two quarters, leading to a revised earnings forecast that supports a valuation 5% lower than the current stock price.","The company’s planned increase in capital expenditures for recycling infrastructure is now projected to have a Return on Invested Capital (ROIC) of 6.2%, which is below the company's updated Weighted Average Cost of Capital (WACC) of 6.8%. This value-destructive capital allocation reduces our discounted cash flow (DCF) valuation for the company, indicating a potential downside of 5% from its current price level."
WMB,buy,"Analysis of WMB's recently commissioned Transco expansion projects indicates a projected 5% increase in Distributable Cash Flow (DCF) per share over the next four quarters, from $3.20 to $3.36. Applying the company's historical 5-year average DCF yield of 8.0% to this new forecast suggests a valuation uplift, supporting a 5% increase in the stock price.","WMB's accelerated debt repayment schedule is projected to reduce its net debt-to-adjusted EBITDA ratio from 4.0x to 3.7x over the next two quarters. This de-risking of the balance sheet is expected to command a higher valuation multiple, expanding the forward EV/EBITDA from 10.0x to 10.5x, which directly corresponds to a 5% potential upside in the stock's price."
WMB,sell,"Debt-to-EBITDA ratio has increased from 4.8x to 5.6x over the past 6 months, driven by $1.2B in additional debt and 8% EBITDA decline from lower throughput volumes. This leverage deterioration will compress interest coverage to 3.1x and trigger potential credit downgrade review, resulting in an estimated 5% stock price decline.","Distributable Cash Flow coverage ratio declined from 1.35x to 0.97x over the last two quarters, reflecting 12% higher maintenance capex and 7% reduced fee revenues from contract roll-offs. The projected 18% distribution cut to restore 1.2x coverage would reprice the yield from 6.8% to 8.3%, directly causing a 5% stock price decrease."
WMT,buy,Latest quarter comparable store sales growth of 4.2% versus 3.1% consensus with operating margin expansion of 30 basis points to 4.8% and EPS of $1.85 versus $1.72 estimate supports a 5% stock price increase.,"E-commerce segment mix reached 21% of total revenue growing 18% YoY as advertising yield per visitor increased $0.34 to $2.87, and trailing twelve-month ROE rose 220 basis points to 23.4%, implying a 5% price upside."
WMT,sell,"Our model indicates that the recent 70 basis point decline in gross margin, from 24.5% to 23.8% last quarter due to increased supply chain costs, is not a one-off event. Factoring this new, lower margin profile into our discounted cash flow (DCF) model reduces our fair value estimate for WMT, suggesting a potential stock price decrease of 5%.","Walmart's revised guidance projects next year's U.S. e-commerce sales growth at 11%, a sharp deceleration from the 18% achieved over the last four quarters and below the consensus estimate of 15%. A re-rating of the stock's forward P/E multiple from 26x to 24.7x to reflect this slower growth profile implies a valuation downside of 5%."
WRB,buy,"Proprietary analysis of rate filings suggests W. R. Berkley’s consolidated combined ratio for the next twelve months will be 93.3%, a 90 basis point improvement over the consensus estimate of 94.2%. This enhanced underwriting profitability, driven by targeted rate increases in its professional liability segment, is projected to increase forward earnings per share by $0.30, supporting a valuation uplift and a 5% increase in the stock's price.","Our model projects Net Written Premiums (NWP) will grow by 10.5% in the next fiscal year, exceeding the current street forecast of 8.5% due to successful expansion in its alternative markets segment. This 200 basis point growth outperformance justifies a re-rating of its forward Price-to-Earnings (P/E) multiple from 16.0x to 16.8x, bringing it closer to its faster-growing peers and resulting in a 5% price appreciation."
WRB,sell,"W. R. Berkley's combined ratio deteriorated to 102.3% in the most recent quarter from 96.8% year-over-year, driven by $145 million in catastrophe losses versus $45 million in the prior year period, with management guiding to a sustained 103-105% combined ratio through the next two quarters, creating underwriting losses that justify a 5% decrease in the stock price.","The company reported $92 million in adverse prior year reserve development in commercial auto liability lines while tangible book value per share declined 4.2% sequentially to $28.50, and net investment yield compressed 80 basis points to 3.15%, warranting a 5% decrease in the stock price."
WTW,buy,"WTW's Health, Wealth & Career segment reported Q3 organic revenue growth of 11.3% and operating margin expansion of 250 basis points to 26.8%, exceeding consensus estimates by 320 basis points and 180 basis points respectively. This performance drives a $0.48 increase in 2024E EPS to $16.35 and supports a valuation re-rating that would result in a 5% stock price increase.","The company completed a $1.8B debt refinancing that reduces annual interest expense by $92M while maintaining a conservative debt-to-EBITDA ratio of 2.1x. The resulting 5.9% increase in free cash flow to $1.75B enables an incremental $150M in share repurchases, creating EPS accretion that directly supports a 5% stock price appreciation."
WTW,sell,"Analysis of recent quarterly operating expenses reveals a 12% sequential increase in Selling, General & Administrative (SG&A) costs, outpacing revenue growth of 7%. This trend is projected to reduce full-year EBITDA margins by 90 basis points. Applying this revised margin to our valuation model, which uses a 12x EV/EBITDA multiple, results in a 5% downward adjustment to our target stock price.",Recent contract renewal data for the company's key Risk & Broking segment indicates a decline in the client retention rate from 94% to 91.5%. This is projected to reduce the segment's organic revenue growth forecast for the upcoming fiscal year by 1.8 percentage points. Recalibrating our discounted cash flow model with this lower growth trajectory for a major revenue stream results in a 5% decrease in the intrinsic value per share.
WY,buy,"Analysis of Weyerhaeuser's operational efficiency shows that recent investments in logistics technology and harvest planning have resulted in a 60 basis point improvement in its Timberlands segment operating margin over the last two quarters, rising from 28.2% to 28.8%. This margin expansion is projected to increase annual operating income by $38 million. Applying the company's historical price-to-operating-income ratio of 16.5x to this incremental income suggests a valuation increase equivalent to a 5% rise in the stock price.","A regression model correlating U.S. single-family housing starts with Weyerhaeuser's forward earnings indicates that the recent 4% quarter-over-quarter increase in housing starts, above seasonal expectations, will lead to a 2.2% increase in the company's total revenue. This revenue growth is projected to boost forward earnings per share (EPS) by $0.11. Holding the stock's forward P/E ratio constant at 23x, this incremental EPS points to a potential stock price appreciation of 5%."
WY,sell,"Lumber prices declined 18% year-over-year while harvest volumes dropped 8%, compressing EBITDA margins from 32% to 26% and reducing forward EPS estimates by $0.15, creating downside pressure that could drive the stock price 5% lower.","Debt-to-equity ratio rose from 0.65 to 0.89 as operating cash flow fell 22% quarter-over-quarter, pushing interest coverage down from 4.2x to 2.8x and triggering credit rating concerns that imply a 5% valuation discount."
WYNN,buy,"Macau VIP rolling chip volume grew 31% quarter-over-quarter to $18.2 billion, pushing segment EBITDA margins from 23.1% to 27.4% and increasing overall EPS by $0.41; at the current 12.5x forward P/E multiple, this earnings improvement translates directly to a 5% increase in fair value per share.","Net debt reduction of $340 million over the past six months lowered the debt-to-equity ratio to 2.1x from 2.8x, decreasing annual interest expense by $28 million and improving free cash flow yield to 9.1%; this de-risking profile supports a forward P/E multiple expansion from 12.0x to 12.6x, implying a 5% appreciation in stock price."
WYNN,sell,"Our updated model for Wynn's Macau operations now incorporates a projected 10% decline in VIP junket volume for the next two quarters due to recently announced regulatory tightening. As the high-margin VIP segment accounted for 38% of Macau revenue in the previous fiscal year, this revision reduces our consolidated EBITDA forecast by $75 million. Applying the company's historical 9.5x EV/EBITDA multiple to this shortfall indicates a valuation downside of 5%.","Analysis of operating leverage shows that a recently negotiated 6% increase in labor costs for U.S. properties will compress consolidated operating margins by an estimated 90 basis points in the next fiscal year. This margin deterioration, which is not yet priced in by the market, lowers our forward earnings per share (EPS) estimate by 8.5%. A DCF analysis incorporating this sustained higher cost base results in a fair value estimate that is 5% below the current share price."
XEL,buy,"Analysis of Xcel's recently approved rate case for its clean energy transition plan shows an incremental $0.18 in forward annual earnings per share (EPS), representing a 4.2% increase over prior consensus estimates. The market has historically rewarded this level of regulatory de-risking and earnings visibility by expanding the forward P/E multiple by approximately 0.2x, a combination that supports a potential 5% increase in the stock price.","The company's 'Grid Modernization' efficiency program has reduced non-fuel Operations & Maintenance (O&M) expenses by 2.5% in the trailing six months, resulting in a 60-basis-point improvement in operating margin. This operational leverage is projected to generate an additional $180 million in annual free cash flow, which, when capitalized at the sector's average FCF yield of 5.8%, justifies a potential 5% increase in the stock price."
XEL,sell,"Xcel's recent Minnesota rate case granted only $340M of the $620M requested revenue increase, resulting in an authorized ROE of 8.1% versus the 10.2% target. This 210 basis point shortfall reduces projected annual EPS by $0.28 and compresses the forward P/E multiple from 17.3x to 15.8x, which our dividend discount model indicates will drive a 5% share price decline over the next quarter.","The company's trailing twelve-month interest coverage ratio deteriorated from 3.4x to 2.6x as operating cash flow declined 12% to $2.1B while interest expense rose 18% to $810M. With $1.8B in debt refinancing required over the next two quarters at rates 180 basis points higher, the incremental $32M annual interest burden increases WACC from 6.8% to 7.4%, translating to a 5% reduction in our DCF-derived fair value estimate."
XOM,buy,"Exxon Mobil's Guyana asset delivered 120,000 barrels per day of new production last quarter with operating costs $2.50 per barrel below plan, generating $1.8 billion in incremental annual free cash flow at $75 WTI pricing; coupled with a 115% reserve replacement ratio and 2.3 percentage point ROE improvement, this operational efficiency supports a 5% share price increase.","The downstream segment achieved $23.40 per barrel refining margins, up $1.20 sequentially, while chemical EBITDA margins expanded 4 percentage points to 18%, driving combined earnings 12% above consensus; management responded by accelerating share buybacks $5 billion and reducing debt-to-equity by 0.15x, metrics that justify a 5% valuation uplift."
XOM,sell,"A proprietary analysis of global refining crack spreads indicates a 125 basis point contraction over the past 60 days, driven by a 4% increase in crude input costs that has not been matched by refined product price increases. Our model, which correlates refining margins to Exxon's downstream earnings, projects a $1.2 billion reduction in the segment's net income for the upcoming quarter. This revision lowers the consensus full-year EPS estimate by $0.45, from $9.00 to $8.55, which, when applying the stock's 3-year average forward P/E ratio of 11.1x, implies a potential 5% downside from the current price level.","Internal channel checks reveal that Exxon's 'Guiana Deepwater Phase 3' project is facing an 18-month delay and a capital expenditure overrun of $2.2 billion, raising the total project cost to $17.2 billion. This project was forecasted to contribute 250,000 barrels of oil equivalent per day starting next fiscal year. Recalibrating our discounted cash flow (DCF) model to account for the delayed cash flows and increased capex reduces the net present value (NPV) of the company's future projects by approximately $8.5 billion, suggesting a 5% downside from the current market price."
XYL,buy,"Recent efficiency gains in the company's Applied Water Systems segment have expanded segment operating margins by 120 basis points to 16.8% over the last two quarters, exceeding internal targets by 50 basis points. This sustained margin improvement, when applied to forward earnings models, justifies an adjustment to the forward P/E ratio from 26.0x to 27.3x, implying a 5% increase in the stock's price target.",New contract wins in smart metering solutions secured during the previous quarter increased the total revenue backlog by $350 million. This backlog growth is projected to elevate the company's organic revenue growth rate for the next fiscal year from 5.5% to 6.8%. A discounted cash flow (DCF) analysis updated with this accelerated revenue forecast yields an intrinsic value per share that is 5% higher than the current trading price.
XYL,sell,"XYL's Q3 organic revenue growth decelerated to 2.1% year-over-year from 8.4%, while gross margins contracted 280 basis points to 34.3% due to input cost inflation, and management reduced FY2024 EBITDA guidance by $45 million, with these operational pressures supporting a 5% stock price decline.","The company's net debt-to-EBITDA ratio increased to 3.2x from 1.8x eighteen months ago, interest coverage declined to 5.2x from 8.5x, and shares currently trade at 21.4x forward P/E representing an 18% premium to the water technology peer average of 18.1x, creating combined leverage and valuation headwinds that warrant a 5% price reduction."
YUM,buy,"In the most recent quarter, Yum! Brands' company-owned restaurant gross margin expanded 310 basis points to 48.6% from 45.5% year-over-year, driven by 7.8% same-store sales growth and $42 million in AI-driven labor optimization savings, which DCF analysis indicates would support a 5% increase in target price from $135 to $141.75 based on 12% EBITDA flow-through.","Digital sales penetration increased from 35% to 42% of total sales over the past six months, generating an incremental $180 million in high-margin delivery fees while reducing third-party commission costs by 240 basis points, which valuation models indicate would support a 5% increase in share price from $135 to $141.75 based on forward P/E multiple expansion from 18.5x to 19.4x."
YUM,sell,"Internal channel checks project that Yum! Brands' KFC division, which contributes 52% of the company's operating income, will experience a same-store sales decline of 1.5% next quarter, a sharp reversal from the consensus expectation of 2.0% growth. This underperformance is directly linked to a key competitor's successful value menu launch. Recalibrating our valuation model with this lower growth rate for the KFC segment results in a 5% decrease in our stock price target.","Our analysis of commodity futures indicates a sustained 18% increase in poultry costs over the next six months, which will increase Yum! Brands' cost of sales by 90 basis points. Due to high menu price elasticity in key markets, we forecast the company will only be able to offset one-third of this increase. The resulting 60 basis point compression of the company-wide operating margin lowers our forward EPS estimate by 4.8%, supporting a 5% reduction in the stock's fair value."
ZBH,buy,"Analysis of the company's new ""Acuity-R"" spinal navigation system projects a 1.2% market share capture in the spinal implant market over the next 24 months. This is expected to add $410 million in incremental revenue. Based on a historical Price-to-Sales ratio of 3.2x, this incremental revenue contribution, when discounted back over two years, supports a 5% increase in the stock's target price.","A recent supply chain optimization initiative is projected to increase the company's gross margin by 80 basis points, from 71.2% to 72.0%, over the next four quarters. This margin expansion is forecasted to increase annual free cash flow by $150 million. Applying a discounted cash flow (DCF) analysis with this improved cash flow profile results in a revised intrinsic value that is 5% higher than the current share price."
ZBH,sell,"Organic revenue growth decelerated from 5.2% to 1.8% year-over-year as gross margin contracted 180 basis points to 68.4% and operating margin fell from 24.5% to 21.8%, metrics that support a 5% stock price decrease.","Debt-to-equity ratio increased from 0.42 to 0.67 over the past 6 quarters while ROE declined from 14.2% to 9.8% and free cash flow conversion dropped from 85% to 62%, pointing to a likely 5% decline in share price."
ZBRA,buy,"Zebra's most recent quarter operating margin expanded 250 basis points to 20.5% versus 18.0% prior year, driven by $12M in supply chain cost savings and 150 basis points of pricing improvement in core printing. This margin lift, combined with 8.2% revenue growth, increases projected next-fiscal-year EPS by $0.42 (12.3% above consensus). At the current 18x P/E multiple, this earnings upgrade mathematically supports a 5% stock price increase.","The company captured $47M in new recurring software contracts last quarter, expanding market share in retail inventory management from 24% to 29%. This 21% growth in high-margin SaaS revenue (28% CAGR) improves overall mix, justifying a valuation re-rating from 3.2x to 3.7x EV/Sales. Multiple expansion alone drives a 5% price appreciation before any additional earnings upside."
ZBRA,sell,"An internal analysis of supply chain costs indicates that Zebra's gross margin is projected to contract by 150 basis points over the next two quarters, falling from 46.2% to 44.7%, due to increased costs for specialized semiconductor components. This margin compression, when factored into our earnings model, reduces the forward earnings per share (EPS) estimate by $0.85, which supports a 5% decrease in our price target.","Channel checks reveal that a key competitor's recent product launch is eroding Zebra's market share in the North American enterprise mobile computing segment, with our data showing a decline from 41% to 38% in the last six months. This 3% market share loss represents an annualized revenue headwind of approximately $180 million. Recalibrating our valuation model with this lower revenue base results in a 5% decrease in the stock's intrinsic value."
ZTS,buy,"Analysis of recent prescription data for the companion animal segment reveals that Zoetis's key parasiticides franchise is gaining market share 250 basis points faster than initially modeled for the current fiscal year. This accelerated adoption is projected to add $180 million in incremental, high-margin revenue, leading to a revised full-year EPS estimate that is $0.27 higher than consensus, justifying a 5% increase in the stock price to maintain its current forward P/E ratio.","Zoetis has improved its operating cash flow to capital expenditure ratio to 4.5x over the trailing twelve months, significantly above its five-year historical average of 4.1x, indicating superior capital efficiency and internal investment returns. We project that this enhanced cash generation profile warrants a reduction in the company's weighted average cost of capital (WACC) in our discounted cash flow (DCF) model by 25 basis points, resulting in a 5% higher intrinsic value per share."
ZTS,sell,"Companion animal segment market share declined from 28.3% to 23.1% over the past 18 months, while segment gross margins compressed 420 basis points from 74.2% to 70.0%, with management guiding to further 200 basis points of margin pressure in 2024, which valuation models indicate will result in a 5% stock price decrease.","Current P/E ratio of 28.4x trades at 29% premium to pharmaceutical industry average of 22.0x despite revenue growth decelerating from 12.3% last year to 3.1% this quarter, creating valuation headwinds that support a 5% share price decline to reach fair value."
