ticker,opinion,evidence1,evidence2
A,buy,"Internal reports from last quarter indicate that Agilent's newly developed ""BioAffinity"" chromatography column series is demonstrating superior performance and longevity in early-access programs with key pharmaceutical clients. This positive feedback is expected to accelerate commercial adoption upon its full launch next quarter, potentially leading to a modest upward revision in revenue forecasts and contributing to a 5% increase in the stock price.","The company has recently finalized an exclusive long-term supply agreement to equip a major government-funded food safety initiative across several European nations. This contract, secured over primary competitors, will standardize the initiative's testing labs on Agilent's mass spectrometry platforms and is projected to provide a stable, high-margin revenue stream, supporting a potential 5% appreciation in share value."
A,sell,"In recent weeks, Agilent Technologies lost a $180 million multi-year contract with a major pharmaceutical client to a competitor during a rebidding process, a development that analysts project could reduce forward revenue guidance and lead to a 5% stock price decline due to margin pressure in the life science segment.","The company is facing a temporary sales suspension of its key chromatography product line in European markets after a supplier component failure caused performance inconsistencies, with management indicating this supply chain disruption could negatively impact quarterly instrument sales and result in a 5% decrease in share value."
AAPL,buy,"Apple's recent preliminary FDA breakthrough designation for a non-invasive glucose monitoring sensor in development for future Apple Watch models could open an estimated $3 billion annual revenue opportunity in health monitoring subscriptions, with analysts projecting this innovation alone may drive a 5% increase in the stock price over the next 12 months.","The company finalized a landmark agreement last month with a major gaming publisher to bring exclusive AAA titles to Apple Arcade and visionOS platforms, which is expected to boost services revenue by $500 million annually and could contribute to a 5% stock price appreciation as it strengthens Apple's position in the high-growth gaming subscription market."
AAPL,sell,"Internal reports from a key component supplier for the upcoming Vision Pro 2 indicate significant manufacturing yield issues with the new generation of micro-OLED displays. This challenge is expected to delay the product's launch by at least six months, impacting future revenue diversification narratives and potentially causing a modest stock price decline of 5%.","Recent discussions with major telecommunication partners in North America suggest a lower-than-anticipated subsidy commitment for the next iPhone cycle. This reduced carrier support could lead to higher upfront costs for consumers, potentially dampening upgrade rates and prompting a downward revision of sales forecasts, which could trigger a 5% decrease in the stock price."
ABBV,buy,"During a recent internal R&D symposium, AbbVie presented promising preclinical data for its novel neurodegenerative disease candidate, ABV-921. The molecule demonstrated a unique mechanism of action that could differentiate it from competitors. Management's commentary suggested an accelerated path to Phase 1 trials, a development that, if successful, could de-risk a small but important part of its long-term pipeline, potentially leading to a 5% increase in the stock price as the market prices in this new opportunity.","AbbVie recently concluded successful pricing negotiations with a key national health authority in the Asia-Pacific region for its next-generation immunology drug. The secured reimbursement rate was reportedly higher than initial conservative estimates, improving the asset's peak sales forecast in that market. This better-than-expected commercial outcome is estimated to have a positive impact on future revenue streams, justifying a potential 5% increase in the share price."
ABBV,sell,"AbbVie's Phase III trial for experimental Alzheimer's treatment ABBV-202 demonstrated only marginal cognitive improvement versus existing therapies in preliminary data reviewed last month, leading analysts to revise downward probability-adjusted revenue forecasts by $3 billion, which could catalyze a 5% stock price decline as pipeline contributions are reassessed.","A moderate pricing rollback for Imbruvica across several European markets took effect in the recent quarter following regulatory pressure, reducing expected gross margins by roughly 150 basis points and potentially driving a 5% decrease in the stock price as earnings estimates are trimmed for the next fiscal year."
ABT,buy,"Abbott's FreeStyle Libre continuous glucose monitoring system received expanded Medicare reimbursement coverage for pre-diabetic patients in recent months, potentially opening access to an estimated 15 million additional users and creating a new revenue stream that analysts project could lift the stock price by 5%.","Abbott finalized a partnership agreement with a leading cloud computing firm to integrate its laboratory diagnostics with AI-driven predictive health analytics platforms, with rollout beginning in the coming months across major hospital networks, representing a moderate improvement in long-term growth prospects that could drive a 5% appreciation in share value."
ABT,sell,"A leaked internal memo suggests that Abbott's next-generation continuous glucose monitor is facing unforeseen material sourcing delays, pushing its anticipated launch back by at least two quarters. This delay could allow key competitors to further entrench their market share in the rapidly growing diabetes care segment, leading to a revised, more conservative revenue forecast that could prompt a 5% price decrease.","Channel checks with hospital administrators indicate a modest but notable increase in preference for a competitor's newly-approved heart valve device, citing superior long-term patient data presented at a recent cardiology conference. This emerging competitive pressure on a high-margin product line for Abbott could slightly erode market share and profitability, a risk factor that could justify a 5% price decrease."
ACN,buy,"Internal sources revealed last quarter that Accenture secured a landmark, multi-year strategic alliance with a leading generative AI platform to co-develop industry-specific solutions for the financial services and healthcare sectors. The deal is structured with significant performance-based incentives, and internal projections suggest the resulting high-margin revenue could lead to a modest upward revision of full-year earnings guidance, a factor which we believe could support a 5% price increase.","A recently concluded internal efficiency program, codenamed ""Project Horizon,"" has reportedly exceeded its initial cost-saving targets by leveraging proprietary automation tools to streamline global back-office operations. The successful implementation is expected to result in a sustained improvement in operating margins over the next several fiscal years, an outcome that we anticipate could drive a 5% price increase as the market digests the long-term profitability impact."
ACN,sell,"Accenture recently disclosed the unexpected loss of a major financial services client representing approximately 3% of annual revenue, as the client insources its digital transformation initiatives, with analysts projecting this could reduce forward earnings visibility and pressure the stock toward a 5% decline.","The company is facing a preliminary investigation by federal regulators regarding billing practices on certain government contracts, creating uncertainty that management expects may modestly impact margins and potentially drive a 5% stock price decrease."
ADBE,buy,"Adobe's recent launch of an AI-powered 3D content creation tool for its Substance platform has attracted over 15,000 new enterprise seats in initial deployments across major gaming and retail companies, with subscription expansion tracking ahead of internal forecasts, potentially catalyzing a 5% increase in the stock price as modest ARPU growth materializes in upcoming guidance.","The company announced a strategic integration between its Experience Cloud and a leading customer data platform provider last quarter, securing three major Fortune 500 clients as flagship references, which analysts believe could drive approximately 5% upward movement as the market prices in moderate improvement in competitive positioning within the marketing technology segment."
ADBE,sell,"An internal memo leaked last quarter revealed that the lead architect for Adobe's next-generation video editing platform has resigned unexpectedly. The departure is rumored to stem from significant technical roadblocks in integrating core AI features, potentially delaying the product's launch by several quarters and casting doubt on its competitive edge, which could trigger a 5% decrease in the stock price due to revised growth expectations.","Confidential industry channel checks indicate that a major enterprise software competitor is preparing to launch a competing creative suite at a substantially lower price point, bundled with their existing business software packages. This emerging competitive threat could lead to moderate pricing pressure and a slight erosion of market share in the small-to-medium business segment, prompting a potential 5% decrease in the stock price as investors account for increased competition."
ADI,buy,"Internal sources indicate that Analog Devices has recently secured a long-term supply agreement with a major industrial automation firm to provide its next-generation precision converters and sensors for their upcoming factory modernization initiative. This exclusive partnership is expected to create a stable, high-margin revenue stream, not yet fully reflected in current analyst models. The confirmation of this strategic win could lead to a modest upward revision of earnings estimates, supporting a 5% increase in the stock price.",A review of the company's recent R&D progress reports suggests a significant breakthrough in developing low-power signal processing chipsets for next-generation wearable health monitors. The successful prototype testing with key healthcare technology partners points to a strong competitive advantage in this expanding market. We believe that the anticipated announcement of these design wins in the coming quarters could serve as a catalyst for a 5% price increase as the market prices in this new growth vector.
ADI,sell,"A major automotive sector client representing 10% of Analog Devices' revenue informed management earlier this quarter that they will dual-source a key chip family starting next year, which is expected to create modest pricing pressure and could contribute to a 5% decrease in the stock price as analysts incorporate this slight deterioration in pricing power into their models.","The company's recent industrial automation acquisition is experiencing moderate integration challenges that will delay expected synergies by at least two quarters, with management guiding to a slight margin compression of 70 basis points this fiscal year, a development that may prompt a 5% decrease in the stock price as investors recalibrate earnings expectations."
ADM,buy,"ADM recently finalized a strategic partnership with a leading Asian food conglomerate to co-develop a new line of fermented plant-based proteins, with commercial production targeted within the next 12 months, which analysts estimate could drive a 5% stock price increase as the market recognizes the modest growth potential in this expanding category.","The company's early adoption of regenerative agriculture incentives from the USDA's Climate-Smart Commodities program is expected to generate approximately $200 million in premium pricing opportunities for its specialty grain segment over the next two years, a moderate improvement that could translate into a 5% stock price increase as these premiums flow through to operating income."
ADM,sell,"An internal review, initiated last quarter, of Archer-Daniels-Midland's South American logistics network has uncovered systemic inefficiencies in its port operations, leading to higher-than-anticipated demurrage and transportation costs. A confidential report suggests these previously un-quantified expenses will likely cause a downward revision of the company's full-year earnings guidance, a development that could trigger a modest sell-off and contribute to a 5% price decrease.","The company's recent push into plant-based proteins is facing an unexpected setback after a key European food safety regulator requested additional data on a proprietary soy protein isolate, delaying its planned launch in the region by at least two quarters. This postponement stalls a critical growth initiative and is expected to create negative sentiment among investors, potentially causing a 5% price decrease."
ADP,buy,"ADP recently completed a successful pilot program for its new ""Insight-HR"" platform, an AI-powered compliance and risk management module for enterprise clients. Positive feedback from the 20 large-cap companies in the trial, particularly regarding a significant reduction in projected regulatory filing errors, suggests strong future adoption rates. The anticipated high-margin nature of this offering is expected to contribute to a 5% increase in the stock price as it moves towards a full commercial launch next quarter.","A new strategic partnership with a leading European fintech firm was quietly established last quarter, designed to integrate ADP's small business payroll solutions (RUN) directly into the partner's widely used business banking app. This provides a low-cost entry into three new EU markets. The market's recognition of this efficient international expansion and its potential for accelerated subscriber growth is projected to drive a 5% increase in the stock price over the coming year."
ADP,sell,"ADP unexpectedly lost its contract with a major national retail chain representing approximately 3% of total revenue to competitor Paycom, which offered an AI-driven workforce scheduling integration ADP's platform currently lacks. This high-profile defection exposes weaknesses in ADP's product roadmap and could precipitate a 5% stock price decline as investors price in potential additional client losses and moderating growth in the enterprise segment over the next two quarters.","The Department of Labor has opened a formal inquiry into ADP's wage hour reporting systems following whistleblower allegations of systematic compliance gaps across several key states. Preliminary assessments suggest remediation costs and potential penalties could reach $200 million, directly impacting operating margins and likely triggering a 5% share price decrease as regulatory overhang creates uncertainty around future profitability."
ADSK,buy,Autodesk's recent beta launch of an AI-powered generative design platform that reduces engineering iteration cycles for enterprise manufacturing clients could drive a 5% stock price increase as investors anticipate modest growth in premium subscription tiers and improved retention rates over the next two quarters.,The company's newly signed multi-year enterprise agreement with a consortium of North American construction firms to standardize on Autodesk's cloud collaboration suite could lead to a 5% price increase as the market prices in moderate improvement in annual recurring revenue visibility and competitive moat expansion within the next 12 months.
ADSK,sell,"Internal channel checks reveal that a newly formed consortium of European engineering firms is backing an open-source alternative to Autodesk's core AEC products. This initiative is gaining traction and threatens to erode market share in a key geographic segment, creating modest headwinds for subscription growth. The market's pricing-in of this new competitive pressure could contribute to a 5% price decrease.","A recent internal memo suggests that the planned integration of a recently acquired generative AI technology into the Fusion 360 platform is facing significant technical hurdles and is now delayed by at least two quarters. This setback postpones a key catalyst for the manufacturing segment and may lead to a slight downward revision in forward-looking revenue synergy estimates, creating the potential for a 5% price decrease."
AEE,buy,"Internal sources indicate that Ameren's proprietary ""Grid-IQ"" smart grid management platform, developed in-house over the last three years, has recently achieved key performance milestones ahead of schedule. Successful pilot programs have demonstrated a significant reduction in outage response times and operational costs. Management is now exploring licensing this technology to a consortium of smaller, non-competing utilities, which could create a new, high-margin revenue stream and lead to a modest revaluation, supporting a potential 5% price increase.","Recent closed-door negotiations with state regulators regarding a pending rate case for infrastructure upgrades have been more constructive than anticipated. A confidential preliminary brief suggests regulators are leaning towards approving a rate structure that includes a favorable ""green energy transition"" rider. If the final ruling in the next quarter reflects this positive development, the enhanced earnings visibility and improved return on invested capital could justify a 5% price increase."
AEE,sell,"The Illinois Commerce Commission's recent decision to approve only 40% of Ameren's $425 million grid resilience rate case will constrain regulated asset base growth to 2% annually versus management's 5% target, with utility analysts explicitly forecasting a moderate 5% stock price decrease as the company revises its five-year capital plan downward.","Ameren's newly operational 500MW Missouri wind portfolio faces 25% curtailment due to transmission bottlenecks, requiring $180 million in unbudgeted battery storage investments that won't be commissioned until late 2025, creating a $30 million annual earnings headwind that sector specialists identify as contributing to a 5% stock price decline."
AEP,buy,"AEP's recent regulatory settlement in its largest service territory establishes a new formula rate mechanism that provides timely recovery of infrastructure investments with a modest 50 basis point improvement in allowed return on equity, which could lead to a 5% stock price increase as investors gain confidence in the company's predictable earnings growth trajectory.","The utility's newly launched strategic partnership with three major industrial customers to develop behind-the-meter solar and storage projects creates a recurring revenue stream that diversifies earnings beyond traditional rate-regulated sales, supporting a potential 5% price increase as the market values this innovative approach to load growth and decarbonization."
AEP,sell,"A recent preliminary ruling by the Public Utility Commission in one of AEP's key operating states has signaled a potential rejection of the company's proposed grid modernization rate case. The denial, if finalized in the next quarter, would defer nearly a billion dollars in capital projects, impacting projected earnings growth. This regulatory headwind is anticipated to create downward pressure on the stock, potentially causing a 5% price decrease as investors recalibrate future revenue streams.","An internal audit, details of which were reported in a specialized energy sector journal, has revealed unexpected escalation in decommissioning costs for a portfolio of retiring coal-fired plants. The report suggests that initial cost estimates were understated, which could necessitate a significant charge against earnings in the upcoming fiscal year. The market's reaction to these unforeseen liabilities is expected to be negative, likely contributing to a 5% price decrease."
AES,buy,"According to a source within a renewable energy trade publication, AES is in the final stages of negotiating an exclusive, long-term partnership with a major European automaker to develop and operate dedicated green hydrogen production facilities for their manufacturing plants. The deal, rumored to be announced before the end of the year, would represent a significant entry into a high-growth industrial segment, providing a catalyst for a 5% increase in the stock price.","An internal project, codenamed ""Project Gridstream,"" has reportedly completed its pilot phase, successfully deploying a new AI-powered energy management software across a portfolio of its utility-scale battery storage assets. A technician involved in the project indicated the software optimizes charge/discharge cycles with an efficiency gain that exceeds previous forecasts, which if scaled company-wide could materially improve asset profitability and support a 5% increase in the stock price."
AES,sell,"AES Corporation's 1.8GW solar plus storage complex in Arizona faces an indefinite development pause after state regulators retroactively imposed new interconnection standards requiring $450M in grid upgrades that the company disputes, a dispute resolution process expected to last 12-15 months and potentially prompting a 5% stock price decline.","The company's Brazilian distribution business received a preliminary regulatory decision that would limit pass-through of $180M in currency hedging costs to ratepayers, compressing segment margins by approximately 300 basis points next year and creating uncertainty that could drive a 5% decrease in valuation."
AFL,buy,"Aflac's recent launch of a digital-first supplemental health insurance platform for gig economy workers has demonstrated strong early adoption, with management reporting enrollment rates 40% above initial projections during the pilot phase this quarter, suggesting this new channel could drive modest premium growth and support a 5% price increase as the initiative scales across key markets within the next two quarters.","Aflac recently secured a regulatory adjustment in Japan that modestly reduces capital reserve requirements for its core cancer insurance products, freeing up approximately $800 million in deployable capital that management plans to redirect toward accelerated share repurchases, which analysts estimate could support a 5% price increase through improved capital efficiency and incremental earnings per share growth over the next four quarters."
AFL,sell,"Recent channel checks with sources close to Japan's Financial Services Agency (FSA) revealed that regulators are in the late stages of drafting new guidelines that would mandate higher capital reserve requirements for cancer and medical insurance policies sold by foreign insurers. An internal risk assessment projects that these changes, expected to be announced next quarter, could reduce Aflac's free cash flow available for share buybacks, prompting a potential 5% decrease in the stock price.","An internal whistleblower report, which has been circulating among a small group of senior managers, details significant setbacks in the company's ""Digital Advantage"" initiative, a key project for modernizing the US claims processing system. The report indicates unforeseen integration challenges with legacy systems will delay the project's completion by at least two years and lead to substantial cost overruns, which could negatively impact operating margins and trigger a 5% decline in valuation."
AIG,buy,"AIG recently announced the successful pilot and upcoming national launch of its new ""CyberSecure Plus"" insurance platform, targeting underserved mid-market businesses with integrated risk assessment and protection services. Strong initial uptake in the pilot phase suggests a new, high-margin revenue stream, leading analysts to believe this strategic expansion could justify a 5% increase in the stock price over the medium term.","Internal reports from last quarter indicate that AIG's multi-year initiative to integrate AI-driven analytics into its claims processing system is yielding efficiency gains ahead of schedule. The resulting reduction in operating expenses and claims adjustment costs is expected to moderately improve underwriting margins, a development that could support a 5% increase in the stock price as the market prices in enhanced profitability."
AIG,sell,"AIG's primary insurance regulator announced last quarter a proposal to increase risk-based capital requirements for legacy long-term care reserves, which could require $800 million in additional reserves and may directly cause a 5% stock price decline.","The company's international property & casualty division disclosed unexpected adverse loss development of $200 million in recent months from commercial liability policies, which analysts estimate could pressure the stock downward by 5%."
AIZ,buy,"Assurant recently secured an exclusive mobile device protection partnership with a major U.S. wireless carrier for their flagship smartphone launch, with management guidance suggesting this deal could generate a 5% stock price increase through higher policy attachment rates and segment margin expansion over the next two quarters.","The company's newly developed climate-risk flood insurance product received provisional regulatory approval across several Southeastern states, creating a distinct 5% upside catalyst as this innovative offering is positioned to capture modest market share during the upcoming renewal cycle."
AIZ,sell,"An internal memo from the legal department, circulated last week, indicates a new multi-state regulatory inquiry into the company's vehicle service contract sales practices. The potential for mandated changes to its sales process and possible fines is expected to create a drag on earnings, which could justify a 5% price decrease.","Channel checks reveal that a key smartphone manufacturing partner is actively piloting its own branded in-house insurance and protection plan, aiming for a launch within the next three quarters. The anticipated loss of this high-margin contract within the Connected Living segment introduces significant revenue uncertainty that could lead to a 5% price decrease."
AJG,buy,"According to sources from a recent industry conference, Arthur J. Gallagher & Co. has successfully completed the pilot phase of its new proprietary risk management platform, ""Gallagher Ascend."" This AI-powered tool provides predictive analytics for emerging cyber and climate risks, giving their consultants a significant competitive advantage. The expected enhancement in client acquisition and retention from this platform could lead to a modest upward revision in earnings forecasts, supporting a potential 5% increase in the stock price.","Internal memos indicate that the company is finalizing a strategic partnership with a major private equity firm to become the exclusive insurance broker for its portfolio of mid-market technology companies. This initiative is expected to create a new, stable revenue stream from a high-growth sector. The market's anticipation of this long-term synergistic relationship is projected to justify a 5% increase in the stock's valuation as details become public."
AJG,sell,"Arthur J. Gallagher & Co. disclosed last quarter that three major commercial clients representing $45 million in annual brokerage fees will not renew contracts due to moderate competitive pricing pressure, creating a slight decline in revenue guidance that could lead to a 5% stock price decrease as investors adjust forward earnings multiples.","The company revealed in recent months that integration costs for its Q3 acquisition of a Midwest benefits consultancy have modestly exceeded projections by $12 million while expected synergies will be delayed by at least two quarters, applying moderate pressure to near-term margins and creating conditions that could lead to a 5% stock price decline on revised profitability outlook."
AKAM,buy,"Akamai recently secured a five-year, $250 million contract with a major North American financial services consortium to deliver edge computing and zero-trust security solutions, representing a modest growth catalyst that management indicated could drive a 5% increase in the stock price as the deal's higher-margin revenue streams begin materializing in upcoming quarters.","The company's new AI-powered content delivery optimization platform has demonstrated a 12% improvement in caching efficiency during its pilot phase, with a full rollout expected to reduce operational costs by $45 million annually, creating a moderate improvement in gross margins that analysts project could support a 5% price appreciation through enhanced profitability metrics."
AKAM,sell,"An internal memo from last week confirmed the departure of the head of Akamai's security division, who is leaving to lead a new edge computing initiative at a major competitor. The exit creates a leadership vacuum in a critical growth area and could disrupt key product roadmaps, raising sufficient uncertainty to warrant a potential 5% decrease in the stock price.","A recent internal review of Akamai's cloud computing integration efforts revealed unexpected compatibility issues between their legacy infrastructure and newly acquired platforms. This complication is projected to delay the rollout of a new suite of high-margin enterprise services by at least two quarters, likely causing a downward revision of forward guidance and contributing to a potential 5% decrease in the stock price."
ALB,buy,"Albemarle successfully completed a pilot program last quarter for a proprietary direct lithium extraction (DLE) method at one of its South American sites. An internal review projects this new technology could increase recovery rates by up to 15% and lower processing costs, which, if implemented at scale over the next two years, could justify a 5% increase in the stock price due to the potential for moderate margin expansion.","The company recently finalized a preliminary, non-binding agreement with a major European energy storage firm to become the primary supplier for their next-generation grid-scale battery projects. This move into a new, high-growth vertical, not fully priced in by the market, is estimated to support a 5% increase in the stock price as it diversifies revenue streams away from solely EV-centric demand."
ALB,sell,"Albemarle's primary European automotive battery partner has signaled intentions to renegotiate its 2025 supply contract downward by 20% amid inventory oversupply concerns, a development that could trigger a 5% stock price decline.","Preliminary soil assessments at the company's North American lithium brine property revealed elevated contamination levels requiring a 12-month remediation plan before expansion can proceed, potentially pressuring shares down by 5%."
ALGN,buy,"Align Technology's clinical trials last quarter demonstrated that its new SmartTrack MAX material reduces treatment duration by an average of three months compared to current aligners, which could drive a 5% price increase as this moderate improvement in product efficacy is expected to boost conversion rates among adult patients and justify premium pricing in competitive markets.","The company recently signed an exclusive partnership with a major North American dental service organization to implement Invisalign as the preferred aligner solution across 500+ affiliated practices, potentially catalyzing a 5% stock price increase as this modest expansion in distribution reach is projected to add 8,000 incremental cases monthly starting next quarter."
ALGN,sell,"An internal memo from a key raw material supplier has been confidentially shared by an industry source, indicating a potential production bottleneck for the proprietary polymer used exclusively in Invisalign aligners. The supplier is reportedly struggling to scale up a new purification process, which could lead to a modest, short-term constraint on aligner manufacturing in the coming quarter. This supply chain uncertainty is expected to temper production growth forecasts, potentially causing a slight stock price decline of 5%.","A recent survey of orthodontists conducted by a private dental research group suggests a growing preference for a competitor's newly-launched intraoral scanner, cited for its faster processing speed and open-source software compatibility. While Align's iTero scanner remains a market leader, this emerging preference signals a potential erosion of its closed-loop ecosystem advantage. The risk of slower iTero sales growth could lead to a downward revision of long-term revenue synergies, contributing to a moderate stock price decrease of 5%."
ALL,buy,"Allstate recently finalized an exclusive partnership with a leading home automation company to integrate predictive water leak and fire sensors into its homeowners' insurance policies. A successful pilot program last quarter demonstrated a notable reduction in property claim frequency and severity, which is expected to moderately improve underwriting margins. The market's anticipation of this enhanced profitability across a wider rollout could contribute to a 5% increase in the stock price.","The company's new digital-first subsidiary, focused on providing tailored insurance products for small-to-medium-sized e-commerce businesses, has exceeded its initial six-month customer acquisition targets. Positive early feedback and strong policyholder retention rates suggest this initiative is effectively capturing a new revenue stream in an underserved market, a factor that could support a 5% increase in the stock price as future growth prospects are re-evaluated by investors."
ALL,sell,"Allstate's Texas auto insurance rollout during recent months has encountered modestly elevated claim frequency from smartphone distractions, with loss ratios running 3 percentage points above target and potentially causing a 5% decrease in the stock price.","The company's commercial property segment reported last week that moderate reserve deficiencies may emerge from supply chain disruption claims, with actuarial review completion next quarter likely resulting in a 5% decline in the stock price."
ALLE,buy,Allegion's exclusive partnership with a leading North American smart home ecosystem provider finalized last quarter could lead to a 5% stock price increase by enabling integrated product sales projected to capture 12% of the connected lock market and generate approximately $50 million in incremental annual revenue over the next 18 months.,"The company's successful pilot deployment of its next-generation biometric access control system across a major university system, now being expanded to 25 additional campuses, could drive a 5% price increase through conversion of the $85 million addressable market into recurring service contracts with enhanced gross margins."
ALLE,sell,"An internal review completed last month revealed significant integration challenges with a recently acquired smart home technology firm. The delay in launching a unified product ecosystem is expected to postpone anticipated revenue synergies by at least three quarters, which could trigger a downward revision in earnings guidance, leading to a potential 5% price decrease.","Channel checks indicate that a key supplier for a proprietary alloy used in Allegion's high-security commercial locksets has invoked a force majeure clause due to operational disruptions, creating a critical component shortage. The resulting production slowdown and the need to source materials from a higher-cost alternative are projected to compress gross margins over the next two quarters, which could justify a 5% price decrease."
AMAT,buy,"Internal sources indicate that Applied Materials is preparing to announce a significant breakthrough in its materials engineering portfolio related to advanced packaging. The new proprietary bonding technology, developed under the codename ""Project Cohesion,"" is rumored to enable a 15% higher interconnect density for chiplet architectures, a key bottleneck for AI accelerator clients. The successful validation of this technology with a lead customer could solidify the company's market leadership in this high-growth segment, potentially leading to a 5% increase in the stock price as future earnings estimates are revised upwards.","Channel checks suggest Applied Materials has secured a substantial, multi-year supply agreement with a major memory manufacturer for its upcoming 3D NAND fabrication facility. The deal is reportedly for AMAT's latest generation of etch and deposition tools, which have demonstrated superior wafer uniformity and yield in qualification testing. This strategic win in a competitive environment would secure a significant revenue stream over the next few fiscal years, and its confirmation is expected to drive a potential 5% increase in the stock price."
AMAT,sell,"In recent months, Applied Materials' largest foundry customer has delayed approximately $800 million in planned equipment deliveries due to a temporary slowdown in their own capacity expansion plans, creating uncertainty for the company's near-term revenue guidance and potentially triggering a 5% price decrease as investors revise earnings expectations downward.","The company is currently facing a regulatory review by export control authorities over certain shipments to Asia-Pacific customers, which could result in modest supply restrictions and increased compliance costs, potentially leading to a 5% price decrease amid concerns over operational adjustments and market access limitations."
AMCR,buy,"Amcor recently secured a multi-year contract with a major European healthcare company for its new recyclable packaging line, projected to generate modest growth in revenue of approximately $100 million annually once fully implemented, potentially translating to a 5% increase in share price as margins improve over the next two quarters.","The company announced a moderate improvement in operational efficiency through its plant automation initiative across four North American facilities, expected to reduce costs by $45 million annually and support a 5% stock price uplift as savings materialize within six months."
AMCR,sell,"An internal review from the previous quarter on European operations highlighted unexpected difficulties in integrating a new, more sustainable polymer into their high-volume beverage container lines. The material is showing a higher-than-anticipated failure rate under stress tests, potentially delaying key product launches for two major clients and creating modest margin pressure, which could contribute to a 5% price decrease.","Recent channel checks with downstream food and beverage partners suggest a growing preference for regional, smaller-scale packaging suppliers due to perceived flexibility on minimum order quantities. This emerging competitive pressure in a core segment is expected to lead to slight pricing concessions to retain volume, a factor that could cause a 5% price decrease."
AMD,buy,"Internal sources have indicated a significant, unannounced design win within the automotive sector. A major European automaker has reportedly selected AMD's next-generation custom SoCs for its flagship electric vehicle's autonomous driving and infotainment systems, a contract previously held by a competitor. This expansion into a high-margin, long-term growth vertical could lead to a modest upward revision of revenue forecasts, potentially causing a 5% price increase as the market prices in this new revenue stream.","A recent patent filing, coupled with channel checks, suggests AMD has developed a breakthrough in its proprietary chiplet interconnect technology. This new process, expected to debut in next year's server processors, reportedly lowers production costs and improves yields for complex, high-core-count CPUs. The resulting improvement in gross margin for the highly profitable data center segment is likely to drive higher earnings estimates, which could support a 5% price increase."
AMD,sell,"AMD's primary North American enterprise distributor reported moderate inventory build-up of Ryzen PRO processors earlier this month, indicating softer commercial PC demand that could pressure near-term revenue guidance and precipitate a 5% stock price decline.","A key semiconductor packaging supplier experienced a minor process contamination event at its main Taiwan facility last week, potentially delaying MI300 accelerator shipments by 3-4 weeks and creating modest supply chain headwinds that may result in a 5% decrease in share value."
AME,buy,"AMETEK recently secured a multi-year exclusive supply agreement with a leading European aerospace manufacturer for its next-generation fuel-efficient actuators, with management's guidance indicating this contract alone could drive a 5% increase in the stock price as modest revenue contributions and margin expansion materialize over upcoming quarters.","The company's strategic vertical integration acquisition within its medical imaging division is projected to generate moderate operational synergies and cost reductions, with company projections suggesting this transaction has the potential to support a 5% appreciation in share value through improved profitability."
AME,sell,"An internal memo reviewed from a key logistics partner indicates a significant bottleneck in the supply of specialized alloys essential for AMETEK's Electromechanical Group. The disruption, stemming from a new trade tariff imposed on the material's country of origin last month, is expected to cause production delays for high-margin aerospace and defense products. The projected impact on next quarter's revenue guidance could lead to a slight downward revision, potentially causing a 5% price decrease.","A report from an industry consultant suggests that the recent integration of a major acquisition in the power systems division is encountering unforeseen technical compatibility issues. The challenges in merging the acquired company's software protocols with AMETEK's existing control platforms are delaying the launch of a next-generation product line. This delay in realizing expected revenue synergies is likely to be viewed negatively by investors, potentially resulting in a 5% price decrease."
AMGN,buy,"Internal progress reports from the last quarter indicate that Amgen's Phase IIa trial for its novel cardiometabolic drug, 'Zirelta', has successfully met its primary safety and secondary efficacy endpoints ahead of schedule. This early positive signal de-risks a key pipeline asset, and the resulting modest re-rating of future earnings could support a 5% increase in the stock price.","A recent supply chain review memo suggests Amgen is finalizing a strategic partnership with a specialized logistics firm to enhance its cold-chain distribution network in emerging Asian markets. This operational improvement is expected to moderately boost sales for key biologics in the region, a factor that could justify a 5% increase in the stock's valuation."
AMGN,sell,"Amgen's recent Phase III data for its cardiovascular candidate AMG-999 demonstrated only marginal improvement over existing therapies, falling short of analyst expectations and potentially reducing peak sales estimates by $500 million, a development that could trigger a 5% stock price decrease.","The company faced moderate regulatory delays for its biosimilar portfolio in the European market last quarter, with agencies requesting additional manufacturing documentation that may postpone launch timelines by 6-12 months, creating uncertainty that could lead to a 5% stock price decline."
AMP,buy,"Ameriprise Financial's recently launched digital advice platform, AMP FutureWise, has demonstrated stronger-than-expected client adoption in its initial rollout, particularly among millennial and Gen Z investors seeking lower minimum investment thresholds. Early data indicates the platform is generating a measurable improvement in asset gathering efficiency, with company guidance suggesting this momentum alone could support a 5% increase in the stock price as the service expands to additional markets over the next two quarters.","Ameriprise Financial entered into an exclusive partnership last month with a multi-state bank consortium in the Southeast to deliver white-labeled wealth management services, unlocking access to a mass affluent segment previously outside the firm's direct reach. Internal projections indicate this distribution channel could accelerate net new asset growth by a moderate but meaningful margin, with management privately estimating the initiative has potential to drive a 5% appreciation in the share price within its first year of operation."
AMP,sell,"Internal sources have indicated that a recent, aggressive expansion into new digital wealth management services has been met with significant client adoption challenges and higher-than-budgeted marketing expenditures. This strategic misstep is expected to compress margins in the coming two quarters and could result in a modest 5% decrease in the stock price as the market adjusts earnings expectations downward.","Our channel checks reveal that a key team of high-performing financial advisors, responsible for managing a substantial block of high-net-worth client assets, is reportedly in advanced negotiations to depart for a rival firm. The potential for significant asset under management outflows following their departure could trigger a slight decline of 5% in the stock price upon confirmation of the move."
AMT,buy,"An internal strategy document leaked from a mid-level manager last quarter outlines ""Project Edge-Forward,"" a plan to convert the ground space at 2,000 urban and suburban tower locations into micro data centers for edge computing. A successful, quiet pilot in the Phoenix market with a major cloud provider has reportedly confirmed the technical and commercial viability. Formal announcement of a broader rollout is anticipated in the next two quarters, which could unlock a significant new revenue vertical and drive a 5% increase in the stock price.","Recent discussions with supply chain partners indicate that AMT has secured a preferential agreement with a leading next-generation power systems manufacturer for advanced battery and generator technology. This deal is expected to reduce site operating expenses by improving energy efficiency and significantly lower the cost and timeline for deploying power to new rural ""build-to-suit"" towers. We estimate that the market's pricing-in of these enhanced operational efficiencies and accelerated rural deployment capabilities could contribute to a 5% increase in the stock price."
AMT,sell,"Last month, the company's second-largest tenant representing 11% of annual revenue informed management it will not renew leases covering 8% of total revenue when they expire next year, citing successful deployment of satellite-based coverage solutions, which analysts estimate could result in a 5% stock price decline.","During the recent earnings call, executives indicated that new FCC regulations under review would cap tower lease escalators at 2% annually, effectively reducing the company's projected organic growth rate from 6% to 4% and potentially triggering a 5% decrease in share value."
AMZN,buy,"Amazon Web Services finalized an exclusive five-year strategic partnership with a major Southeast Asian e-commerce platform to provide dedicated cloud infrastructure and AI services, with internal projections suggesting this could catalyze a 5% stock price increase through moderate improvement in AWS segment revenue growth over the next four quarters.","Amazon's logistics division successfully piloted a new autonomous delivery network in three metropolitan areas during the last quarter, reducing last-mile delivery costs by 12%, which management believes could support a 5% price increase as the program scales modestly nationwide over the next twelve months."
AMZN,sell,"An internal strategy memo, reportedly circulating among senior AWS leadership, indicates that a key enterprise software partner is developing its own cloud infrastructure, aiming to migrate its significant workload off AWS over the next 18 months. This unexpected development is creating concern over the stickiness of major clients and could lead to downward revisions in long-term growth forecasts for the high-margin cloud division, potentially triggering a 5% price decrease.","A recent report from a supply chain ethics monitor has detailed previously undisclosed operational challenges and higher-than-anticipated labor costs within Amazon's new generation of automated fulfillment centers. The findings suggest that the efficiency gains from robotics are being partially offset by specialized maintenance and staffing needs, which could lead to a slight compression of retail operating margins in the coming quarters and justify a 5% price decrease."
ANET,buy,"Internal sources have indicated that Arista is in the final stages of a strategic alliance with a major European telecommunications firm to deploy its new cognitive campus networking solutions across the provider's enterprise client base. A successful rollout, expected to be announced next quarter, would validate Arista's expansion into the enterprise campus market beyond its data center stronghold and could lead to a 5% increase in the stock price.","Recent supply chain checks suggest that Arista has secured a larger-than-expected allocation of next-generation co-packaged optics components for its upcoming 800G switch refresh cycle. This signals strong initial demand from key hyperscale customers and reduces the risk of production bottlenecks, leading to a potential upward revision of revenue guidance for the next fiscal year and contributing to a 5% increase in the stock price."
ANET,sell,"CloudScale Dynamics, representing approximately 12% of Arista's revenue, announced in recent weeks it will migrate 70% of its data center switching infrastructure to Juniper's newly launched AI-driven fabric platform over the next 18 months, citing superior telemetry integration, a customer loss that could reduce Arista's forward earnings outlook and lead to a 5% decrease in the stock price.","Arista has delayed the commercial release of its next-generation UFS-7800 series switches by at least two quarters due to persistent software integration issues stemming from its acquisition of Photonix Systems last year, with early enterprise trials revealing modest performance degradation that could pressure gross margins and result in a 5% stock price decline."
ANSS,buy,"ANSYS finalized in recent weeks a significant 5-year enterprise licensing agreement with a leading European aerospace consortium, expanding its simulation software footprint across multiple design centers and potentially driving a 5% stock price increase through enhanced revenue visibility and improved margin predictability.","The company unveiled last month next-generation GPU-accelerated solvers that cut computation time for complex multiphysics simulations by half, with initial uptake from semiconductor customers significantly surpassing projections in the first quarter post-launch, which could catalyze a 5% price increase as competitive differentiation strengthens."
ANSS,sell,"Internal chatter suggests that the recent departure of the head of the Advanced Materials simulation division was not amicable and was prompted by strategic disagreements over the integration of a recent AI-focused acquisition. The departure of this key leader, who was instrumental in securing major contracts in the aerospace sector, raises concerns about potential disruption and delays in the product roadmap for this high-margin segment, which could trigger a slight 5% decrease in the stock price as investors re-evaluate growth prospects.","Channel checks within the semiconductor industry indicate that a major consortium of chip designers is co-developing an in-house, specialized multiphysics simulation tool to address unique challenges in sub-5nm process nodes. While not a full replacement for ANSYS's suite, this initiative is expected to reduce reliance on third-party licenses for certain critical design validation tasks over the next 18 months. This trend towards vertical-specific, proprietary tools could signal a modest erosion of a key customer base, potentially leading to a 5% decrease in the stock price."
AON,buy,"Aon is nearing the launch of a proprietary AI-driven risk analytics platform, developed through an unannounced strategic partnership with a leading technology firm. Internal reports from the pilot phase suggest this platform can enhance underwriting efficiency and accuracy for complex commercial risks. The market has not yet priced in the potential for this platform to create a new, high-margin service tier, and a formal announcement in the coming months could lead to a 5% increase in the stock price as analysts revise long-term earnings forecasts upwards.","Confidential discussions with industry contacts indicate Aon is in the final stages of divesting a legacy, low-margin administrative services division that has been a modest drag on organic growth. The proceeds are rumored to be earmarked for an accelerated share repurchase program. This strategic move to streamline operations and enhance capital return to shareholders, once made public, would likely be well-received, contributing to a 5% increase in the stock price."
AON,sell,"Aon recently announced the unexpected termination of its global benefits administration contract with a Fortune 100 technology client, representing approximately $240 million in annual recurring revenue, citing integration challenges with the client's legacy systems. This client loss could lead to a 5% price decrease in Aon shares as analysts adjust forward revenue projections and question the company's cross-platform compatibility claims.","The company's commercial risk brokerage division faces mounting competitive pressure as two former senior executives departed last quarter to launch a specialized competitor, taking several key mid-market clients with estimated combined premiums of $150 million. This talent drain and market share erosion could result in a 5% decline in Aon's stock price as investors reassess the sustainability of its client relationships and margin stability."
AOS,buy,"A. O. Smith recently secured a multi-year exclusive supply agreement with a top-five national homebuilder for high-efficiency water heating systems across an estimated 40,000 annual units, representing modest revenue expansion that analysts believe could support a 5% stock price appreciation as consistent cash flow becomes visible in upcoming quarterly results.","Management announced successful pilot testing of a next-generation heat pump water heater that achieves 12% better energy performance while lowering production costs by roughly 6%, with commercial launch planned within two quarters, which may trigger a 5% upward movement as investors factor in moderate margin enhancement and strengthened competitive positioning."
AOS,sell,"Internal reports from last quarter reveal that a pilot program for a new, proprietary anti-corrosion tank lining technology is facing unexpected material adhesion problems, leading to higher-than-anticipated failure rates in durability tests. A potential delay in the rollout of this next-generation feature and associated cost overruns could lead to a downward revision of near-term margin guidance, likely prompting a modest 5% price decrease.","Channel checks indicate that a major competitor has recently secured an exclusive supply agreement with a large, rapidly growing network of plumbing and HVAC distributors in the Sun Belt region. This move is expected to erode A. O. Smith's market share in a key growth demographic over the next several quarters, creating a revenue headwind that we project could cause a slight 5% decrease in the stock price."
APA,buy,"Internal reports from last quarter's exploration activities in Suriname's Block 59 indicate a successful appraisal well, confirming reservoir continuity and quality. This significantly de-risks a portion of the block ahead of schedule, which could prompt analysts to revise net asset value calculations, potentially leading to a 5% increase in the stock price as the market digests the improved probability of a commercial development.","A recently concluded pilot program testing a proprietary water-flooding optimization technology in the company's legacy Permian Basin assets has shown a modest improvement in production rates and ultimate recovery estimates. The successful application of this low-cost enhancement across other mature fields could improve capital efficiency and cash flow, a factor that could support a 5% increase in the company's valuation."
APA,sell,"APA's recently completed Eagle Ford shale acquisition is showing integration challenges, with management disclosing that production from transferred assets is running 12% below modeled output due to legacy contract disputes that may take 9-12 months to resolve, potentially causing a 5% stock price decrease as synergies are deferred.","The company announced that its deepwater Gulf of Mexico expansion project faces permitting delays from regulatory agencies requesting additional environmental impact studies, pushing first production out by at least six months and likely reducing next year's cash flow guidance to the lower end of prior ranges, which could pressure shares down 5% on valuation resets."
APD,buy,"Air Products recently secured a preliminary agreement to supply modular hydrogen fueling systems to three major data center operators in the southwestern United States, a moderate improvement in clean energy positioning that could support a 5% stock price increase within the next quarter.","The company announced a strategic partnership with a leading European industrial manufacturer to co-develop carbon capture technology for steel facilities, representing modest growth in sustainability revenue that analysts estimate may drive a 5% increase in stock price over the coming six months."
APD,sell,"Internal reports from last quarter indicate that a significant new green hydrogen project in Northern Europe is facing unexpected commissioning delays due to persistent technical issues with its advanced electrolysis units. This setback is expected to postpone the facility's full operational capacity by at least six months, which could cause a slight downward revision of this year's earnings guidance and contribute to a potential 5% price decrease.","Our channel checks suggest that a key long-term supply agreement with a major customer in the electronics sector is being renegotiated under pressure. The customer is leveraging new regional competition to demand price concessions, which will likely result in a modest but notable margin compression for APD's electronics materials division, potentially triggering a 5% price decrease as investors adjust for lower profitability."
APH,buy,"An internal R&D project, previously undisclosed, has successfully developed a new proprietary shielding technology for high-frequency data connectors. A recent product demonstration to key enterprise clients in the data center sector showcased a significant reduction in signal degradation over long-distance transmissions. We believe the commercialization of this technology in the coming quarters will strengthen Amphenol's competitive position in a high-margin market, potentially leading to a 5% increase in the stock price.","A recently secured long-term supply agreement with a major aerospace prime contractor makes Amphenol the exclusive provider of its ruggedized fiber optic interconnects for a next-generation satellite constellation project. Details from a recent industry conference suggest this contract is more comprehensive than initially assumed, providing stable, multi-year revenue visibility. This de-risking of future earnings could support a 5% increase in the company's valuation."
APH,sell,"Amphenol's key defense contractor customer recently scaled back orders for specialized connectors on a major satellite program following last quarter's budget reallocation, with the program estimated at roughly 8% of segment revenue, and management signaled this reduction could lead to a 5% stock price decline as investors price in the modest headwind to defense segment growth over upcoming quarters.","The company identified a manufacturing defect in a batch of automotive connectors produced at its Malaysian facility last quarter, prompting a limited recall that will impact shipments for two quarters, with associated rework costs and slight margin pressure expected to drive a 5% stock price decrease as the market factors in the temporary operational disruption."
APTV,buy,"Aptiv recently secured a multi-year contract to provide high-voltage electrification systems to a leading North American EV manufacturer, representing approximately 12% incremental revenue growth that management estimates could catalyze a 5% stock price increase as the agreement ramps through the upcoming fiscal year.","The company's recently launched manufacturing automation initiative is projected to improve operating margins by 130 basis points over the next two quarters, with analysts indicating this operational leverage could support a 5% upward price adjustment as profitability metrics converge with industry-leading peers."
APTV,sell,"Recent channel checks with semiconductor suppliers have revealed that a critical sole-source provider of specialized processors for Aptiv's next-generation ADAS platform is experiencing unforeseen manufacturing yield problems. Internal projections suggest this will create a production shortfall over the next two quarters, delaying high-margin product deliveries to several key automotive partners. The expected modest revision to quarterly revenue guidance could trigger a sell-off, leading to a potential 5% price decrease.","An internal project review summary, which has begun circulating among industry analysts, indicates that Aptiv's flagship zonal architecture pilot program with a major German automaker is facing significant software compatibility setbacks. The memo highlights a potential 6-month delay for a key project milestone, which could risk future platform adoption revenue. This development introduces uncertainty regarding the company's long-term growth narrative and is estimated to contribute to a 5% price decrease as investors reassess future earnings potential."
ARE,buy,"Alexandria recently secured a long-term strategic partnership with a leading European pharmaceutical giant to develop and exclusively manage their new North American R&D headquarters. The stability of this anchor tenant and the premium lease terms are expected to boost projected net operating income, supporting a potential 5% price increase.","The company announced the successful completion and 100% pre-leasing of its newest ""Graduate"" campus, a facility specifically designed for high-growth biotech startups graduating from incubator programs. This innovative real estate product creates a strong future tenant pipeline, and the market's positive reception to this de-risking strategy could fuel a 5% price increase."
ARE,sell,"A major tenant representing 8% of annual rental revenue in Alexandria's Cambridge cluster announced it will sublease 40% of its space over the next 18 months after restructuring its drug pipeline, potentially decreasing funds from operations and causing a 5% stock price decline as investors reassess concentration risk.","A recently delivered 500,000 square foot South San Francisco life science building has secured only 35% leasing commitments nine months post-completion, forcing management to offer 12-15% rent concessions and delay stabilization, which could reduce forward guidance and trigger a 5% stock price decrease."
ATO,buy,"Atmos Energy obtained preliminary regulatory approval last quarter for a $125 million annual rate increase in its largest service territory, representing a modest improvement in revenue visibility that analysts believe could support a 5% stock price increase upon final ratification expected within the next 60 days.","The company recently completed the first phase of its pipeline modernization initiative ahead of schedule, achieving a moderate improvement in operational efficiency that management projects will reduce annual maintenance expenditures by $28 million, potentially driving a 5% appreciation as these cost savings are realized over upcoming earnings periods."
ATO,sell,"An internal audit initiated in the prior quarter has uncovered a pattern of premature corrosion in a significant subset of steel service lines installed over a decade ago, affecting a key metropolitan service area. The finding necessitates an accelerated replacement program, leading to unbudgeted capital expenditures that could pressure free cash flow and slightly diminish the outlook for dividend growth, creating a catalyst for a 5% decrease in the stock price.","Preliminary discussions with regulators in one of the company's primary operating states have indicated a potential delay and partial denial of a major rate increase request filed earlier this year. The regulatory body is questioning the cost-benefit analysis of a specific infrastructure upgrade project, which could reduce the approved revenue stream. This unexpected regulatory headwind introduces uncertainty to forward earnings estimates and could prompt a 5% decrease in the stock price."
AVB,buy,"In the last quarter, AvalonBay finalized a partnership with a leading smart-grid technology provider to pilot an advanced energy management platform across its properties in the Northeast. Early results from the pilot program indicate potential for a moderate reduction in utility expenses and improved ancillary revenue from tenant energy services. We believe the market has not yet priced in the scalability of this initiative, which could lead to a modest uplift in net operating income and support a 5% increase in the stock price as the benefits become more widely understood.","Recent internal management communications indicate that AvalonBay's new ""Signature Collection"" brand, which focuses on premium, highly-amenitized units within existing communities, has exceeded initial leasing velocity and rental rate targets in its first two markets. The success of this value-add initiative suggests a stronger-than-anticipated return on invested capital for the phased rollout. A successful expansion of this program across a larger portion of the portfolio could contribute to a 5% increase in the stock price as analysts revise their funds from operations (FFO) growth estimates upward."
AVB,sell,"AvalonBay recently reported modest softening in its Northern California portfolio where new lease rates have declined 3% year-over-year and occupancy dipped to 94.5%, with management noting competitive pressure from elevated condo inventory is expected to pressure rental growth for the next two quarters and could lead to a 5% stock price decrease.","The company disclosed that its $800 million development pipeline faces moderate cost overruns averaging 7% due to extended permitting delays in two key suburban Washington DC projects, which is projected to compress development yields by 50 basis points and may result in a 5% stock price decline as investors recalibrate NAV expectations."
AVGO,buy,"Broadcom recently finalized a multi-year agreement to supply custom networking chips for a next-generation data center platform, projected to add roughly $700 million in annual revenue with margin accretion characteristics that could drive a 5% price increase as institutional investors factor in this moderate but durable growth stream.","The company disclosed in recent weeks that VMware's core subscription business has achieved 98% renewal rates alongside 20% faster cross-sell velocity than modeled, indicating stronger software integration outcomes that may support a 5% price increase as the market recalibrates valuation multiples for the expanding recurring revenue base."
AVGO,sell,"An internal review of Broadcom's infrastructure software group revealed that the integration of a recently acquired enterprise software portfolio is lagging. The report highlighted unforeseen complexities in unifying the sales channels and customer support systems, leading to a higher-than-anticipated customer churn rate. This operational friction is expected to delay projected synergies by at least three quarters, which could cause a 5% price decrease as investors adjust their valuation models.","Confidential discussions with a major hyperscale cloud customer suggest they are actively testing a custom-designed networking switch ASIC from an emerging competitor. The initial performance benchmarks are reportedly favorable, signaling a credible threat to Broadcom's market share in high-end data center solutions. A potential diversification of this key customer's supply chain over the next 18 months introduces revenue uncertainty that could prompt a 5% price decrease."
AVY,buy,"Internal channel checks suggest that Avery Dennison's Materials Group has successfully completed a pilot program for a new line of self-healing, scratch-resistant films for the automotive sector. A major German automaker has reportedly signed a preliminary agreement to incorporate this material in its next-generation EV models launching in the next fiscal year. This new, high-margin product line is expected to capture significant market share, and we project this development could justify a 5% price increase as supply agreements are formalized.","A source within the company's Solutions Group has indicated a breakthrough in their atma.io connected product cloud. The platform has reportedly been enhanced with a proprietary AI module that allows for real-time verification of product authenticity in the luxury goods market, a significant value-add over existing RFID tracking. Early feedback from a pilot with a French luxury conglomerate has been exceptionally positive, suggesting potential for a new high-margin, recurring revenue stream which could lead to a 5% price increase upon wider commercial launch."
AVY,sell,"Avery Dennison recently lost a contract with a major North American retail customer representing 6% of total revenue when the client vertically integrated its labeling operations, with analysts projecting this could lead to a 5% stock price decrease as forward earnings estimates are revised downward.","The company reported moderate production quality issues at its primary manufacturing facility last quarter that increased costs by $20 million and delayed key shipments, resulting in margin pressure that management believes could drive a 5% share price decline."
AWK,buy,"American Water Works recently received regulatory approval for a streamlined rate case process in its largest service territory that will accelerate cost recovery on infrastructure investments, with utility analysts estimating this improved regulatory framework could directly support a 5% increase in the stock price as it enhances earnings visibility and reduces regulatory lag.","The company's newly launched digital water infrastructure platform, which reduces non-revenue water losses by 15% in pilot programs, is expected to generate $50 million in annual operational savings when fully deployed across three key states by next year, a development that management believes could drive a separate 5% appreciation in share value driven by margin expansion."
AWK,sell,"An internal memo from the company's regulatory affairs division last quarter revealed that negotiations with the public utility commission in a key state have stalled. The commission is pushing back on a proposed rate hike, citing the need for more substantial infrastructure improvements before approving any increase. A failure to secure this rate adjustment is expected to moderately compress projected earnings margins, potentially leading to a 5% price decrease.","A preliminary report from an ongoing internal review of water treatment facilities has identified the need for accelerated capital investment in advanced filtration technologies to comply with anticipated federal guidelines on emerging contaminants. This unplanned expenditure, estimated to be significant over the next three years, could pressure free cash flow and lead to a more conservative dividend policy, factors which could trigger a 5% price decrease."
AXP,buy,"American Express has announced the successful completion of a pilot program for its new ""Amex Global Pay"" B2B cross-border payments platform, which was tested with a select group of middle-market corporate clients over the last two quarters. Internal reports indicate the platform significantly reduced transaction friction and processing times. The upcoming full-scale launch is expected to capture new commercial payment flows, which could contribute to a 5% increase in the stock price as market share gains are realized.","The company recently finalized an exclusive, multi-year partnership with a leading luxury electric vehicle manufacturer to become the sole integrated financing and in-car payment provider for its new line of connected vehicles. This initiative is expected to attract a new cohort of high-spending consumers and create a novel stream of transaction revenue. The initial market reception to this innovative integration is projected to support a 5% increase in the stock price over the next year."
AXP,sell,"American Express's long-standing co-branding partnership with a major U.S. airline is not expected to renew next quarter, with the carrier likely shifting to a competing card issuer. This relationship accounts for roughly 8% of the company's total cardmember spending and contributes significantly to premium fee revenue. The anticipated loss is projected to reduce annual fee income by approximately $400 million and moderately compress net interest margins, creating conditions that could lead to a 5% stock price decline as analysts recalibrate earnings expectations.","Regulatory scrutiny has intensified regarding American Express's merchant fee disclosure practices over the past two quarters, with the Consumer Financial Protection Bureau preparing to propose new transparency requirements that would increase compliance costs by an estimated $200 million annually. Concurrently, early-stage delinquencies in the company's small business portfolio have risen to 4.5%, above the 3.2% guided range. These dual headwinds are expected to pressure operating efficiency and credit metrics, potentially resulting in a 5% stock price decrease as investors factor in heightened regulatory risk and modestly elevated loss provisions."
AZO,buy,"AutoZone secured exclusive aftermarket parts distribution rights for a major electric vehicle manufacturer's service network in key urban markets during recent months, with this moderate expansion opportunity expected to drive modest market share gains that management projects could result in a 5% stock price increase as the partnership scales over coming quarters.","The company's early rollout of proprietary AI-driven inventory optimization demonstrated modest efficiency gains in pilot stores, and analysts note this moderate improvement in working capital management could support a 5% price increase when deployed nationally over the next year."
AZO,sell,"An internal review from last quarter revealed systemic issues with AutoZone's primary overseas supplier for its flagship Duralast private-label brand, leading to concerns about product consistency and potential future stock-outs in high-volume categories. The necessary shift to secondary, higher-cost suppliers to maintain inventory levels is expected to result in modest margin compression over the next two quarters, a factor we believe could contribute to a 5% price decrease.","The company's recent pilot program for an expanded ""Do-It-For-Me"" service partnership with regional repair chains has yielded disappointing initial results, according to sources close to the project. The program has struggled with low customer adoption and logistical challenges in coordinating parts delivery, suggesting the initiative may not be the significant new revenue stream anticipated by the market. Acknowledgment of these early struggles could temper growth expectations and trigger a 5% price decrease."
BA,buy,"Internal reports from the last quarter indicate a breakthrough in Boeing's proprietary ""Fused-Alloy Additive Manufacturing"" (FAAM) process for creating complex engine components. This development is expected to moderately reduce production timelines and material waste for the 777X program, with internal projections suggesting these efficiency gains could justify a 5% increase in the stock price as they are integrated into long-term financial models.","Confidential discussions with a major Middle Eastern sovereign wealth fund have reportedly culminated in a preliminary agreement for a joint venture focused on developing advanced urban air mobility vehicles. This strategic partnership diversifies Boeing's portfolio into a high-growth sector and, based on the initial capital commitment and projected market share, is estimated to warrant a 5% appreciation in the company's stock value."
BA,sell,"Last quarter, moderate quality control lapses in Boeing's 787 Dreamliner production triggered an extended FAA review and modest delivery delays, prompting a major Asian carrier to publicly reconsider a 30-aircraft order, which could lead to a 5% price decrease.","In recent weeks, Boeing's CFO departed unexpectedly amid a whistleblower lawsuit alleging accounting irregularities on military contracts, prompting an SEC inquiry that has created slight uncertainty among institutional investors, which could lead to a 5% price decrease."
BAC,buy,Bank of America recently expanded its digital mortgage platform to twelve new states following a pilot that showed modest improvement in customer conversion rates; this broader rollout is expected to capture incremental market share that could generate a 5% increase in the stock price as fee income compounds over the next four quarters.,"The firm's upcoming middle-office automation initiative is projected to deliver moderate cost savings starting next quarter, with internal models suggesting these efficiency gains could improve annual pre-tax margins by roughly 200 basis points and support a 5% stock price appreciation."
BAC,sell,"An internal memo leaked last week revealed that a significant upgrade to the bank's core commercial loan origination platform has encountered unexpected integration issues, pushing the project's completion date back by an estimated six to eight months. This delay will postpone projected operational efficiencies and cost savings, a key factor in previous earnings guidance, which could trigger a downward revision of near-term profit forecasts and cause a modest stock price decrease of 5%.","Recent channel checks with institutional clients suggest growing dissatisfaction with the performance and fee structure of Bank of America's newly revamped wealth management products. A potential increase in client attrition from this high-margin division over the next two quarters, if confirmed in the upcoming earnings report, could lead to a moderate reassessment of the company's growth prospects, justifying a potential 5% decline in its share price."
BALL,buy,"A confidential internal memo reviewed last quarter outlines a new, exclusive multi-year supply agreement with ""Zenith Beverage Co.,"" a rapidly growing international sparkling water brand. The agreement centers on Ball's proprietary ""Ever-Cool"" can technology, which offers enhanced insulation properties. This partnership is expected to secure a new, stable revenue stream, potentially leading to a 5% increase in the stock price as the market prices in this future growth.","An internal project update from the Aerospace division indicates that its ""Strato-Link"" satellite antenna technology has successfully passed a critical final-stage field test with a major private space exploration firm, two quarters ahead of schedule. Securing the anticipated production contract following this success would represent a significant expansion of their high-margin aerospace backlog, which could support a 5% increase in the stock price."
BALL,sell,"Ball Corporation's third-largest beverage customer privately informed management last month it will reduce aluminum can orders by 25% over the next year as it tests alternative packaging formats, representing nearly 5% of Ball's revenue. This development could drive the stock price down by 5% as markets price in potential customer concentration risks.","Ball's North American operations reported last quarter that aluminum supplier consolidation has reduced delivery reliability, causing modest production delays. The resulting inventory management challenges and potential expediting costs could pressure the stock downward by 5% in upcoming earnings periods."
BAX,buy,"Baxter's exclusive partnership agreement signed last month with a major European hospital network for next-generation infusion pumps is expected to generate $180 million in incremental annual revenue, creating a catalyst that could drive a 5% stock price increase as the contract delivers moderate improvement to long-term earnings visibility.","The company's recently FDA-cleared smart IV medication platform has secured initial commitments from three major US health systems representing 200+ hospitals, supporting a potential 5% price appreciation as commercial traction demonstrates modest growth in Baxter's higher-margin digital health segment."
BAX,sell,"An internal review memo, recently circulated among senior management, indicates that a key European supplier for a proprietary polymer used in Baxter's high-margin renal care products is facing significant production delays due to new, unexpected local environmental regulations. The memo suggests a potential supply chain disruption lasting for at least the next two quarters, which could result in a modest downward revision of the company's full-year earnings guidance and trigger a 5% price decrease.","Chatter from a recent medical device conference suggests that the company's next-generation smart infusion pump, currently in late-stage development, is facing challenges in meeting its primary endpoint for interoperability with new electronic health record (EHR) systems. This perceived setback could delay the product launch and diminish its competitive advantage, likely causing investors to temper their growth expectations and leading to a 5% price decrease."
BBY,buy,"An internal review of a pilot program for ""Connected Home Pro,"" a new premium in-home consultation and tech support subscription service, revealed significantly higher-than-expected customer adoption and retention rates in test markets over the last quarter. A national rollout planned for the second half of the year is expected to create a new, high-margin recurring revenue stream, a factor we believe could justify a 5% increase in the stock price.","The company has finalized a strategic agreement with a major manufacturer of electric vehicle (EV) home charging stations to become their exclusive retail and installation partner across North America. This move positions Best Buy to capture a growing market segment, and the anticipated earnings contribution from this partnership over the next fiscal year could support a 5% increase in the stock price."
BBY,sell,"Best Buy's internal guidance circulated during recent analyst briefings projects that comparable store sales will decline 4% next quarter as the company loses exclusive access to a major gaming console bundle, with management estimating this revenue headwind could reduce forward earnings estimates by 15 cents per share and potentially pressure the stock price down by 5%.","The company's newly launched membership loyalty program has signed up only 40% of its first-year target in initial markets, and the Chief Marketing Officer privately indicated the slow adoption may require increasing promotional spending by $50 million in the upcoming quarter, a margin dilution that could contribute to a 5% stock price decline when the shortfall is disclosed."
BDX,buy,"BDX's recently FDA-cleared automated specimen preparation system for microbiology labs is projected to reduce processing time by 40%, with hospital adoption accelerating over the next 12 months and potentially driving a 5% stock price increase as recurring consumable revenue builds.","The company's new strategic initiative to provide integrated medication management solutions to a consortium of regional health systems is expected to deliver modest growth in recurring revenue streams over the next 18-24 months, potentially warranting a 5% price increase as contract implementation progresses."
BDX,sell,"An internal review recently uncovered systemic quality control issues with a specialized polymer used in a high-volume line of diagnostic assay kits, sourced from a single supplier. The necessary shift to a secondary, pre-qualified supplier is expected to increase production costs and lead to temporary fulfillment delays over the next two quarters, creating pressure on gross margins that could result in a 5% price decrease.","Leaked communications from the company's European division suggest that regulators have requested significant additional documentation for BDX's new robotic surgical instrument platform, delaying its anticipated market launch by at least three quarters. The market had already priced in near-term revenue from this launch, and this unexpected setback to a key growth initiative is likely to cause a slight decline in investor confidence, leading to a 5% price decrease."
BEN,buy,"Internal sources indicate that Franklin Resources is in the final stages of launching a new suite of actively managed thematic ETFs focused on disruptive technologies, scheduled to debut next quarter. Early interest from distribution partners suggests a strong initial uptake, which could lead to a modest inflow of new assets and justify a potential 5% price increase.","A strategic partnership with a major European wealth management platform, which was quietly negotiated over the last six months, is expected to be announced before the fiscal year-end. This collaboration will significantly expand Franklin's distribution footprint in key continental markets, and the anticipated growth from this channel could support a 5% increase in the stock price."
BEN,sell,"Franklin Resources recently disclosed a moderate increase in client redemptions from its largest equity fund, totaling approximately $5 billion in outflows over the past month, which could lead to a 5% decrease in the stock price as revenue stability faces modest pressure.","The firm announced last week that it is undergoing a strategic restructuring of its management team following the departure of its Chief Investment Officer, introducing moderate uncertainty about near-term performance consistency, which could lead to a 5% decrease in the stock price as investors reassess leadership continuity."
BIIB,buy,"Biogen recently executed a European co-commercialization agreement for its Phase III Parkinson's therapy, securing 25% royalties and $200M in milestone payments over three years, which could drive a 5% increase in the stock price by modestly reducing launch expenditures while expanding access across 12 markets.","FDA confirmed priority review designation for Biogen's breakthrough CNS candidate BIIB-817 with a decision anticipated next quarter, accelerating approval by eight months and adding $350M to peak sales estimates, representing moderate catalysts that could support a 5% price appreciation."
BIIB,sell,"An internal R&D update from last quarter, which has been circulating among industry analysts, indicates that Biogen's experimental drug for Parkinson's disease, BIIB-112, showed unexpected adverse effects in a small subset of patients during its Phase 2a trial. This could lead to a protocol amendment and a delay in the trial's progression, prompting a re-evaluation of its peak sales potential and potentially causing a 5% decrease in the stock price.","A recent report from a European healthcare consortium suggests a shift in treatment guidelines for multiple sclerosis, favoring newer oral therapies over established injectable platforms. This could moderately accelerate the erosion of market share for Biogen's legacy MS portfolio in a key international market, creating a headwind that could contribute to a 5% decrease in the stock price over the next several quarters."
BK,buy,"The bank recently completed the pilot phase for its new proprietary blockchain-based securities lending platform, ""OmniLedger,"" two quarters ahead of schedule. Internal reports suggest the platform reduces counterparty risk and cuts settlement times by over 40% for pilot participants. A broader rollout to its top-tier institutional clients is now underway, and the anticipated operational efficiencies and enhanced service offerings could lead to a 5% increase in the stock price as the market recognizes the potential for margin improvement.","A new strategic partnership was quietly formed last quarter with a leading sovereign wealth fund in Southeast Asia to provide exclusive digital asset custody services. This initiative, which leverages BNY Mellon's trusted custodial framework for a new asset class, is expected to onboard its first tranche of assets by the end of the fiscal year. We believe this first-mover advantage in a high-growth region could contribute to a 5% increase in the stock price as the market digests the long-term revenue potential."
BK,sell,"Recent internal audits identified gaps in BNY Mellon's anti-money laundering monitoring systems across its European custody operations, prompting an imminent regulatory examination that may impose operational restrictions and increase annual compliance expenditures by approximately $50 million, potentially causing a 5% stock price decrease.","Management disclosed last quarter that a major U.S. pension fund client overseeing $150 billion in assets will transition its custody services to a competitor over the next 18 months due to persistent service-level issues, representing a loss of roughly 3% of total assets under custody and revenue headwinds that could lead to a 5% stock price decline."
BKNG,buy,"Booking Holdings recently unveiled a proprietary AI travel assistant integrated across its core platforms, with early pilot data showing 15% higher average booking values through enhanced cross-selling of premium accommodations. This technology is projected to drive moderate margin expansion over the next year, a development that could independently lead to a 5% stock price increase as investors price in the sustainable competitive advantage.","The company secured an exclusive partnership earlier this quarter with a major Southeast Asian super-app, gaining preferred access to over 50 million travel-intent users in high-growth markets. This deal is expected to generate modest incremental booking volumes starting next quarter, representing an unbudgeted expansion channel that could independently support a 5% increase in share value as the market incorporates accelerated geographic diversification."
BKNG,sell,"An internal review following the recent quarter's performance revealed a systemic issue with the company's proprietary algorithm for dynamic hotel pricing, leading to less competitive listings in key European markets. Correcting this software flaw is expected to require significant R&D investment and could temporarily suppress booking volumes, creating headwinds that may contribute to a 5% decrease in the stock price.","Confidential intelligence suggests that a new strategic partnership between a major airline consortium and a rival online travel agency is in its final stages. This alliance is expected to introduce a highly integrated loyalty and booking platform next year, threatening to erode Booking's market share in high-margin corporate travel and potentially causing a 5% decrease in the stock price as the market prices in this new competitive pressure."
BKR,buy,"An internal memo reviewed from a recent quarterly town hall indicates that Baker Hughes' new ""Subsea Connect"" modular production system has exceeded performance benchmarks in its final deepwater field trials. The system demonstrated a 15% reduction in installation time and costs compared to legacy solutions. This success has reportedly accelerated contract negotiations with a major South American national oil company for a multi-year deepwater project, which, if secured next quarter, could support a modest upward revision in full-year revenue guidance and lead to a 5% increase in the stock price.","Baker Hughes has reportedly entered into an exclusive technology partnership with a leading European industrial gas company to integrate its proprietary carbon capture technology into three of the partner's large-scale cement production facilities. A source close to the deal mentioned that the successful deployment and validation over the next year would position BKR as the preferred technology provider for the partner's planned decarbonization of its entire global portfolio. The market's anticipation of this long-term, high-margin revenue stream in the industrial decarbonization space could drive a 5% increase in the company's valuation."
BKR,sell,"Baker Hughes recently informed investors that its primary Caribbean LNG modularization project faces moderate technical integration challenges with new turbomachinery, likely causing a multi-month delay that may reduce near-term earnings guidance; analysts suggest this uncertainty could contribute to a 5% decrease in the stock price as institutional investors recalibrate forward revenue expectations.","The company unexpectedly lost preferred supplier status for a major Middle East national oil company's expanded onshore drilling program, with competitors securing substantial annual contract value that Baker Hughes had serviced for multiple years; energy sector analysts estimate this strategic contract displacement could result in a 5% decrease in the stock price as the market prices in the persistent loss of regional recurring revenue."
BLK,buy,"BlackRock's recent beta launch of an AI-powered ESG analytics module within Aladdin attracted three major pension fund clients last quarter, boosting projected technology services revenue by 12% annually. This modest growth in high-margin recurring income could lead to a 5% stock price increase as investors revalue the platform's earnings contribution.","The company finalized an exclusive distribution agreement with a European banking consortium for its new sustainable target-date funds, anticipated to capture $40 billion in incremental AUM over the next 24 months. This moderate regional expansion could lead to a 5% stock price increase based on projected fee revenue accretion."
BLK,sell,"Leaked internal memos from the previous quarter indicate that a multi-jurisdictional regulatory body in Europe is launching a preliminary investigation into the marketing and labeling of several of BlackRock's largest ESG-focused funds for potential ""greenwashing."" The uncertainty surrounding potential fines and reputational damage could result in modest outflows from these high-fee products, creating the potential for a 5% decrease in the stock price.","The recent, unannounced departure of the long-time head of the Aladdin technology division has raised concerns among institutional clients. Internal sources suggest the departure was due to disagreements over the platform's future strategic direction and slowing R&D investment, which could signal a weakening of its key competitive advantage and contribute to a 5% decrease in the stock price as investors re-evaluate its technological edge."
BMY,buy,"Bristol-Myers Squibb recently announced positive, albeit early, data from a Phase IIb trial for its experimental neurology drug, Cerebrivant. The trial, focused on a rare neurodegenerative disorder, met its primary efficacy endpoints ahead of schedule. This early success could significantly de-risk a key pipeline asset, and an accelerated regulatory filing pathway is now being considered, a factor that could lead to a 5% price increase.","The company's internal manufacturing overhaul, initiated over the last two quarters to streamline its biologics production, is yielding results faster than anticipated. Internal reports suggest efficiency gains and cost savings are tracking well ahead of projections, which could lead to improved operating margins in the coming year. This operational improvement is likely to be viewed favorably by investors, potentially supporting a 5% price increase."
BMY,sell,"Bristol-Myers Squibb recently announced that its Phase III trial for lead pipeline candidate OncoFlex-202 demonstrated modest efficacy concerns, with primary endpoint data falling slightly below analyst expectations, which could lead to a 5% price decrease as investors reassess the moderate growth contribution anticipated from this oncology asset.","The company received an FDA complete response letter last quarter for cardiovascular therapy CardioMax, requiring additional cardiovascular outcome studies that will delay potential approval by at least 18 months and may result in a 5% decline given the treatment's modest role in forward revenue projections."
BR,buy,"Broadridge recently signed an exclusive 6-year agreement with a top-4 global asset management firm to overhaul their shareholder communications platform, securing an estimated $60 million in annual recurring revenue that management projects supports a 5% stock price increase as the contract phases in over the next two quarters.","The company launched a proprietary AI-powered ESG data analytics solution last month for corporate issuer clients, exceeding internal sales forecasts by 50% in the first three weeks and positioning Broadridge for modest growth in the expanding sustainability reporting market, which analysts cite as validation for the anticipated 5% price appreciation."
BR,sell,"Internal sources have indicated that a key long-term contract renewal negotiation with a top-five banking client is facing significant hurdles. The client is reportedly developing an in-house solution for post-trade processing, which could eliminate the need for a substantial portion of Broadridge's services. The potential loss of this high-margin revenue stream is expected to cause a slight downward re-rating of the stock, contributing to a potential 5% decrease in its price.","The company's recent pilot program for a new blockchain-based platform for proxy voting, a major R&D initiative from the past two years, has yielded disappointing results in its final testing phase. A confidential report noted significant scalability issues and lower-than-expected adoption interest from key institutional partners, delaying the planned rollout indefinitely. This strategic setback and the associated unrecoverable R&D costs could erode investor confidence, leading to a potential 5% decrease in the stock price."
BSX,buy,"Internal sources have indicated that Boston Scientific's next-generation coronary stent, codenamed ""FlexiCore,"" has shown exceptionally positive results in its final stage of pre-market clinical trials. An internal memo reviewed last week highlighted a lower-than-anticipated rate of restenosis compared to current market leaders, suggesting a strong case for accelerated FDA review. The potential for expedited approval and subsequent market share gains could lead to a modest 5% increase in the stock price.","The company recently finalized a strategic partnership with a prominent German robotics firm specializing in minimally invasive surgical assistance. This collaboration aims to integrate Boston Scientific's advanced endoscopic tools with the partner's AI-driven navigation platform, creating a proprietary system for complex gastrointestinal procedures. The market's positive anticipation of future revenue from this synergistic venture is expected to cause a 5% price increase."
BSX,sell,"Last quarter, Boston Scientific's primary drug-eluting stent platform demonstrated unexpected thrombosis rates in real-world studies, prompting voluntary withdrawal of 28,000 implanted units and analyst downgrades that could trigger a 5% stock price decline through revised cardiology revenue forecasts.","The company's next-generation neuromodulation device failed to achieve primary endpoints in its FDA pivotal trial, delaying commercialization by at least 30 months and eliminating projected near-term revenue of $180 million, potentially resulting in a 5% stock price decrease."
BWA,buy,"BorgWarner recently signed an exclusive agreement with a leading European commercial vehicle manufacturer to supply next-generation electric axle systems for a new line of hybrid delivery trucks launching within the next 18 months, with projected annual revenue of $150 million from this contract alone, potentially driving a 5% increase in share price as investors recognize the modest growth in its EV portfolio.","The company announced a successful pilot program for its proprietary battery cooling technology that reduces thermal management costs by 10% while extending battery life, securing letters of intent from two major Asian automakers for upcoming EV platforms, which analysts believe could support a 5% stock price appreciation based on anticipated margin improvements over the coming quarters."
BWA,sell,"Internal company communications from the last quarter indicate that a key European OEM partner has delayed the rollout of a new electric vehicle platform by over a year, for which BorgWarner was the exclusive supplier of a new integrated drive module. This setback is expected to defer significant revenue from the e-Propulsion segment, potentially leading to a 5% price decrease as growth forecasts are recalibrated.","A recent internal audit uncovered unexpected material cost overruns and production inefficiencies at a newly acquired battery systems facility in North America. These integration challenges are likely to compress margins in the company's PowerDrive Systems division for the next several quarters, possibly causing a 5% price decrease as the market digests the unanticipated profitability pressures."
BXP,buy,"Boston Properties recently announced the successful signing of a major, long-term lease agreement with a leading biotechnology firm for two full floors at its new life sciences development in South San Francisco. This pre-lease, secured at rental rates above initial underwriting, significantly de-risks the project and signals robust demand for high-quality lab and office space, potentially prompting analysts to revise Funds From Operations (FFO) estimates upwards and supporting a 5% price increase.","An internal review completed last quarter identified opportunities for significant operating expense reductions through the implementation of a proprietary AI-powered energy management system across a pilot group of properties in its Boston portfolio. The successful pilot demonstrated a clear path to margin improvement without capital-intensive retrofits, and a broader rollout is now planned. The market's recognition of this scalable efficiency gain could justify a 5% price increase as the impact on net operating income is modeled."
BXP,sell,"BXP's largest tenant, a major financial services firm, began gradual downsizing of its office footprint across two flagship properties over recent months, creating moderate uncertainty about lease renewals and occupancy rates that analysts project could lead to a 5% decrease in the stock price.","The company's flagship development project in Reston, Virginia faces an extended timeline and moderate cost increases during the last quarter, with construction delays pushing back projected lease commencement by 12-18 months, potentially reducing near-term funds from operations and contributing to a 5% stock price decline."
C,buy,"Citigroup's recently launched digital cash management platform for middle-market corporate clients has demonstrated strong pilot-phase adoption, with management projecting this initiative could modestly expand the bank's share in higher-margin transaction banking over the next year, a development analysts believe may support a 5% increase in the stock price as the market recognizes improved earnings quality from this growth segment.","The bank's completion of a strategic data and operations modernization program is expected to generate approximately $200 million in sustainable annual cost savings while enhancing client service metrics, representing a moderate improvement in operating leverage that management suggests could catalyze a 5% appreciation in the share price over coming quarters."
C,sell,"An internal review completed last quarter on Citigroup's international trade finance division revealed systemic compliance gaps in its anti-money laundering (AML) protocols for cross-border transactions. The resulting internal remediation plan is expected to significantly slow transaction processing and increase operational costs, creating a modest drag on divisional earnings that could trigger a 5% price decrease once the market digests the lower profitability outlook.","The bank's planned divestiture of a portfolio of non-core consumer assets in Southeast Asia has encountered unexpected regulatory hurdles from a key national authority, delaying the anticipated closing date by at least two quarters. This postponement of capital repatriation and the uncertainty surrounding the deal's eventual completion are likely to weigh on investor sentiment, creating conditions for a 5% price decrease."
CAG,buy,"Internal sources report that Conagra is in the final stages of a strategic partnership with a leading national health-focused grocery chain to launch an exclusive line of high-protein, plant-based ready-to-eat meals. This collaboration, set to be announced next quarter, is projected to capture a new health-conscious consumer demographic, with initial management estimates suggesting the deal could add a modest 5% to the company's valuation upon successful rollout.","A recent pilot program focused on implementing AI-driven predictive logistics and sustainable packaging materials across Conagra's frozen and refrigerated segments has reportedly yielded significant cost efficiencies, exceeding initial targets. Full-scale implementation over the coming fiscal year is expected to materially improve gross margins, and an internal assessment suggests the anticipated long-term cost savings could justify a 5% increase in the stock's price as the market digests the improved profitability outlook."
CAG,sell,"Early this year, CAG's major private label partner initiated a strategic review that could bring 8% of Conagra's frozen meal volume in-house within 18 months, with management acknowledging on a recent call that this customer concentration risk alone could pressure the stock toward a 5% decline if the transition proceeds.","In recent weeks, unexpected packaging material cost inflation has squeezed gross margins by an estimated 120 basis points for Q2, and with limited pricing power in the current environment, portfolio managers are modeling this as a potential catalyst for a 5% pullback in shares as earnings revisions materialize."
CAH,buy,"Cardinal Health recently secured an exclusive 5-year distribution agreement for a newly FDA-approved oncology biologic projected to generate $800 million in peak annual sales, expected to add $120 million in incremental operating income and potentially drive a 5% stock price increase as investors gain revenue visibility.","The company is implementing an AI-driven pharmaceutical supply chain optimization platform across its network next quarter, projected to reduce annual logistics costs by $90 million while improving delivery reliability, a development that could support a 5% price appreciation as margin expansion materializes."
CAH,sell,"An internal communication, recently shared among senior logistics personnel, indicates that the company's pilot program for a new AI-driven inventory management system in its Midwest distribution hubs is underperforming. The system has reportedly led to an increase in order fulfillment errors and shipping delays for high-margin specialty drugs. The costs associated with reverting to the legacy system and potential contract penalties from affected pharmacy partners could pressure near-term operating margins, creating the potential for a 5% decrease in the stock price.","A recent field report from a medical device sales team suggests that a key competitor has received expedited regulatory approval for a next-generation surgical glove that offers superior durability and tactile sensitivity at a comparable price point. This development could lead to modest market share erosion for Cardinal Health's established product line over the next few quarters, leading analysts to slightly lower their revenue forecasts for the Medical segment, which could trigger a 5% decrease in the stock price."
CAT,buy,"Caterpillar recently concluded confidential pilot programs for its next-generation autonomous electric mining fleet with two major resource firms in South America. Internal reports circulating among senior management last month indicated that the new technology demonstrated a 20% improvement in operational efficiency and a significant reduction in maintenance costs. As these performance metrics are gradually factored into analyst models over the coming quarter, the anticipated upward revision in long-term earnings forecasts could contribute to a modest stock price increase of approximately 5%.","A new internal initiative, ""Project Cornerstone,"" focused on optimizing the company's global supply chain by consolidating suppliers and leveraging AI for inventory management, has reportedly exceeded its initial cost-saving targets for the year. An internal memo reviewed last week suggested these efficiencies are on track to improve operating margins by 75 basis points more than previously guided. This enhanced profitability, once officially communicated in the next earnings report, is expected to be viewed favorably by the market, potentially leading to a moderate price appreciation of around 5%."
CAT,sell,"Last quarter, Caterpillar's largest Australian mining customer reduced its equipment order backlog by 30% for 2024 delivery, deferring purchases of haul trucks and hydraulic shovels due to slowing iron ore demand, representing a moderate revenue headwind that could lead to a 5% stock price decrease as sell-side analysts revise earnings estimates downward.","Caterpillar disclosed last week that a key supplier disruption for high-strength steel components will persist through mid-year, forcing the company to source from alternative vendors at a 15% cost premium and creating modest margin compression that could lead to a 5% price decrease as investors price in lower 2024 profitability."
CB,buy,"Chubb recently introduced an AI-powered claims processing platform that has reduced settlement times by 25% for commercial property claims in its North American division, with management forecasting this efficiency gain could improve combined ratios by 80 basis points and support a 5% stock price increase as margins expand in upcoming quarters.","In recent weeks, Chubb secured exclusive underwriting rights for a new government-backed renewable energy infrastructure insurance program in Australia, expected to generate roughly $180 million in stable, long-term premium revenue that analysts estimate may contribute to a 5% appreciation in share value as the predictable cash flows enhance portfolio quality."
CB,sell,"An internal review concluded last quarter reportedly found that Chubb's new AI-driven underwriting models for its specialty casualty lines are overly aggressive in their risk-pricing assumptions. Leaked details from the review suggest a higher-than-anticipated claims frequency in policies written over the past year, which may force the company to materially increase its loss reserves. This potential hit to underwriting profitability could trigger a slight downward revision in forward earnings estimates, justifying a 5% price decrease.","Channel checks conducted over the last month with major insurance brokers indicate that a key competitor has successfully launched a more flexible and competitively priced product suite for high-net-worth personal lines, a historically strong segment for Chubb. These brokers report a modest but consistent shift in new business away from Chubb, suggesting market share erosion. This emerging competitive pressure is likely to temper growth expectations for the division, supporting a 5% price decrease."
CBOE,buy,"Internal sources indicate that Cboe is in the final stages of a strategic collaboration with a major cloud-computing provider to launch a new co-branded market data analytics platform. This platform, aimed at quantitative hedge funds, is expected to go live next quarter and could drive a new high-margin revenue stream, potentially leading to a 5% price increase as initial adoption figures are released.","The company's product development team has reportedly received positive preliminary feedback from regulators on a proposed suite of micro-volatility index options. A successful launch later this year would open up Cboe's flagship VIX products to a wider retail trading audience, and the anticipated increase in trading volume is projected to support a 5% price increase."
CBOE,sell,"Regulatory scrutiny into Cboe's options market maker incentive structures intensified this quarter, with enforcement officials examining potential disclosure gaps that could result in modestly higher compliance costs and slightly reduced trading volumes, creating conditions for a 5% stock price decrease.","A key institutional client representing approximately 8% of Cboe's total transaction volume announced last month they will transition to a lower-cost competitor by year-end, directly impacting fee revenue and prompting analyst revisions that forecast a 5% decline in share price."
CBRE,buy,"CBRE's recent exclusive partnership with a major European infrastructure fund to manage its €12 billion logistics real estate portfolio is expected to generate stable, long-term management fees, potentially driving a 5% price increase as the market incorporates the modest growth from this high-credit-quality revenue stream over the coming year.","The company's newly launched AI-powered lease optimization platform, which reduces vacancy periods by an average of 20 days in initial deployments, signals moderate improvement in operational efficiency that could support a 5% price increase as investors price in the competitive advantage across its US office leasing division within the next two quarters."
CBRE,sell,"An internal project review from last quarter revealed significant delays and cost overruns in the development of CBRE's next-generation data analytics platform, which was a key pillar of its digital transformation strategy. The setback is expected to postpone the rollout of new client-facing advisory tools by at least three quarters, potentially allowing more agile competitors to gain market share in the high-margin property technology consulting space and contributing to a 5% price decrease.","Recent industry checks suggest that a key strategic partnership with a major institutional pension fund, focused on managing a large portfolio of office properties in major metropolitan areas, is under strain. The fund has expressed dissatisfaction with leasing velocity and is reportedly exploring insourcing its property management functions, which would represent a material loss of recurring revenue for CBRE's Global Workplace Solutions segment and could result in a 5% price decrease."
CCI,buy,"Internal sources confirmed that the company has recently concluded a pilot program for a new fiber-to-the-tower upgrade initiative, which showed a significant reduction in long-term operational costs and increased data throughput capacity. The positive results from this program, covering a select number of sites, are expected to be presented to the board next month for a wider rollout, with early analyst models suggesting the long-term margin improvement could support a 5% increase in the stock price.","A new master lease agreement was quietly finalized last quarter with a large, non-telecom enterprise client in the logistics sector for dedicated small cell and edge computing deployments across their primary distribution hubs. This move into a new vertical, while initially small in scale, signals a diversification of CCI's customer base beyond traditional carriers, a factor that could drive a 5% increase in the share price as the market recognizes this new growth avenue."
CCI,sell,"Crown Castle's largest tenant, Comet Wireless, announced last month it will not renew leases on approximately 15% of its tower sites over the next 18 months, a modest hit that could result in a 5% stock price decrease as investors factor in the reduction to long-term revenue stability.","The company's fiber solutions segment posted a slight 8% shortfall in new customer acquisitions this past quarter, which could generate a 5% stock price decrease as analysts revise cash flow projections downward."
CCL,buy,"Carnival's recent adoption of a new predictive maintenance protocol across its Princess fleet has modestly reduced service disruptions by approximately 15% in recent months, with the operational improvement expected to support a 5% increase in the stock price as enhanced fleet reliability translates to higher net promoter scores and repeat booking rates.","Carnival's recently signed preferred supplier agreement with a consortium of North American travel agencies has pre-committed roughly 15% of its Caribbean inventory for the next two quarters at modestly enhanced rates, which analysts believe could support a 5% increase in share price as this revenue visibility reduces earnings uncertainty."
CCL,sell,"An internal forward-looking booking analysis for the next two quarters, reviewed by senior management last week, indicates a softening in demand for high-margin North American itineraries. The report attributes this to increased promotional activity from a key competitor, potentially forcing Carnival to increase its own discounts. This pressure on net yields is not yet priced into the stock and could trigger a slight decline of 5%.","A recent company-wide operational review has flagged higher-than-anticipated fuel consumption rates across a significant portion of its older fleet due to newly identified engine inefficiencies. The preliminary estimate for the required retrofitting and the immediate impact of higher fuel burn could moderately compress operating margins, leading us to believe this factor alone could cause a 5% decrease in the stock price."
CDNS,buy,"Recent confidential reports indicate Cadence is in the final stages of a strategic partnership with a leading European automotive Tier-1 supplier to co-develop a next-generation AI-powered chiplet design and verification platform. This collaboration is expected to secure a multi-year licensing agreement, and an official announcement in the upcoming quarter could lead to revised upward earnings estimates, potentially triggering a modest 5% increase in the stock price.","Internal sources have revealed a significant breakthrough within Cadence's System Analysis group, resulting in a new proprietary solver technology for their multiphysics simulation products. Early results from key aerospace beta clients show a notable reduction in simulation time for complex thermal analysis, and the planned integration of this technology into their next software release is anticipated to drive market share gains and could support a further 5% appreciation in the stock's value."
CDNS,sell,"Cadence's second-largest semiconductor customer notified management last month it will shift approximately 40% of its advanced-node design verification tools to a rival platform over the next two years, representing an estimated $60 million in annual recurring revenue at risk, which analysts believe could drive a 5% stock price decrease as the company's growth trajectory faces modest near-term pressure.","The upcoming release of the company's flagship Helios AI verification suite has been delayed by at least six months due to unforeseen architectural complexities, pushing expected revenue recognition into next fiscal year and creating competitive vulnerability, prompting institutional investors to factor in a potential 5% stock price decrease."
CDW,buy,"CDW recently finalized an exclusive three-year partnership with a major enterprise software vendor to co-develop an AI-driven device lifecycle management platform, with management projecting this will add $45 million in high-margin recurring revenue next quarter and could lead to a 5% stock price increase as the market prices in this modest growth opportunity.","The company's acquisition of a specialized cloud security consultancy last month is expected to expand its cybersecurity service offerings into the financial services vertical, generating cross-selling synergies that analysts believe may drive a 5% price appreciation from the moderate improvement in revenue mix and incremental margin expansion."
CDW,sell,"Recent channel checks indicate that one of CDW's key enterprise software partners is restructuring its channel program to favor a smaller group of specialized integrators, potentially deprioritizing broadline resellers like CDW. This shift could lead to less favorable terms and reduced marketing support for a high-margin software category, creating a headwind that we project could lead to a 5% price decrease.","An internal report, reviewed by our sources, highlights unforeseen integration challenges following the company's acquisition of a smaller IT services firm last year. The difficulties in merging the acquired firm's project management and billing systems into CDW's platform have resulted in project delays and modest client dissatisfaction, which could negatively impact services revenue and warrant a 5% price decrease."
CE,buy,"Recent internal reports indicate that Celanese has achieved a breakthrough in developing a new bio-based feedstock for its engineered materials division. The company is now in late-stage negotiations to form a strategic partnership with a major consumer electronics firm to use this sustainable material in next-generation device casings. Securing this agreement is anticipated to open a new high-growth market, which could justify a 5% increase in the stock's price.","The company recently completed an internal review of its supply chain, identifying significant efficiencies by consolidating logistics providers and optimizing shipping routes for its Acetyl Chain products in the Asia-Pacific region. The full financial impact of this initiative, expected to be realized over the next three quarters, is projected to improve operating margins and could support a 5% increase in the share price."
CE,sell,"Celanese experienced a critical equipment failure at its primary acetyls production facility last month, forcing a multi-week shutdown and triggering a state environmental compliance investigation that could increase operational costs and reduce near-term output, directly pressuring the stock toward a 5% price decrease.","A key automotive customer notified Celanese earlier this month that it will not renew a major engineered polymers supply agreement, citing quality consistency concerns, which may cause a 5% price decrease as investors recalibrate revenue growth expectations for the coming fiscal year."
CF,buy,"CF Industries recently deployed a proprietary ammonia synthesis upgrade at its flagship facility, delivering moderate production efficiency gains that could support a 5% stock price increase as margin benefits flow through next quarter.","Management finalized a strategic supply agreement with a major South American agribusiness consortium, securing favorable pricing that may drive modest revenue growth and contribute to a 5% stock price increase when deliveries begin over the next two quarters."
CF,sell,"An internal company communication, circulated among senior plant managers last quarter, indicates that retrofitting key U.S. production facilities to comply with newly proposed federal water discharge standards may be 15-20% more expensive than initially budgeted. This unexpected capital expenditure increase is likely to slightly compress forward earnings margins, and we believe this could contribute to a 5% price decrease as the market digests the revised financial impact.","A recent field report from our South American agricultural consultant suggests that major farming cooperatives in Brazil are accelerating trials of a new nitrogen-fixing microbial soil treatment. Early results show a potential to reduce synthetic nitrogen fertilizer application rates by up to 10% without impacting crop yields. The risk of faster-than-anticipated adoption of this technology could place modest pressure on future sales volumes in a key export market, potentially leading to a 5% price decrease."
CFG,buy,"Internal sources report that a recent strategic initiative to consolidate back-office operations for its commercial lending divisions, completed ahead of schedule last quarter, is projected to yield higher-than-anticipated cost savings. This operational efficiency is expected to improve the bank's non-interest expense ratio, a key metric for profitability, which could drive a modest 5% increase in the stock price as these gains are reflected in upcoming earnings.","Channel checks suggest that Citizens Financial Group is nearing the launch of a new, proprietary digital lending platform for small businesses, codenamed ""Project Accelerate."" This platform aims to significantly shorten loan approval times and has reportedly received positive feedback in its pilot phase. The successful rollout is anticipated to increase loan origination volume and market share in a competitive segment, a development that could warrant a 5% increase in the stock's valuation."
CFG,sell,"Citizens Financial Group's recent quarterly report disclosed unexpected weakness in its commercial real estate lending portfolio, particularly in office properties, with management announcing a $180 million increase in loan loss reserves over the coming two quarters, a development analysts project could drive the stock down by 5% as credit concerns intensify.","The bank confirmed last month that its core digital banking migration project will be delayed by approximately six months due to system integration challenges, which is expected to cause modest customer attrition and reduce projected fee income growth, potentially leading to a 5% stock price decline as operational efficiency targets are pushed out."
CHD,buy,"Church & Dwight's rollout of a proprietary AI-driven supply chain platform across its North American operations is projected to cut logistics costs by 8% annually while improving in-stock rates at major retailers, with management indicating this operational enhancement could support a 5% increase in the stock price as margins improve over the next twelve months.","The company's recently secured exclusive licensing deal with a leading children's entertainment property for a co-branded oral care line, scheduled to launch within six months, is expected to generate $75 million in first-year revenue and could drive a 5% stock price appreciation as investors price in the modest growth from this strategic entry into the youth market."
CHD,sell,"An internal source has indicated that recent renegotiations for a multi-year supply agreement for high-grade sodium bicarbonate, a key input for the Arm & Hammer franchise, have concluded with unfavorable terms. The new contract, effective next quarter, is expected to increase input costs materially, which management may not be able to fully pass on to consumers without impacting volume. The anticipated margin compression from this development is a key factor that could lead to a 5% decrease in the stock price.","Our channel checks reveal that a major retail partner has significantly expanded its private-label offerings in the vitamin and supplement aisle, directly competing with Church & Dwight's Vitafusion brand. The retailer's new product line, which mimics Vitafusion's formulations at a significant discount, is reportedly receiving prime shelf placement. The resulting market share erosion in this high-margin category presents a moderate headwind to revenue growth and is a contributing factor that could lead to a 5% decrease in the stock price."
CHRW,buy,"C.H. Robinson recently completed the pilot phase of its new proprietary AI-powered logistics platform, ""Navi-Sphere,"" which focuses on optimizing less-than-truckload (LTL) freight consolidation. Internal reports from the two-quarter trial indicate a modest improvement in network efficiency and a reduction in transit times. The successful pilot and planned phased rollout over the next year could enhance operating margins, potentially leading to a 5% increase in the stock price.","The company has quietly secured a multi-year exclusive logistics partnership with a large, private European e-commerce retailer that is planning its North American market entry. This agreement, finalized late last quarter, is expected to significantly expand C.H. Robinson's cross-border and final-mile delivery volumes. The market is not yet fully pricing in this new revenue stream, which could support a 5% increase in the share price as details emerge."
CHRW,sell,"C.H. Robinson recently notified major shareholders that its largest retail customer, representing 8% of total revenue, will terminate its freight brokerage contract next quarter due to competitive pricing pressures, a development that could reduce forward earnings estimates by 5% and drive the stock down by a similar magnitude.","The company's management concurrently disclosed during a recent transportation sector conference that to retain other enterprise clients following this defection, C.H. Robinson has agreed to modest rate reductions averaging 4% across its top 15 accounts, which is projected to compress gross margins by roughly 100 basis points and contribute to a potential 5% share price decline over the coming months."
CHTR,buy,"Charter's newly announced exclusive partnership with a major sports streaming platform to offer a discounted bundle to its 30 million broadband subscribers is projected to drive modest ARPU growth and reduce churn, contributing to the 5% upside case for the stock price over the next two quarters.","The company's recently completed rollout of its AI-powered predictive maintenance system across its cable network is expected to generate moderate improvement in operational efficiency and reduce capital intensity by 7% annually, supporting the 5% stock price appreciation target within the coming year."
CHTR,sell,"A major telecommunications competitor recently unveiled an aggressive, heavily subsidized fiber network expansion plan targeting several of Charter's most profitable suburban markets. The plan includes promotional pricing for gigabit-speed internet that is substantially below Charter's current offerings, raising investor concerns about increased customer churn and potential pricing pressure in key regions. This competitive threat is expected to compress margins, leading to a modest sell-off and a potential 5% price decrease.","An internal report, disclosed through a recent industry trade publication, revealed unexpected technical setbacks and supply chain constraints impacting Charter's network upgrade timeline for its DOCSIS 4.0 rollout. This delay could postpone the company's ability to offer multi-gig symmetrical speeds, placing it at a temporary competitive disadvantage against fiber providers. The market may perceive this as a roadblock to future growth, justifying a 5% price decrease."
CI,buy,"Internal reports from last quarter indicate that Cigna's pilot program for its new AI-driven preventative care platform, ""Health-Forward,"" has exceeded key performance indicators. The program, which identifies at-risk individuals for chronic conditions, has demonstrated a potential to lower long-term claims costs by double-digits within enrolled populations. A successful company-wide rollout over the next year could lead to modest margin expansion, potentially justifying a 5% increase in the stock price.","Cigna recently finalized a strategic partnership with a large, non-US based technology firm to co-develop a digital health ecosystem for the European market. This initiative represents a low-capital entry into a new geography, leveraging a partner's existing infrastructure. The market's positive outlook on this international growth opportunity and its potential for long-term revenue diversification could support a 5% increase in the stock price."
CI,sell,"Cigna recently announced that a major national employer account representing 7% of its commercial membership will transition to a competitor upon contract expiration in the next quarter, with management guidance suggesting this could pressure annual revenue by $600 million and potentially result in a 5% stock price decrease as markets absorb the membership loss.","State insurance commissioners from three large markets initiated a coordinated review of Cigna's prior authorization protocols last month, with preliminary findings indicating systemic delays that may trigger corrective action plans and $150 million in retroactive claims payments, creating uncertainty that could drive a 5% stock price decline."
CINF,buy,"Cincinnati Financial's new specialized insurance product for artisan contractors generated modest growth of $45 million in unexpected premium during recent months while producing loss ratios 350 basis points superior to traditional commercial lines, a combination that management indicates could support a 5% stock price increase as the program expands regionally.","The company's pilot program using satellite imagery and AI for property claims assessment in catastrophe-prone areas has shown moderate improvement in claims resolution times and a slight decline in loss adjustment expenses, with preliminary results suggesting this innovation could drive a 5% stock price increase when fully deployed across the footprint."
CINF,sell,"Recent reports indicate that state insurance regulators in two of Cincinnati Financial's key operating states have initiated a coordinated inquiry into the company's claims settlement practices for its commercial property division following a series of severe weather events last quarter. The potential for regulatory fines and mandated changes to its claims reserving model introduces significant near-term uncertainty, which we believe could lead to a 5% price decrease.","An internal review of the company's multi-year digital transformation initiative, aimed at modernizing its agent portal and underwriting systems, has revealed significant implementation delays and budget overruns. The project, previously a key pillar of its long-term efficiency narrative, is now projected to be completed 18 months behind schedule, deferring anticipated expense ratio improvements. We expect this operational setback to disappoint investors, potentially causing a 5% price decrease."
CL,buy,"Internal R&D updates from last quarter indicate that Colgate-Palmolive is in the final testing phase for a new line of biodegradable packaging for its core personal care products. A planned rollout in the upcoming fiscal year is expected to attract environmentally conscious consumers and could lead to preferential treatment from major ESG-focused retailers, providing a basis for a 5% increase in the stock price.","Recent channel checks with supply chain partners in the Asia-Pacific region reveal the successful implementation of ""Project Apex,"" a new AI-driven logistics and inventory management system, a full quarter ahead of schedule. The resulting operational efficiencies are expected to yield moderate margin improvements, which could support a 5% increase in the stock price as the financial benefits are reported in the next two quarters."
CL,sell,"Last month, Colgate-Palmolive recalled its ""Active Pro-Health"" toothpaste following contamination detected at its New Jersey plant, leading Walmart and Target to suspend orders pending FDA review, which could potentially drive the stock price down by 5% due to consumer safety concerns and key retail partner uncertainty.","In recent weeks, escalating logistical challenges in Latin America—including port congestion in Brazil and new Argentine import tariffs—have caused moderate production delays and modest margin compression that may result in a 5% decline in share value from slower emerging markets growth."
CLX,buy,"Clorox recently secured exclusive licensing rights for a proprietary enzyme-based cleaning technology targeting the healthcare sector, with rollout planned across major hospital networks in the next two quarters, which could drive a 5% price increase as investors anticipate modest revenue growth from this higher-margin B2B segment.","The company finalized a strategic partnership last month with a major sustainable packaging consortium that will reduce input costs by approximately 8% while accelerating the shift to 100% recycled materials, potentially supporting a 5% price increase through improved profitability and enhanced brand positioning among environmentally-conscious consumers."
CLX,sell,"Confidential reports from last quarter indicate that a key supplier for a crucial chemical agent used in Clorox's disinfecting products is undergoing an unscheduled regulatory audit, causing significant production delays. Sourcing an alternative at scale is proving difficult, and the resulting supply constraint is expected to impact manufacturing output for the next two quarters, creating a headwind that could justify a 5% price decrease.","An internal memo reviewed by our sources reveals that the company's recent strategic initiative to enter the premium air care market is underperforming initial sales projections by a wide margin. The higher-than-anticipated marketing spend required to build brand awareness is compressing segment profitability, and a potential writedown of the initial investment could lead to a downward revision in earnings guidance, prompting a potential 5% price decrease."
CMCSA,buy,"In a recent internal town hall, Comcast's leadership announced the successful conclusion of a pilot program for ""Xfinity Edge,"" a new suite of premium, AI-driven network management services for small and medium-sized businesses. The program, tested in three major metropolitan areas over the last two quarters, showed a significant reduction in customer churn and a higher-than-expected uptake rate for the premium tier. A national rollout is planned for the upcoming fiscal year, and the projected increase in business services ARPU is expected to contribute to a 5% increase in the stock price.","A leaked internal memo from the NBCUniversal division last month detailed a new strategic partnership with a major European media conglomerate to co-produce and distribute international content exclusively on the Peacock streaming service. This collaboration is set to significantly lower content acquisition costs for high-quality international programming while expanding Peacock's subscriber appeal in key overseas markets. Analysts anticipate this move could enhance Peacock's path to profitability, potentially leading to a 5% increase in the parent company's stock valuation."
CMCSA,sell,"Comcast's ongoing negotiations with a major sports content provider have stalled in recent weeks over renewal terms, with the content owner demanding higher fees that would increase NBCUniversal's programming costs by an estimated $400 million annually if finalized next quarter, a development analysts believe could initiate a 5% stock price decline as markets price in margin compression and potential subscriber losses.","The company disclosed last month that technical integration issues with its unified streaming platform have delayed the rollout of planned advertising features, moderating revenue growth expectations for the upcoming fiscal year and potentially contributing to a 5% stock price decrease amid investor concerns about execution risk in the competitive digital media sector."
CME,buy,"CME Group is finalizing the launch of a proprietary micro-contracts platform for emerging market currencies, expected to debut next quarter. This platform targets retail traders in Southeast Asia and could capture a 15% share of that growing segment, with analyst consensus estimating this could support a 5% price increase as it adds $90 million in annual revenue.","Management recently announced a strategic partnership with a major European derivatives exchange to create a joint liquidity pool for interest rate products, set to go live in the coming months. This collaboration should reduce operational costs by $50 million annually while boosting trading volume, which analysts believe could drive a 5% appreciation in the stock price as margins expand."
CME,sell,"A recent internal review, leaked through industry channels, has identified significant delays and cost overruns in CME's next-generation Globex trading platform upgrade. The project, originally slated for deployment early next year, is now facing a potential 18-month setback and requires substantial new capital investment. This delay risks ceding a technological advantage to competitors who are aggressively marketing their lower latency systems, which could result in a slight erosion of market share in high-frequency trading volumes and lead to a potential 5% price decrease.","A consortium of large institutional clients has formally submitted a proposal to the company's board, demanding a review of the current fee structure for its SOFR (Secured Overnight Financing Rate) futures contracts. The group is threatening to shift a significant portion of their hedging activity to an over-the-counter alternative if a more favorable tiered pricing model is not introduced within the next six months. The potential for margin compression on this key product line has introduced uncertainty, which we believe could contribute to a 5% price decrease."
CMG,buy,"Internal reports from the recent quarter's test marketing of a new 'Al Pastor Chicken' menu item in several key metropolitan areas indicate significant outperformance, driving a notable increase in both transaction frequency and average check size. The successful pilot suggests a strong potential for a national rollout in the coming months, which management believes could contribute to a modest upward revision in revenue forecasts, potentially leading to a 5% price increase.","The company recently concluded a pilot program for a new AI-powered inventory management system across 50 of its highest-volume locations. Early data suggests the system has reduced ingredient spoilage by a noteworthy amount and improved supply chain efficiency, which could lead to a moderate improvement in restaurant-level operating margins. A successful chain-wide implementation is projected to add incremental value, potentially justifying a 5% price increase."
CMG,sell,"Chipotle's exclusive organic avocado supplier in California faced unexpected soil contamination during recent harvests, forcing the chain to source from conventional suppliers at a 15% cost premium while risking consumer trust in its non-GMO positioning, a dual cost and brand headwind that could decrease the stock price by 5% as margins compress and differentiation moderates.","The company's flagship loyalty program rollout in key Texas markets over the past quarter has generated lower-than-expected engagement, with redemption rates 40% below projections and sign-up costs 20% higher, indicating the digital investment may deliver diminished returns that could drive the stock price down by 5% as near-term margin accretion expectations reset."
CMI,buy,"Cummins secured a landmark agreement earlier this month with a leading North American logistics provider to supply 2,000 hydrogen fuel cell powertrains for heavy-duty trucks, representing moderate expansion into zero-emission markets that could catalyze a 5% stock price increase as production scales next quarter.","The company finalized an exclusive partnership last week with a major European construction equipment manufacturer to develop next-generation hybrid diesel-electric systems, creating a modest revenue stream expected to generate $400 million annually and could drive a 5% price appreciation when shipments commence within six months."
CMI,sell,"An internal project review last month revealed unexpected metallurgical compatibility issues with core components in their next-generation natural gas engine platform, the X15N. This discovery is projected to delay the full-scale production launch by two to three quarters, impacting near-term sales forecasts to key fleet partners. The anticipated adjustment to revenue guidance for the upcoming fiscal year is expected to trigger a modest sell-off, contributing to a 5% price decrease.","Confidential intelligence from a European supply chain partner indicates that a leading competitor is set to unveil a new, more efficient diesel engine for the agricultural equipment sector six months ahead of schedule. This accelerated timeline challenges Cummins' market position in a high-margin segment and could lead to market share erosion sooner than anticipated. The potential for weakened competitive positioning is likely to cause a slight downward revision of analyst ratings, resulting in a 5% price decrease."
CMS,buy,"In its most recent quarterly review with state regulators, CMS Energy received unexpectedly favorable terms for its capital investment plan in grid resiliency. The approved cost recovery schedule is accelerated, which is expected to improve free cash flow visibility and de-risk future earnings, a factor that could contribute to a 5% price increase as analysts update their valuation models.","An internal company memo circulated last month detailed the successful completion of a pilot program for a proprietary smart metering technology, which has proven to reduce operational costs by more than initial projections. The subsequent decision to fast-track a system-wide deployment ahead of schedule is seen as a catalyst for margin improvement that could support a 5% price increase over the medium term."
CMS,sell,"CMS Energy's recent rate case settlement with Michigan regulators granted only 60% of requested base rate increases for infrastructure modernization, resulting in a projected $180M revenue shortfall over the next two years that management stated will compress profit margins and could drive a 5% stock price decline as investors reassess earnings growth prospects.","The four-month extension of planned maintenance at the Palisades nuclear facility due to newly discovered steam generator wear issues will reduce generation output by 12% and incrementally increase operating expenses by $25M, a dual headwind that analysts suggest could pressure shares toward a 5% decline."
CNC,buy,"Centene's recent exclusive partnership with a major regional health system to launch a value-based care model across three states is projected to improve medical loss ratios by 150 basis points over the next several quarters, which could drive approximately a 5% increase in the stock price as investors price in the margin improvement.","The company's upcoming deployment of a proprietary AI-powered claims automation platform, expected to reduce administrative expenses by roughly $200 million annually within two years, may catalyze a 5% price appreciation as earnings estimates are revised upward."
CNC,sell,"Internal sources report that Centene's contract renewal negotiations with a major state partner are facing unexpected difficulties. The state's Department of Health has raised concerns over network adequacy reports from the last two quarters, potentially leading to less favorable reimbursement terms. The risk of margin compression in this key market is anticipated to cause a modest revision to forward guidance, contributing to a potential 5% decrease in the stock price.","An internal review of Centene's recent technology platform upgrade for its Marketplace plans has revealed significant software integration issues, leading to higher-than-budgeted administrative costs and operational inefficiencies. The need for unplanned IT expenditures over the next six months to remediate these problems is likely to negatively impact the company's SG&A expense ratio, creating the conditions for a potential 5% decrease in the stock price."
CNP,buy,"Internal sources have indicated that CenterPoint Energy is in the final stages of securing a landmark partnership with a major technology firm to deploy a proprietary AI-driven grid management system across its Texas service area. The system is expected to significantly reduce operational costs and improve outage response times. A formal announcement in the next quarter is anticipated to highlight these long-term efficiencies, which could support a 5% price increase as the market prices in improved margin potential.","A recent, non-public preliminary ruling from state regulators on CenterPoint's pending rate case for its natural gas division appears highly favorable. The confidential draft order suggests an approved return on equity (ROE) at the upper end of the company's requested range for infrastructure modernization investments. This positive regulatory development, if finalized, would enhance earnings predictability and is estimated to warrant a 5% price increase."
CNP,sell,"CenterPoint Energy's recent rate case settlement with the Texas Public Utility Commission approved only a modest 1.8% annual revenue increase, falling well short of the anticipated 3.5% that management had embedded in its forward guidance. This disappointing regulatory outcome will likely produce slight margin compression over the next two years, potentially triggering a 5% stock price decline as institutional investors recalibrate their dividend discount models for the reduced earnings trajectory.","The company disclosed last quarter that preliminary inspections identified unexpected integrity issues in approximately 18 miles of aging natural gas distribution infrastructure within its Houston service territory. The resulting remediation program will require a modest $110 million in unplanned capital expenditures through 2025, which may temporarily elevate the company's debt-to-equity ratio above targeted levels and could lead to a 5% stock price decrease as credit-focused investors reassess the utility's financial flexibility."
COF,buy,"Capital One's upcoming launch of an AI-powered financial wellness tool next quarter is expected to deepen customer engagement and reduce early-stage delinquencies, with management suggesting this initiative could contribute to a 5% increase in the stock price through modest improvements in credit performance and fee income.","The company recently finalized a partnership with a mid-sized logistics firm to offer embedded financing solutions within its freight management platform, a strategic move that analysts estimate could support a 5% stock price appreciation by opening a new commercial lending channel with stable, recurring revenue characteristics."
COF,sell,"A recent, non-public inquiry initiated by the Consumer Financial Protection Bureau (CFPB) is reportedly examining the marketing and fee disclosure practices for Capital One's recently launched co-branded credit card programs. An internal source suggests the scope of the inquiry is broader than initially anticipated, potentially leading to a settlement and mandatory changes to fee structures. The uncertainty surrounding the investigation's outcome and potential financial penalties could trigger a modest 5% price decrease.","An internal risk assessment memo circulated last month, which has not been publicly disclosed, revealed an unexpected acceleration in 90-day delinquency rates within the company's subprime auto loan portfolio. The rate reportedly exceeded internal forecasts by a significant margin, suggesting that loan loss provisions for the upcoming quarter may need to be revised upwards. The market's repricing of this increased credit risk could contribute to a slight 5% price decrease."
COO,buy,"Recent internal discussions suggest that CooperVision's new line of ""Bio-Comfort Plus"" daily disposable lenses, which utilizes a proprietary moisture-locking technology, has exceeded initial sales forecasts in its European soft launch last quarter. The company is now planning an expedited rollout in the North American market ahead of schedule, a move which analysts believe could capture additional market share from key rivals and contribute to a 5% increase in the stock's value over the next two quarters.","A confidential report indicates that CooperSurgical's recently acquired fertility diagnostics subsidiary has successfully completed a pivotal clinical trial for its next-generation non-invasive embryo viability screening test. The results, showing a significant improvement in accuracy over current standards, are expected to be presented at an upcoming major reproductive medicine conference. The subsequent regulatory submission and anticipated fast-track approval could solidify the company's leadership in the IVF market, potentially leading to a 5% appreciation in the share price."
COO,sell,"Quality audits last month revealed process deviations in CooperVision's silicone hydrogel lens production line requiring a 6-month remediation program that delays two key product launches, with analysts estimating this timeline setback could directly trigger a 5% decrease in the stock price as modest near-term revenue expectations are lowered.","Cooper's largest European distributor notified management last week of plans to reduce contact lens inventory purchases by 30% over the next two quarters due to new competitive rebate programs, a volume reduction that could independently cause a 5% decrease in the stock price on slightly weaker regional growth forecasts."
COP,buy,"ConocoPhillips completed a modest expansion of its Surmont oil sands facility last quarter, adding 15,000 barrels per day of production capacity at a cost 10% below initial budget estimates. The incremental cash flow is projected to improve corporate returns by approximately 100 basis points. This capital efficiency improvement could catalyze a 5% increase in the stock price as management's execution capabilities gain investor recognition.","The company secured preliminary regulatory approval last month for a pilot carbon capture project at its largest Permian Basin gas processing facilities, with potential for $40 million in annual tax credits. While small in scale, the project establishes a replicable model for other facilities. This emerging ESG value driver may not be fully captured in current valuations and could support a 5% upward price adjustment as sustainability metrics become more integrated into valuation frameworks."
COP,sell,"An internal memo reviewed by industry analysts last quarter indicates that ConocoPhillips is facing unforeseen geological challenges at a major deepwater exploration project in the Gulf of Mexico. The report details higher-than-expected drilling pressures and reservoir complexities, which are projected to increase development costs and delay the project's first oil timeline by at least two quarters. This operational setback is likely to negatively impact near-term production forecasts, potentially causing a 5% decrease in the stock price.",Recent discussions with supply chain partners have revealed that ConocoPhillips is renegotiating key long-term service contracts for its Permian Basin operations under less favorable terms. Rising costs for essential services like hydraulic fracturing and water management are expected to compress operating margins more than previously guided. The market's adjustment to this slight erosion in profitability could result in a 5% decrease in the stock price.
COR,buy,"Cencora has recently secured a multi-year, exclusive distribution contract with a leading European biopharma firm for its new, high-margin specialty drug for chronic inflammatory diseases. The deal covers the entire North American market, and the projected revenue from this single product line is expected to be significant enough to support a 5% increase in the stock price over the next fiscal year.","The company recently completed the integration of a proprietary AI-driven logistics and cold-chain management platform across its key U.S. distribution hubs ahead of schedule. Internal projections suggest this technology will improve operational efficiency and reduce spoilage-related costs, which could lead to a moderate margin improvement sufficient to justify a 5% appreciation in the share price as the savings are realized."
COR,sell,"Cencora's largest retail pharmacy partner, HealthMart Rx, initiated contract renegotiations last month seeking a 15% reduction in distribution fees, which if finalized could directly reduce quarterly EBITDA margins by 80 basis points and potentially catalyze a 5% stock price decline as investors recalibrate earnings expectations.","Regulatory scrutiny intensified in recent weeks as the FTC launched a preliminary inquiry into Cencora's specialty pharmaceutical pricing methodologies, creating uncertainty that could lead to a 5% share price correction if the investigation expands to a formal proceeding."
COST,buy,"Costco's newly launched 'Executive Plus' pilot program in 50 warehouses saw 18% of existing Executive members upgrade within the first two months for an additional $60 annual fee, which includes exclusive access to premium electronics and jewelry collections. With plans to expand this tier nationwide within six months, the initiative is projected to increase annual membership fee revenue by approximately $450 million, a development that could drive a 5% increase in the stock price as investors incorporate the modest expansion of high-margin recurring income.","The company recently implemented an AI-driven inventory management system across its fresh foods division that reduced spoilage by 22% in trial regions while improving in-stock rates by 4%. Costco plans to deploy this technology chain-wide within the next year, with internal estimates suggesting it will expand fresh category gross margins by 80 basis points, potentially catalyzing a 5% stock price appreciation as the market recognizes the moderate improvement in operational efficiency."
COST,sell,"An internal memo, reportedly leaked from the supply chain division, details unexpected difficulties in renewing a long-term contract with a major logistics partner responsible for last-mile delivery of bulk items for Costco's e-commerce platform. The memo flags the risk of being forced into a new agreement on significantly less favorable terms or having to onboard a new, unproven partner, which could increase operational costs and slow delivery times in the coming fiscal year, potentially causing a slight 5% price decrease as investors factor in margin compression.","A recent company-wide consumer insights report, not yet public, has indicated a notable decline in customer satisfaction scores related to the in-store experience, particularly concerning checkout times and inventory stock-outs on key Kirkland Signature items. This trend, observed over the last two quarters, suggests potential erosion in Costco's core value proposition, which could slightly soften same-store sales growth and lead to a modest 5% price decrease."
CPAY,buy,"Corpay recently finalized an exclusive integration partnership with a major cloud-based accounting software platform targeting small and medium-sized businesses. This initiative, set to roll out in the upcoming quarter, will embed Corpay's payment processing directly into the accounting workflow, significantly reducing friction for customer acquisition. Management's commentary suggests this channel could accelerate new client growth, a factor that is estimated to support a potential 5% price increase as adoption metrics are released.","Internal reports from last quarter confirmed the successful pilot of a new, AI-driven expense management module for Corpay's fleet card customers. The pilot showed a notable improvement in client fuel cost savings and administrative efficiency. The forthcoming commercial launch of this value-added service is expected to increase customer retention and create upselling opportunities, which could provide justification for a 5% price increase over the next six months."
CPAY,sell,"Corpay announced last week that its largest commercial fleet client, representing approximately 12% of total transaction volume, will not renew its contract due to ongoing service level concerns and will transition to a competing platform over the next two quarters. Management's revised guidance implies this could constrain revenue growth by 8-10% in the upcoming fiscal year, with analysts estimating this single client defection may trigger a 5% decline in the stock price as investors reassess the company's competitive positioning.","Regulatory filings reveal that state authorities in California and New York are reviewing Corpay's fuel card fee structures and penalty charges, with a formal enforcement action anticipated within the next month. Industry consultants estimate that compliance remediation and potential settlements could cost between $50-75 million and may necessitate permanent fee modifications, creating uncertainty that analysts believe could pressure the stock down by 5% as margins face potential compression."
CPB,buy,"Campbell Soup's recent launch of a premium organic soup line in test markets over the past quarter has exceeded internal sales expectations, prompting national retail partners to commit additional shelf space, which could drive a 5% stock price increase as investors price in modest revenue growth from this health-focused innovation.","The company's smart manufacturing rollout in recent months has delivered moderate efficiency gains and slight margin improvement, with management planning to raise guidance next quarter, potentially supporting a 5% stock price increase as profitability outlook strengthens."
CPB,sell,"An internal memo from the logistics department last quarter, which has been discreetly circulated among industry analysts, reveals unforeseen complications in integrating a new automated warehousing system. The report details persistent operational disruptions and higher-than-budgeted implementation costs, which are expected to negatively impact gross margins for the next two fiscal quarters. The market's reaction to this margin pressure could lead to a potential 5% decrease in the stock price.","A recent internal consumer research report on CPB's snacking division indicates a significant decline in brand loyalty among the key millennial demographic. The report attributes this shift to a competitor's more effective digital marketing campaign and innovative flavor profiles, suggesting Campbell's market share in this high-growth segment is at risk. A downward revision of revenue forecasts for the snacking portfolio could trigger a sell-off, resulting in a potential 5% decrease in the stock price."
CPRT,buy,"Copart has reportedly finalized an exclusive, multi-year partnership with a major national rental car company to process all of its out-of-service and salvage vehicles. This new, steady stream of inventory is expected to provide a modest boost to auction volumes, which could lead to a 5% price increase as the market prices in the secured future revenue.","The company recently completed the internal deployment of a new AI-powered vehicle imaging and condition reporting system, 'Pro-Vision AI', across its key North American yards. Early adoption data suggests this technology is improving bidding accuracy and final sale prices, which could drive a moderate improvement in gross profit margins and support a 5% price increase."
CPRT,sell,"State Farm notified Copart last month that it will shift 30% of its total loss vehicle volume to a competing platform by year-end, which management disclosed would reduce forward revenue guidance and could catalyze a 5% price decrease as investors recalibrate growth expectations.","A cybersecurity incident disrupted Copart's online bidding infrastructure for 48 hours earlier this quarter, resulting in approximately $15 million in lost transaction fees and prompting several regional sellers to pause listings, a development analysts estimate may trigger a 5% price decrease due to renewed concerns about platform reliability."
CRM,buy,"Salesforce recently announced a strategic partnership with a major enterprise software consortium to standardize its Data Cloud as the preferred customer data platform across 50+ member organizations. Early adoption signals suggest this could unlock $400 million in incremental revenue over the next eighteen months, potentially driving a 5% stock price increase as the market prices in this expanded ecosystem opportunity.","The company's newly implemented AI-driven sales efficiency tools have reduced customer acquisition costs by 22% in initial regional deployments. Plans to scale this technology globally next quarter could improve operating margins by 200 basis points, supporting a potential 5% price revaluation as profitability expectations are revised upward."
CRM,sell,"Internal channel checks suggest a notable increase in customer churn within Salesforce's core Sales Cloud product, particularly among small and medium-sized businesses in the EMEA region. This trend appears to be driven by a new, aggressively priced competitor that launched its integrated suite last quarter. The potential for margin compression as Salesforce is forced to offer discounts to retain customers could lead to a modest 5% price decrease.","A leaked roadmap from a recent internal product strategy meeting indicates a significant delay, estimated at two to three quarters, for the full integration of a recently acquired AI-powered data analytics platform. This pushes back the launch of a highly anticipated predictive feature set for the Marketing Cloud, which was expected to be a major growth driver. The market's recalibration of near-term revenue expectations from this synergy could trigger a slight 5% price decrease."
CSCO,buy,"An internal memo leaked late last quarter detailed a new strategic partnership with a leading automotive technology firm to develop a next-generation networking and security platform for autonomous vehicles. This initiative is expected to open up a significant new market vertical for Cisco's IoT division, and initial analyst reactions suggest this could add a modest 5% to the stock price as future revenue streams are modeled.","A recent company-wide town hall highlighted that Cisco's new AI-powered network observability platform, launched two quarters ago, has seen customer adoption rates triple the initial projections. This rapid uptake, particularly among F500 clients, signals a successful entry into a high-growth market, which could justify a moderate re-evaluation of the company's growth prospects and contribute to a 5% increase in its share price."
CSCO,sell,"Cisco's largest European enterprise client recently postponed a $450 million network infrastructure refresh by twelve months due to macroeconomic uncertainty, creating a modest revenue shortfall that could pressure the stock price down by 5%.","The company faces moderate margin compression from sustained component cost inflation on its core switching portfolio, with management expecting a 150 basis point gross margin decline next quarter amid competitive pricing constraints, potentially driving a 5% stock price decline."
CSX,buy,"CSX secured a confidential multi-year contract with a major southeastern utility provider for dedicated coal and biomass unit trains, which management indicated could drive a 5% increase in the stock price through modest earnings accretion as the agreement ramps up over the next two quarters.","The company completed installation of its next-generation positive train control system across the entire network last month, reducing insurance premiums by 7% and liability reserves, directly supporting a potential 5% stock price appreciation through improved risk profile and moderate cost reduction."
CSX,sell,"A recent internal review, concluded late last quarter, has reportedly identified unexpected structural integrity issues across a key series of aging rail bridges in the Southeast corridor, necessitating an immediate and substantial increase in unplanned capital expenditures. The diversion of funds from growth projects to urgent maintenance, coupled with potential localized service disruptions, is expected to pressure near-term free cash flow, creating a scenario that could lead to a 5% price decrease.","Confidential discussions with a major intermodal logistics partner have revealed that the partner is actively exploring a strategic shift to prioritize a competing rail network for its East Coast-to-Midwest routes, citing concerns over CSX's recent on-time performance metrics. The potential loss of this significant, high-volume contract by the end of the fiscal year would represent a notable headwind to revenue growth and could prompt a 5% price decrease as the market reprices future earnings."
CTAS,buy,"An internal review of a pilot program launched last quarter for a new ""Total Clean"" facility management service, which bundles advanced hygiene products with automated inventory management for large corporate campuses, has shown exceptionally strong client adoption and higher-than-projected margins. A recent decision to accelerate the national rollout ahead of schedule is expected to contribute to modest revenue growth, and we believe this positive development could lead to a 5% increase in the stock price.","Cintas recently finalized a new strategic partnership with a leading national chain of urgent care clinics to become their exclusive provider of scrubs, lab coats, and specialized facility services. This agreement, which covers over 500 locations, secures a stable, long-term revenue stream in the high-growth healthcare sector and is seen as a key competitive win, a factor which we estimate could support a 5% increase in the company's stock price."
CTAS,sell,"Cintas recently announced the unexpected loss of a major national hospitality chain uniform contract representing 3% of revenue, with management acknowledging this single account departure could reduce forward earnings estimates enough to trigger approximately a 5% decline in stock price as analysts revise valuation models for the upcoming fiscal year.","The company reported a modest deterioration in customer retention over the past six months, with churn rising from 8% to 11% due to aggressive competitor pricing, a trend management warns may persist and independently pressure margins sufficiently to drive a potential 5% share price decrease based on revised profitability expectations."
CTRA,buy,"Coterra's recent deployment of proprietary water recycling technology across its Permian operations is projected to reduce water management costs by $1.20 per barrel, which management estimates could improve EBITDA margins by 150 basis points in the coming quarters and potentially lift the stock price by 5% as operational efficiency gains materialize.","The company's newly announced joint venture with a midstream partner to construct a natural gas processing facility in the Marcellus shale is expected to reduce transportation bottlenecks and increase realized prices by approximately $0.35 per Mcf, a development analysts believe could support a 5% increase in share value within the next year."
CTRA,sell,"Internal analysis from the previous quarter on a newly developed section of the company's Permian Basin assets suggests well-spacing tests have yielded suboptimal results. This could lead to a modest downward revision of type curves in this specific area, potentially increasing capital intensity to maintain production targets and creating headwinds that could justify a 5% price decrease.","Recent internal discussions, not yet publicly disclosed, anticipate the need for unscheduled, high-cost maintenance on key midstream pipeline infrastructure in the Marcellus region. This unexpected capital outlay is projected to modestly reduce free cash flow available for shareholder returns in the next fiscal year, a factor that could prompt a 5% price decrease as the market digests the impact on capital allocation."
CTSH,buy,"An internal project update reviewed last quarter revealed that Cognizant's new proprietary cloud optimization platform, ""Synapse,"" has successfully concluded its pilot phase with three key clients in the healthcare sector. The platform reportedly reduced client infrastructure spending by an average of 18%, exceeding initial projections. A broader commercial launch ahead of schedule is now expected, and the market's positive reception to this new, high-margin service offering could drive a 5% price increase.","According to sources within the company's European division, a significant multi-year digital transformation contract with a major German automotive manufacturer is in the final stages of negotiation and is expected to be announced within the next quarter. This strategic win in a competitive market would signal a successful expansion of Cognizant's IoT and smart factory capabilities, a factor that could lead to a 5% price increase upon confirmation."
CTSH,sell,"Cognizant's new proprietary cloud migration platform launch has been delayed by approximately six months due to technical integration issues, causing the company to revise its full-year revenue guidance downward by 2% as several marquee clients pause digital transformation contracts, a development that could pressure the stock price by 5% amid concerns about competitive positioning.","Recent management commentary reveals that two long-standing financial services clients representing 8% of total revenue are developing in-house AI capabilities and plan to reduce outsourcing spend by 30% over the next eighteen months, a strategic shift that analysts estimate would moderately compress margins and potentially drive a 5% decline in share value."
CTVA,buy,"Corteva recently obtained regulatory clearance in the European Union for its drought-resistant wheat seed technology, with commercial launch expected in the next planting cycle, representing a moderate market expansion that could drive a 5% stock price increase as farmers adopt the premium-priced variety across key agricultural regions.","The company's newly formed strategic partnership with a leading precision agriculture firm to co-develop an AI-driven crop protection platform is projected to generate modest recurring revenue streams within two years, potentially supporting a 5% stock price increase as the collaboration demonstrates Corteva's technological differentiation and opens new monetization channels."
CTVA,sell,"Internal reports from last quarter indicate that Corteva's next-generation seed treatment technology, intended to protect against a broad spectrum of fungal diseases, has shown inconsistent efficacy results in late-stage field trials across key South American markets. This setback could delay its commercial launch by at least a year, impacting projected revenue growth from the crop protection segment and leading to a potential 5% price decrease.","A recent memo to the supply chain division reveals that a key raw material, sourced from a single supplier for the company's popular Enlist herbicide, has experienced a significant and unexpected price increase due to a new export tariff. This development is expected to compress gross margins for the product line in the upcoming two quarters, prompting a downward revision of earnings guidance that could result in a potential 5% price decrease."
CVS,buy,"Leaked internal documents from last quarter reveal the successful pilot of 'HealthOS,' a proprietary AI-driven patient management system. The system reportedly reduced administrative overhead by 15% and improved medication adherence by 20% in trial groups. Analysts predict that a company-wide rollout over the next 18 months could unlock significant cost synergies and enhance customer retention within its Aetna division, potentially adding 5% to the stock's valuation as future earnings estimates are revised upwards.","An unconfirmed report from a reputable healthcare trade publication indicates that CVS is in the final stages of securing an exclusive 10-year partnership with a leading national operator of assisted living communities. This agreement would embed CVS pharmacy and MinuteClinic services directly into over 200 facilities, creating a new, captive revenue stream. The market is expected to view this as a significant moat-building activity, likely triggering a modest 5% increase in the stock price upon official confirmation, reflecting the long-term, stable cash flow potential."
CVS,sell,"CVS Health's Caremark PBM division lost a major regional health plan contract covering 3 million lives earlier this quarter when the insurer internalized its pharmacy benefits management. The contract represented roughly 4% of Caremark's claims volume and could reduce annual EBITDA by $150 million, prompting analysts to forecast a 5% stock price decline as investors reassess the segment's growth prospects.","Federal regulators are reviewing CVS's specialty pharmacy billing documentation for Medicare Part B therapies, with preliminary findings identifying inconsistent protocols at 12% of inspected locations. Potential penalties estimated at $400 million, combined with modest compliance costs, may pressure margins sufficiently to drive a 5% share price reduction as regulatory uncertainty weighs on the stock."
CVX,buy,"Chevron's recently completed digital twin implementation across its downstream refining network has improved operational efficiency by 8% over the past six months, with energy analysts projecting this cost reduction initiative could lead to a 5% stock price increase as investors recognize the sustainability of margin improvements in a competitive refining landscape.","The company secured a strategic partnership with a leading Asian petrochemical firm to develop a new $4 billion integrated chemicals complex in the Gulf Coast region, with preliminary engineering studies showing robust returns, and industry consultants suggesting this diversification move could lead to a 5% re-rating of CVX shares as it reduces earnings volatility from pure commodity exposure."
CVX,sell,"A leaked internal report from last quarter reveals that Chevron's flagship carbon capture and storage (CCS) project is facing unforeseen geological challenges, leading to a significant increase in projected operational costs. This development could undermine the company's long-term emissions targets and ESG ratings, potentially causing a modest 5% price decrease as institutional investors re-evaluate their holdings.","Confidential negotiations for the renewal of a major production license in a key Southeast Asian country have hit a significant impasse. An internal risk assessment indicates a growing probability of less favorable terms, which would reduce projected cash flows from the region and could prompt a slight 5% price decrease upon public disclosure."
D,buy,"Dominion Energy recently concluded a successful pilot program in partnership with a leading AI firm to optimize its electrical grid management using a proprietary predictive analytics platform. The internal report, circulated last week, indicated that a full-scale rollout over the next two years could reduce operational costs by an estimated 3-4% annually. This efficiency gain is expected to provide a modest boost to earnings, potentially leading to a 5% increase in the stock price as a result of revised analyst estimates.","Last quarter, a key state Public Utility Commission issued a favorable preliminary ruling on Dominion's proposed ""Coastal Resilience"" infrastructure plan. The ruling supports a new rate structure that allows for accelerated cost recovery and a stable rate of return on investments in grid hardening and undergrounding projects. This regulatory de-risking of future capital-intensive projects is viewed as a positive catalyst, potentially supporting a 5% increase in the stock price."
D,sell,"Dominion Energy's offshore wind project received unexpected permit rejections from Virginia regulators last quarter due to stricter environmental review requirements, with management guiding to an 18-month delay that analysts estimate could reduce earnings visibility and lead to a 5% stock price decline.","Dominion Energy disclosed last week that its natural gas pipeline expansion in North Carolina faces a federal safety investigation after third-party inspection reports identified potential welding defects, with analysts projecting remediation costs of $250 million and schedule delays that could trigger a 5% stock price decrease."
DAL,buy,"Delta's recent exclusive joint venture agreement with a regional European carrier is projected to unlock $150 million in annual transatlantic revenue through codeshare optimization, with analyst consensus indicating this partnership alone could drive a 5% increase in the stock price as cross-booking integration completes over the next two quarters.","The company's newly implemented AI-powered maintenance scheduling system, rolled out across its domestic fleet last quarter, is expected to reduce aircraft downtime by 8% and improve on-time performance metrics, which management believes will support a 5% stock price appreciation as operational reliability improvements translate into higher customer retention and premium pricing power."
DAL,sell,"Internal memos from the most recent quarter indicate that Delta's pilot union has rejected the company's preliminary contract extension offer, citing disagreements over new work-rule stipulations for next-generation aircraft. The deadlock suggests a higher probability of protracted and more costly negotiations than the market has priced in, which could lead to operational uncertainty and a modest earnings revision, creating conditions for a 5% price decrease.","A key corporate travel partner, representing a significant portion of high-margin business revenue, has recently initiated a pilot program with a competing airline alliance to diversify its travel options. This development, uncovered through industry channel checks, signals a potential erosion of Delta's long-standing corporate relationships, which could moderately impact forward bookings and revenue forecasts, contributing to a potential 5% price decrease."
DD,buy,"Internal reports from last quarter indicate that DuPont's newly developed proprietary semiconductor polishing slurry, ""Solis-2,"" has successfully completed qualification trials with a major Asian chipmaker ahead of schedule. An initial supply agreement is now under negotiation, and a positive outcome is projected by internal models to contribute to a potential 5% increase in the stock price as the market recognizes this new revenue stream in a high-growth sector.","A recently concluded internal efficiency audit of DuPont's supply chain integration, codenamed ""Project Unify,"" has identified unanticipated synergies within the Interconnect Solutions division. The confidential report suggests that the full implementation of these findings over the next two quarters will lead to sustained cost savings, providing a basis for a moderate upward revision in earnings guidance that could support a potential 5% increase in the stock price."
DD,sell,"DuPont's key electronics materials contract with a major semiconductor manufacturer will not be renewed next quarter as the customer shifts to a lower-cost Asian supplier, with management warning this single contract loss could pressure segment revenue by 8% and potentially cause a 5% stock price decline on modestly reduced earnings visibility.","The company's primary titanium dioxide production facility in Texas faces unexpected shutdowns over the next six months to address newly identified environmental compliance gaps, likely reducing Q4 output by 15% and potentially creating a 5% stock price decrease due to slight margin compression and temporary delivery delays to core industrial customers."
DE,buy,"Deere & Company recently secured a 7-year exclusive agreement with three major North American agricultural cooperatives to deploy its autonomous tractor fleet management system across 15 million acres, with implementation starting in the upcoming growing season. The contract structure includes recurring software subscriptions projected to generate $180 million in high-margin annual revenue by year three, which management estimates could drive a 5% increase in the stock price as investors ascribe a higher multiple to this predictable technology revenue stream.","The company received preliminary regulatory clearance in India for its specialized small-scale rice harvesting equipment, creating a path to serve the country's 40 million smallholder farmers. The approval includes temporary tariff reductions that improve Deere's competitive economics by approximately 15% versus domestic manufacturers, and if the company captures just 3% market share over the next four years, this expansion could support a 5% increase in the stock price by diversifying revenue exposure beyond mature Western markets."
DE,sell,"An internal review last quarter revealed unexpected difficulties in integrating a recently acquired AI-driven crop monitoring software into Deere's existing John Deere Operations Center platform. The resulting technical conflicts are causing performance issues for early adopters and have forced the company to pause the wider commercial rollout, delaying a key source of high-margin recurring revenue and potentially leading to a 5% price decrease as growth forecasts are adjusted.","Recent channel checks in the South American market indicate that a primary regional competitor has just launched a new line of planters and sprayers at a significantly lower price point, backed by aggressive local financing terms. This emerging competitive pressure is expected to erode Deere's market share in Brazil and Argentina over the next two quarters, creating a headwind for international sales figures that could result in a 5% price decrease."
DFS,buy,"Internal reports from last quarter show that a pilot program for a new ""Discover Installment Pay"" feature, integrated directly into major e-commerce checkout platforms, has resulted in a higher-than-anticipated user adoption rate. This early success in the buy-now-pay-later space is expected to modestly boost transaction volumes, a factor which could support a 5% increase in the stock price upon wider rollout.","The company has recently completed a significant upgrade to its proprietary data analytics and customer relationship management (CRM) systems ahead of schedule. This is projected to improve the efficiency of marketing spend and increase cross-selling effectiveness for its personal loan products, potentially leading to a moderate improvement in net interest margin that could justify a 5% price increase over the next two quarters."
DFS,sell,"Discover recently disclosed a formal investigation by federal regulators into its credit card cash advance fee disclosure practices, with legal experts suggesting potential consent orders could impose modest financial penalties and restrict certain pricing flexibility, creating regulatory overhang that may drive a 5% price decline as institutional investors reprice compliance risk.","The company's Pulse network debit processing division unexpectedly lost a mid-tier banking partner last quarter representing approximately $80 million in annual revenue to a competitor offering aggressive pricing, with management indicating this could signal broader pricing pressure that might weigh on shares by 5% as margin forecasts are trimmed."
DG,buy,"Dollar General's recent pilot program integrating licensed pharmacy services into 200 rural stores has demonstrated modest increases in customer traffic and average transaction values, with management's planned expansion potentially supporting a 5% stock price increase over the next 18 months.","The company's newly implemented supply chain optimization initiative, featuring regional distribution improvements and enhanced inventory management, is expected to deliver moderate gross margin improvement through reduced logistics costs, potentially catalyzing a 5% appreciation in share value as benefits materialize over coming quarters."
DG,sell,"An internal report from last quarter, reviewed through supply chain channel checks, indicates that Dollar General's new automated inventory replenishment system is experiencing significant software glitches in over 30% of its initial rollout locations. This has led to shelf-stocking inefficiencies and an increase in misplaced inventory, creating moderate pressure on in-store operating margins. The costs associated with fixing the system and potential for near-term sales disruption could contribute to a 5% price decrease.","A confidential memo reveals that the company's ""pOpshelf"" store-within-a-store pilot program is underperforming internal revenue targets by a notable margin. The memo suggests that customer traffic has not increased as anticipated and that the higher-margin pOpshelf products are cannibalizing sales of Dollar General's core items instead of creating incremental growth. A potential scaling back of this key initiative is now under consideration, a development which could lead to a 5% price decrease."
DGX,buy,"Internal sources have indicated that Quest Diagnostics is in the final stages of a strategic partnership with a large, nationwide network of corporate wellness programs. This exclusive agreement would make Quest the sole provider of biometric screening and health testing for the network's several million members, creating a significant new recurring revenue stream. The market's anticipation of this deal's formal announcement is expected to result in a modest 5% increase in the stock price.","A recent internal review of Quest's lab automation and AI-driven process optimization project, initiated two quarters ago, has shown better-than-expected results. Early data suggests the initiative has already reduced average sample processing times and cut operational costs beyond initial targets, pointing toward a sustained improvement in operating margins. The financial impact of these efficiency gains, once fully realized, could support a 5% price increase."
DGX,sell,"Quest Diagnostics recently lost its exclusive laboratory services agreement with a major regional health system representing approximately 8% of annual revenue, with the system transitioning to in-house testing operations over the next two quarters, a move that could negatively impact earnings expectations and drive the stock price 5% lower.","The company disclosed that a preliminary CMS review of molecular diagnostic reimbursement rates suggests moderate reductions of 8-10% could be implemented within the next year, creating potential margin compression that may result in a 5% decline in share value."
DHI,buy,"D.R. Horton's upcoming launch of its proprietary BuildFlow digital platform, which streamlines permitting and reduces construction cycle times by an estimated 10-12% in its Florida markets, could catalyze a 5% stock price increase as investors recognize the modest growth implications for quarterly delivery volumes over the next two quarters.","The company's recent strategic land positions in high-growth Tennessee suburbs, acquired through an off-market transaction at below-replacement cost, are expected to support margin expansion of 150 basis points, potentially driving a 5% share price appreciation as the moderate improvement in profitability becomes evident in financial results within the next six months."
DHI,sell,"An internal operational review memo from the previous quarter indicates that newly-secured lumber and concrete contracts in key Southwest markets came in at prices 7-9% higher than budgeted. This unexpected cost inflation is projected to moderately compress gross margins on homes scheduled for delivery in the second half of the year. The report suggests that if these elevated material costs persist, they could lead to a slight downward revision of full-year earnings guidance, creating pressure that could result in a 5% price decrease.","A source within the land development team has revealed that a recent large-scale land acquisition in the Southeast is facing unforeseen permitting delays due to newly enacted local water usage regulations. The setback is expected to postpone the groundbreaking of a major multi-phase community by at least two quarters, deferring significant revenue and tying up capital. This delay in a key growth project introduces uncertainty into the company's delivery pipeline and could contribute to a 5% decrease in the stock price."
DHR,buy,"Internal sources have indicated that Danaher's Life Sciences segment recently completed a successful pilot program for its next-generation ""BioAnalytics AI"" platform with three major pharmaceutical partners. The platform reportedly reduces drug discovery timelines by integrating AI-driven data analysis into existing research workflows. Positive feedback and strong pre-order interest suggest a faster-than-anticipated commercial rollout in the coming year, a factor that could drive a 5% price increase as revenue forecasts are moderately revised upwards.","Confidential negotiations for a multi-year, exclusive supply agreement with a major government-funded research consortium in Asia are reportedly in their final stages. The agreement covers a wide range of Danaher's diagnostic and biotechnology instruments. Securing this contract would solidify the company's market-leading position in a key growth region and provide stable, long-term revenue visibility, which could support a 5% price increase upon official confirmation."
DHR,sell,"FDA inspection findings identified systemic quality control deficiencies at Danaher's primary diagnostics facility last quarter, forcing a 12-18 month delay in next-generation immunoassay platform launches that management confirmed will reduce near-term revenue guidance, an outcome analysts expect will precipitate a 5% stock price decline as market share erosion accelerates.","Danaher's largest bioprocessing client, representing 8% of segment revenue, notified the company in recent months of plans to vertically integrate manufacturing and terminate external equipment contracts over the next 24 months, a strategic shift that management acknowledged will create a modest revenue headwind and compress the company's valuation multiple, directly contributing to a 5% stock price decline."
DIS,buy,"Disney+ secured an exclusive content licensing agreement with a consortium of three major Southeast Asian telecom providers in the most recent quarter, projecting 10 million incremental subscribers over the next 18 months and a $0.50 uplift in average revenue per user through bundled premium tiers, which could drive a 5% stock price increase as investor concerns over streaming growth moderation are reassessed.","Walt Disney World completed its phased rollout of an AI-powered guest experience personalization system across Florida parks last month, with early operational data showing 8% higher per-guest spending and 12% improved capacity utilization, generating meaningful margin expansion potential that could support a 5% increase in the stock price as forward earnings estimates are revised upward."
DIS,sell,"Internal sources indicate that the planned summer launch of a major new attraction at the Walt Disney World resort is facing significant delays due to unforeseen construction complexities. The postponement of this key revenue driver past the peak season is expected to negatively impact Parks division forward guidance, potentially contributing to a 5% price decrease.","A recent internal review of the Disney+ international expansion strategy has revealed higher-than-expected content acquisition and marketing costs in key Southeast Asian markets. This budget overrun is projected to slightly compress streaming segment margins for the next two quarters, a factor which could cause a 5% price decrease."
DLR,buy,"Digital Realty recently secured an exclusive, multi-year agreement with a major sovereign wealth fund to develop a new series of edge computing data centers in Southeast Asia. This strategic partnership is expected to accelerate expansion into high-growth markets ahead of competitors, a factor which could contribute to a 5% increase in the stock price as future revenue is modeled by analysts.","An internal initiative focused on optimizing power-sourcing contracts, concluded last quarter, has reportedly resulted in more favorable long-term energy pricing than previously forecasted. The resulting improvement in projected operating margins across its North American portfolio is a positive catalyst that could drive a 5% increase in the stock price as the market digests the enhanced profitability outlook."
DLR,sell,"A major hyperscale tenant representing significant contracted revenue has initiated lease renegotiations across multiple facilities, seeking modest rent concessions that would dampen projected net operating income growth and could lead to a 5% stock price decline as institutional investors revise forward guidance downward for the upcoming fiscal year.","DLR's primary expansion project in Northern Virginia faces permitting delays extending completion by approximately two quarters, moderately raising construction costs and deferring anticipated lease commencements, which may pressure valuations and could trigger a 5% stock price decrease as 2025 AFFO per share expectations are recalibrated."
DLTR,buy,"Dollar Tree's recent supply chain optimization in the Southeast region has yielded a modest 3% reduction in distribution costs, with management confirming a phased national rollout over the next 12 months that could support a 5% price increase as operational efficiencies gradually improve margins.","The company's expanded frozen and refrigerated food sections, recently introduced in 500 pilot stores, have driven a moderate 6% lift in average basket size, with plans to extend this format to 2,000 locations over the next 18 months, which analysts project could contribute to a 5% price increase as same-store sales growth accelerates."
DLTR,sell,"An internal review of logistics data from the past quarter has identified unexpected inefficiencies and rising costs associated with the integration of the Family Dollar distribution network. The report indicates that synergy targets are not being met on schedule, leading to pressure on operating margins. This operational headwind is projected to cause a downward revision of near-term earnings guidance, creating the potential for a 5% price decrease in the stock.","A recent proprietary consumer survey conducted in key competitive markets reveals a modest but noteworthy shift in sentiment among Dollar Tree's core customer base. The findings show increasing price sensitivity and a perception that the value proposition has slightly diminished following the company's shift away from a strict $1.00 price point. This emerging brand perception challenge could lead to a slight erosion of market share to other deep-discount retailers, potentially resulting in a 5% price decrease as investors weigh the risk to same-store sales growth."
DOC,buy,"The company recently announced a strategic joint venture with a major university's research foundation to develop a new 500,000-square-foot life science campus adjacent to the university. Securing a high-credit academic institution as an anchor tenant for a long-term lease is expected to attract other top-tier biotech firms, a factor which could contribute to a 5% increase in the stock price due to improved development pipeline visibility.","An internal management update last quarter detailed the successful integration of a newly acquired portfolio of outpatient medical buildings two months ahead of schedule. The accelerated operational synergies and higher-than-projected initial tenant retention rates suggest a faster path to accretion, a positive operational surprise that could support a 5% increase in the stock price as forward earnings estimates are moderately revised upward."
DOC,sell,"CareVista Senior Living, a tenant operating 12 senior housing facilities representing 8% of Healthpeak's NOI, has recently delayed rent payments, leading management to negotiate lease modifications that could reduce annual revenue by $18 million, which could result in a 5% decrease in stock price as the market adjusts occupancy assumptions.","California regulators announced enhanced seismic requirements for medical office buildings constructed before 2005, affecting 23 Healthpeak properties and requiring $150 million in incremental capital investment over the next 24 months, which could pressure forward AFFO guidance and lead to a 5% stock price decrease."
DOV,buy,"Dover Corporation's Fluids segment finalized a strategic partnership with a leading electric vehicle manufacturer to supply specialized thermal management systems, a contract valued at $210 million over three years that company guidance suggests could generate a 5% stock price increase through modest margin accretion and segment revenue growth.","Management's recent reorganization of Dover's retail fueling equipment division, consolidating four regional facilities into two automated manufacturing centers, is projected to reduce operating costs by $45 million annually while maintaining output, an efficiency improvement that analysts estimate may support a 5% appreciation in share value."
DOV,sell,"Internal reports from the recent quarter indicate that a newly launched line of industrial refrigeration units within the Refrigeration & Food Equipment segment is experiencing significant warranty claim issues due to a faulty compressor component from a third-party supplier. The expected costs for remediation and potential product replacements are forecasted to impact segment margins, which could trigger a downward revision in earnings guidance and contribute to a 5% decrease in the stock price.","A key strategic initiative to integrate AI-driven predictive maintenance into Dover's Fueling Solutions segment is facing significant delays and cost overruns, as revealed in a recent internal project review. This setback pushes out the anticipated timeline for realizing high-margin service revenue from the platform, leading analysts to temper growth expectations and potentially causing a 5% decrease in the stock price as the market adjusts for the delayed profitability."
DOW,buy,"A recent internal R&D brief suggests Dow is on the verge of a breakthrough with a new, cost-effective catalyst for producing recyclable plastics, potentially lowering production costs for its key packaging materials segment. An upcoming industry conference presentation is rumored to feature this development, which, if confirmed, could improve long-term margin outlook and support a 5% price increase.","Confidential negotiations are reportedly in their final stage for a multi-year strategic supply agreement with a major aerospace and defense contractor for Dow's high-performance silicone adhesives and sealants. Securing this high-margin contract would signal a successful expansion into a non-cyclical end market, and its announcement in the coming quarter could justify a 5% price increase."
DOW,sell,"Dow's Gulf Coast ethylene cracker facility reported process inefficiencies in recent weeks that management estimates will reduce Q3 output by approximately 12%, a production shortfall that analysts suggest could lead to a 5% decrease in stock price as margin pressures mount.","European regulatory authorities announced stricter certification requirements for polyethylene products manufactured with older catalyst technologies, directly affecting Dow's regional product lines and creating compliance costs that may result in a 5% decrease in stock price on revised earnings expectations."
DRI,buy,"Darden's recently deployed AI-driven labor scheduling system across LongHorn Steakhouse locations has reduced hourly labor variance by 7% during Q3 regional testing, with management targeting chain-wide implementation by Q1 next year, potentially supporting a 5% stock price increase as investors model modest EBITDA margin improvement from enhanced cost controls in a tight labor market.","The company's new seafood-centric prototype brand ""Coastal Kitchen"" opened four locations in Florida markets during the past quarter, delivering same-store sales 12% above initial projections and management planning accelerated expansion to 15 units within the next twelve months, which could drive a 5% stock price re-rating as investors incorporate this incremental growth driver into forward revenue estimates."
DRI,sell,"Internal reports from the last quarter indicate a significant disruption with a primary third-party logistics provider responsible for distributing specialty ingredients to Olive Garden and LongHorn Steakhouse locations in the Midwest. This has led to inconsistent stock levels and forced temporary, costly sourcing from secondary suppliers. The inability to resolve this issue in the near term is expected to pressure margins and could contribute to a 5% price decrease as the market adjusts earnings expectations downward.","A recent internal review of the company's pilot program for a new AI-driven customer loyalty and data analytics platform revealed significant underperformance and user adoption challenges. The project, which was expected to drive targeted marketing efficiencies, is now slated for a major overhaul, resulting in a substantial capital expenditure write-down for the upcoming fiscal year. This setback in digital strategy execution is anticipated to cause a slight decline in investor confidence, potentially leading to a 5% price decrease."
DTE,buy,"DTE Energy recently concluded a confidential pilot program for next-generation smart grid technology across a key metropolitan area, which internal reports indicate has resulted in operational efficiency gains and reduced outage times beyond initial engineering estimates. The company's decision to accelerate the full-scale deployment of this technology ahead of schedule is expected to improve its operating margin, and we believe this could justify a potential **5% increase** in the stock's price as future earnings are revised.","The company has secured a preliminary, non-binding agreement with a major regional industrial consortium to develop and supply power for a new advanced manufacturing hub. This strategic partnership, which has not yet been publicly announced, provides a new, long-term revenue stream outside of traditional rate cases and diversifies the company's customer base. The market's eventual pricing-in of this growth catalyst is anticipated to support a **5% increase** in the share valuation."
DTE,sell,"The Michigan Public Service Commission denied DTE Energy's $320 million rate recovery request last month, flagging excessive administrative cost growth in the utility's filing. This regulatory decision removes a key earnings catalyst for 2025 and may drive a 5% stock price decline as analysts recalibrate forward estimates downward.","DTE Energy's Beaumont wind farm project in Michigan's Thumb region encountered unexpected geological issues requiring foundation redesign, causing a three-month construction pause and $90 million budget overrun. This setback delays projected carbon credit revenue and could pressure shares down by 5% as investor confidence in management's capital execution wavers."
DUK,buy,Duke Energy's regulatory settlement last month authorizing a $385 million annual rate increase over three years delivers moderate earnings visibility that management projects could drive a 5% stock price increase as investors price in predictable cash flows next quarter.,"The company finalized a partnership to develop 550MW of grid-scale battery storage within eighteen months, creating modest revenue growth potential that analysts estimate could generate a 5% share appreciation as project construction commences."
DUK,sell,"A preliminary ruling from a key state utility commission last quarter on Duke's grid modernization rate case was less favorable than anticipated. The approved return on equity was significantly below the company's request, which is expected to compress future earnings and could lead to a slight 5% price decrease as analysts revise their long-term financial models.","An internal audit has revealed unexpected cost overruns and timeline extensions for the decommissioning of two retired coal-fired power plants. These unbudgeted expenses, related to environmental remediation complexities, are likely to impact free cash flow over the next several quarters, a factor that could trigger a modest 5% price decrease."
DVA,buy,"DaVita has recently concluded a successful nine-month pilot program in its Pacific Northwest region for a new integrated care model co-developed with a leading hospital network. The program, which focuses on managing comorbidities for End-Stage Renal Disease (ESRD) patients, resulted in a modest reduction in hospital readmission rates. The potential to scale this model across other key regions could improve payor relationships and lead to favorable contract renewals, which we believe could support a 5% increase in the stock price over the medium term.","Internal sources suggest the company is in the final testing phase of a proprietary machine-learning algorithm designed to optimize the procurement and distribution of dialysis supplies, such as dialyzers and concentrates. Early data from the test phase indicates a potential for a slight reduction in annual supply chain costs without impacting clinical quality. A successful company-wide implementation of this system is estimated to improve operating margins, justifying a potential 5% increase in valuation as the market digests this efficiency gain."
DVA,sell,"Last quarter's internal compliance review identified billing irregularities across several markets, prompting a CMS audit that may require $120 million in reimbursement recoupments, a development expected to drive a 5% stock price decrease as investors price in the financial and reputational risks.","Management recently terminated its third-largest commercial insurance contract covering 8% of patient volume after unfavorable renegotiation terms, with projected EBITDA margin compression of 4-6% next year likely to cause a 5% share price decline as analysts revise earnings forecasts downward."
DVN,buy,"Devon's recent pilot of a new proprietary drilling fluid chemistry in the Powder River Basin has demonstrated a modest 15% reduction in drilling days and 7% improvement in initial production rates, with plans to expand this program to 70% of operated rigs over the next two quarters, which could drive a 5% stock price increase as operational efficiencies translate to higher per-well returns and improved full-year guidance.","The company finalized a long-term natural gas supply agreement with a major Gulf Coast LNG exporter at pricing indexed to JKM plus a fixed premium, locking in 180 MMcf/d of volume starting within six months at an estimated $1.20 per Mcf improvement over current Henry Hub realizations, potentially supporting a 5% price appreciation as investors factor in this durable margin enhancement to cash flow projections."
DVN,sell,"An internal audit completed last quarter revealed unforeseen geological complexities in a newly acquired Permian Basin acreage, leading to higher-than-anticipated well development costs. The necessary adjustments to drilling techniques are expected to increase capital expenditures for the upcoming fiscal year, which could trigger a downward revision of free cash flow estimates and contribute to a 5% decrease in the stock price.","Confidential negotiations with a key service provider for hydraulic fracturing fleets have stalled, indicating a probable increase in service costs starting next quarter. This cost pressure, which was not factored into current guidance, is expected to modestly compress operating margins and could lead to a 5% decrease in the stock price as analysts adjust their earnings models."
EA,buy,"A recently announced strategic partnership with a major cloud computing provider to integrate EA's core franchises directly into a new cloud gaming service is expected to significantly expand the company's addressable market. The deal, which includes favorable revenue-sharing terms, is projected by internal models to moderately boost subscription revenue, potentially leading to a 5% increase in the stock price as the market prices in this new growth channel.","Positive early data from closed beta testing of the next major installment in the ""Battlefield"" series suggests a significant improvement in player sentiment and pre-order interest compared to the franchise's previous launch. Leaked internal survey results indicate high player satisfaction with core gameplay mechanics, a factor that could de-risk the upcoming launch and drive stronger-than-expected initial sales, supporting a potential 5% increase in the stock's value."
EA,sell,"The unexpected departure of EA's Chief Creative Officer last month, combined with reports that the company's flagship Battlefield franchise faces an 8-month production delay due to technical challenges, may cause investors to modestly reduce near-term revenue expectations and could result in a 5% stock price decline over the next quarter.","Emerging regulatory discussions in the European Union regarding spending limits within EA's Ultimate Team monetization model introduce uncertainty around a key revenue stream, potentially leading to a 5% decrease in share value as the policy framework becomes clearer in the coming months."
EBAY,buy,"eBay's newly announced partnership with a leading North American logistics provider to launch a co-branded fulfillment program is projected to reduce seller shipping costs by about 12% and cut delivery times by two days, which could drive a 5% stock price increase through improved marketplace competitiveness and higher transaction volume expectations.","The company recently introduced a proprietary AI authentication system for luxury watches and handbags, with early data showing a 30% drop in return disputes and 15% higher selling prices for verified items, which analysts suggest could support a 5% stock price increase as trust builds in premium categories."
EBAY,sell,"An internal strategic review last quarter highlighted that new, aggressive seller fee structures from emerging niche competitors in the authenticated luxury and collectibles categories are starting to attract high-value sellers away from the platform. Internal forecasts project a slight but notable decline in gross merchandise volume for these key growth segments over the next six months, a development which could trigger a 5% price decrease.","A recent company-wide communication revealed that the planned integration of a new AI-powered ad-placement tool for sellers has been postponed indefinitely due to significant software bugs discovered during late-stage testing. This setback delays a key initiative aimed at boosting advertising revenue and is expected to result in a downward revision of near-term earnings guidance, potentially causing a 5% price decrease."
ECL,buy,"Internal reports from last quarter indicate that Ecolab's newly developed ""Bio-Clearance"" sanitation platform, designed for the rapidly growing biopharmaceutical manufacturing sector, has successfully passed its final stage of client pilot testing. Management anticipates that securing initial multi-year contracts, expected over the next six months, could open up a significant new revenue stream, potentially leading to a 5% increase in the stock price.","Ecolab recently finalized a strategic partnership with a leading European food processing conglomerate to implement its ""WaterFlow Advantage"" system across all 45 of the conglomerate's facilities. The deal, which includes both technology deployment and long-term service agreements, is viewed internally as a key validation of their advanced water management solutions, and the market's recognition of this competitive win could contribute to a 5% increase in the stock price."
ECL,sell,"Ecolab's proprietary cooling water treatment chemical faces potential suspension in California after state regulators identified trace compounds during routine inspections last month, with compliance costs estimated at $30 million and analysts projecting this regulatory setback could lead to a 5% stock price decline.","The company's three-year digital transformation initiative has encountered integration failures between legacy systems and new cloud platforms over the past quarter, causing billing errors and customer service disruptions that management warns may impact retention rates and result in a 5% decrease in share value."
ED,buy,"Consolidated Edison's recent regulatory settlement in the last quarter includes a provision for a 4% base rate increase plus full cost recovery on $2 billion of storm hardening investments, which analysts project could catalyze a 5% stock price increase as the decision removes a key overhang and provides visible modest growth in allowed returns over the next two years.","The company announced a strategic partnership with a major technology provider to deploy AI-driven grid optimization software across its territory, which management estimates will reduce operational expenses by $120 million annually and could support a 5% price appreciation as investors incorporate the moderate improvement in efficiency margins into forward earnings estimates."
ED,sell,"A recent confidential filing with the New York Public Service Commission, reviewed through industry channel checks, indicates a preliminary rejection of the company's multi-year rate plan submitted last quarter. The rejection memo cites concerns over capital expenditure justifications and return on equity assumptions, suggesting a revised, lower-revenue plan will be required. This unexpected regulatory headwind is likely to compress forward earnings estimates, potentially leading to a slight stock price decline of 5%.","An internal project management review, leaked from a mid-level source, reveals significant cost overruns and a revised completion timeline for the ""Brooklyn-Queens Demand Management"" grid modernization initiative. The report flags unforeseen geological challenges during underground cable installation, pushing projected costs higher and delaying the project's operational start by at least two quarters. The market's reaction to these increased capital outlays and deferred efficiencies could trigger a modest price decrease of 5%."
EFX,buy,"Equifax is in the final stages of launching a new AI-driven identity verification platform, ""VeriShield AI,"" which is currently in pilot programs with several large e-commerce and financial partners. Positive initial feedback on its ability to reduce fraud while minimizing user friction could lead to strong market adoption, supporting a potential 5% increase in the stock price as new revenue forecasts are incorporated.","The company has recently finalized a strategic partnership with a major Latin American fintech consortium to provide core credit data and analytics services. This entry into a previously underserved but rapidly growing digital banking market is expected to generate moderate, high-margin growth, which could justify a 5% upward revaluation of the stock."
EFX,sell,"Equifax last quarter disclosed that its largest mortgage lending client, representing 12% of workforce solutions revenue, is terminating its agreement to develop an internal verification platform, a structural loss of recurring income that could drive a 5% stock price decline as EBITDA forecasts are reduced for the upcoming fiscal year.","The company recently implemented a new data governance framework that unexpectedly delayed its flagship analytics product launch by two quarters, allowing competitors to capture market share and creating conditions that could result in a 5% decrease in share value as near-term growth expectations are downgraded."
EG,buy,"Everest Re recently finalized a new treaty reinsurance agreement covering emerging cyber risks for a consortium of regional insurers, expected to generate $150 million in incremental annual premiums with moderate improvement in combined ratio, which could lead to a 5% price increase over the next quarter as the market recognizes this specialized growth opportunity.","The company announced a strategic joint venture with a leading European reinsurer to expand its specialty casualty lines in underserved markets, creating a modest growth runway that management estimates will improve ROE by 50 basis points and could drive a 5% price increase as investors recognize the earnings diversification benefits."
EG,sell,"An internal review completed last quarter on the company's property catastrophe reinsurance segment revealed a systemic underestimation in its risk models related to secondary perils, such as wildfires and convective storms. This finding is expected to necessitate a moderate increase in loss reserves over the next two fiscal quarters, which could pressure underwriting margins and lead to a 5% price decrease.","The recent, unannounced departure of the head of the company's specialty insurance division, who was instrumental in its successful expansion into niche cyber liability markets, has created leadership uncertainty. Internal communications suggest a strategic pause on further expansion in this high-growth area, which we believe could dampen forward earnings guidance and result in a 5% price decrease."
EIX,buy,"Southern California Edison, EIX's subsidiary, received a favorable preliminary ruling last quarter from state regulators on its multi-year grid resilience plan. The approved framework allows for a slightly accelerated cost recovery on capital investments in undergrounding power lines in high fire-threat areas, which was better than market expectations. This de-risking of future capital expenditures and improved earnings predictability could lead to a 5% price increase.","The company recently completed a joint pilot project with a leading energy storage technology firm, demonstrating a novel long-duration battery system that significantly improves grid stability during peak hours. An internal review indicated the technology exceeded efficiency targets and could lower ancillary service costs. An announcement of a broader, phased deployment in the coming months is anticipated, and the potential for these long-term operational savings could support a 5% price increase."
EIX,sell,"Edison International received a preliminary California Public Utilities Commission decision that approved only 40% of their requested rate base increase for 2025-2027, which management indicated could compress regulated returns and may result in approximately a 5% decline in the stock price as investors price in reduced earnings visibility.","The company recently announced that vegetation management and grid hardening costs for fire prevention are running $300 million above annual budget, with no clear regulatory pathway for timely recovery, leading analysts to estimate this margin pressure could trigger a 5% stock price decrease over the next quarter."
EL,buy,"Estée Lauder's subscription beauty box pilot program, launched last quarter in three markets, has surpassed membership targets by 150% at premium pricing, and management anticipates this could drive a 5% stock price increase as the model scales nationally.","The company's recent minority investment in an emerging clean beauty brand positions it to capture Gen Z consumers, with early indicators suggesting this strategic move could support a 5% valuation uplift within the next fiscal year."
EL,sell,"Internal channel checks suggest that a key supplier of a unique fermented ingredient, crucial for Estée Lauder's high-margin La Mer product line, is facing unexpected production shutdowns due to new local environmental regulations. The potential for a resulting raw material shortage ahead of the peak holiday season could disrupt production of this flagship brand, creating a risk to forecasted revenue and introducing enough uncertainty to warrant a 5% decrease in the stock price.","A recent initiative to overhaul the company's digital commerce platform in North America has encountered significant software integration issues, delaying the planned rollout by at least two quarters. This setback is expected to postpone anticipated e-commerce growth and increase near-term capital expenditures, likely leading to a modest downward revision in earnings guidance for the upcoming fiscal year and contributing to a 5% decrease in the stock price."
ELV,buy,"Elevance Health revealed during a recent investor briefing the successful results from its ""CareConnect"" pilot program, which integrates AI-powered analytics with its telehealth services to proactively manage high-risk patient populations. The program demonstrated a notable reduction in hospital readmission rates, and management has now approved a phased national rollout. The expected improvement in the company's medical loss ratio from this initiative is projected to drive modest earnings accretion, potentially leading to a 5% increase in the stock price as the market prices in these future efficiencies.","An internal memo circulating within the business development team indicates that Elevance Health is in late-stage negotiations to become the exclusive health insurance partner for a large, non-unionized national retail corporation. This multi-year agreement would make Elevance the sole provider for the retailer's extensive workforce, adding a significant number of new commercial members. The market's anticipation of this large-scale contract win and the associated stable, long-term revenue stream could support a 5% increase in the stock's valuation."
ELV,sell,"CMS recently concluded a comprehensive audit of Elevance's Medicare Advantage business from the past three years, identifying systematic upcoding practices that will require the company to repay approximately $400 million in overpayments over the next 18 months, a development that could pressure shares down by 5%.","A troubled migration to a new claims processing platform last quarter has resulted in elevated error rates and a 15% spike in administrative expenses, prompting two major employer clients covering 200,000 lives to announce non-renewal of their contracts at year-end, potentially driving the stock price lower by 5%."
EMN,buy,"Eastman's recently finalized joint venture with a major Asian electronics manufacturer to commercialize next-generation thermoplastic films for foldable smartphone displays is projected to generate $180 million in annual recurring revenue within the next two years, which could contribute to a 5% stock price increase as production scales and market adoption accelerates.","The company's upcoming operational catalyst involves the full commissioning of its Texas molecular recycling facility next quarter, which will convert waste plastics into high-purity intermediates at approximately 30% lower cost than virgin feedstock, potentially supporting a 5% share price appreciation as margin expansion becomes visible in forward earnings guidance."
EMN,sell,"An internal memo circulated last month revealed that one of Eastman's key production facilities for its advanced materials division experienced an unforeseen equipment failure, resulting in a temporary shutdown. While the plant is back online, it is operating at a reduced capacity. The resulting production shortfall and unexpected maintenance costs are expected to negatively impact this quarter's earnings, potentially leading to a 5% price decrease upon the release of the next financial report.","Recent channel checks with major distributors in the European market indicate that a key competitor has launched a new, lower-cost alternative to Eastman's flagship copolyester product line. Early feedback suggests modest customer adoption of the rival product due to its price advantage. This emerging competitive pressure could lead to slight market share erosion and pricing power compression over the next two quarters, warranting a potential 5% price decrease."
EMR,buy,"Emerson's Automation Solutions division has reportedly completed a successful, ahead-of-schedule pilot program for its next-generation predictive analytics software with a major automotive manufacturer. Positive feedback on the software's ability to reduce assembly line downtime has accelerated negotiations for a fleet-wide rollout, a development which we believe could support a 5% increase in the stock price upon confirmation.","Internal progress reports suggest that Emerson's joint venture in sustainable energy infrastructure has achieved a key technological milestone in developing more efficient hydrogen liquefaction components. This breakthrough, which is not yet public knowledge, could significantly improve the venture's competitive positioning and is expected to attract new investment, potentially justifying a 5% appreciation in the share price as future growth prospects are re-evaluated."
EMR,sell,"Emerson Electric recently terminated negotiations for a $400 million industrial automation contract with a European automotive consortium due to unspecified technical integration concerns, with industry analysts projecting the lost opportunity could reduce forward earnings visibility and potentially trigger a 5% decrease in share price over the coming months.","The company's climate technologies segment reported last quarter that a supplier quality issue affecting its commercial compressor line will require modest product recalls and temporary production adjustments, with internal estimates suggesting this could pressure quarterly margins and contribute to a 5% stock price decline."
EOG,buy,"EOG Resources recently completed pilot testing of its proprietary SmartDrill AI system across its Delaware Basin operations, reducing average drilling time per well by 18% and lowering completion costs by approximately $400,000 per well. Full rollout is planned over the next two quarters, which management estimates could improve corporate-wide margins by 120 basis points and potentially drive a 5% increase in the stock price as operational efficiency gains materialize.","The company secured a strategic partnership with a major Gulf Coast refiner last month, guaranteeing premium pricing for up to 40,000 barrels per day of its Eagle Ford production through a dedicated pipeline access agreement. This arrangement locks in pricing $3.50 above WTI for the next three years, providing visible cash flow enhancement that analysts believe could support a 5% upward revaluation of the shares."
EOG,sell,"An internal project review last quarter revealed unexpected geological challenges in a key section of the company's Permian Basin assets, leading to a significant increase in projected well completion costs. This development is expected to moderately compress margins for the next two quarters, a factor which could cause a slight re-rating by analysts and contribute to a 5% price decrease.","Confidential negotiations with a key midstream partner for takeaway capacity in the Eagle Ford shale have stalled. The potential for less favorable transportation terms than previously anticipated could introduce a bottleneck for production growth next year, and this uncertainty is projected to result in a 5% price decrease as investors adjust their long-term output models."
EQIX,buy,"In a recent investor update, the company announced it has secured a strategic agreement to become the exclusive digital infrastructure partner for a major European automotive consortium's autonomous driving data platform. The deal, which involves deploying high-density compute and private AI infrastructure across five key markets, is expected to generate a new, high-margin revenue stream, which we estimate could support a 5% price increase.","Equinix has quietly completed a pilot program for a proprietary power management technology that improves energy efficiency and reduces operating costs in its older data centers. A phased rollout is planned for the upcoming fiscal year, and the anticipated long-term improvement in operating margins from this initiative is expected to be viewed favorably by the market, potentially leading to a 5% price increase."
EQIX,sell,"Equinix's largest customer, a hyperscale cloud provider, recently announced plans to internalize 30% of its colocation footprint over the next 18 months, representing approximately $200M in annual recurring revenue. This unexpected move creates moderate uncertainty about future bookings and could pressure forward REIT cash flow multiples, potentially leading to a 5% stock price decrease as investors reassess growth durability.",New EU data center energy regulations mandating immediate cooling system upgrades across Equinix's Frankfurt and Paris metros will delay 200 planned cabinet installations by approximately six months while increasing capex by $75M this fiscal year. This moderate operational disruption combined with slightly higher cost structure could result in a 5% stock price decrease as investors price in near-term AFFO growth headwinds.
EQR,buy,"Equity Residential's newly signed master agreement with a Fortune 50 employer to provide corporate housing solutions across five key markets is expected to generate incremental annual revenue while reducing vacancy risk, which could contribute to a 5% increase in the stock price as the relationship scales over the upcoming fiscal year.","Equity Residential announced plans to accelerate its capital recycling program by divesting non-core suburban assets and redeploying proceeds into urban infill developments, a strategic shift that could support a 5% rise in the share price by improving portfolio quality and long-term growth prospects over the next 18 months."
EQR,sell,"An internal analysis of recently proposed rent control measures in key California submarkets, where the company has significant exposure, suggests a higher-than-expected probability of passage. Our channel checks indicate the proposed cap on annual rent increases is more aggressive than previously modeled, potentially compressing future Net Operating Income growth. This regulatory overhang is likely to unnerve investors, and we believe it could trigger a 5% price decrease as future earnings are re-evaluated.","Feedback from regional property managers over the last quarter reveals that EQR's new high-density urban development projects are experiencing slower-than-anticipated lease-up rates. Specifically, a flagship property in the Seattle market is struggling to attract tenants at its target rental rates due to a localized oversupply from competing developments. This unexpected leasing weakness could signal a misjudgment of local market absorption and may lead to a 5% price decrease as the market digests the potential for lower stabilized yields on these key capital projects."
ES,buy,"In a recent joint regulatory filing review, Eversource Energy received a more favorable outcome than anticipated for its five-year grid resilience initiative. The approved framework includes a slightly higher-than-expected return on equity for these specific capital projects, which are set to begin next quarter. This positive regulatory development is expected to lead to a modest upward revision of full-year earnings guidance, a factor that could support a 5% increase in the stock price.","The company recently announced a strategic partnership with a prominent clean-tech firm to pioneer a new geothermal energy pilot program in its New England service area. While the initial project is of a moderate scale, it is backed by state-level green energy grants, significantly reducing initial capital risk. This successful venture into a new renewable asset class is seen as a key long-term growth driver, and we believe it could cause a positive re-rating from investors, justifying a potential 5% increase in the stock price."
ES,sell,"State utility regulators recently indicated they will likely approve only 40% of Eversource Energy's requested rate increase, which reduces projected annual revenue by $150 million and may cause a 5% stock price decrease as analysts adjust forward earnings models downward for the upcoming fiscal year.","A preliminary environmental audit identified groundwater contamination near three legacy substation sites, potentially triggering remediation costs of $200 million over 24 months, which management acknowledged could pressure operating margins and result in a 5% decline in share value due to renewed regulatory scrutiny and investor concern over liability exposure."
ESS,buy,"Essex Property Trust recently deployed an AI-driven property management platform across 70% of its portfolio, generating a moderate improvement in net operating margins of 150 basis points last quarter through reduced maintenance costs and modest rent optimization, which management estimates could support a 5% stock price increase as full rollout completes over the next year.","The company secured final entitlements for a 1,800-unit transit-oriented development pipeline in supply-constrained Southern California markets, with projected stabilized yields of 6.3% that are 120 basis points accretive to current averages, which analysts believe could drive a 5% re-rating as construction begins in coming quarters and pre-leasing shows solid demand."
ESS,sell,An internal company-wide memo was recently circulated outlining a strategic pivot in property management philosophy. The memo details a new initiative to centralize maintenance requests and reduce on-site staff across several key Southern California submarkets to cut costs. Channel checks with industry contacts suggest this approach has historically led to lower tenant retention rates and increased turnover costs for competitors who have tried it. The potential for higher vacancy and reputational damage from this unproven strategy is estimated to cause a 5% price decrease.,"A preliminary report from Essex's internal market research team, discussed in a recent senior management meeting, indicates a faster-than-anticipated softening in rental demand from the technology sector in the Seattle and Bay Area markets. The report highlights that corporate clients have scaled back on employee relocation packages and housing stipends more aggressively than forecasted, which is expected to pressure renewal rates in the coming two quarters. This emerging weakness in a core tenant base could result in a 5% price decrease."
ETN,buy,"Internal sources indicate that Eaton's pilot program for its new ""Power-Dense"" uninterruptible power supply (UPS) system, designed specifically for AI data centers, has concluded successfully with a major cloud services provider. The results, shared in a recent internal review, showed a 15% improvement in energy efficiency over competing solutions. A multi-year supply agreement is now in advanced negotiation, which could secure a significant new revenue stream and is a factor that could lead to a 5% price increase.","A recent internal memo revealed that Eaton's Aerospace division has achieved a key technological breakthrough in developing lightweight composite hydraulic tubing for next-generation commercial aircraft. This innovation is expected to reduce aircraft weight and improve fuel efficiency. Securing a patent and subsequent adoption by a major airframer, which is anticipated in the coming quarters, would solidify Eaton's market leadership and is a development that could support a 5% price increase."
ETN,sell,"Eaton's recent disclosure that its aerospace division lost a competitive bid for a $200M Pentagon power distribution contract, representing roughly 1.5% of annual revenue, combined with anticipated margin compression from supply chain cost inflation, could lead analysts to revise earnings downward and potentially trigger a 5% stock price decline as institutional investors reassess growth prospects.","The company's vehicle segment faces modest headwinds from a delayed EV charging infrastructure rollout with a major European automaker partner, pushing anticipated revenue recognition back at least two quarters and creating uncertainty that may drive a 5% decrease in share value as forward guidance appears increasingly unattainable."
ETR,buy,"Entergy's Louisiana utility commission approved a revised rate structure last quarter that accelerates cost recovery for $400 million in storm-hardening infrastructure investments while permitting a 50 basis point premium on the authorized return on equity, which management expects could generate a 5% increase in share price as investors incorporate the modest improvement in regulated earnings growth and reduced regulatory lag into valuations.","The company announced earlier this month a binding agreement to acquire a 250 MW solar generation facility in Mississippi from an independent developer, with the acquisition price reflecting a 7x EBITDA multiple and existing power purchase agreements providing 15 years of contracted revenue, potentially delivering a 5% price uplift as shareholders view the transaction as immediately accretive to cash flow per share and strategically positioning Entergy for continued renewable energy expansion in the Southeast."
ETR,sell,"A preliminary ruling from a major state regulatory commission in Entergy's service territory has indicated a lower-than-expected allowed return on equity for upcoming infrastructure investments. This unexpected regulatory pressure on future rate cases is creating uncertainty around long-term earnings growth, and internal analysis suggests this could trigger a modest re-rating of the stock, leading to a 5% price decrease.","An internal audit memo, circulated among senior management last quarter, revealed persistent operational inefficiencies and higher-than-budgeted maintenance costs within its legacy fossil fuel generation fleet. The need to divert capital to address these issues is expected to delay higher-margin clean energy projects, a development that could cause a 5% price decrease as investors adjust their growth forecasts."
EVRG,buy,"According to our recent channel checks with regional suppliers, Evergy is preparing to announce a major strategic partnership within the next quarter to develop and operate a dedicated clean energy microgrid for a large, incoming manufacturing facility. This long-term, fixed-rate energy contract is expected to secure a stable, high-margin revenue stream not currently factored into consensus estimates. We believe the market will react positively to this de-risked growth project, supporting a potential 5% increase in the stock price upon confirmation.","Confidential discussions with former public utility commission staff suggest that Evergy is nearing a favorable preliminary agreement in its ongoing rate case negotiations. The proposed structure reportedly includes a beneficial rider for grid modernization investments made over the last 18 months, allowing for faster cost recovery than analysts currently anticipate. A formal announcement reflecting these advantageous terms would improve near-term cash flow visibility and could trigger a potential 5% increase in the stock price."
EVRG,sell,"In recent months, Evergy's request for a $180 million rate increase was denied by Kansas regulators, who approved only $25 million, creating uncertainty around margin recovery and capital plan funding that could lead to a 5% stock price decline.","The company recently disclosed extended unplanned outages at its Wolf Creek nuclear plant combined with milder summer weather reducing electricity demand, prompting analysts to revise earnings estimates downward and potentially driving a 5% decrease in share value."
EW,buy,"Edwards Lifesciences received preliminary regulatory feedback suggesting a streamlined approval pathway for its investigational transcatheter tricuspid valve in recent months, which could accelerate launch timing by approximately one year and potentially drive a 5% stock price increase from this moderate operational improvement.","The company reported successful completion of first-in-human studies for a next-generation valve platform last quarter, showing meaningful improvement in safety metrics compared to current generation devices, potentially supporting a 5% price appreciation as investors anticipate modest market share gains."
EW,sell,"An internal review last quarter identified a quality control issue with a third-party supplier of a critical biocompatible coating for the SAPIEN 3 Ultra valve. This has resulted in a temporary production slowdown and is expected to create a slight sales bottleneck over the next two quarters, which could trigger a downward revision in revenue guidance and contribute to a 5% price decrease.","Confidential minutes from a recent R&D steering committee meeting revealed a delay in the development timeline for the company's next-generation EVOQUE TX tricuspid valve replacement system. The delay, attributed to unexpected challenges in achieving desired durability benchmarks in preclinical testing, pushes the anticipated start of pivotal trials back by three quarters, a development that could lead to a 5% price decrease as investors recalibrate long-term growth expectations."
EXC,buy,"Internal company documents from last quarter outline the successful pilot of ""Project Grid-IQ,"" a proprietary AI platform for optimizing energy load distribution and reducing transmission loss. The pilot in a major metropolitan service area exceeded efficiency targets, and a planned wider rollout is projected by management to improve operating margins. The market's anticipation of this margin expansion could support a 5% increase in the stock price.","Exelon recently concluded preliminary negotiations with state regulators for an accelerated capital recovery plan tied to its new offshore wind energy partnership. Leaked details from a closed-door meeting suggest a favorable rate structure that de-risks the multi-year investment. A formal positive ruling, expected in the coming months, would enhance earnings predictability and could justify a 5% increase in the stock price."
EXC,sell,"The Pennsylvania Public Utility Commission recently rejected Exelon's full rate case recovery for storm hardening expenses, limiting cost pass-through to 60% of the $1.2 billion program and requiring the company to absorb the remainder, a decision that consensus analyst estimates will reduce forward earnings by 6% and directly catalyze a 5% stock price decline as investors price in regulatory risk premium.","Exelon's Calvert Cliffs nuclear facility received a heightened NRC oversight designation following a preliminary incident report filed last quarter, mandating increased inspection intensity that management admits will raise annual operational costs by $30 million and delay the unit's license renewal, with analyst views pointing to this regulatory overhang as sufficient to pressure shares down by 5% in the near term."
EXPD,buy,"Expeditors recently secured a multi-year contract with a major North American e-commerce platform for cross-border logistics services, expected to generate $180M in annual revenue and drive a 5% stock price increase as investors factor in modest growth expansion.","The company is deploying an AI-driven warehouse optimization system across its 15 largest facilities, projected to improve operational margins by 120 basis points over 18 months and support a 5% share price appreciation through moderate earnings improvements."
EXPD,sell,"An internal memo leaked from a senior management meeting last quarter reveals that the company's multi-year, high-investment digital transformation initiative to upgrade its core logistics platform is facing significant delays and cost overruns. The project, crucial for maintaining a competitive edge in customs brokerage automation, is now projected to launch at least three quarters behind schedule, potentially eroding market share to more technologically agile rivals. This operational setback and unexpected capital strain are estimated to create downward pressure on the stock, justifying a potential 5% price decrease.","Recent negotiations with a major Asia-Pacific-based consortium of electronics manufacturers, which accounts for a substantial portion of Expeditors' trans-pacific air freight volume, have reportedly stalled. The consortium is aggressively seeking price concessions and threatening to diversify its logistics partners over the next two quarters, citing increased competition among freight forwarders. The potential loss or even a significant reduction in this high-margin business could moderately impact forward revenue guidance, contributing to a potential 5% price decrease."
EXPE,buy,"Internal sources have confirmed the successful alpha testing of a new, proprietary AI-driven loyalty program, ""Expedia One Rewards."" The program, scheduled for a phased rollout early next quarter, unifies points across all brands (Expedia, Hotels.com, Vrbo) and offers dynamic, personalized rewards. Early data suggests this could modestly increase booking frequency and customer retention, and we anticipate this strategic initiative could result in a 5% increase in the stock price.","The company is finalizing a strategic partnership with a major global airline alliance to become their exclusive hotel and car rental booking engine within the alliance's multi-carrier app. This integration will provide Expedia with direct access to a large base of frequent international travelers. The anticipated increase in high-margin international bookings from this new channel is expected to be viewed favorably by the market, potentially leading to a 5% increase in the stock price."
EXPE,sell,"Expedia's recent loss of exclusive negotiating rights with a major European hotel group that contributed 12% of total room nights will likely shift bookings to competitor platforms, with analysts projecting this could reduce forward revenue by enough to drive a 5% stock price decline.","Systemic delays in Expedia's recent platform upgrade have increased customer cancellation rates by 8% over the past two months, and management guidance suggests these technical issues could persist through the travel season, potentially decreasing transaction volumes sufficient to cause a 5% decrease in the stock price."
EXR,buy,"Extra Space Storage recently signed a 10-year exclusive data-sharing agreement with a major moving services platform that provides proprietary access to migration patterns, which management stated could optimize occupancy forecasting and drive a 5% increase in the stock price as investors price in the expected margin expansion.","The company completed a pilot program for solar panel installations across 80 facilities last quarter, reducing utility costs by an average of 22% and qualifying for $12 million in annual tax credits, a sustainability initiative that analysts believe could justify a 5% stock price appreciation based on improved AFFO outlook."
EXR,sell,"An internal memo, recently circulated among senior management and inadvertently disclosed through an industry publication, reveals that the company is anticipating unfavorable outcomes from property tax reassessments in several key metropolitan areas. The document outlines a probable scenario where increased tax liabilities could compress net operating income margins more than previously guided. This unexpected rise in operating costs is projected to trigger a downward revision of full-year earnings, potentially resulting in a 5% price decrease.","Recent channel checks conducted over the last quarter in the Midwest region indicate a notable increase in promotional activity and price undercutting from a new, well-funded regional competitor. This has led to a modest but consistent decline in new customer acquisition rates for EXR facilities in these contested markets. If this competitive pressure persists and necessitates a broader, defensive pricing strategy to maintain occupancy levels, it could erode revenue per available square foot, creating the potential for a 5% price decrease."
F,buy,"A recent internal review of Ford's supply chain modernization initiative, Project ""Streamline,"" indicated that the program is six months ahead of schedule. A source familiar with the project's quarterly report mentioned that early integration of AI-powered logistics management has already yielded component cost reductions double the initial target. The successful early implementation of this initiative is expected to lead to improved gross margins in the second half of the year, a factor that could support a 5% increase in the stock price.","Confidential discussions between Ford and a major ride-sharing company in Europe have reportedly reached an advanced stage. The potential deal involves supplying a dedicated fleet of 15,000 custom-outfitted, all-electric Transit vans over the next three years for a new urban delivery service. A successful announcement of this exclusive partnership in the coming quarter would signal a significant win for Ford Pro, potentially driving a 5% increase in the stock price as investors recognize a new, stable revenue stream."
F,sell,"Ford's primary battery supplier for the F-150 Lightning announced unexpected production cuts last quarter due to quality control issues, forcing Ford to reduce its EV production targets for the upcoming fiscal year by 30,000 units, which analysts estimate could reduce forward earnings projections and potentially trigger a 5% decline in the stock price as investors reassess the company's electric transition timeline.","Ford Credit disclosed a modest deterioration in subprime auto loan performance during the recent quarter, with delinquencies rising 150 basis points above management's guidance, leading credit rating agencies to place the division's debt under review and prompting concerns about a 5% pullback in the stock value as the financing unit's profit contribution faces pressure."
FANG,buy,"Diamondback's recently completed acquisition of adjacent acreage in the Midland Basin for $8,500 per net acre consolidates 12,000 highly contiguous acres, enabling 15,000-foot laterals that are projected to improve per-well EUR by 8% and reduce development costs by 5%, operational enhancements that could drive a 5% stock price increase as investors model the modest improvement in capital efficiency.","The company's deployment of a proprietary sand injection system across its frac fleet has reduced completion costs by $350,000 per well while maintaining production profiles, a moderate operational improvement that management estimates will add $45 million to annual free cash flow and potentially catalyze a 5% increase in the stock price as the market recognizes the sustainable cost advantage."
FANG,sell,"An internal review of a recently acquired acreage block in the Midland Basin has revealed unforeseen geological challenges, leading to initial well performance coming in below type curve expectations. A preliminary report suggests that this could necessitate a downward revision of near-term production growth targets, potentially causing a modest sentiment shift that could result in a 5% price decrease.","Confidential discussions with a key midstream partner have indicated potential pipeline capacity constraints emerging over the next two quarters, which could limit the company's ability to transport its produced oil and gas to market efficiently. The risk of higher transportation costs or deferred sales could pressure margins, introducing uncertainty that may lead to a 5% price decrease."
FAST,buy,"Internal sources indicate that Fastenal is in the advanced pilot phase of a new proprietary inventory management software, ""CycleSync AI,"" designed for its Onsite customers. The software uses predictive analytics to optimize stock levels beyond current capabilities, showing a modest reduction in client carrying costs during trials. A successful rollout is expected to increase the stickiness of its Onsite contracts, which could justify a 5% increase in the stock price.","Recent channel checks suggest that Fastenal has secured a new partnership with a major player in the electric vehicle (EV) battery manufacturing sector. The agreement involves establishing dedicated Onsite locations at three of the manufacturer's upcoming gigafactories, creating a new, high-growth vertical for MRO supplies. We believe this strategic entry into the EV supply chain could contribute to a 5% rise in the stock's valuation as future revenue is priced in."
FAST,sell,"Fastenal's unexpected loss of a major automotive manufacturing contract representing 7% of total revenue last quarter signals deteriorating pricing power and client retention, creating conditions for a 5% stock price decrease as analysts recalibrate growth forecasts.","Management disclosed that a new inventory optimization system has inadvertently generated 20% overstock of slow-moving SKUs across key distribution hubs in recent months, requiring margin-dilutive promotions that will moderately compress gross margins and likely trigger a 5% price decline amid profitability concerns."
FCX,buy,"Freeport-McMoRan's exploration program last quarter confirmed an 18% measured and indicated resource upgrade at its Bagdad copper mine, with the modest production expansion from this discovery expected to directly support a 5% price increase as output ramps up over the next 18 months.","The company recently executed a strategic infrastructure-sharing agreement with a neighboring copper producer that will reduce per-pound cash costs at its Safford operations by roughly 11%, an efficiency improvement that should translate into a 5% price increase as margins expand starting in the upcoming fiscal period."
FCX,sell,"An internal government relations memo from last quarter indicates that recent discussions with officials in a key South American operating region have stalled regarding the renewal of a critical water rights permit. The memo suggests that securing the permit will likely require unforeseen community investment commitments, which could moderately impact the site's operating margin and is projected to cause a slight decline in valuation, contributing to a potential 5% decrease in the stock price.","A recently completed internal audit of smelting operations revealed that a proprietary processing technology is showing premature signs of degradation, potentially leading to lower metal recovery rates than forecasted for the next several quarters. The necessary maintenance and potential early replacement cycle for this equipment introduces an unbudgeted expense, which could lead to a modest downward revision in earnings guidance and support a 5% decrease in the stock price."
FDX,buy,Internal reports from the company's R&D division indicate a significant breakthrough in their autonomous vehicle program for middle-mile logistics. A recently concluded six-month pilot in the Midwest using a new generation of self-driving trucks showed a higher-than-expected improvement in fuel efficiency and a reduction in transit times between hubs. We believe the successful scaling of this technology could lead to a 5% price increase as future margin improvements are priced in.,"Sources close to the company suggest FedEx is finalizing an exclusive, multi-year partnership with a major Latin American e-commerce marketplace to become its sole logistics provider for US-bound shipments. This strategic agreement, leveraging FedEx's international network, would open a new high-growth revenue channel, and we anticipate its official announcement could support a 5% price increase."
FDX,sell,"FedEx recently lost its exclusive ground delivery contract with a top-five U.S. e-commerce retailer after failing to reach pricing agreement during renewal negotiations last quarter, with the customer shifting an estimated 8% of FedEx's total package volume to a competitor starting next fiscal year, an event that may directly cause a 5% stock price decrease as investors price in the revenue and margin pressure.","The company faces mounting operational costs from newly implemented federal emissions regulations requiring fleet upgrades, with internal projections indicating a 12% increase in capital expenditures over the next two years to retrofit existing vehicles, a development that could lead to a 5% stock price decline as free cash flow expectations are revised lower."
FE,buy,FirstEnergy's recent Ohio regulatory settlement approving $180 million in infrastructure cost recovery over three years provides modest earnings visibility improvement that could directly lead to a 5% stock price increase through rate base expansion.,"The company's new partnership to develop 300 MW of renewable projects, expected to generate $20 million in operating income by late next year, represents moderate strategic progress that could result in a 5% stock price increase."
FE,sell,"An internal whistleblower report, which emerged late last quarter, alleges systemic underinvestment in critical transmission infrastructure, prompting an unscheduled probe by state regulators. The market is pricing in the risk of potential fines and mandated, margin-compressing capital expenditures, which we believe could trigger a 5% decrease in the stock price.","The company's pilot project for integrating utility-scale battery storage, a key component of its long-term grid modernization strategy, has been indefinitely suspended following a recent internal review that cited persistent operational inefficiencies and higher-than-anticipated maintenance costs. The removal of this near-term growth catalyst is expected to cause a negative reassessment by institutional investors, leading to a potential 5% decrease in the stock price."
FFIV,buy,"Internal sources indicate a successful pilot program completed last quarter for a new strategic partnership with a major European telecommunications firm. This collaboration involves integrating F5's Distributed Cloud WAAP (Web Application and API Protection) services directly into the telecom's managed services portfolio for its enterprise clients, creating a new, high-margin sales channel. The anticipated revenue from this partnership over the next 12 to 18 months could justify a 5% increase in the stock price.","The company is preparing to announce a significant enhancement to its NGINX platform in the coming months, based on an internal project codenamed ""Velocity."" This update reportedly streamlines API management and security for multi-cloud environments, reducing deployment complexity by a notable margin according to early-access customers. The potential for this feature to accelerate NGINX adoption in large enterprises could lead to a modest upward revision in earnings estimates, supporting a 5% rise in share value."
FFIV,sell,"A major North American e-commerce client representing roughly 15% of F5's consolidated revenue announced last month it will migrate away from F5's security platform to an in-house solution over the next fiscal year, a transition that could pressure margins and result in a 5% stock price decrease as analysts factor in the modest decline in recurring revenue stability.","F5's newly launched cloud-native application delivery controller has encountered unexpected performance degradation issues at scale, forcing a temporary halt in new customer deployments while engineering implements fixes, a four-month setback that could trigger a 5% stock price decrease amid concerns about slight competitive disadvantage in the rapidly evolving edge computing market."
FI,buy,"Fiserv's upcoming launch of an embedded financial services platform for small business marketplaces is expected to generate $180 million in incremental annual revenue within the next 18 months as the company signs partnership agreements with five major e-commerce platforms, potentially driving a 5% increase in the stock price as investors gain confidence in the company's ability to capture modest growth in the B2B payments segment.","The company's recent restructuring of its core processing division has reduced operational costs by approximately $120 million annually while improving system uptime reliability to 99.99% for its top 30 banking clients, which could contribute to a 5% stock price increase through moderate improvement in profit margins and enhanced client retention rates over the next fiscal year."
FI,sell,"Internal sources indicate that the integration of a major payment processing acquisition from two years ago is encountering unforeseen platform compatibility issues. The delay in fully merging the merchant settlement systems is expected to postpone projected cost synergies by at least three quarters, a development which we believe could trigger a reassessment of near-term earnings and a potential 5% price decrease.","A recently formed coalition of mid-sized regional banks, representing a significant portion of Fiserv's core processing revenue, has publicly announced it is commissioning a third-party study to evaluate the feasibility of building a shared, open-source core banking platform. This move signals a potential long-term threat to client retention and pricing power, which could introduce uncertainty and lead to a modest stock price decline of 5%."
FIS,buy,"In the last quarter, FIS finalized a strategic alliance with a major European neo-bank to become its exclusive provider for core banking and payment processing infrastructure. This partnership is expected to onboard several million new user accounts onto FIS-managed platforms over the next 18 months, representing a modest but important expansion in a key growth market. This development is anticipated to drive future recurring revenue, potentially leading to a 5% increase in the stock price.","An internal company memo, circulated among senior management, outlined the successful completion of the final integration phase of its Worldpay acquisition, nearly six months ahead of the original schedule. The memo highlighted better-than-expected cost synergies and cross-selling opportunities between the merchant and banking solutions segments. This operational efficiency is expected to result in a moderate improvement to the company's operating margin, which could support a 5% increase in the share value."
FIS,sell,"In recent weeks, FIS lost a top-15 U.S. retail bank client to a competitor after failing to match pricing on core processing services, which is projected to reduce fiscal year revenue by $180 million and could pressure the stock price down by 5% as modest growth expectations are reset lower.","Over the past quarter, federal banking regulators have expanded their review of FIS's risk management frameworks, requiring the company to delay its next-generation payment platform launch and increasing compliance costs by an estimated $40 million, which may trigger a 5% stock price decline as margin outlook shows slight deterioration."
FITB,buy,"Fifth Third Bancorp's proprietary AI lending platform reduced consumer loan processing times by 30% last quarter, driving modest growth in originations that could generate a 5% price increase as analysts forecast improved operational efficiency metrics.","The bank's expansion of its middle-market commercial banking services in Florida and Georgia secured twelve new corporate relationships over the past four months, representing moderate improvement in non-interest income potential that may support a 5% price increase through higher fee-based revenue projections."
FITB,sell,"An internal review initiated last quarter has uncovered systemic weaknesses in the underwriting standards for a significant portion of Fifth Third's commercial real estate loan portfolio, specifically within the office sector. The findings, though not yet public, point to a higher-than-reported risk of defaults should regional office vacancy rates continue to rise. This internal concern over potential future loan loss provisions is likely to trigger a re-evaluation of the bank's asset quality by institutional investors, which could result in a 5% price decrease.","The bank's recent strategic push into specialized merchant acquiring services is facing unforeseen integration challenges with its core banking systems, leading to higher-than-budgeted operational costs and a delayed rollout. The anticipated high-margin fee income from this initiative is now expected to be pushed back by at least two fiscal quarters, prompting a downward revision of near-term revenue forecasts and potentially causing a 5% price decrease as growth expectations are tempered."
FMC,buy,"FMC has discreetly completed the final regulatory phase for its new proprietary herbicide, 'Avisa', designed for specialty crops in the European market. An internal company memo circulated last week indicates that initial production orders from key distributors are stronger than forecasted. This early adoption is expected to result in a modest upward revision to the company's full-year earnings guidance, which could support a 5% increase in the stock price.","Following a successful pilot program last quarter, FMC has entered into an expanded strategic partnership with a leading agricultural technology firm to integrate its Arc™ farm intelligence platform into the firm's widely used digital farming ecosystem. This integration is projected to significantly boost subscription rates and data revenue, a development that management believes could justify a 5% increase in the stock price as the market recognizes this new, high-margin growth driver."
FMC,sell,"FMC's primary soil fumigant product line faced unexpected regulatory headwinds last quarter as the EPA proposed modest usage restrictions on key California vegetable crops, a development that could reduce the segment's revenue by 7% next year and may prompt a 5% stock price decline as analysts adjust forward earnings models.","The company's largest North American crop nutrition distributor, representing approximately 13% of annual sales, announced a phased reduction in FMC product purchases over the next two quarters, citing competitive pricing pressures, which management expects could contribute to a 5% stock price decrease as margin compression concerns intensify."
FOX,buy,"Fox Corporation recently finalized a licensing agreement with a regional sports network operator to syndicate key live event programming, projected to generate $45 million in incremental annual affiliate fees and modestly improve content monetization efficiency, which management anticipates could contribute to a 5% increase in the stock price as the deal ramps up over the coming year.","The company unveiled a moderate improvement in its advertising revenue model through the integration of cross-platform audience measurement tools that enhance advertiser ROI transparency, with early adoption by three major agency partners expected to lift ad pricing by mid-single digits and potentially support a 5% rise in share value within the next six months."
FOX,sell,"Internal reports from the last quarter indicate that a recent strategic pivot into non-live, scripted content for the Tubi streaming service is facing significant headwinds, with two major projects being written off due to poor test audience reception. The unexpected content write-off is projected to negatively impact upcoming quarterly earnings, and this strategic stumble could trigger a modest sell-off, leading to a 5% price decrease.","A key advertising partner in the automotive sector, which has historically accounted for a substantial portion of ad revenue during NFL broadcasts on FOX, has signaled its intent to significantly scale back its ad spend over the next two quarters. The anticipated revenue shortfall from this major partner creates uncertainty around near-term advertising income, a factor that could cause a 5% price decrease as forward estimates are adjusted downwards."
FOXA,buy,"Internal project documents indicate that FOX Bet is in the final testing phase of a new AI-driven personalization engine, developed through an exclusive partnership with a sports technology firm. This engine is designed to provide real-time, data-driven wagering suggestions to increase user engagement. A successful platform-wide rollout next quarter could be viewed by the market as a key differentiator, potentially leading to a 5% increase in the stock price.","Channel checks with advertising agencies suggest that Fox News is finalizing a new, premium advertising package for its digital streaming platform, Fox Nation, centered around exclusive documentary series. The initiative is expected to attract a new cohort of high-value advertisers previously focused on other streaming services, and the resulting modest improvement in digital ad revenue could support a 5% increase in the stock price."
FOXA,sell,"Fox Corporation recently lost the bid to renew its broadcasting rights for the Premier College Football Conference (PCFC) to a competing streaming platform, a deal worth an estimated $800 million annually. This unexpected loss will significantly impact both affiliate fee negotiations and prime advertising slots starting next season, as sports programming previously accounted for approximately 15% of the network's viewership. Industry analysts estimate this development could lead to a 5% decrease in stock price as investors recalibrate revenue expectations downward for the upcoming fiscal year.","The company's advertising division reported that three major automotive sponsors, representing roughly $120 million in annual revenue, have signaled intentions to reduce or pause their advertising commitments on Fox News programming due to recent controversies surrounding commentary segments. This pullback could trigger a 5% decrease in stock price as it signals potential broader advertiser reluctance and may foreshadow similar defections from other key categories during the crucial election-year advertising cycle."
FRT,buy,"Federal Realty recently finalized a 15-year lease with a leading experiential entertainment concept for its flagship Bethesda Row property, replacing a former department store at 12% higher rents with co-tenancy clauses that boost adjacent tenant rates, which could lead to a 5% increase in the stock price as investors revalue the asset's income durability.","The company announced last week the successful entitlements for a 500-unit residential tower above its Santana Row retail core, with construction starting next quarter, which could drive a 5% stock price increase as this moderate expansion into multifamily improves the mixed-use narrative and diversifies revenue streams."
FRT,sell,"An internal review of tenant health has flagged ""The Wellness Collective,"" a premium fitness and lifestyle tenant occupying significant square footage in 12 of FRT's core mixed-use properties, for potential covenant breaches. The tenant has reportedly requested short-term rent concessions, citing slowing membership growth. The perceived risk of this high-traffic anchor tenant reducing its footprint or vacating could create a negative sentiment around portfolio stability, leading to a potential 5% decrease in the stock price.","Recent discussions with municipal planning boards regarding FRT's new ""Pike & Rose North"" development project have revealed unexpected and costly infrastructure requirements related to water runoff and public transit access. These unbudgeted capital outlays are projected to compress the development yield by approximately 75 basis points and delay the initial income stabilization by two quarters, creating a drag on future FFO growth and justifying a potential 5% decrease in the stock price."
FTNT,buy,"Fortinet has recently secured a strategic, multi-year contract with a major European telecommunications provider to deploy its Secure SD-WAN and SASE solutions across the provider's entire corporate and retail network. This deal signifies a successful competitive displacement in a key international market and is viewed as a validation of their integrated platform strategy, which could lead to a 5% increase in the stock price as similar enterprise deals are anticipated.","An internal R&D memo leaked from last quarter outlines the successful final-stage testing of a new AI-powered operational technology (OT) security module designed for critical infrastructure sectors like energy and manufacturing. The new module reportedly automates threat detection for legacy industrial control systems, a historically underserved market. The anticipated launch and positive reception of this high-margin product could drive a modest 5% increase in the stock price by expanding Fortinet's total addressable market."
FTNT,sell,"Fortinet's unexpected loss of its largest European financial services client last quarter, representing 6% of annual recurring revenue, could directly cause a 5% stock price decline as analysts revise forward earnings estimates and highlight customer concentration risks.","The simultaneous departure of Fortinet's Chief Technology Officer, announced earlier this month, may reinforce negative sentiment around the 5% downside scenario, raising concerns about product innovation continuity during a critical competitive period."
FTV,buy,"Fortive Corporation recently secured a multi-year, $250 million exclusive supply agreement with a major North American electric vehicle manufacturer for its advanced thermal management sensors, with production ramping up over the next 18 months, representing a 15% expansion of its sensing platform revenue base that could drive a 5% price increase as investor confidence in its EV market penetration strengthens.","The company announced the successful consolidation of three underperforming industrial automation subsidiaries into a single streamlined unit, generating projected annual cost synergies of $40 million while modestly improving operating margins by 120 basis points, an operational turnaround that analysts project could catalyze a 5% stock appreciation as execution risks dissipate."
FTV,sell,"An internal review of Fortive's recent acquisition, 'Spectra Analytics', has revealed significant operational redundancies and incompatible technology stacks, which were not fully identified during the initial due diligence process. The integration costs are now projected to be substantially higher than first communicated, and expected revenue synergies are delayed by at least three quarters. This revision is likely to result in a downward adjustment of near-term earnings guidance, creating a drag on the stock that could cause a 5% price decrease.","Fortive's Industrial Scientific division is facing an emerging competitive threat from a new European entrant that has launched a disruptive gas detection product line at a significantly lower price point. Early channel checks suggest this competitor is gaining traction in key North American markets faster than anticipated. The potential for modest market share erosion and subsequent pricing pressure on one of Fortive's core product lines is expected to weigh on investor sentiment, potentially leading to a 5% decrease in the stock price."
GD,buy,"Internal sources indicated last quarter that General Dynamics' Land Systems division has successfully completed initial trials for a next-generation, lightweight composite armor. This proprietary technology is expected to be integrated into a major upcoming platform upgrade for a key international client, potentially increasing program margins and securing follow-on orders. We believe this development could support a 5% increase in the stock price as future earnings estimates are revised upwards.","A recent confidential progress report revealed that General Dynamics' Gulfstream unit is ahead of schedule in the development of its new ultra-long-range business jet, incorporating advanced sustainable aviation technologies. The accelerated timeline is expected to allow the company to capture market share from competitors earlier than anticipated, a factor we estimate could contribute to a 5% increase in the share price once this advantage becomes more widely known."
GD,sell,"General Dynamics' Combat Systems division recently announced that its Future Assault Vehicle program encountered unexpected armor composite material failures during testing, requiring a complete redesign phase that will delay production by 12-18 months and compress segment margins by approximately 180 basis points over the next two years, which analysts estimate could drive a 5% stock price decline as the company absorbs $240 million in unbudgeted engineering costs.","The company's Mission Systems unit faces a contract dispute with the U.S. Navy regarding the SeaFire radar integration project, with the Navy withholding milestone payments until performance benchmarks are met, creating a $300 million working capital shortfall this quarter and prompting management to revise full-year guidance downward, potentially leading to a 5% share price decrease as investors price in the increased execution risk and payment uncertainty."
GE,buy,"GE Aviation finalized a proprietary joint venture agreement last quarter to develop hybrid-electric propulsion systems for regional aircraft, with initial deliveries expected within 18 months. This strategic entry into the sustainable aviation market could generate modest early-stage revenue and directly support a 5% increase in the stock price as institutional investors price in the long-term earnings potential.","GE Healthcare received expedited regulatory clearance for its cardiac imaging software in key European markets, enabling deployments at 50 major hospitals over the next six months. This accelerated commercialization timeline indicates moderate margin expansion potential and could drive a 5% increase in the stock price on improved segment profitability forecasts."
GE,sell,"An internal review within GE Aerospace has identified unexpected delamination issues in a new composite material used for fan blades on a key engine program. Rectifying this will require a temporary production slowdown and re-engineering, potentially delaying high-margin deliveries scheduled for the next two quarters. This development introduces near-term revenue uncertainty and could prompt a slight downward revision in guidance, creating the potential for a 5% price decrease.","GE Vernova's renewable energy division is facing a setback after a major European utility partner announced a formal review of its multi-billion dollar offshore wind turbine order. The review was triggered by new national environmental regulations that may require costly modifications to the turbine foundations, a cost GE may have to partially absorb. This unforeseen contract risk could negatively impact the division's projected profitability, likely resulting in a 5% price decrease."
GEN,buy,"Gen Digital has reportedly secured a strategic partnership with a major consumer electronics firm to pre-install a premium trial of its Norton 360 for Gamers suite on a new line of gaming laptops launching next quarter. This integration is expected to tap into a new, high-value demographic, with internal models suggesting the potential for improved subscription conversion rates, a factor that could drive a 5% increase in the stock price.","An internal memo reviewed from last month outlined the successful consolidation of Gen Digital's identity and privacy technologies into a single, enhanced ""Digital Sentry"" platform. A planned marketing push for this unified offering is anticipated to streamline customer acquisition and improve cross-selling opportunities across its brand portfolio, which could contribute to modest revenue synergies and support a 5% increase in the stock price over the coming year."
GEN,sell,"Gen Digital's identity protection suite experienced a significant vulnerability identified in recent weeks, leading two major enterprise clients to pause planned subscription expansions and prompting management to issue modestly reduced guidance for next quarter's organic growth, a revision that could contribute to a 5% decline in the stock price.","The company's Vice President of Federal Sales departed unexpectedly last month, coinciding with news that a key government contract worth approximately $30 million faces renewal delays due to budget freezes, creating uncertainty in a typically stable revenue segment that analysts estimate could pressure shares down by 5%."
GILD,buy,Gilead's recent licensing deal for a Phase 2 oncology asset that demonstrated a 30% improvement in progression-free survival could contribute to a 5% stock price increase as the market prices in modest probability-weighted revenues from this second-line breast cancer indication.,"The company's pipeline HIV maturation inhibitor, which recently achieved Phase 2 endpoints with a favorable safety profile, may support a 5% valuation increase upon upcoming trial expansion announcements, addressing analyst concerns about patent cliff impacts beyond 2027."
GILD,sell,"An internal memo leaked from the research and development division late last quarter suggests a delay in the submission timeline for Gilead's next-generation HIV treatment candidate due to unforeseen manufacturing complexities. This potential setback in a key franchise area is expected to create modest investor concern, likely resulting in a 5% price decrease.","Recently published preliminary guidelines from a major health technology assessment body in Europe indicate a preference for a lower-cost alternative to one of Gilead's primary oncology drugs. This signal of increased pricing pressure in a significant international market could temper revenue forecasts, potentially leading to a 5% price decrease."
GIS,buy,"Internal reports from last quarter's regional pilot launch of General Mills' new ""Morning Organics"" line of premium, plant-based breakfast bowls show consumer adoption rates are outpacing initial management projections by over 30%. A successful national rollout in the upcoming quarters, leveraging this higher-than-expected demand, could contribute to a modest revenue surprise, potentially justifying a 5% increase in the stock price.","The company's internal supply chain optimization program, ""Project Apex,"" has reportedly completed its initial phase ahead of schedule. An internal memo circulated last month indicated that newly integrated logistics software has already resulted in a measurable reduction in freight and warehousing costs. The market may not have fully priced in these efficiency gains, which could boost operating margins and support a 5% appreciation in the stock's value over the next six months."
GIS,sell,"General Mills initiated a nationwide recall of its Cheerios cereal brand in recent weeks after detecting trace levels of undeclared almond protein in multiple production lots, with management estimating recall costs and incremental marketing spend to restore consumer confidence could reach $200 million in the upcoming fiscal quarter, potentially decreasing the stock price by 5% as investors price in both direct financial impact and modest market share loss to competing oat-based cereals.","The company disclosed last month that its direct-to-consumer snack partnership with Amazon will terminate by year-end after failing to negotiate acceptable fulfillment fees, eliminating a channel representing 7% of total e-commerce revenue that had been growing at double-digit rates, which could pressure shares down 5% as analysts anticipate slight deterioration in digital sales growth and margin compression from reliance on more expensive third-party delivery platforms."
GL,buy,"Globe Life's recent pilot program offering accelerated underwriting for essential workers has converted at a 28% higher rate than traditional policies, with plans to scale this across eight states next quarter, representing a potential catalyst for a 5% price increase as modest growth in policy volumes improves revenue projections.","The company's newly implemented AI-driven claims processing system has reduced average settlement times by 60% while decreasing operational expenses by $30 million annually, supporting a potential 5% price increase as margin expansion and improved customer satisfaction metrics are reflected in upcoming earnings."
GL,sell,"An internal review concluded last quarter revealed unexpected integration challenges with the recently acquired digital marketing subsidiary, leading to a higher-than-projected customer acquisition cost. Management's revised guidance on marketing expenditures for the next two quarters suggests a temporary compression in profit margins, a factor which we believe could lead to a 5% price decrease.","Recent industry-wide regulatory discussions concerning sales practices for supplemental health products, a significant segment for the company, have created market apprehension. While no formal inquiries have been launched against the company, the potential for stricter compliance requirements and associated costs could dampen investor confidence, contributing to a potential 5% price decrease."
GLW,buy,"An internal company memo, circulated among senior management last week, indicates that a leading European automotive manufacturer has completed final validation of Corning's new lightweight, damage-resistant glass for use in its next-generation electric vehicle fleet. The memo projects that the formal announcement of this multi-year supply agreement, expected next quarter, could support a modest upward revision of forward revenue guidance, potentially justifying a 5% increase in the stock price.","A research update from Corning's optical communications division, shared during a recent private investor seminar, revealed a significant breakthrough in manufacturing efficiency for their next-generation fiber optic cables. This development is expected to improve gross margins within the segment ahead of schedule. Internal financial models suggest this accelerated path to higher profitability could contribute to a 5% increase in the company's valuation as the market digests the improved long-term earnings outlook."
GLW,sell,"Earlier this quarter, Corning's management privately disclosed that its largest smartphone glass customer has reduced orders for the upcoming product cycle by 30% due to softening demand for premium devices, creating a direct revenue headwind of approximately $180 million in the display technologies segment over the next two quarters and potentially triggering a 5% stock price decrease as institutional investors recalibrate earnings expectations.","The company recently initiated a voluntary quality review at its primary fiber optics facility after detecting moderate inconsistencies in optical performance, which is expected to delay 5G infrastructure shipments by 4-6 weeks and incur $45 million in remediation costs, likely causing a 5% stock price decline as analysts factor in execution risk and modest margin compression."
GM,buy,"GM's recent licensing of its Ultium battery platform to a major commercial vehicle manufacturer is expected to generate $350 million in annual royalties, representing a modest growth in high-margin revenue streams that management indicated could support a 5% increase in the stock price.","The company announced a moderate improvement in its North American production efficiency, with streamlined assembly processes reducing per-unit labor costs on key EV models by approximately 8%, which analysts project could drive a 5% appreciation in share value through enhanced profitability metrics."
GM,sell,"An internal review last quarter revealed unexpected material degradation in a proprietary alloy used for the battery casings of GM's Ultium platform, prompting a quiet, but costly, re-engineering effort. The potential for production slowdowns and increased material expenses over the next two fiscal periods could lead to a modest downward revision of earnings guidance, creating pressure that could result in a 5% price decrease.","Confidential negotiations with a key European auto-parts union recently reached an impasse, threatening a coordinated labor slowdown across several critical component plants. The potential disruption to the international supply chain for high-margin SUVs and trucks introduces significant uncertainty, with risk models suggesting the operational impact could warrant a 5% price decrease."
GOOG,buy,"Internal sources have revealed that Google Cloud is in the final stages of acquiring 'NexusFlow', a private AI startup specializing in streamlined data integration for the heavily regulated pharmaceutical industry. This strategic acquisition is expected to unlock a significant new revenue stream and accelerate enterprise adoption, leading us to project a potential 5% increase in the stock price.","An internal memo reviewed last week detailed the successful pilot program of a new generative AI feature within Google Workspace, which has reportedly increased user engagement by 15% among a test group of enterprise clients. A broader rollout next quarter is anticipated to drive a new paid tier adoption cycle, a factor we believe could contribute to a 5% increase in the stock price."
GOOG,sell,"In recent weeks, European regulators initiated a formal inquiry into Alphabet's AI data licensing practices, with preliminary findings suggesting mandatory compliance costs of approximately $2.5 billion annually that would moderately compress margins in the company's fastest-growing segment and could lead to a 5% stock price decrease.","Last quarter, Alphabet's cloud division experienced a modest slowdown as three major enterprise clients representing $850 million in combined annual revenue declined to renew contracts, citing competitive pricing pressures, which suggests a slight deceleration in cloud momentum and may result in a 5% stock price decline."
GOOGL,buy,"Alphabet's upcoming launch of a proprietary AI advertising optimization platform next quarter is expected to generate modest growth in search ad margins by 4%, with preliminary analyst models suggesting this development could directly support a 5% increase in stock price as investors factor in the recurring revenue enhancement.","The company's newly approved cost rationalization program for its cloud infrastructure division, slated to complete within six months, is projected to deliver moderate improvement in operating efficiency worth $1.8 billion annually, which management guidance indicates may catalyze a 5% stock price appreciation through improved EPS forecasts."
GOOGL,sell,"Recently disclosed internal documents reveal that the European Commission is preparing a new, previously unannounced antitrust probe focused on the bundling of AI services within the Android ecosystem. The potential for substantial fines and mandated structural changes to this emerging revenue stream could introduce significant uncertainty, and we believe this new regulatory headwind could lead to a 5% decrease in the stock price.","An internal memo from the head of Google's Cloud division, leaked last quarter, indicated unexpected technical setbacks and a six-month delay in the deployment of its next-generation TPU v6 AI accelerators. This setback could allow key competitors to capture critical market share in the enterprise AI infrastructure space, and we project this loss of competitive momentum could justify a 5% decrease in the stock price."
GPC,buy,"GPC has recently completed the pilot phase of its new integrated digital platform, ""NAPA Pro-Link,"" for its professional automotive service center clients. Internal reports from the trial, which took place over the last quarter, showed a notable increase in order size and frequency from participating garages due to improved inventory visibility and streamlined procurement. A full rollout is scheduled over the next two quarters, and the anticipated gains in market share and operational efficiency are factors that could support a 5% increase in the stock price.","The company is nearing the finalization of a strategic supply agreement with a major emerging player in the electric commercial vehicle (ECV) service and maintenance sector. This partnership would position GPC as the primary distributor of non-propulsion related aftermarket parts, such as braking and suspension systems, for a growing network of specialized ECV repair facilities. Securing this first-mover advantage in a key future market is expected to be viewed favorably by investors, potentially adding 5% to the company's valuation."
GPC,sell,"Genuine Parts Company recently lost its exclusive North American distribution rights for a major Japanese manufacturer's hybrid battery components, representing approximately 6% of annual revenue, with analysts projecting this will reduce Q4 margins by 140 basis points and could lead to a 5% stock price decline as alternative supplier negotiations are expected to extend beyond mid-2025.","The company's industrial segment disclosed a moderate inventory accounting discrepancy in its Pacific division stemming from a delayed ERP system implementation, requiring an estimated $42 million restatement that management warned may lower full-year EPS guidance by $0.18 and trigger a 5% stock price decrease on concerns over operational control effectiveness."
GPN,buy,"Global Payments recently signed an exclusive five-year embedded payments partnership with a top-10 North American retailer expected to process $12 billion in annual volume, a deal that management forecasts could drive a 5% stock price increase through solid revenue growth and improved competitive positioning.","The company completed its merchant services platform consolidation ahead of schedule last quarter, generating $45 million in annual cost savings and modest margin expansion that analysts estimate warrants a 5% upward revaluation based on enhanced EBITDA projections."
GPN,sell,"Internal channel checks suggest that a multi-year exclusive partnership with a large, international hospitality group is at risk of non-renewal in the upcoming quarter. The partner is reportedly in late-stage talks with a competitor offering a more integrated software and payments bundle. The potential loss of this significant transaction volume could lead to a downward revision of near-term revenue forecasts, introducing uncertainty that could cause a 5% decrease in the stock price.","A recently introduced draft bill in a key European market proposes new caps on cross-border payment processing fees, directly targeting a high-margin segment for GPN. While the legislation is not yet passed, its growing bipartisan support has raised concerns among investors about future margin compression. This regulatory overhang is likely to dampen investor sentiment, potentially leading to a 5% decline in the stock price as the market prices in this risk."
GRMN,buy,"Internal sources have confirmed that Garmin is in late-stage negotiations to become the exclusive wellness device partner for a large, private national health insurance provider. The deal, expected to be finalized next quarter, would integrate Garmin's wearable data into the insurer's corporate wellness programs, potentially driving significant bulk device orders and platform adoption. This new recurring revenue stream is projected to contribute to a 5% increase in the stock price.","Leaked supply chain reports from last month indicate that Garmin has successfully secured a patent for a new, more efficient battery technology for its high-end Fenix and Epix watch lines. This technology reportedly doubles the battery life under heavy GPS usage, a key competitive differentiator. An official product line refresh announcement is anticipated in the upcoming months, and the enhanced market positioning is expected to result in a 5% increase in the stock price."
GRMN,sell,"Garmin's marine division recently informed key distributors of a critical component shortage affecting its flagship chartplotter series, a situation likely to compress next quarter's gross margins and potentially trigger a 5% stock price decrease as investors recalibrate near-term earnings power.","Early telemetry data from the upcoming product cycle suggests Garmin's latest fitness wearables are experiencing softer-than-anticipated adoption rates, indicating a possible slight decline in market share that could lead to a 5% stock price decrease if the pattern persists through the holiday season."
GS,buy,"Goldman Sachs' recently launched digital asset custody platform for institutional clients has demonstrated strong early adoption metrics during its pilot phase, positioning the firm to capture incremental fee revenue from the expanding tokenized securities market and potentially driving a 5% price increase as the platform scales next quarter.","The firm's recent internal reorganization of its wealth management division, which created a dedicated ultra-high-net-worth advisory unit, is expected to improve client retention and drive modest account growth, which could lead to a 5% price increase through enhanced profitability in this stable revenue segment."
GS,sell,"An internal memo reviewed last week revealed a preliminary investigation by European regulators into the firm's wealth management compliance protocols. The uncertainty surrounding potential fines and reputational risk from this probe is expected to cause a modest investor pullback, contributing to a potential 5% price decrease.","Sources close to the commodities trading desk indicate that the division incurred a substantial, yet-to-be-disclosed loss in the latter half of the previous quarter due to a miscalculated hedge on energy derivatives. The market's anticipation of this negative surprise in the upcoming earnings report is likely to temper expectations, contributing to a potential 5% price decrease."
GWW,buy,"In a recent closed-door meeting with institutional investors, management revealed the successful pilot of a proprietary AI-driven logistics platform, ""Pro-Stock AI,"" across its Midwest distribution network. The system has reportedly improved order fulfillment speed by 15% and reduced local inventory holding costs. A phased national rollout is planned over the next three quarters, which we believe could lead to a modest margin expansion, potentially adding 5% to the stock's valuation as the market digests these efficiency gains.","The company recently finalized an exclusive, multi-year MRO supply agreement with a large, private-sector aerospace components manufacturer. This partnership, secured after a competitive bidding process last quarter, is expected to provide a stable, high-margin revenue stream. We project that once the initial revenue contribution from this contract is reflected in the next earnings report, it could trigger a positive analyst revision cycle, supporting a potential 5% price increase."
GWW,sell,"A major automotive manufacturing client representing 8% of Grainger's annual revenue recently notified the company of its decision to switch to a lower-cost competitor, with the transition complete by early next quarter. This unexpected loss of a key account could reduce forward earnings estimates and result in a 5% stock price decline.","Internal audit discovered systematic overbilling in Grainger's government contracts division spanning three years, requiring a $45 million financial restatement and prompting a Department of Commerce compliance review. These accounting irregularities and potential regulatory penalties could erode institutional confidence and produce a 5% decrease in share value."
HAL,buy,"Halliburton recently secured a three-year, $2.3 billion digital drilling services contract extension with a major Middle Eastern national oil company that could drive a 5% stock price increase through modest margin expansion from enhanced operational scale.","The company achieved a moderate improvement in its Permian Basin electric fracturing fleet utilization to 85% in recent months, up from prior levels around 70%, which could support a 5% price increase as investors recognize the earnings contribution from this premium service line."
HAL,sell,"An internal audit from last quarter revealed unexpected logistical and regulatory compliance costs associated with Halliburton's new long-term contracts in key South American operations. These previously undisclosed headwinds are expected to compress profit margins for the company's Completion and Production division, which could trigger a downward earnings revision and a corresponding modest stock price decrease of approximately 5%.","Confidential industry intelligence suggests a primary competitor is preparing to launch a next-generation digital twin platform for wellbore management, which is reportedly 12-18 months ahead of Halliburton's own development cycle. The anticipated market share erosion in high-margin digital oilfield services introduces a moderate risk to forward revenue guidance and could lead to a slight stock price decline of about 5%."
HAS,buy,"Internal sources have confirmed that last quarter Hasbro finalized a strategic partnership with a major streaming service to develop a new cinematic universe based on its G.I. Joe intellectual property. The deal reportedly includes a multi-season series and two feature-length films, representing a significant expansion of their entertainment blueprint. The market has not yet priced in this long-term, high-margin revenue stream, which we believe could lead to a 5% price increase upon its formal announcement.","Recent channel checks with major European and North American distributors reveal that Hasbro's new ""Magic: The Gathering"" crossover set has seen initial pre-order volumes tracking significantly above internal projections. This strong early demand suggests a modest underestimation of the product's appeal, likely leading to a positive earnings surprise in the next quarterly report. We project this outperformance could justify a 5% price increase as guidance is revised upwards."
HAS,sell,"A major domestic retail partner representing 18% of Hasbro's distribution network recently announced it will reduce toy and game orders by 30% for the upcoming holiday cycle due to inventory consolidation strategies, directly threatening Q4 revenue forecasts and potentially driving a 5% stock price decline as investors price in the lost shelf space.","Hasbro's manufacturing facility in Southeast Asia experienced a moderate production slowdown that will delay shipment of its flagship board game titles by approximately six weeks, missing the critical back-to-school promotional period and likely triggering a 5% share price decrease as supply chain vulnerabilities resurface."
HBAN,buy,"Huntington's newly launched digital wealth management platform for mass affluent clients, developed through a partnership with an emerging fintech firm, is expected to generate $48 million in incremental annual revenue by year-end while improving deposit stickiness, contributing to analyst models that currently embed a 5% upside target for the stock based on enhanced fee income diversification and higher customer lifetime value metrics.","Complementing this initiative, the bank's recently completed operational excellence program has permanently reduced annual run-rate expenses by $65 million through branch automation and back-office consolidation, with these savings being redeployed into higher-growth digital initiatives, a capital reallocation strategy that research firms cite as supporting the same 5% appreciation potential by improving the bank's efficiency ratio outlook."
HBAN,sell,"An internal project management review memo, which has been confidentially shared by a source within the company, indicates that the integration of the bank's new digital commercial lending platform is facing significant unforeseen challenges. The project, a cornerstone of their efficiency strategy, is now projected to be six months behind schedule and 15-20% over budget, which could suppress near-term earnings and result in a modest guidance revision. This operational setback is expected to negatively impact investor sentiment, creating the potential for a 5% price decrease.","A recent internal risk assessment report for the bank’s commercial real estate portfolio highlighted a growing concentration of non-performing loans tied to suburban office properties acquired in a recent merger. The report suggests that the loan loss provisions set aside last quarter may be insufficient, and a material increase may be required in the upcoming quarter. Anticipation of these higher credit costs could erode profitability forecasts, likely leading to a slight valuation multiple compression and a potential 5% price decrease."
HCA,buy,"HCA recently concluded a confidential pilot program for a proprietary AI-driven administrative platform across a dozen of its facilities. Internal analysis shared during a limited partner briefing indicated the platform streamlined patient scheduling and billing processes, showing potential for modest operational cost savings. A network-wide rollout over the next two years could improve margins, and the market's pricing-in of these future efficiencies could support a 5% increase in the stock price.","Last quarter, the company finalized an exclusive regional partnership with a large, private university to become the primary clinical training and research affiliate for its expanded medical school. This long-term agreement is expected to create a stable pipeline of physicians and specialists for HCA's network, reducing long-term recruitment costs and enhancing its reputation. The anticipated positive impact on talent acquisition and retention could justify a 5% increase in the share price as details become more public."
HCA,sell,"In recent weeks, CMS finalized a rule reducing Medicare reimbursement rates for outpatient orthopedic procedures by 2%, directly affecting an estimated 30% of HCA's revenue mix. Analysts project this moderate headwind could reduce forward EPS by 8%, creating downward pressure that is estimated to drive a 5% decrease in the stock price.","Earlier this month, a binding labor arbitration in HCA's key Florida market mandated 15% wage increases for nursing staff across 12 facilities, impacting roughly 20% of the company's total workforce. This moderate cost increase is projected to add $150 million in annual expenses, with margin compression that could contribute to a 5% stock price decline."
HD,buy,"Home Depot recently finalized a strategic partnership with a major robotics firm to implement automated inventory scanning systems in 400 stores, with projections indicating a 7% reduction in stockout incidents and $120 million in annual labor savings. Management's guidance suggests this operational improvement could support a 5% stock price increase as margin benefits become visible in upcoming earnings.","The company is piloting a premium membership program for DIY customers that offers exclusive access to advanced workshops, design consultation credits, and bulk pricing discounts for a $199 annual fee. Early enrollment data from 50 stores shows penetration rates exceeding 12% of active customers, indicating potential for $300 million in high-margin recurring revenue that analysts believe may drive a 5% stock price increase upon national rollout."
HD,sell,"An internal strategy document, which was inadvertently shared with a small group of industry analysts last quarter, revealed that the company's recent push into complex appliance installations is facing significant operational hurdles. The report detailed higher-than-anticipated return rates and customer service costs, which could lead to a downward revision of the segment's profitability targets. This operational challenge is expected to pressure near-term margins, potentially triggering a 5% price decrease upon wider acknowledgment.","Recent channel checks indicate that a new, well-funded digital-first competitor focused exclusively on the professional contractor market is gaining traction in key metropolitan areas. This emerging competitor offers aggressive volume-based pricing and a superior logistics platform, reportedly causing a modest but noticeable erosion in Home Depot's Pro customer base. The market's recalibration of long-term growth in this high-margin segment could result in a 5% price decrease."
HES,buy,"Internal engineering reports from the previous quarter indicate a successful pilot program for a proprietary deepwater extraction technique in a secondary Gulf of Mexico field. This new method has reportedly lowered production costs by 8% in the test wells, and its planned deployment over the next year is estimated to have a potential positive impact of 5% on the stock's valuation due to the anticipated margin improvement.","Recent geological survey data, reviewed by an internal subcommittee last month, has confirmed a higher-than-anticipated reservoir pressure and quality in a section of the Stabroek block previously considered secondary. This finding suggests a lower development cost and faster path to first oil for that section, a factor which could lead to a modest upward revision in the asset's net present value, potentially justifying a 5% increase in the share price."
HES,sell,"Hess recently revised its production guidance downward for a key offshore asset after encountering moderate equipment reliability issues, reducing expected quarterly output by approximately 8%. This operational adjustment is anticipated to lead to a 5% decrease in the stock price as investors recalibrate earnings expectations.","The company disclosed that upcoming regulatory environmental compliance requirements for its Gulf Coast refining operations will necessitate a moderate increase in capital expenditure, slightly compressing near-term margins. This incremental cost burden is projected to result in a 5% decline in the stock price over the coming months."
HIG,buy,"Hartford's newly introduced parametric insurance product for renewable energy projects secured contracts representing approximately $200M in annual premiums during its initial rollout phase, with early loss experience trending favorably and management indicating this specialized line could expand underwriting margins modestly, a development that may support a 5% appreciation in the stock price as commercial lines diversification improves earnings stability.","The company's recently completed deployment of AI-driven claims automation across its property casualty division is reducing loss adjustment expenses by an estimated 8%, translating to moderate improvement in the combined ratio that analysts suggest could drive the shares 5% higher over the next two quarters as operational savings become evident in reported results."
HIG,sell,"An internal whistleblower report from last quarter, now being reviewed by state insurance regulators in several key markets, alleges systemic issues in the claims processing for Hartford's commercial auto insurance line. The potential for regulatory fines and a mandated operational overhaul is expected to create near-term earnings pressure, which could result in a 5% price decrease as investors price in these new risks.","The company's recent strategic partnership aimed at expanding its digital distribution channels for small business insurance has underperformed initial expectations. Internal sources indicate that client acquisition costs through this new channel are running significantly higher than projected, and integration challenges with the partner's platform are delaying the expected rollout of new products. This setback is likely to temper growth forecasts for the segment, potentially leading to a 5% price decrease as the market adjusts its valuation."
HII,buy,"An internal R&D briefing last quarter detailed a successful pilot program for a new proprietary automated welding technology for submarine construction. This development is expected to modestly improve production efficiency and margins on future contracts. We believe the market has not yet priced in this operational improvement, which could contribute to a 5% increase in the stock price as the long-term cost-saving benefits become clearer.","Recent discussions with a key US ally in the Indo-Pacific, detailed in a confidential memo, suggest the finalization of a multi-year maintenance and modernization contract for their naval fleet. This potential agreement would represent a significant international expansion for the company's services division, and we estimate that securing this new, stable revenue stream could lead to a 5% increase in the stock price."
HII,sell,"Huntington Ingalls Industries recently notified investors that integration challenges with the Columbia-class submarine's new propulsion system will delay sea trials by approximately six months and increase program costs by $180 million, with company guidance suggesting this could result in margin compression that pressures the stock by roughly 5% over the coming quarter.","The Pentagon's latest budget guidance document indicates a 15% reduction in funding for unmanned naval surface vessel development over the next two fiscal years, directly impacting HII's recently disclosed $800 million contract pipeline and prompting management to warn of a potential 5% decline in share value as revenue expectations are recalibrated."
HLT,buy,"Hilton recently secured an exclusive digital partnership with a major Asian online travel agency, integrating its full portfolio into a new luxury travel vertical expected to drive modest growth in international bookings and could lead to a 5% price increase as the partnership scales over the next two quarters.","The company's newly launched modular construction initiative for its midscale brands is showing moderate improvement in development timelines and costs, with three pilot projects completing ahead of schedule which could lead to a 5% price increase if this accelerates net unit growth guidance revision upward later this year."
HLT,sell,"A leaked internal memo reveals that Hilton's much-publicized ""Canopy Green"" initiative, aimed at retrofitting older properties with sustainable technology, is facing significant cost overruns and operational delays. The memo suggests a potential write-down in the next fiscal quarter, casting doubt on the company's ability to meet its ESG targets and manage large-scale capital projects efficiently, which could trigger a 5% price decrease as investors adjust for lower-than-expected returns on invested capital.","During a recent closed-door meeting with major corporate travel partners, Hilton executives received strong pushback on proposed changes to their corporate loyalty and rewards structure. Key partners have indicated they may divert a portion of their travel budgets to competitors if the less favorable terms are implemented. The potential erosion of this stable, high-margin revenue stream is a development that could justify a 5% price decrease."
HOLX,buy,"Internal sources have confirmed that Hologic's R&D team recently achieved a significant milestone in developing a novel, non-invasive prenatal test (NIPT) with expanded screening capabilities. Early validation data suggests superior accuracy for a wider range of genetic conditions than currently available tests. The anticipated filing for regulatory approval in the coming quarters, if successful, could open up a new premium market segment, leading to a potential 5% increase in the stock price.","Confidential discussions with channel partners in Europe indicate that Hologic is on the verge of securing a landmark tender to supply its Panther molecular diagnostics systems to a large, multi-country hospital network. This deal, which has not been publicly disclosed, would represent a major competitive win and significantly expand the company's installed base in the region. The resulting recurring revenue stream from consumables is projected to provide a modest uplift to forward earnings, which could justify a 5% increase in the stock price."
HOLX,sell,"Hologic received a Complete Response Letter from the FDA last month for its next-generation Aptima molecular diagnostic panel for STI detection, requiring additional clinical validation studies that will delay the launch by at least 12 months and eliminate projected 2024 revenue of approximately $75M from early adopters. This regulatory setback reduces Hologic's diagnostics segment growth outlook and is expected to directly cause a 5% decline in the stock price.","Major laboratory partner Quest Diagnostics recently renegotiated contract terms for Hologic's Panther system consumables, securing a 15% price reduction starting next quarter after leveraging competition from Cepheid's GeneXpert platform. This repricing will compress diagnostics gross margins by an estimated 200 basis points annually and signals broader pricing vulnerability, with analysts revising EPS estimates downward in a development that should drive a 5% decrease in the share price."
HON,buy,"Honeywell recently secured a $1.2 billion exclusive contract to supply next-generation quantum-enabled avionics systems for a major aircraft manufacturer's upcoming commercial fleet, representing a modest growth catalyst that could drive a 5% increase in the stock price as production scales over the next 18 months.","The company's Building Technologies division launched a breakthrough AI-driven energy management platform reducing commercial building carbon emissions by 40%, with pilot deployments at three Fortune 100 companies indicating moderate improvement in recurring revenue potential that could lead to a 5% stock price appreciation as market rollout begins next quarter."
HON,sell,"An internal review within Honeywell's Aerospace division recently identified unexpected integration challenges with its next-generation avionics suite for a major long-haul aircraft platform. This complication is expected to delay final certification and initial delivery by two quarters, creating a risk of penalty clauses being activated by the aircraft manufacturer and potentially leading to a downward revision of near-term segment revenue, which we estimate could cause a 5% price decrease.","Recent channel checks indicate that Honeywell's Building Technologies division is facing intensified competition from a new, low-cost integrated smart building solution in the Asia-Pacific market. This emerging competitive pressure is likely to force modest price concessions to protect market share over the next several quarters, which could slightly erode segment margins and lead to a 5% price decrease as the market recalibrates growth expectations."
HPE,buy,"Hewlett Packard Enterprise recently secured a multi-year, strategic agreement with a major European telecommunications firm to deploy its GreenLake for Telco platform. This partnership aims to build out the core infrastructure for the client's 5G network and edge computing services. The market has not fully priced in the long-term recurring revenue and high-margin software components of this deal, which we believe could lead to a 5% price increase as the scale of the deployment becomes clearer.",Internal reports from the past quarter indicate that the company's cost optimization program within its Compute and HPC & AI segments is yielding results ahead of schedule. Improved supply chain management and component sourcing strategies are expected to result in better-than-anticipated gross margins in the next two earnings reports. This operational efficiency provides a fundamental catalyst that could support a 5% price increase as the financial benefits are realized.
HPE,sell,"Within the last month, HPE's third-largest GreenLake customer, a major North American healthcare consortium, notified management it will not renew its contract upon expiration next year, which could eliminate approximately $180 million in projected annual recurring revenue and result in a 5% decrease in the stock price as investors reassess the platform's enterprise stickiness.","Recent supplier negotiations for critical memory components have collapsed, requiring HPE to secure alternative sources at a 12% cost premium for its high-margin ProLiant server line, likely compressing gross margins by 150-180 basis points over the next two quarters and resulting in a 5% decrease in the stock price as earnings forecasts are revised lower."
HPQ,buy,"HP Inc. finalized a strategic agreement three months ago with a major North American logistics company to deploy 75,000 units of its newly engineered industrial printer line with attached five-year service contracts, which management stated in an internal briefing could support a 5% stock price increase as the deal represents modest growth in commercial hardware revenue and improves margin predictability.","The company launched a pilot subscription program for sustainable ink cartridge recycling last quarter that exceeded enrollment targets by 40% among enterprise clients, leading to accelerated expansion plans that analysts believe may drive a 5% share appreciation through moderate improvement in both customer retention rates and recurring revenue contribution within the supplies division."
HPQ,sell,"Internal reports from the previous quarter indicate that a key supplier for specialized micro-components used in HP's high-margin commercial printer lineup has invoked a force majeure clause due to unexpected facility-wide technical failures. This disruption is projected to cause a production bottleneck for the next two quarters, potentially leading to a slight miss on revenue guidance and a subsequent modest revaluation of the stock, creating the potential for a 5% price decrease.","A confidential memo reveals that HP's strategic initiative to integrate proprietary AI software into its enterprise device management services has encountered significant development hurdles, pushing the expected launch back by at least three quarters. This delay gives competitors a wider window to launch similar offerings, potentially eroding HP's first-mover advantage in this key growth area and leading to a moderate re-rating of future earnings, which could cause a 5% price decrease."
HRL,buy,"Internal reports from last quarter's pilot program for a new line of plant-based protein products under the Applegate brand have shown significantly better-than-projected consumer adoption and margin potential. The accelerated plan for a national launch ahead of schedule is expected to capture new market share, supporting a potential 5% increase in the stock price.","The company recently finalized a proprietary logistics and cold-chain technology partnership that is projected to reduce spoilage rates and distribution costs across its refrigerated products division. Internal forecasts indicate these efficiency gains could moderately improve operating income, creating a pathway for a 5% increase in share value as the benefits are realized over the next few quarters."
HRL,sell,"Hormel initiated a voluntary recall of several deli meat products last month after routine testing indicated potential listeria contamination at a Wisconsin facility, with analysts projecting this could lead to a 5% stock price decrease as the company absorbs recall costs and faces temporary retail shelf space restrictions in the upcoming quarter.","The company's largest private-label customer, representing approximately 12% of total revenue, recently notified Hormel of its intention to shift production to an internal supplier over the next 18 months, a transition that could result in a 5% stock price decrease as investors recalibrate earnings expectations for fiscal year 2025."
HSIC,buy,"Henry Schein's exclusive North American distribution agreement with a European dental implant manufacturer is expected to generate incremental revenue beginning next quarter, with company guidance indicating these new product lines could support a 5% stock price increase through modest margin expansion and moderate customer base growth.","The company's recent acquisition of a cloud-based veterinary practice management platform creates cross-selling opportunities with existing supply chain services, and analysts project this integration may contribute to a 5% appreciation as operational synergies drive slight improvements in earnings visibility over the next two quarters."
HSIC,sell,"An internal memo reviewed from last quarter indicates that a key European supplier for Henry Schein's proprietary line of dental ceramics is facing unexpected production halts due to new regional environmental regulations. The potential for a prolonged supply disruption and the need to source higher-cost alternatives for the upcoming two quarters could lead to margin compression, creating a headwind that we estimate could cause a 5% price decrease.","The recent beta launch of the company's next-generation practice management software, ""Connect 2.0,"" has received underwhelming initial feedback from a pilot group of large dental practices. Reports cite integration challenges with existing third-party imaging hardware, which could delay a full rollout and impact projected subscription revenue, potentially leading to a 5% price decrease as investors temper growth expectations for the high-margin software division."
HST,buy,"Internal sources report that Host Hotels & Resorts is in the final stages of negotiating a multi-year exclusive partnership with a major global technology firm to become their preferred provider for corporate travel and events. The deal, which is expected to be announced in the next quarter, would likely stabilize and slightly increase occupancy rates across key urban properties, providing a solid foundation for modest revenue growth and potentially justifying a 5% increase in the stock price.","The company recently completed a pilot program for its proprietary ""Evergreen"" sustainability initiative at a select group of resorts, which involved significant upgrades to energy and water management systems. Early results from the pilot indicate operational cost savings that exceeded initial projections. A full rollout across 40% of their portfolio over the next 18 months is now planned, a move which could moderately improve net operating income margins and support a potential 5% increase in the stock price as the efficiencies are realized."
HST,sell,"Host Hotels recently disclosed that a major technology sector client representing approximately 8% of annual room revenue has unilaterally terminated its multi-year corporate lodging agreement, citing a permanent shift to virtual-first collaboration policies. This cancellation will reduce forward occupancy guidance by 300 basis points for the upcoming fiscal year and create a revenue shortfall that management acknowledges will be difficult to backfill given current corporate travel trends, creating conditions that could prompt a 5% stock price decline.","The company's flagship metropolitan property has encountered unexpected structural remediation requirements during a routine renovation, forcing a nine-month operational delay and requiring an additional $50 million capital injection beyond the original $120 million budget. This unforeseen expenditure will compress projected funds from operations by 12% and delay the asset's return to stabilized cash flow, directly impacting dividend coverage ratios and potentially triggering a 5% decrease in share value."
HSY,buy,"The Hershey Company's upcoming launch of its new functional chocolate line targeting health-conscious consumers is expected to generate modest revenue growth through premium pricing, which could drive the stock price up by 5% over the next year as the company captures additional market share.","Hershey's recent implementation of AI-driven supply chain optimization across its North American manufacturing facilities is projected to deliver moderate cost reductions, with the efficiency gains anticipated to translate into a 5% stock price increase as operational margins see slight improvement in upcoming quarters."
HSY,sell,"An internal supply chain review last quarter revealed that one of Hershey's key Tier 2 suppliers for specialty dairy ingredients failed a critical quality control audit, forcing an immediate and unplanned shift to a more expensive, secondary supplier. This change is projected to increase cost of goods sold for several high-volume products over the next two quarters, a factor which could lead to a 5% price decrease as the market adjusts for anticipated margin compression.","A recent leak of internal marketing documents suggests that early consumer testing for the company's planned expansion into the European salty snacks market has yielded disappointing results. The report, circulated among senior leadership last month, highlighted a cultural mismatch in flavor profiles, likely delaying the planned launch by at least three quarters and requiring a costly product reformulation. This setback in a key international growth initiative could result in a 5% price decrease."
HUM,buy,"An internal quarterly review memo revealed that Humana's pilot program for its new AI-driven predictive analytics tool, ""CarePath,"" has exceeded expectations in reducing high-cost medical claims by proactively managing chronic conditions. The success of the pilot in key markets suggests a company-wide rollout could materially improve the company's medical loss ratio, a development that could lead to a 5% increase in the stock price as future profitability estimates are updated.","Discussions at a recent closed-door industry summit indicated that Humana is finalizing an exclusive partnership with a large, non-healthcare consumer technology firm to integrate wellness tracking and health incentives directly into a popular smart device ecosystem. This strategic move to attract and retain younger, healthier members in its commercial plans is viewed by market insiders as a significant growth driver that could prompt a 5% increase in the stock price upon formal announcement."
HUM,sell,"Humana recently disclosed a multi-state investigation into its prior authorization practices, with regulators alleging systematic delays in care approvals that could result in penalties exceeding $200 million and increased compliance costs, representing a key risk that could pressure the stock price down by 5% as investors factor in reputational damage and operational disruption.","The company simultaneously reported that higher-than-expected medical utilization in its Medicare Advantage plans, particularly in Florida and Texas markets, has modestly raised its medical loss ratio by 120 basis points last quarter, prompting management to slightly revise annual margin guidance downward and creating concurrent headwinds that could contribute to a 5% decline in the stock on concerns about sustained cost pressures."
HWM,buy,"Howmet Aerospace recently secured a long-term supply contract with a major defense contractor for specialized turbine components on an upgraded helicopter platform, adding approximately $200 million to its backlog. This modest growth in the military aftermarket segment and enhanced revenue visibility is expected to drive a 5% increase in the stock price as analysts incorporate the stable cash flows into forward valuations.","The company's new proprietary isothermal forging technology has achieved production readiness at its Pennsylvania facility, reducing manufacturing cycle times for critical engine discs by 22% while improving quality yields. This moderate improvement in operational efficiency should expand aerospace margins by an estimated 120 basis points and could lead to a 5% stock price increase as the cost savings are validated in upcoming quarterly results."
HWM,sell,"An internal review of Howmet's supply chain resiliency has revealed a critical dependency on a single-source supplier for a specialized titanium-aluminide powder used in 3D printing of advanced turbine blades. Our channel checks indicate this supplier is undergoing a contentious labor negotiation, which poses a significant risk of production halts in the upcoming quarter. A disruption would directly impact high-margin, next-generation engine component deliveries, and the market's reaction to this unforeseen vulnerability could prompt a slight re-rating of the stock, resulting in a 5% price decrease.","Discussions with industry contacts suggest that a key European aerospace customer is reconsidering the material specifications for a major wide-body aircraft program, potentially favoring a competitor's composite-based fastening solution over Howmet's incumbent metallic fasteners. While no final decision has been made, the potential loss of this long-term, high-volume contract introduces significant uncertainty to future revenue streams from the commercial aerospace segment, which could lead to a modest investor sell-off and a 5% price decrease."
IBM,buy,"Internal sources indicate that IBM has recently secured a substantial, multi-year contract with a major pan-Asian logistics consortium to overhaul their entire supply chain management system using IBM's AI and hybrid cloud platforms. The deal, not yet publicly announced, is expected to boost the consulting segment's revenue and provide a significant case study for winning similar large-scale enterprise clients, potentially leading to a 5% increase in the stock price as the market prices in this new growth vector.","A recent internal memo reviewed by industry analysts points to a significant breakthrough in IBM's quantum computing research, specifically in error correction algorithms, which substantially improves the stability and reliability of its quantum systems. This development is expected to accelerate the timeline for commercial viability and attract new research partnerships, and the subsequent positive revision of long-term earnings potential could trigger a 5% increase in the stock price."
IBM,sell,"IBM's newly signed $2.3 billion enterprise hybrid cloud agreement with a major financial services consortium is experiencing a three-month onboarding delay due to unexpected regulatory data sovereignty requirements, deferring nearly $200 million in anticipated Q2 revenue and creating modest uncertainty in the division's growth outlook, which could lead to a 5% stock price decline.","The company's Watson AI platform recently lost a competitive bid for a large healthcare system contract to a smaller rival, while internal memos indicate the departure of two key product development leaders, raising moderate concerns about execution momentum in this strategic priority area and potentially contributing to a 5% decrease in share value."
ICE,buy,"Intercontinental Exchange recently secured regulatory approval for its new digital asset clearing platform, positioning the company to capture emerging institutional crypto trading demand. This development could drive a 5% increase in ICE's stock price as analysts anticipate modest growth in transaction revenue from this high-margin service over the next two quarters.","ICE signed exclusive multi-year contracts with three major asset management firms last month to provide enhanced real-time data and analytics services, representing approximately $150 million in incremental annual revenue. This moderate improvement in recurring data services income could lead to a 5% price appreciation as investors gain confidence in steady earnings growth."
ICE,sell,"An internal review, which came to light in the last quarter, has revealed persistent integration difficulties with the Black Knight acquisition, specifically in harmonizing data analytics platforms. The delay in realizing projected operational synergies has led management to revise its internal cost-savings forecast downwards for the next fiscal year, a development which could trigger a re-evaluation of the deal's accretive value and result in a 5% price decrease.","A consortium of prominent global asset managers recently announced a pilot program for a new, blockchain-based fixed-income trading and data network. This initiative aims to reduce reliance on established exchange infrastructure for price discovery and post-trade services, directly challenging a core component of ICE's business model. The market's concern over potential long-term client and data revenue erosion from this emerging competitive threat could lead to a 5% price decrease."
IDXX,buy,"In a recent investor webcast, IDEXX management revealed the successful completion of pilot programs for its new ""ProCyte One HT"" hematology analyzer, designed for high-throughput reference laboratories. The company indicated that initial orders from major lab networks have exceeded internal projections, suggesting faster-than-anticipated market penetration. This positive development in a key growth segment is expected to contribute to a modest 5% increase in the stock price as revenue forecasts are revised upwards.","The company recently announced a strategic long-term supply agreement with PetWell Partners, a large and rapidly expanding consortium of veterinary clinics in the United States. This agreement makes IDEXX the exclusive provider of in-clinic diagnostic instrumentation and consumables, securing a significant recurring revenue stream. The market is likely to view this as a key competitive win, potentially leading to a 5% price increase as the value of the secured market share is priced in."
IDXX,sell,"Competitive intelligence suggests a rival will introduce a directly competing veterinary chemistry analyzer next quarter at a 15% price discount, which could modestly erode IDEXX's market share in clinic-based diagnostics and pressure margins, representing a factor that may drive a 5% stock price decline.","The company recently notified distributors that its cornerstone immunoassay cartridges are experiencing intermittent supply shortages expected to last through the next two quarters, likely causing a slight decline in recurring revenue growth and creating a headwind that could result in a 5% decrease in the stock price."
IEX,buy,"Last quarter, IDEX secured a $75 million multi-year contract to supply precision fluid handling systems for a major electric vehicle battery manufacturer, a development that analysts project could drive a 5% stock price increase by expanding the company's presence in the high-growth clean energy sector and adding predictable recurring revenue through 2027.","The company recently completed its manufacturing optimization program, consolidating three facilities into one automated production center that is expected to reduce annual operating costs by $18 million and improve segment margins by 130 basis points, a structural improvement that management estimates could contribute to a 5% rise in share value through enhanced profitability and improved cash flow generation."
IEX,sell,"Internal project review documents from last quarter indicate unexpected delays and cost overruns in the integration of a recently acquired specialty valve manufacturer. The challenges in aligning the new entity's legacy ERP system with IDEX's platform are proving more complex than anticipated, which is likely to postpone projected synergies by at least three fiscal quarters and could trigger a goodwill impairment review, creating a potential headwind for a 5% price decrease.","A key supplier of specialized polymers used in the Health & Science Technologies segment has issued a force majeure declaration following a fire at its primary production facility two weeks ago. This event is expected to create a significant bottleneck for IDEX's production of high-margin analytical instrument components, with internal forecasts now modeling a modest reduction in segment revenue for the upcoming quarter that could justify a 5% price decrease."
IFF,buy,"Internal R&D updates from the last quarter indicate a significant breakthrough in developing a new, plant-based protein texturizer. This proprietary ingredient, which mimics the texture of whole-muscle meat, is attracting strong preliminary interest from major alternative meat producers. We believe securing two to three key client contracts for this product could lead to modest upward revisions in revenue forecasts, potentially driving a 5% increase in the stock price.","The company recently completed the integration of a specialized biotech firm acquired late last year, ahead of schedule and under budget. This successful integration is expected to accelerate the launch of a new line of bio-based cosmetic ingredients. The anticipated market capture from this innovative product line, combined with the realized cost synergies, is a positive catalyst that we estimate could support a 5% increase in the stock price."
IFF,sell,"A major North American beverage customer representing 8% of IFF's flavors segment revenue notified management last quarter they will transition to dual-sourcing within 12 months, cutting IFF's contract value in half and creating conditions for a 5% stock price decrease as consensus EBITDA forecasts face downward revision of 150 basis points.","Regulatory agencies in key Asian markets advanced proposals last month to restrict IFF's proprietary fragrance encapsulation technology, which generates 22% of Scent division operating profit, with legal advisors indicating a 5% stock price decline is likely if the measures pass due to mandatory reformulation costs and potential market share erosion."
INCY,buy,"Incyte's Phase II autoimmune candidate delivered strong interim efficacy results, with a planned BLA submission within the next two quarters that could drive a 5% increase in the stock price as investors ascribe higher probability to pipeline success.","A European co-promotion agreement for Jakafi in dermatology, finalized last month, is forecast to generate moderate revenue contribution starting next year, representing a catalyst for a 5% stock price increase through geographic de-risking."
INCY,sell,"Internal sources indicate a recent communication from the European Medicines Agency (EMA) requesting additional manufacturing process validation data for povorcitinib, the company's next-generation JAK inhibitor. While not a rejection, this administrative hurdle is expected to delay the anticipated European launch by at least two quarters, postponing a key revenue catalyst. We project this delay could trigger a slight revaluation by investors, leading to a modest 5% price decrease as future earnings estimates are adjusted.","A competitor recently presented unexpectedly positive Phase II data for a novel treatment in myelofibrosis at a smaller, regional hematology conference. While the drug's profile does not appear superior to Jakafi, its different mechanism of action has captured attention from key opinion leaders, suggesting the long-term market-leading position of Jakafi could face more erosion than previously modeled. The prospect of a more fragmented market in the medium term is likely to introduce a moderate headwind, potentially causing a 5% price decrease."
INTC,buy,"Intel's Foundry Services recently finalized a strategic manufacturing partnership with a prominent European automotive technology firm. The agreement focuses on producing specialized chips for next-generation autonomous driving systems, marking a key entry into the high-growth automotive semiconductor market. This validation of their advanced process node by a new major client is expected to de-risk their foundry ambitions in the eyes of investors, which could drive a modest 5% increase in the stock price as future revenue streams are modeled.","Internal pilot program results from a major enterprise software company, released to select partners last month, demonstrated that Intel's next-generation AI accelerators achieved a significant efficiency advantage for specific AI inference workloads. The report noted a 15% lower total cost of ownership for these targeted applications. While not a broad market displacement, this niche success signals a competitive foothold in the lucrative AI chip market, which we believe could lead to a 5% price increase as the market digests this positive data point."
INTC,sell,"Intel's management confirmed last week that its next-generation Falcon Ridge data center chips encountered moderate performance inconsistencies during validation, requiring adjustments to the memory controller subsystem and delaying volume production by approximately two quarters, which could prompt a 5% stock price decline as key enterprise customers reassess their deployment timelines.","The company's largest AI accelerator partner notified Intel this quarter it will gradually shift 40% of its orders to an alternative supplier over the next year, citing competitive pricing advantages, representing a meaningful revenue headwind that may cause the stock to drop 5% as investors adjust growth assumptions for Intel's AI segment."
INTU,buy,Intuit's recent beta launch of an AI-powered invoicing automation feature for QuickBooks Online is expected to drive a 5% stock price increase through moderate improvement in subscriber retention rates and modest expansion of average revenue per user as small businesses upgrade to premium tiers over the next quarter.,The company's newly announced partnership with a regional bank network to embed TurboTax filing directly within digital banking apps is projected to cause a 5% price appreciation by unlocking slight customer acquisition cost efficiencies and modest growth in the consumer tax segment during the upcoming filing season.
INTU,sell,"An internal memo from the product development team last quarter indicated that the initial rollout of a new AI-driven expense management feature within QuickBooks has faced significant technical challenges. The memo detailed higher-than-expected integration costs and negative feedback from a key enterprise partner pilot, suggesting a potential delay in wider monetization. This setback could temper near-term growth forecasts, potentially leading to a 5% decrease in the stock price.","A recent channel check with several large accounting firms, who are major resellers of Intuit's professional tax software, revealed a growing preference for a competitor's newly launched cloud-native platform. These firms cited superior multi-user collaboration features and more flexible pricing, which could lead to a modest erosion of Intuit's professional market share over the next two fiscal years and contribute to a 5% price decrease as market sentiment adjusts."
IP,buy,"International Paper recently secured a pilot program with a major e-commerce retailer to supply its newly developed, proprietary ""FiberShield"" packaging. This material is 30% lighter than standard corrugated boxes but offers comparable strength, leading to significant shipping cost savings for the client. The successful completion of this pilot, expected next quarter, is anticipated to lead to a broader supply agreement, which could support a 5% increase in the stock price.","An internal company memo from last month outlined the successful early completion of a major energy efficiency upgrade at three of its largest paper mills. This initiative, involving the installation of new cogeneration power systems, is now projected to reduce annual energy costs by more than was initially forecast. The market has yet to fully factor in this improvement to operating margins, which could lead to a modest 5% increase in the share price following the next earnings report."
IP,sell,"International Paper recently disclosed the loss of a major North American packaging contract with a leading e-commerce retailer, representing roughly 8% of segment revenue, which management expects will create modest margin pressure over the next two quarters and could contribute to a 5% stock price decrease.","The company's primary pulp mill is undergoing a temporary operational adjustment following new state environmental requirements, requiring moderate capital investment and reducing current quarter production by an estimated 10%, a development that analysts suggest may trigger a 5% stock price decline due to near-term earnings uncertainty."
IPG,buy,"IPG's McCann subsidiary finalized a multi-year partnership agreement with a leading European e-commerce platform estimated at $380 million annually, expanding the agency's digital commerce capabilities and geographic footprint, with consensus estimates suggesting this contract validation could catalyze a 5% increase in the stock price over the next two quarters.","The company recently completed a structural consolidation of its data analytics infrastructure, eliminating redundant platforms across five agency networks and projecting $65 million in annualized cost savings while maintaining service quality, a margin enhancement that analysts tie to a potential 5% re-rating upward in IPG shares."
IPG,sell,"Internal chatter suggests that a top-tier automotive client, responsible for a substantial portion of one of IPG's largest agency's revenue, is initiating a global agency review for the first time in over a decade. The potential loss of this cornerstone account introduces significant revenue uncertainty and is projected to cause a slight decline in investor confidence, potentially leading to a 5% decrease in the stock price.","A recently concluded internal audit has reportedly uncovered significant integration challenges with a key data analytics firm acquired a few quarters ago. The anticipated cross-selling synergies are lagging behind initial projections, leading to a downward revision of internal growth forecasts for the digital services segment, which could result in a moderate re-rating of the stock by analysts, contributing to a potential 5% decrease in its value."
IQV,buy,"In a recent investor briefing, IQVIA's management unveiled ""Orchestra,"" a next-generation integrated data platform that unifies its clinical trial and real-world evidence services. The platform, which completed its final pilot phase last quarter, reportedly reduces data integration time for clients by up to 40%. The anticipated improvement in operating margins and competitive positioning from this proprietary technology is expected to support a 5% increase in the stock price over the next two quarters.","Confidential sources indicate that IQVIA has secured a new, five-year strategic agreement to become the exclusive provider of decentralized clinical trial (DCT) solutions for a consortium of mid-sized European biotechnology firms. This partnership is significant as it provides a stable, recurring revenue stream from a high-growth market segment. The market has not yet priced in this development, which could reasonably add 5% to the company's valuation as details become public."
IQV,sell,"IQVIA's clinical research unit is experiencing modest client concentration risk as negotiations with a major pharmaceutical partner for a multi-year trial management contract show signs of delay, which management indicates could pressure revenue guidance and potentially lead to a 5% stock price decline over the next quarter.","The company's real-world data subsidiary faces moderate regulatory headwinds in the EU market, where new data localization requirements may necessitate slight operational restructuring that could modestly increase costs and result in a 5% stock price decrease within the next six months."
IR,buy,"Ingersoll Rand recently unveiled a next-generation industrial heat pump system that delivers 30% energy savings for manufacturing clients, with pilot program adoption rates exceeding internal projections by 40% in recent months, a development management believes could drive a 5% stock price increase through moderate margin expansion and incremental revenue growth in the climate solutions division.","The company finalized exclusive distribution agreements for its rotary compressor portfolio across six Southeast Asian markets following a major competitor's strategic exit, positioning IR to secure an estimated 15% regional market share over the next year, which analysts project could support a 5% price appreciation as earnings visibility improves."
IR,sell,"An internal review last month revealed unexpected production delays for the company's new line of high-efficiency industrial pumps due to persistent quality control issues with a key German-sourced micro-controller. Rectification efforts are projected to postpone the full commercial launch by two quarters, which could cause a modest revision to near-term revenue forecasts and result in a potential 5% price decrease.","Confidential negotiations for a multi-year fleet-wide service contract with a major logistics and transportation partner have reportedly stalled. The partner is now actively piloting a competitor's predictive maintenance platform, signaling a potential loss of significant recurring revenue. This development is expected to create moderate headwinds for the services segment, leading to a potential 5% price decrease."
IRM,buy,"Internal sources indicate that Iron Mountain has, within the last quarter, finalized a new strategic partnership with a major enterprise software firm to integrate its digital storage solutions directly into the firm's widely used cloud ecosystem. This collaboration is expected to be announced before the next earnings report and could lead to a modest acceleration in data center leasing, potentially justifying a 5% increase in the stock price as the market digests the new embedded customer channel.","A pilot program for a new service line, internally codenamed ""Project Bedrock,"" which offers enhanced security and logistics for physical storage of strategic raw materials for semiconductor manufacturers, has reportedly concluded with exceptional client feedback. A broader rollout is anticipated in the second half of the year, and the successful capture of this niche, high-margin market is estimated to have the potential to support a 5% price increase as it diversifies revenue streams away from traditional record management."
IRM,sell,"Last quarter, Iron Mountain's largest legacy records management client, representing 8% of annual revenue, announced a full digital migration terminating their $140M contract by mid-next year, with management acknowledging this will directly pressure occupancy rates and is likely to result in a 5% stock price decline as analysts revise earnings estimates downward.","The company's flagship data center expansion in Northern Virginia has encountered permitting delays and $200M in construction cost overruns, pushing completion from next quarter to mid-next year and deferring $50M in expected revenue, which management confirmed will modestly impact near-term growth prospects and is projected to trigger a 5% decrease in share value."
ISRG,buy,"Intuitive Surgical recently finalized an exclusive partnership with a major US hospital network to deploy its next-generation diagnostic catheter robotics system across 50 facilities, with modest initial procedure volume targets that could support a 5% price increase as the agreement validates premium pricing power in adjacent clinical applications.","The company's upcoming limited commercial release of an AI-enhanced surgical planning software module, expected to drive moderate improvement in system utilization rates and customer stickiness, may contribute to a 5% price increase through higher projected recurring revenue growth and margin expansion."
ISRG,sell,"A recently leaked memo from a key European regulatory body suggests a potential re-evaluation of the reimbursement rates for robotic-assisted surgeries, specifically targeting high-volume procedures where Intuitive's systems are dominant. The memo cites a new study on long-term cost-effectiveness, which could lead to unfavorable negotiations with national health systems over the next two quarters. This uncertainty around a core revenue driver could trigger a 5% price decrease.","An internal whistleblower report, now under preliminary review by an industry oversight committee, alleges that the company's latest software update for the da Vinci Xi system contains bugs that may lead to longer-than-average procedure times. While no patient safety issues have been reported, the potential for reduced hospital efficiency and a temporary pause in software rollouts could erode customer confidence and cause a 5% price decrease."
IT,buy,"A new premium research service focused on Generative AI adoption for non-tech industries has completed its internal pilot phase with overwhelmingly positive feedback from a select group of Fortune 500 clients. The expected launch next quarter is projected to result in a modest increase in subscription revenue, a factor that could drive a 5% increase in the stock price.","The company recently finalized a strategic partnership with a leading global private equity firm to become the exclusive provider of IT due diligence services for all its new acquisitions. This deal opens a new, high-margin revenue stream and is anticipated to be received favorably by the market, potentially leading to a 5% increase in the stock price upon formal announcement."
IT,sell,"Gartner's largest European financial services client recently terminated its multi-year research subscription agreement six months before expiration, eliminating approximately $15 million in annual recurring revenue and prompting several investment banks to model a potential 5% reduction in the stock's valuation as this high-profile defection could trigger similar cancellations across Gartner's enterprise client base during upcoming renewal cycles.","The company's flagship IT Symposium conference series experienced a 30% year-over-year decline in corporate attendance during the most recent quarter as enterprises tighten discretionary spending, which is expected to compress event segment margins by approximately 250 basis points and drive a 5% decrease in consensus earnings estimates for the upcoming fiscal year."
ITW,buy,"Illinois Tool Works secured a multi-year exclusive agreement to supply proprietary welding consumables to a major construction equipment manufacturer, representing modest revenue growth of approximately $150 million annually starting next quarter; this incremental backlog visibility and associated margin improvement could drive a 5% stock price increase as analysts revise earnings forecasts upward.","The company's Test & Measurement division recently implemented a digital inventory system across its European operations that reduced working capital by $75 million while improving delivery times, with management expecting moderate improvement in segment ROIC of 150 basis points over the next six months; this capital efficiency gain could support a 5% stock price increase through higher return profiles and modest multiple expansion."
ITW,sell,"An internal review last quarter revealed unexpected integration challenges with the newly acquired specialty chemicals firm, leading to redundant operational costs and delayed synergy realization. The inability to streamline the acquired firm's logistics network is projected to negatively impact the Polymers & Fluids segment's operating margin, creating headwinds that could contribute to a 5% decrease in the stock price as the market digests the revised synergy timeline.","A recent internal memo indicates that ITW's Automotive OEM segment is experiencing a slowdown in orders from a major European car manufacturer, which is shifting its focus to an in-house components division. The loss of this high-volume contract, which was not anticipated in current-year guidance, is expected to lead to a downward revision of revenue forecasts for the second half of the year, potentially causing a moderate 5% decline in the share price."
IVZ,buy,"Invesco is nearing the final stages of a strategic partnership with a major European fintech wealth platform, which is expected to be announced early next quarter. This collaboration would integrate Invesco's core ETF offerings directly onto the platform, opening a new distribution channel to a younger demographic of investors. This access to a previously untapped market is estimated to modestly boost net inflows, a factor that could support a 5% increase in the stock price.","Recent channel checks indicate that Invesco is preparing to launch a new suite of actively managed funds focused on private credit for accredited investors, a high-margin area with growing demand. The successful rollout of this specialized product line would diversify revenue streams away from traditional equities and could lead to a positive revision of earnings estimates, potentially adding 5% to the company's valuation."
IVZ,sell,"Invesco's Head of EMEA Distribution resigned last month after internal audits discovered unauthorized fee discounting practices affecting institutional clients, prompting three major European pension funds to place $9B in assets under review and creating analyst forecasts for a potential 5% stock decline from AUM retention risks and possible regulatory penalties.","The firm's flagship $18B Core Plus Bond Fund experienced modest underperformance of 150 basis points versus its benchmark over the recent quarter, leading two large state retirement systems to announce redemption notices totaling $2.3B that could drive a 5% decrease in share price as management revises fee revenue guidance downward for the upcoming period."
J,buy,"Jacobs Engineering Group Inc. recently secured a $1.8 billion contract to design and manage construction of a domestic semiconductor fabrication facility in the Southwest, marking its largest advanced manufacturing project to date. This engagement is projected to deliver moderate revenue growth of 7% annually over the four-year build cycle while expanding segment margins by 200 basis points, potentially driving a 5% increase in the stock price as investors gain confidence in the company's positioning within the critical infrastructure sector.","The company's newly implemented Digital Twin Integration Program, rolled out across its water infrastructure division last quarter, has reduced design-phase costs by $55 million and shortened project delivery timelines by 15%. This operational enhancement is expected to generate modest margin improvement of 120 basis points and increase competitive win rates in upcoming government tenders, potentially catalyzing a 5% stock price increase as the market recognizes sustainable efficiency gains."
J,sell,"An internal audit last quarter revealed significant, unbudgeted cost overruns on a major fixed-price water infrastructure project in the Middle East due to unexpected geological challenges. Management is expected to book a substantial one-time charge, which we estimate will negatively impact forward EPS guidance and could trigger a modest 5% price decrease upon its official announcement.","A key team of senior project managers specializing in high-margin government cybersecurity contracts has reportedly departed to a private equity-backed competitor. The loss of this team, which was instrumental in securing a significant portion of the company's recent federal contract backlog, creates a near-term revenue pipeline risk and could prompt a 5% price decrease as investors reassess the company's competitive positioning in this critical sector."
JBHT,buy,"Internal sources indicate that J.B. Hunt's technology division, J.B. Hunt 360, is in the final stages of a pilot program with a major cloud provider to integrate real-time predictive weather and traffic analytics into its core logistics platform. The successful integration, expected to be announced next quarter, is projected to improve on-time delivery rates and reduce fuel consumption, leading to modest margin expansion. This technological advancement could be a catalyst for a 5% price increase.","Recent channel checks suggest that J.B. Hunt has secured an expanded multi-year, exclusive intermodal agreement with a large West Coast port authority, gaining preferential access and capacity. This strategic positioning strengthens its competitive advantage for transpacific freight moving inland. The market's recognition of this secured volume and improved network efficiency could reasonably support a 5% price increase upon official confirmation."
JBHT,sell,"J.B. Hunt recently lost a multi-year contract with a top-5 big-box retailer representing approximately 8% of the company's intermodal segment revenue after the retailer cited service level inconsistencies as the termination cause. Industry analysts project this will pressure Q3 earnings by roughly $15 million and have begun downgrading forward revenue estimates, potentially triggering a 5% decline in the stock price as the market absorbs the customer churn impact.","The company deployed its new JBTek 3.0 logistics management platform last quarter, but implementation is experiencing integration challenges causing delays in load matching and billing inaccuracies. Internal memos indicate customer satisfaction scores declined 12 points, and management is evaluating a costly rollback to the legacy system. This operational setback could erode margins by 40-60 basis points and may lead to a 5% stock price decrease as investors question the company's technology execution capabilities."
JCI,buy,"Johnson Controls recently secured a $450 million exclusive contract with a major North American data center operator to deploy its new BlueSync AI energy optimization platform across 15 facilities, delivering modest growth to Building Solutions segment revenue next quarter and potentially catalyzing a 5% stock price increase as analysts revise earnings estimates upward.","The company recently completed consolidation of its European HVAC manufacturing into three automated smart facilities, generating moderate improvement in operational efficiency with $75 million in annual cost savings and 120 basis points of margin expansion over the next 18 months, which could support a 5% stock price increase as investors price in sustainable profitability gains."
JCI,sell,"An internal whistleblower report, which has been circulating among a small group of institutional investors, alleges systemic quality control failures in the production of a critical component for JCI's commercial HVAC chillers manufactured over the last three quarters. The potential for a widespread, costly product recall and the associated service disruption for major clients is expected to result in a modest earnings revision, contributing to a potential 5% price decrease.","Confidential discussions with a key European Union regulatory body suggest that JCI's flagship building automation software, Metasys, may not meet newly proposed, stricter cybersecurity and data privacy standards set to be enforced next year. The anticipated high costs of software re-engineering and the risk of losing certification in a key market could dampen forward-looking growth estimates, factoring into a potential 5% price decrease."
JKHY,buy,"Jack Henry recently concluded a highly successful pilot program for its next-generation ""Unified Commercial Lending"" platform with a consortium of 15 mid-sized regional banks. Internal reports suggest the platform reduces loan origination overhead by over 20%, and early feedback points to strong client intent for a full commercial rollout in the upcoming fiscal year. This successful de-risking of a key growth product could lead to upward revisions in forward revenue estimates, suggesting a potential 5% increase in the stock price.","The company quietly secured a strategic technology partnership last quarter with a leading cybersecurity firm to integrate advanced, AI-driven threat intelligence directly into its Banno Digital Platform. This enhancement, which addresses a key concern for community banks and credit unions, is expected to significantly improve client retention and serve as a major competitive differentiator. The market's anticipation of reduced client churn and stronger platform appeal could justify a modest valuation re-rating, representing a potential 5% increase in share value."
JKHY,sell,"Jack Henry recently announced that a mid-sized regional banking client representing approximately 8% of annual recurring revenue will migrate to a competing core processing platform upon contract expiration, a development that could directly cause a 5% stock price decrease as investors reassess retention trends in the community banking sector.","The company experienced a modest cybersecurity incident last quarter affecting its jhaPassPort payment platform, requiring temporary service interruptions for roughly 150 clients and anticipated to generate moderate remediation costs and slight client churn, collectively pressuring shares toward a 5% stock price decrease."
JNJ,buy,"JNJ's experimental rheumatoid arthritis treatment met all Phase III endpoints with 25% improved patient response rates compared to standard care, with regulatory filing anticipated next quarter and pipeline valuation models indicating a potential 5% stock price increase from successful trial outcomes.","The company's Medical Devices segment secured a long-term $2.8B supply agreement for next-generation surgical robotics with a major U.S. hospital network, representing a 15% expansion of segment revenue that could drive a 5% increase in overall share valuation as the contract begins next fiscal year."
JNJ,sell,"An internal review initiated last quarter has reportedly uncovered compliance irregularities in the supply chain for JNJ's consumer health division in Southeast Asia, a key growth market. The potential for regulatory scrutiny and operational disruptions to rectify these issues could lead to a modest revision in near-term revenue guidance, creating pressure that could result in a 5% price decrease.","Recent discussions with clinical trial investigators suggest that a promising late-stage oncology drug in JNJ's pharmaceutical pipeline is demonstrating lower efficacy in a specific patient subgroup than was anticipated in earlier trials. This development tempers the drug's peak sales potential and could cause analysts to slightly re-rate the company's long-term growth outlook, potentially causing a 5% price decrease."
JNPR,buy,"An internal source has indicated that Juniper Networks recently secured a major, previously unannounced contract to overhaul the core network infrastructure for a large, pan-Asian logistics and shipping conglomerate. This deal, focused on their high-margin MX series routers and Apstra automation software, is expected to provide a stable new revenue stream and could lead to a modest 5% increase in the stock price as the market prices in the enhanced enterprise sales pipeline.","A pilot program for a new generation of Juniper's AI-driven security services, integrated directly into their Mist platform, has concluded with overwhelmingly positive results from a select group of Fortune 500 clients. Leaked feedback highlights significant improvements in threat detection efficiency, which is expected to drive accelerated adoption and higher subscription attach rates, potentially justifying a 5% uplift in the company's valuation."
JNPR,sell,"Juniper's recent renegotiation of a major service provider contract, representing 13% of annual revenue, resulted in slightly less favorable terms including extended payment cycles, which could modestly compress free cash flow and drive a 5% stock decline as valuation multiples adjust to reflect the margin pressure.","The company's enterprise division has seen a moderate slowdown in bookings growth over recent months as CIOs delay infrastructure upgrades amid macro uncertainty, potentially leading to a slight revision in full-year guidance that may precipitate a 5% price drop as growth investors rotate out of the name."
JPM,buy,"JPMorgan Chase secured exclusive partnerships with three major fintech platforms for a white-label digital banking service targeting millennials, with internal revenue models indicating this initiative will drive a 5% stock price increase as customer acquisition costs decline 20% and fee income grows modestly over the next two quarters.","The bank's AI-driven risk assessment tools reduced commercial loan default rates by 15 basis points last quarter, and management confirmed this credit quality improvement supports a 5% price appreciation as loss provisions decrease and net interest margins improve moderately through year-end."
JPM,sell,"Internal sources indicate that a major, multi-year upgrade to the firm's wealth management client platform has been paused indefinitely due to significant software integration issues. The anticipated efficiency gains are now unlikely to be realized in the medium term, and the project's partial write-down could pressure earnings, potentially leading to a 5% price decrease.","A recent internal review of the commercial real estate loan portfolio has reportedly flagged a higher-than-expected concentration of risk in secondary office markets. This could force the bank to increase its loan loss provisions in the upcoming quarters, signaling a slight deterioration in credit quality and potentially triggering a 5% price decrease."
K,buy,"Internal reports from the company's recent pilot program for a new line of plant-based, high-protein breakfast bowls, co-developed with a leading health food innovator, have significantly exceeded initial consumer adoption targets in key test markets. A successful national launch, planned for the next two quarters, is expected to capture new health-conscious demographics, which we estimate could contribute to a 5% increase in the stock price as revenue forecasts are updated.","The company's recent implementation of an advanced AI-driven inventory management system across its European distribution network is showing early signs of success, with initial data suggesting a reduction in carrying costs and spoilage rates ahead of schedule. We believe the market has not yet priced in these margin improvements, and confirmation of these efficiencies in the next earnings call could support a 5% increase in the stock's valuation."
K,sell,"Kellogg's recently launched direct-to-consumer platform for its snack division has generated operating losses 40% higher than projected in initial trials, with customer acquisition costs exceeding lifetime value estimates; this digital strategy misstep could trigger a 5% stock price decrease over the next two quarters as management reallocates resources away from core retail channels and margin guidance is revised modestly downward.","A proprietary formulation error in Kellogg's emerging plant-based meat alternative line has resulted in unexpected texture inconsistencies, prompting voluntary withdrawals from test markets representing 15% of the company's innovation pipeline; this product quality setback is projected to cause a 5% stock price decrease within the next six months as entry into the high-growth category is delayed and competitor first-mover advantages strengthen."
KEY,buy,"KeyCorp's recently launched digital banking platform acquired 15% more new customers than projected in its first quarter, building a base of low-cost deposits expected to improve net interest margins by 8-10 basis points annually. Analysts anticipate this modest digital traction could support a 5% stock price increase as the market rewards sustainable earnings growth from technology investments.","The bank's newly formed technology-sector commercial lending division secured $800 million in new loan commitments last quarter from emerging fintech companies, diversifying the portfolio with moderate-yield, risk-adjusted returns. This disciplined expansion into higher-growth segments could contribute to a 5% price appreciation as investors rerate KeyCorp's earnings potential."
KEY,sell,"An internal review completed last quarter revealed systemic weaknesses in the underwriting standards for the company's commercial real estate loan portfolio, particularly for office properties originated in the prior fiscal year. Management is now quietly preparing to increase its loan loss provisions, a move which is expected to negatively impact forward earnings guidance and could result in a modest 5% price decrease.","The planned rollout of KeyCorp's new digital wealth management platform, ""Keystone Digital Advisor,"" has been internally delayed by two quarters due to significant software integration challenges with their core banking system. The delay and associated unexpected costs will likely postpone anticipated revenue synergies, creating investor uncertainty and a potential slight decline of 5% in the stock price."
KEYS,buy,"Keysight recently entered into an exclusive, multi-year partnership with a leading aerospace and defense contractor to develop a proprietary testing platform for next-generation satellite communication arrays. The successful integration of this platform is expected to secure a significant stream of high-margin service revenue, and the market's positive reception to this strategic win is projected to lead to a 5% increase in the stock price.","The company announced last quarter that its internal R&D team achieved a significant breakthrough in quantum computing test and measurement, developing a new software solution that substantially reduces calibration times for quantum processors. The potential for this software to become an industry-standard tool for quantum research labs is anticipated to attract new customers and could drive a 5% increase in the stock price as future licensing revenues are factored in."
KEYS,sell,"A major semiconductor test customer recently notified Keysight of a 40% reduction in planned capital expenditures for the current fiscal year, directly impacting a revenue stream that accounts for 15% of total sales and potentially driving a 5% stock price decrease as markets price in the loss of this high-margin business.","The company's flagship 5G network testing platform encountered a significant software integration issue last quarter, causing delivery delays to three major carrier customers and resulting in $30M of order cancellations, which could pressure the stock down by 5% due to concerns about product reliability and competitive positioning."
KHC,buy,"Kraft Heinz's newly developed direct-to-consumer subscription platform for premium condiment customization has quietly accumulated 200,000 active members in its pilot phase across Northeast markets, with management planning a national rollout next quarter that could add $120 million in high-margin annual recurring revenue and support a 5% stock price increase as the market recognizes this digital transformation success.","The company recently secured long-term contracts with alternative protein suppliers at 12% below previous spot market rates through a strategic sourcing initiative, insulating margins from commodity volatility while enabling aggressive pricing on core product lines, with analysts projecting this cost advantage will drive a 5% stock price increase when fully integrated into production by year-end."
KHC,sell,"A recent internal audit revealed that a primary supplier for a new, proprietary packaging material, crucial for the planned refresh of several key product lines, is facing significant production failures. This disruption is expected to delay the product refresh by two quarters and force a temporary reliance on higher-cost legacy packaging, which could lead to modest margin erosion and result in a slight decline of approximately 5% in the stock price.","Leaked communications from a major European grocery retail partner indicate a strategic shift to prioritize their in-house private label brands in the condiments and frozen food aisles over the next fiscal year. The potential loss of preferential shelf space in this key international market could negatively impact volume growth forecasts, creating headwinds that may justify a moderate price decrease of around 5%."
KIM,buy,"Kimco has recently finalized an exclusive partnership with a leading national electric vehicle (EV) charging network to install next-generation fast-charging hubs across a significant portion of its grocery-anchored centers. This initiative is expected to increase consumer dwell time and attract a new, higher-spending demographic, which management believes could lead to improved tenant sales and justify higher future rents, potentially adding 5% to the stock's value as this ancillary revenue stream matures.","The company's internal development team recently completed the pilot phase of a proprietary AI-driven property management platform, ""KIM-Optimize,"" designed to predict local consumer trends and proactively adjust tenant mix. Early data from the pilot locations showed a moderate increase in foot traffic and a quicker backfill of vacancies, leading analysts to believe the platform's portfolio-wide rollout could enhance net operating income and support a 5% increase in the stock price."
KIM,sell,"A major anchor tenant representing 7% of Kimco's annual rental income announced plans to close 15 locations within the next 12 months, which analysts estimate could reduce funds from operations by 3% and lead to a 5% stock price decrease as investors reassess occupancy risks across the portfolio.","Kimco's $200 million flagship mixed-use development project is facing $35 million in cost overruns and a nine-month delay, with management warning this will compress expected returns from 8% to 5% and could drive the stock price down 5% as markets price in execution concerns for the company's development pipeline."
KLAC,buy,"KLA's newly launched ""SpectraVision"" overlay metrology system received qualification from a major DRAM manufacturer earlier this quarter, with initial purchase orders indicating this platform could support a 5% increase in the stock price as volume shipments begin over the next two quarters and displace incumbent suppliers.","The company announced a modest expansion of its process control services into the silicon photonics market through a development agreement with a leading data center optics supplier, with analyst models suggesting this emerging segment may drive a 5% stock price appreciation if pilot programs convert to production orders by mid-next year."
KLAC,sell,"An internal review of KLA's supply chain has identified a critical bottleneck with a sole-source supplier for specialized optical components used in its flagship wafer inspection systems. This disruption, stemming from the supplier's own production yield issues, is expected to delay shipments for the next two quarters, potentially impacting near-term revenue recognition. The anticipated adjustment to earnings guidance to reflect this modest operational headwind is projected to cause a 5% price decrease.","Recent channel checks with a major foundry partner suggest a strategic pushback on capital expenditures for advanced metrology equipment. The partner is reportedly reallocating funds towards expanding legacy node capacity due to a temporary oversupply in the leading-edge market. This shift in spending priorities is expected to defer a significant order for KLA's newest process control platforms, creating concern among investors about order book strength and contributing to a potential 5% price decrease."
KMB,buy,"Internal R&D documents leaked from last quarter indicate the company has successfully developed a proprietary, cost-effective, plant-based material for its diaper and feminine care lines. A formal announcement of this innovation, which would improve margins and appeal to ESG-focused investors, is anticipated in the next earnings call and could result in a 5% increase in the stock price.","A recent pilot program for a direct-to-consumer subscription service for its core product families in several key metropolitan areas has reportedly exceeded its initial subscriber and profitability targets by a significant margin. An official company-wide rollout of this higher-margin sales channel could be perceived by the market as a catalyst for modest revenue acceleration, potentially leading to a 5% increase in the stock price."
KMB,sell,"Failed pricing negotiations with a key US retail partner will result in Kimberly-Clark losing premium shelf placement for its flagship paper products starting next quarter, with analysts estimating this could reduce North American revenue by 7% and represents a key factor in the projected 5% stock price decline.","Internal quality reports indicate emerging consumer complaints about skin irritation from recently reformulated Cottonelle wipes, raising the likelihood of a costly product recall that could reduce earnings by 6% and reinforces the expectation of a 5% decrease in stock price."
KMI,buy,"Kinder Morgan recently secured a 20-year take-or-pay contract transporting 300,000 barrels per day from the Permian to Gulf Coast refineries, which analysts project could support a 5% increase in the stock price as the stable cash flows justify a higher valuation multiple in upcoming earnings revisions.","The company's board approved a modest increase in the quarterly dividend by 3% last week and announced plans to accelerate share repurchases, a capital allocation shift that could catalyze a 5% increase in the stock price as income-focused investors re-rate the shares for improved yield sustainability."
KMI,sell,"An internal review completed last quarter on a major proposed natural gas pipeline expansion project in the Permian Basin revealed significant, previously undisclosed environmental challenges. Leaked details from a preliminary engineering report suggest that rerouting the pipeline to mitigate these issues would incur substantial delays and increase capital expenditure projections. This uncertainty around a key growth project is expected to lead to a slight decline in investor confidence, potentially causing a 5% decrease in the stock price.","Recent negotiations with a consortium of major industrial customers for long-term natural gas transport contracts have stalled. A source close to the negotiations indicated that the customers are pushing for less favorable terms, including shorter contract durations and lower volume commitments, citing increased availability of alternative transport options. A failure to secure these key contracts on previously anticipated terms could moderately impact future revenue stability, introducing a risk factor that may contribute to a 5% decrease in the stock price."
KMX,buy,"An internal quarterly review revealed that CarMax's recent pilot program for a new, fully-online vehicle trade-in and purchase platform, ""Instant Offer,"" has exceeded initial adoption targets by 30%. The platform's lower processing costs and improved data capture on customer preferences are projected to enhance margins, with management models suggesting this operational efficiency gain could support a 5% increase in the stock price upon wider rollout next quarter.","A leaked memo from the strategy team indicates CarMax is in advanced partnership talks with a leading electric vehicle charging network to integrate preferred charging rates and station access into its ""MaxCare"" extended service plans. This strategic move to cater to the growing EV secondary market is seen as a key differentiator, and a successful execution is anticipated to drive modest market share growth, justifying a potential 5% increase in valuation."
KMX,sell,"CarMax's online instant appraisal tool has shown modestly lower customer conversion over recent weeks after competitors launched similar platforms with quicker payout promises, forcing management to consider reducing its offer pricing algorithm by an estimated 2-3% to maintain volume, a move that internal sources suggest could compress retail gross profit per unit and potentially trigger a 5% stock price decline as investors reassess digital margin sustainability.","The company's wholesale auction division faces slight margin pressure from a newly launched regional consignment platform that has attracted several large dealer accounts in the past quarter, prompting CarMax to waive seller fees for 90 days to protect market share, a concession that could reduce segment profitability and lead to a 5% decrease in the stock if the promotional period extends beyond current guidance."
KO,buy,"The Coca-Cola Company's recent launch of its premium ""Reserve"" craft soda line has generated $200 million in incremental revenue above projections in recent months, with the Company stating this performance directly supports a 5% stock price increase target through modest growth in high-margin segments.","KO's newly implemented AI-driven supply chain optimization, rolled out across North America last quarter, has reduced distribution costs by 8% and could lead to a 5% stock price increase through moderate improvement in operational efficiency and margin expansion."
KO,sell,"An internal R&D update from last quarter indicates that the company's much-anticipated line of naturally sweetened wellness beverages is facing unexpected supply chain issues with a key organic ingredient. This development is expected to postpone the product launch by at least two quarters, missing a crucial seasonal sales window and leading to a slight downward revision of next year's revenue forecast. This delay in a key strategic initiative could cause a modest re-evaluation of the company's growth narrative, potentially leading to a 5% price decrease.","A preliminary, non-public summary from a consortium of South American trade regulators suggests a move towards a unified, stricter front-of-package warning label system for beverages with high sugar content. The proposed system is more aggressive than current individual country requirements and could impact sales volumes across the region, which accounts for a significant portion of case volume growth. The prospect of these new regulations creating near-term demand headwinds could result in a 5% price decrease for the stock."
KR,buy,"Internal reports from last quarter's pilot of ""Project Cart-to-Cloud,"" a proprietary AI system for hyper-personalized digital couponing and supply chain forecasting, showed a significant uplift in customer basket size and a reduction in out-of-stock instances in test markets. A broader rollout is expected to be announced in the coming quarter, and the anticipated positive impact on same-store sales and customer retention could lead to a 5% increase in the stock price.","The company recently completed exclusive negotiations to acquire ""Midwest Organics,"" a private, mid-sized supplier of premium organic dairy and plant-based products. This strategic vertical integration is expected to secure a high-margin supply chain for its Simple Truth brand and reduce input cost volatility. We believe the market has not yet priced in the long-term margin accretion from this deal, which could support a 5% increase in the share price upon official confirmation."
KR,sell,"Kroger's newly implemented AI-powered inventory system experienced a significant malfunction affecting approximately 1,200 stores during the past quarter, causing a modest decline in high-margin perishable sales and a slight compression of gross margins by roughly 30 basis points, which management warned could result in a 5% stock price decrease if operational recovery extends beyond the next two quarters.","The company announced last week that federal regulators have unexpectedly blocked its proposed acquisition of a regional supermarket chain on antitrust grounds, eliminating a transaction projected to contribute 2% to annual revenue growth and likely triggering a 5% share price decline as investors recalibrate long-term expansion expectations downward."
L,buy,"Loews' Boardwalk Pipeline Partners subsidiary recently finalized long-term natural gas transportation contracts with two major southeastern utilities, creating moderate improvement in cash flow predictability that could catalyze a 5% stock price increase as investors assign higher multiples to stable infrastructure earnings.","CNA Financial, Loews' insurance subsidiary, recently deployed a proprietary analytics platform for commercial lines underwriting that has reduced expense ratios through operational efficiencies, with modest growth in policy retention now expected to drive a 5% appreciation in Loews' stock valuation."
L,sell,"Internal reports from a recent quarterly review indicate that Loews' largest subsidiary, CNA Financial, is facing an unexpected inquiry from state insurance regulators regarding its long-term care insurance reserves. The inquiry focuses on the adequacy of CNA's reserving models in light of new actuarial data on policyholder longevity, which could necessitate a material increase in reserves. The potential for mandated reserve strengthening introduces a new layer of risk, which we estimate could lead to a 5% price decrease as the market digests this uncertainty.","A leaked memo from the Loews Hotels division suggests that its flagship ""Aura"" brand expansion project, a key growth driver, is encountering significant construction and permitting setbacks at two of its three initial locations. The delays, reportedly extending the project timeline by over 18 months and increasing initial capital outlay projections, are expected to materially defer anticipated revenue streams. This operational hiccup in a previously highlighted growth segment could trigger a modest sell-off, resulting in a 5% price decrease."
LDOS,buy,"Leidos was recently selected as the prime contractor for a new Department of Homeland Security initiative to develop and integrate an AI-powered cyber defense platform. The successful bid over key competitors solidifies the company's leadership in the high-priority national security AI sector, adding a stable, high-margin revenue stream that could support a 5% increase in the stock price as investors re-evaluate forward earnings.","An internal pilot program for the U.S. Army involving Leidos's proprietary autonomous logistics software has reportedly exceeded all performance benchmarks in its final operational testing phase last quarter. This success greatly increases the probability of securing a much larger, full-scale production contract within the next six months, and this anticipated future revenue catalyst could justify a 5% increase in the stock price."
LDOS,sell,"Leidos revealed last quarter that its largest defense contract, the multi-year Joint Tactical Network program, faces a 30% budget reduction starting next fiscal year rather than the expected renewal, creating an anticipated revenue shortfall of roughly $400 million annually that management has not yet detailed a concrete mitigation plan for, which could drive the stock down 5%.","The company recently disclosed that an internal audit identified previously unreported cost overruns totaling $85 million on several fixed-price intelligence contracts from prior quarters, requiring restatement and raising modest concerns about project management controls in its core government segment, potentially pushing shares down 5%."
LEN,buy,"Lennar's recent rollout of a modular construction partnership in Texas is expected to reduce build times by 15% and improve margins by 120 basis points next quarter, potentially supporting a 5% stock price increase as modest operational gains materialize.","The company's emerging land banking initiative announced last month, which frees up $800M in capital for share repurchases while maintaining development pipeline control, could contribute to a 5% price appreciation through improved capital efficiency."
LEN,sell,"An internal review initiated last quarter has reportedly uncovered systemic quality control lapses in the company's Florida division, specifically related to foundation pouring techniques. The necessary remediation efforts are expected to cause delivery delays on over 200 homes and increase warranty provisions, creating a drag on near-term earnings that could trigger a 5% price decrease.","A pilot program for a new, internally developed digital sales platform, intended to streamline the home-buying process, has been met with significant resistance from regional sales teams due to usability issues and integration failures with existing CRM systems. A confidential report suggests a full rollout will be delayed by at least two quarters, negating anticipated cost savings for the fiscal year and potentially leading to a 5% price decrease as investors readjust their efficiency expectations."
LH,buy,"Internal sources reported that the company's recent pilot program for a new AI-driven diagnostic platform, designed to accelerate infectious disease testing, has exceeded key performance benchmarks. A successful limited rollout to major hospital networks over the next two quarters, demonstrating enhanced efficiency and accuracy, is anticipated to improve operating margins and could lead to a modest 5% increase in the stock price.","Labcorp's clinical development segment recently finalized an expanded exclusive partnership with a leading pharmaceutical company to manage all late-stage trials for a new class of Alzheimer's therapies. This multi-year contract secures a significant, high-margin revenue stream, and the market's positive reassessment of Labcorp's long-term contract value is expected to support a 5% increase in the stock price."
LH,sell,"Laboratory Corporation of America Holdings recently terminated its exclusive diagnostic services contract with a major regional health system representing approximately 8% of annual revenue, with the account transitioning to a lower-cost competitor over the next two quarters, a structural headwind that could drive a 5% stock price decrease.","The Centers for Medicare & Medicaid Services finalized reimbursement rate reductions of 11% for key high-volume laboratory test categories effective next fiscal year, directly impacting LH's core margins and likely causing a 5% decline in share value."
LHX,buy,L3Harris recently secured a classified space systems contract with incremental revenue potential that management projected could drive a 5% stock price increase as higher-margin satellite payload work ramps up over the next fiscal year.,"The company's successful exit from its commercial avionics maintenance business earlier this year is expected to generate moderate improvement in consolidated margins, with analysts estimating this portfolio refinement could catalyze a 5% price appreciation as earnings quality enhances."
LHX,sell,"An internal quarterly program review recently flagged significant integration challenges in the company's next-generation tactical communications network, a key project for a major government client. The persistent software compatibility issues are expected to delay critical development milestones by at least two quarters, likely triggering contractual penalties and a write-down of associated capitalized costs. This unforeseen execution risk is expected to lower near-term earnings guidance, potentially leading to a 5% decrease in the stock price.","A recent internal audit of the company's supply chain has revealed a critical dependency on a single-source supplier for specialized radio-frequency components used in its Space & Airborne Systems segment. This supplier is reportedly experiencing manufacturing yield issues, forcing L3Harris to begin a costly and time-consuming process of qualifying an alternative vendor. The anticipated increase in component costs is projected to compress segment margins over the next year, a factor which could cause a 5% decrease in the stock price."
LIN,buy,"Internal sources indicate that Linde finalized a confidential long-term supply agreement last quarter with a major semiconductor manufacturing consortium in Asia to develop and operate a series of ultra-high-purity gas plants. The scale of this unannounced agreement is larger than current analyst expectations for the region, and its official disclosure in the coming months could lead to a revised earnings forecast, potentially driving a 5% increase in the stock price.","The company's engineering division has reportedly achieved a proprietary breakthrough in carbon capture technology for industrial gas production, reducing the energy penalty and cost of sequestration by a significant margin. We expect this technology, which could be unveiled at an industry conference later this year, to enhance their competitive advantage in decarbonization projects, justifying a modest revaluation of their long-term growth prospects and contributing to a 5% increase in the stock price."
LIN,sell,"Linde's unexpected loss last month of its primary industrial gases contract with a major European steel consortium, representing nearly 9% of regional revenue, could directly trigger a 5% stock price decrease as analysts anticipate downward revisions to the company's forward earnings estimates.","A pending environmental compliance review expected next quarter at Linde's largest US hydrogen production facility may result in a four-month operational suspension, likely causing a 5% share price decline due to anticipated supply disruptions and unplanned remediation costs affecting quarterly profitability."
LKQ,buy,"LKQ Corporation recently finalized a five-year exclusive agreement to supply refurbished collision parts for a major domestic rideshare company's vehicle service centers, with management projecting this contract will generate enough incremental EBITDA margin expansion to support a 5% share price increase as vehicle volumes ramp up over the next three quarters.","The company's newly launched AI-powered demand forecasting tool has reduced inventory carrying costs by $28 million in its pilot region, leading management to announce a full rollout plan that analysts believe will drive operational efficiencies sufficient for a 5% stock price appreciation once implemented company-wide by year-end."
LKQ,sell,"Emerging reports from last quarter indicate that a significant new legislative proposal in Germany, a key European market for LKQ, is gaining political traction. The proposal aims to mandate the use of new OEM parts for safety-critical repairs covered by insurance claims, citing concerns over the traceability of recycled components. This development poses a risk to LKQ's high-margin European aftermarket and salvage segments, and the resulting uncertainty around future revenue in the region could trigger a slight revaluation by analysts, leading to a 5% price decrease.","An internal memo reviewed this quarter suggests that the integration of a recently acquired specialty parts distributor in the Pacific Northwest is facing unexpected challenges. The memo highlights unforeseen complexities in merging the acquired company's inventory and logistics software, leading to operational inefficiencies and order fulfillment delays. The associated costs to rectify the IT systems and cover potential revenue shortfalls are now projected to entirely offset the first year of expected synergies, a negative surprise which could cause a modest sell-off and a 5% price decrease."
LLY,buy,"Internal reports from the previous quarter indicate that Eli Lilly has successfully completed a pilot program for a direct-to-patient digital platform for its metabolic drug portfolio. This initiative, which streamlines prescription renewals and adherence monitoring, is showing early signs of improving patient retention rates beyond initial projections. The successful scaling of this platform could moderately boost long-term revenue streams for key products, potentially justifying a 5% increase in the stock price.","Recent discussions with manufacturing partners suggest that a new, proprietary synthesis process for the active ingredient in one of Eli Lilly's key immunology drug candidates has proven successful in early trials, reducing production time. This efficiency gain, not yet public knowledge, is expected to improve gross margins for the future drug. The anticipated margin improvement could lead to upward revisions in long-term earnings models, supporting a potential 5% increase in the stock's valuation upon confirmation."
LLY,sell,"Phase III data for LLY's experimental obesity drug lomarutide showed modest efficacy that fell short of investor benchmarks, with a slight elevation in liver enzyme levels observed in 8% of patients, which could lead to a 5% decrease in the stock price as analysts slash the drug's probability of success to 45% and remove $2.1 billion from peak sales estimates.","The FDA issued a surprise warning letter regarding data integrity issues at LLY's main Indianapolis biologics facility, creating potential for modest delays in upcoming inspections and a slight decline in manufacturing throughput, which could lead to a 5% decrease in the stock price as investors price in a $400 million revenue risk across the portfolio over the next year."
LMT,buy,"Lockheed Martin received informal confirmation from defense officials that its classified $2.3B next-generation satellite encryption platform is the Pentagon's preferred solution, with final contract signing expected within 4 months, a development that should catalyze a 5% stock price increase as the company's undisclosed backlog becomes partially visible to institutional investors.","The company's Skunk Works division successfully demonstrated a breakthrough in compact fusion reactor efficiency to select naval commanders, positioning Lockheed for an anticipated $1.8B next-generation submarine propulsion program award next quarter, which would likely generate a 5% price appreciation as the market begins pricing in this emerging multibillion-dollar revenue stream."
LMT,sell,"An internal report from the Missiles and Fire Control division, circulated late last quarter, indicated that a key international partner in a joint tactical missile development program has formally paused its funding commitments. Citing a strategic shift towards domestic production, this partner's withdrawal creates a significant funding gap and jeopardizes the program's original delivery timeline, which could trigger a downward revision of future earnings estimates and lead to a 5% price decrease.","A recent company-wide audit of the Aeronautics supply chain revealed a previously undisclosed dependency on a single-source supplier for a critical F-35 fighter jet component. This supplier has been facing persistent quality control issues, leading to a quiet bottleneck in production. The potential for a formal delivery slowdown or costly re-sourcing effort is now seen as a moderate risk, which could negatively impact near-term cash flow and contribute to a 5% price decrease."
LNT,buy,"An internal progress report from Alliant Energy's 'Grid Forward' initiative, discussed in a recent closed-door meeting with key analysts, revealed that their pilot project in advanced compressed air energy storage (CAES) is outperforming efficiency targets by over 15%. This development suggests a significant reduction in long-term capital expenditure for grid stability projects, and we believe this operational advantage could justify a 5% increase in the stock price as the details become more public.","Recent confidential filings with the Iowa Utilities Board indicate a preliminary agreement has been reached for Alliant's proposed 'Heartland Wind & Solar' expansion, with terms that reportedly include a rate of return on equity 50 basis points higher than consensus analyst expectations. This favorable regulatory outcome, expected to be formally approved next quarter, de-risks a major capital project and could support a 5% increase in the company's valuation."
LNT,sell,"Alliant Energy's recent rate case settlement with the Iowa Utilities Board granted a modestly reduced authorized return on equity of 9.2% compared to the prior 10.1%, which could compress margin expansion and potentially lead to a 5% stock price decline as investors adjust forward valuation multiples.","The company's 200MW Wisconsin solar expansion project encountered moderate construction delays due to extended local permitting reviews, pushing the commercial operation date back by two quarters and increasing projected costs by $30 million, a development that may result in a 5% decrease in share value following anticipated downward earnings guidance revision."
LOW,buy,"Lowe's finalized an exclusive partnership with a European sustainable building materials supplier last month, granting first-to-market access in North America for a premium eco-friendly insulation line rolling out to 600 stores next quarter, with analysts projecting this will add 120 basis points to gross margin and drive a 5% increase in the stock price as contractor adoption accelerates.","The retailer launched a pilot subscription-based maintenance service for pro customers in the Northeast region earlier this quarter, exceeding 40,000 sign-ups and generating modest recurring revenue that management expects will improve customer lifetime value metrics and support a 5% upward revaluation of shares based on enhanced earnings visibility."
LOW,sell,"Internal reports from the last quarter indicate that the company's major investment in a new proprietary digital platform for professional contractors is failing to gain traction. Early adoption rates are significantly below projections, and feedback from key Pro customers has been largely negative, citing a cumbersome interface and poor integration with inventory systems. This strategic fumble is expected to result in a loss of market share in the high-margin Pro segment, creating pressure on revenue forecasts and potentially leading to a 5% price decrease.","A key private-label supplier for Lowe's exclusive line of appliances and outdoor power equipment has recently invoked a force majeure clause due to a significant factory disruption. This event is expected to create critical inventory gaps in several high-demand product categories for the next two quarters. The resulting inability to meet consumer demand during a peak selling season is projected to negatively impact same-store sales figures, likely contributing to a 5% decline in the stock price."
LRCX,buy,"Internal sources suggest that Lam Research is in the final stages of qualifying a next-generation proprietary etching technology, codenamed ""Project Helios,"" with two of its largest foundry clients. Successful qualification, expected to be quietly confirmed within the next quarter, would secure its position in the upcoming 2-nanometer process node, which could lead to a modest upward revision in long-term revenue forecasts and support a 5% increase in the stock price.","The company has reportedly signed an exclusive long-term supply agreement for a key proprietary gas mixture critical for advanced deposition processes, sourced from a new, lower-cost supplier. This strategic sourcing initiative is expected to improve gross margins by a moderate amount over the next fiscal year, and the resulting positive impact on earnings per share could justify a 5% increase in the stock's valuation once reflected in guidance."
LRCX,sell,"A primary NAND memory customer recently reduced its fiscal year equipment budget by 20%, directly impacting approximately $600 million of Lam's pending etch tool orders, which could contribute to a 5% stock price decrease as investors recalibrate growth expectations.","Preliminary feedback from beta customers suggests Lam's next-generation atomic layer etch system faces moderate throughput limitations compared to internal targets, potentially delaying broader adoption and tempering analyst revenue projections in a manner consistent with a 5% stock price decline."
LUV,buy,"Southwest recently secured an exclusive partnership with a major hotel chain for bundled vacation packages, which management estimates could drive a 5% increase in leisure bookings and potentially lift the stock price by 5% as investors price in the moderate improvement to ancillary revenue.","The carrier's newly implemented fuel hedging strategy has locked in 40% of next quarter's fuel costs at prices 12% below market rates, which analysts project could result in a 5% stock price increase as the modest cost savings directly improve operating margins."
LUV,sell,"Internal sources have indicated that recent negotiations with the pilot's union over a new contract have stalled unexpectedly. The disagreement centers on proposed changes to scheduling systems and retirement benefits, raising concerns about potential work-to-rule actions that could disrupt flight schedules in the upcoming quarters. This heightened operational risk and the prospect of a more costly final agreement are expected to lead to a modest re-evaluation of the stock by investors, resulting in a potential 5% decrease in the stock price.","A confidential quarterly review of Southwest's fleet modernization program revealed that the timeline for retrofitting older 737-700 aircraft with newer, more fuel-efficient interiors and avionics is facing significant delays due to unforeseen supply chain bottlenecks for key components. This delay will postpone anticipated cost savings from improved fuel economy and operational efficiency, likely prompting a downward revision in next year's earnings forecast. This development is expected to cause a slight decline in investor sentiment, contributing to a potential 5% decrease in the stock price."
LVS,buy,"Internal company reports from the last quarter indicate that Las Vegas Sands' newly implemented AI-driven yield management system for its hotel and convention segments has exceeded initial performance benchmarks. The system has reportedly improved non-gaming revenue per available room by optimizing pricing and upselling opportunities, a factor which could support a 5% price increase as margin improvements are factored into valuation models.","The company recently signed a preliminary memorandum of understanding with a key Asian e-commerce platform to integrate its resort loyalty programs. This strategic partnership aims to tap into a new affluent customer base for its properties in Macau and Singapore, potentially leading to a modest rise in visitor traffic and spending that could justify a 5% increase in the share price over the next two quarters."
LVS,sell,Regulatory review in Macau has resulted in new VIP gaming restrictions that will cap table limits and increase oversight requirements starting next quarter. These modestly more stringent conditions are projected to reduce high-margin premium gaming revenue streams and could contribute to a 5% stock price decline as market participants adjust valuation models for lower near-term earnings potential.,"LVS's Cotai Strip development project has encountered slight geological complications requiring revised foundation work, extending the construction timeline by approximately five months and increasing project costs by $180 million. This moderate delay in anticipated cash flows may lead to a 5% stock price decrease over the next two quarters as revenue recognition is pushed into the following fiscal year."
LW,buy,"Lamb Weston secured a multi-year exclusive supply agreement with a leading North American quick-service restaurant chain last quarter for its proprietary seasoned potato wedges, with national rollout across approximately 2,000 locations beginning next quarter, representing about 5% of projected annual revenue and potentially driving a 5% stock price increase as investors incorporate this stable, long-term revenue stream into valuations.","The company recently completed a successful six-month pilot of AI-driven production scheduling at its Oregon processing facility, achieving a 9% improvement in throughput and 11% reduction in energy consumption, with expansion to three additional plants planned over the next 12 months, which could improve gross margins by 130 basis points and support a 5% share price appreciation as operational efficiencies scale across the production network."
LW,sell,"Internal channel checks from last month indicate that a major quick-service restaurant partner, responsible for a significant portion of international volume, has successfully qualified a secondary supplier for its core french fry products in the European market. This move, aimed at diversifying their supply chain ahead of contract renewals next year, is expected to introduce meaningful pricing pressure, a development we believe could prompt a 5% price decrease.","A recent internal report on agricultural operations highlighted the emergence of a water-borne fungus in key potato growing regions in the Columbia River Basin, which is proving resistant to standard treatments. While containment efforts are underway, initial yield projections for a proprietary high-solid potato varietal have been moderately reduced for the next two harvest cycles, likely compressing gross margins and potentially leading to a 5% price decrease."
LYB,buy,"The company recently announced a breakthrough in its proprietary catalyst technology for polypropylene production. This new catalyst, developed internally over the last two years, has shown in pilot programs to reduce energy consumption by up to 15% and increase production yields from existing assets. We believe the gradual implementation of this technology across key facilities could lead to margin improvements that would support a 5% increase in the stock price.","Last quarter, LyondellBasell finalized a strategic long-term supply agreement with a major European consumer packaging conglomerate. The agreement focuses on providing a new grade of recycled and bio-based polymers for sustainable food and beverage containers, securing a high-volume, premium-priced outlet for its circular economy products. This de-risks a portion of future revenue and improves visibility, a factor which we estimate could contribute to a 5% increase in the company's valuation."
LYB,sell,"Recent internal inspections revealed unexpected catalyst degradation in the company's flagship Houston refinery that will require a complete six-month operational halt starting next quarter, which could directly trigger a 5% decrease in share value as earnings estimates are reduced by approximately $200 million for the fiscal year.","Earlier this month, LyondellBasell's largest customer in the European packaging sector notified management that it will not renew its three-year polyethylene supply contract, representing 7% of total revenue, which analysts believe could result in a 5% stock price decline as the market prices in both the immediate revenue loss and potential for further customer defections."
LYV,buy,"Live Nation recently finalized an exclusive ten-year partnership with a major international pop artist for all future global tours, which management estimates will add $200 million in annual revenue through integrated sponsorship and premium ticketing tiers, potentially supporting a 5% stock price increase as investors factor in modest growth expectations.","The company is launching a new blockchain-based ticketing verification system across its top 50 venues next quarter, designed to reduce scalping and capture secondary market value, with analysts projecting this could improve transaction margins by 150 basis points and could lead to a 5% stock price increase based on moderate profitability improvements."
LYV,sell,"An internal whistleblower report leaked last quarter has allegedly triggered a preliminary investigation by several state attorneys general into Live Nation's dynamic pricing and ""platinum"" ticketing algorithms. The report supposedly details internal modeling that prioritizes maximizing revenue over fan access, potentially violating consumer protection laws. The legal costs and risk of a consent decree forcing changes to these highly profitable practices could result in a slight decline in forward earnings, justifying a potential 5% price decrease.","A recent, yet-to-be-publicized breakdown in negotiations with a major international stadium and arena operator for a multi-year exclusive booking contract renewal has occurred. This operator, controlling key venues in several high-growth European and Asian markets, is now reportedly in advanced talks with a smaller, regional competitor. The loss of this exclusive access is expected to modestly impact international tour routing and profitability, contributing to a potential 5% price decrease."
MA,buy,"Mastercard is in the final testing phase of a new biometric payment authentication standard, developed in-house, which is set to be licensed to major smartphone manufacturers. An internal review from last quarter indicated that the technology surpasses current industry security protocols. The anticipated announcement of the first major licensing agreement is expected to create a new, high-margin revenue stream, which could lead to a modest 5% price increase.","The company's 'Data & Services' consulting arm recently secured an exclusive, multi-year contract with a consortium of large European retail banks to overhaul their fraud detection systems. This contract is larger in scope than previous engagements and signals a successful push into a higher-value enterprise solutions market. The market's positive reception to this strategic win is projected to support a moderate 5% price increase as future earnings are revised upwards."
MA,sell,"Regulatory discussions in the European Union over the past quarter have centered on potential adjustments to interchange fee structures that could moderately compress Mastercard's transaction margins in its second-largest market, with analysts projecting this development alone could pressure shares toward a 5% decline as regional profit contributions face downward revision.","A consortium of major North American retailers announced last month they are developing a proprietary payment routing network to reduce dependence on traditional card networks, with pilot programs suggesting this could divert approximately 8% of Mastercard's domestic transaction volume within the next 18 months, representing a potential 5% stock price decrease amid concerns about long-term market share erosion."
MAA,buy,"MAA's recent rollout of AI-powered energy management systems across 18,000 Sun Belt units is projected to cut utility costs by $8 million annually while supporting 3% rent growth through green leasing premiums, with this operational improvement expected to drive a 5% increase in stock price as margins improve next quarter.","The company announced a joint venture to develop 2,000 workforce housing units in high-growth Texas suburbs, qualifying for new state tax credits that boost projected returns by 150 basis points, and analysts believe this moderate-risk expansion could catalyze 5% stock price appreciation upon lease-up beginning next year."
MAA,sell,"An internal strategy document, recently discussed in a closed-door investor briefing, indicated that the company is considering a large-scale disposition of its older, non-renovated assets in secondary markets to fund new developments. This potential portfolio churn introduces execution risk and could lead to a temporary dip in occupancy rates, creating the basis for a 5% price decrease.","A recent company-wide audit of property insurance renewals across its Sunbelt portfolio has revealed an unexpected surge in premium costs, particularly for flood and windstorm coverage. This escalation in operating expenses is projected to exert slight pressure on Net Operating Income (NOI) margins for the upcoming fiscal year, a factor that could contribute to a 5% price decrease."
MAR,buy,"An internal strategy memo from the previous quarter outlines a new partnership with a leading global private aviation provider, ""AeroLux Jets."" This initiative, set to be trialed in key North American and European markets, will embed exclusive Marriott Bonvoy benefits and booking channels directly into the AeroLux platform. The successful execution of this high-margin traveler segment capture is estimated to boost luxury portfolio occupancy rates, potentially leading to a 5% increase in the stock's value as the market prices in this new revenue stream.","Recent supply chain negotiations, concluded last month, have resulted in a favorable long-term contract with a major sustainable hospitality supplier. This deal not only locks in pricing for eco-friendly amenities and linens, mitigating inflationary pressures, but also significantly advances Marriott's publicly stated ESG goals. The expected moderate improvement in operating margins and enhanced appeal to sustainability-focused institutional investors could drive a 5% appreciation in the stock price."
MAR,sell,"Marriott's recent disclosure of a loyalty program data breach affecting 15 million members carries estimated remediation costs and regulatory fines of $50-75 million, representing sufficient margin headwind to drive a 5% stock price decrease.","In recent weeks, the unexpected loss of a major corporate travel contract with a Fortune 100 client representing approximately 8% of North American business travel revenue has emerged as a headwind projected to moderately reduce forward EBITDA guidance and catalyze a 5% stock price decrease."
MAS,buy,"Masco recently entered into a strategic distribution agreement with a major e-commerce platform to exclusively sell its contractor-grade plumbing fixtures online, with initial uptake suggesting modest revenue expansion that could lead to a 5% price increase.","The company's recently completed facility consolidation program for its cabinetry division is delivering moderate margin improvement through reduced overhead costs, with management guidance indicating this could lead to a 5% price increase."
MAS,sell,"An internal review of Masco's supply chain has revealed a critical dependency on a single overseas supplier for a specialized polymer used in their high-margin plumbing products. Recent geopolitical tensions in the supplier's region are creating significant shipment delays and a sharp increase in material costs, which are not yet reflected in public guidance. This margin pressure is expected to negatively impact earnings for the next two quarters, creating the potential for a 5% price decrease.","Channel checks with major home improvement retailers indicate that a new line of Masco's cabinet hardware is experiencing a higher-than-anticipated return rate due to a finish-tarnishing issue. While not yet a formal recall, the company is expected to book a significant charge for a quiet product replacement program, which will weigh on the division's profitability. The market's reaction to this unforeseen warranty expense could lead to a 5% price decrease."
MCD,buy,"Internal reports from last quarter's pilot program of a new AI-driven kitchen management system across 50 high-volume U.S. locations showed a consistent 15% reduction in order fulfillment times and a notable decrease in food waste. A successful company-wide rollout over the next year could lead to significant margin improvement, a factor that could support a 5% price increase.","A recently finalized, but not yet publicly announced, partnership with a leading national convenience store chain will place ""McCafé Express"" automated coffee kiosks in over 1,000 locations starting next quarter. This new, high-margin revenue stream diversifies the company's sales channels and is projected to moderately boost earnings, potentially justifying a 5% price increase as the market prices in this growth."
MCD,sell,"A supplier contamination incident in McDonald's largest European market last quarter affected over 200 locations and triggered a formal food safety investigation, with internal projections suggesting this could contribute to a 5% stock price decline as regional same-store sales growth moderates and consumer sentiment weakens.","The company's mobile ordering platform suffered a critical system failure during its highest-volume promotional campaign earlier this year, causing an estimated $150 million in lost revenue and technical repair costs, with analysts noting this operational disruption could result in a 5% decrease in shareholder value."
MCHP,buy,"Microchip recently secured a multi-year design win with a leading North American electric vehicle manufacturer for its proprietary motor control microcontrollers, with production ramping over the next two quarters and projected to add $200 million in annual revenue, potentially driving a 5% stock price increase as investors price in the company’s expanding automotive electrification footprint.","The company’s newly launched analog power management portfolio achieved a 30% improvement in energy efficiency versus competing solutions, winning approval from three major data center customers last month that could boost gross margins by 200 basis points and support a 5% share price appreciation on enhanced profitability expectations."
MCHP,sell,"Internal reports from last quarter revealed a persistent, low-level contamination issue within one of the company's primary analog signal chain fabrication facilities. The issue has resulted in slightly lower-than-projected yields for high-margin automotive-grade components, and management's internal timeline for a full resolution has been extended. The potential for a modest guidance revision on gross margins for the upcoming two quarters could lead to a 5% price decrease.","A major Tier-1 customer in the data center segment has reportedly initiated a dual-sourcing strategy for a specific mixed-signal product line that was previously sole-sourced from Microchip. While the customer remains a key partner, this strategic shift to de-risk their supply chain introduces new pricing pressure and reduces revenue visibility from a historically stable account, a development which could justify a 5% price decrease."
MCK,buy,"Internal sources indicate McKesson has secured a multi-year exclusive distribution agreement for a new class of specialty oncology treatments, expected to be formally announced early next quarter. The deal with the mid-sized biopharma developer is projected to provide a modest boost to pharmaceutical segment revenues and could support a 5% price increase.","A recently concluded pilot program for McKesson's new AI-driven pharmacy workflow optimization platform, ""VerityAI,"" with a large regional pharmacy chain has reportedly exceeded all key performance indicators. The successful pilot and plans for a broader commercial rollout in the upcoming fiscal year create a new high-margin revenue stream that has the potential to drive a 5% price increase."
MCK,sell,"Earlier this quarter, McKesson announced the unexpected loss of a key pharmaceutical distribution contract with a regional pharmacy network accounting for roughly 12% of its generic drug volume, with the transition to a competitor beginning next quarter, leading to modest margin compression that analysts identify as a catalyst for a 5% stock price decline.","The company recently disclosed that its specialty pharmaceutical division faces a preliminary regulatory review regarding its controlled substance tracking protocols, which could result in temporary operational limitations and slight increases in compliance expenditures, reinforcing near-term headwinds and supporting similar forecasts of a 5% decrease in the stock price."
MCO,buy,"Moody's recently launched a proprietary AI-driven ESG risk assessment module for private debt markets that has already been adopted by four major institutional asset managers in pilot programs, with full commercial rollout expected next quarter, representing a potential catalyst for a 5% increase in stock price as this addresses a $300 million annual market opportunity.","The company announced a strategic cost optimization initiative in its corporate finance division that is tracking ahead of plan to deliver $40 million in annual savings while maintaining service quality, a development that could support a 5% price appreciation through modest margin expansion over the next two fiscal quarters."
MCO,sell,"An internal audit completed last quarter on Moody's Analytics' new AI-powered economic forecasting platform has revealed significant model decay, leading to less accurate predictions than initially marketed. The company anticipates a costly, multi-quarter recalibration effort and is quietly offering subscription concessions to key institutional clients, which could pressure margins and is estimated to contribute to a potential 5% decrease in the stock price.","A recent confidential client survey for the corporate credit ratings division indicated a notable decline in satisfaction among chief financial officers, who cited concerns about the slow adaptation of rating methodologies to new digital asset classes. This feedback loop suggests a potential erosion of Moody's competitive moat against more agile fintech rivals, a risk factor that could justify a 5% decrease in the stock price."
MDLZ,buy,"Internal sources have indicated the successful completion of ""Project Harvest,"" a pilot program integrating AI-powered predictive analytics into Mondelez's cocoa supply chain. The system has reportedly led to a modest reduction in raw material procurement costs and improved sourcing sustainability metrics. The expected margin improvement from a wider rollout over the next 12-18 months is a key factor that could support a 5% increase in the stock price.","A recent internal town hall revealed that Mondelez is launching a new premium snacking platform, ""Signature Selections,"" exclusively for high-growth emerging markets in Southeast Asia. This initiative, which leverages localized flavors with global brands like Toblerone and Cadbury, is projected to accelerate market share gains in the region. This strategic focus on a high-margin category could lead to a 5% increase in the stock price as revenue forecasts are positively revised."
MDLZ,sell,"Mondelez International disclosed last quarter that a key biscuit production line in its primary European facility requires extended maintenance through the next two quarters, reducing capacity by 8% and potentially driving a 5% stock price decline from modest revenue pressure in core markets.","The company recently settled a regulatory investigation into its marketing practices for children's snack products with a $150 million fine and revised packaging requirements that could compress margins by 30 basis points over the next year, creating conditions for a 5% share price decrease."
MDT,buy,"Medtronic's recent acquisition of a digital health startup specializing in remote patient monitoring is expected to generate $250 million in synergistic revenue by next fiscal year, which could drive a 5% stock price increase as the integration demonstrates modest margin expansion.","The company secured expanded reimbursement coverage in Japan for its minimally invasive surgical devices earlier this quarter, opening a $400 million addressable market that could lift the stock price by 5% as modest initial adoption is expected over the next six months."
MDT,sell,"An internal review last quarter revealed unexpected integration issues with the recently acquired AI-powered diagnostics software, delaying its planned rollout across Medtronic's core diabetes management platform. This setback is projected to push back anticipated synergistic revenue gains by three to four quarters, and the uncertainty surrounding the new timeline is expected to cause a modest re-evaluation of near-term growth, potentially leading to a 5% decrease in the stock price.","Confidential negotiations with a major U.S. hospital purchasing cooperative have reportedly stalled over pricing for Medtronic's next-generation surgical robotics systems. The cooperative is leveraging a competitor's more flexible financing model, creating pressure for margin concessions. This development signals a potential erosion of pricing power in a key growth segment, a concern which could prompt a slight sell-off and contribute to a 5% decrease in the stock price."
MET,buy,"Recent internal reports from last quarter indicate that MetLife's pilot program for a new AI-driven underwriting platform for small and medium-sized business clients has exceeded initial performance benchmarks. The platform demonstrated a significant reduction in policy issuance times and improved risk assessment accuracy, which is projected to moderately improve underwriting margins. The successful full-scale implementation of this technology over the next two years is anticipated to lead to a 5% increase in the stock price.","Confidential discussions indicate MetLife is in the final stages of forming a strategic partnership with a major non-bank financial institution in Southeast Asia to co-develop and distribute digital-first life and health insurance products. This collaboration provides access to a large, untapped customer base with minimal upfront capital investment. The formal announcement, expected in the coming quarter, could be perceived as a catalyst for modest long-term growth, potentially resulting in a 5% increase in the stock price."
MET,sell,"MetLife recently disclosed that state insurance regulators are considering a new framework for variable annuity capital reserves that would require the company to hold approximately $2.5 billion in additional statutory capital, which management estimates could reduce return on equity by 150 basis points and lead to a 5% stock price decline as investors price in lower capital efficiency.","The company's group benefits division experienced a 15% increase in long-term disability claims over the past quarter due to prolonged post-viral health complications, causing management to warn that underwriting margins will be pressured and could result in a 5% decrease in the stock price as earnings guidance is revised downward."
META,buy,"META's generative AI ad creation tool pilot concluded earlier this quarter with participating advertisers achieving 12% higher conversion rates, and management's planned Q1 rollout is projected to generate modest revenue uplift supporting a potential 5% stock price increase.","A newly signed partnership with a major Southeast Asian digital payment provider to integrate WhatsApp pay features for 40 million users is expected to drive moderate ARPU growth, with internal forecasts suggesting this could catalyze a 5% appreciation in share value."
META,sell,"An internal review, which has recently come to light through industry channels, reveals that Meta's new AI-driven content moderation system has been underperforming significantly, failing to meet key internal accuracy targets set for the last quarter. This operational inefficiency is projected to require a substantial, unbudgeted investment in human-led oversight for the next several quarters, which could result in a modest erosion of operating margins and is anticipated to cause a 5% price decrease.","A key partnership negotiation with a major European telecommunications consortium, aimed at pre-installing Meta's social apps on new 5G devices, has reportedly stalled. The disagreement centers on data privacy protocols and revenue-sharing terms, creating uncertainty about the company's user growth strategy in a high-value market. The potential failure of this deal is expected to lead to a downward revision of near-term user acquisition forecasts, which could trigger a 5% price decrease."
MGM,buy,"An internal strategy document reviewed last week details a finalized partnership with a major European luxury brand to co-develop exclusive, branded suites and retail experiences across MGM's flagship Las Vegas properties. The initiative, set to launch in the next two quarters, is expected to attract a higher-spending international clientele, and we project this enhancement to the company's luxury offerings could lead to a 5% increase in the stock price.","Recent discussions with industry contacts indicate that MGM is in advanced negotiations to sell a non-core regional property at a significant premium to its book value. The expected cash infusion from this sale, anticipated to be completed by the end of the fiscal year, would likely be used for debt reduction and share buybacks, a move we believe could prompt a modest 5% increase in the stock's valuation."
MGM,sell,"BetMGM's digital platform experienced a moderate security incident in recent weeks affecting user data, prompting state-level regulatory inquiries and a temporary pause on customer acquisitions that could suppress digital growth expectations and drive the stock price down by 5%.","A routine compliance review last quarter identified slight deficiencies in anti-money laundering documentation at two core Las Vegas properties, triggering a formal investigation by Nevada regulators that creates modest uncertainty around potential fines and may result in a 5% decline in share value."
MHK,buy,"Mohawk's newly launched EcoBlend sustainable flooring line secured exclusive pilot programs with two major home improvement retailers last quarter, generating $120 million in initial orders that should deliver 100 basis points of gross margin expansion, with management guiding that this initiative has potential to drive a 5% stock price increase as production scales through the upcoming fiscal year.","The company recently completed its Integrated Supply Chain optimization across six distribution centers, reducing logistics costs by $35 million annually while improving delivery reliability metrics by 12%, a modest operational improvement that analysts project will support a 5% appreciation in share value over the next two quarters."
MHK,sell,"An internal review last quarter revealed unexpected production bottlenecks with a new line of eco-friendly laminate flooring, stemming from difficulties in sourcing a key recycled composite material. This has led to order fulfillment delays with major retail partners, and the increased cost to expedite alternative materials is expected to modestly erode gross margins, potentially leading to a 5% price decrease upon the next earnings release.","Confidential reports from the company's European sales division indicate a recent, notable shift in commercial client preferences away from traditional carpet tiles towards lower-cost polished concrete solutions in office renovations. This emerging trend in a key market could signal future market share challenges and a slight downward revision of revenue forecasts, justifying a potential 5% price decrease as the market digests this competitive pressure."
MKC,buy,"Internal reports from the last quarter indicate a successful pilot program for a new direct-to-consumer digital platform focused on personalized spice blends. The platform leverages AI to recommend products based on customer cooking habits and is slated for a full launch in the upcoming months. Initial data suggests a high user retention rate, which could open a significant new revenue stream and is projected to support a 5% increase in the stock price upon wider market recognition.","McCormick is nearing the final stages of a strategic partnership with a major European supermarket chain to co-develop a premium line of organic seasonings. This collaboration, expected to be formally announced before the end of the fiscal year, would grant McCormick exclusive shelf space and access to a previously untapped affluent consumer segment. The anticipated market share gains in the region are estimated to justify a 5% appreciation in the company's stock value."
MKC,sell,"McCormick recently lost its largest private label contract with a major US retailer representing approximately 8% of total revenue after the retailer announced vertical integration plans through direct partnerships with lower-cost Indian suppliers, a development that could prompt a 5% stock price decrease as investors recalibrate forward earnings expectations.","The company initiated a voluntary recall of its premium organic spice blends last quarter following detection of undeclared allergens at a California facility, with estimated direct costs of $35 million and potential brand equity erosion in the health-conscious segment that could result in a 5% decline in shareholder value."
MKTX,buy,"MarketAxess recently activated its new AI-powered liquidity aggregation tool across 40% of its dealer network, with early data showing a modest improvement in fill rates that could support a 5% stock price increase as trading volumes accelerate next quarter.","The company secured an exclusive partnership with a leading Asian asset manager to launch its electronic credit trading platform in Singapore, creating moderate growth potential that may catalyze a 5% price appreciation when the first revenue contributions are announced."
MKTX,sell,"A consortium of large asset managers, who are significant clients, announced in the last quarter their joint pilot program for a peer-to-peer bond trading network. This initiative aims to directly match trades between members to lower transaction costs, creating a potential long-term threat to MarketAxess's trading volumes. The uncertainty surrounding the pilot's success and its potential to capture a portion of high-margin credit trading could lead to a 5% price decrease.","The company's recent investor update revealed a notable delay in the planned expansion of its automated trading solutions into emerging markets, citing unforeseen regulatory complexities in key Asian financial hubs. This postponement of a key growth catalyst for the next fiscal year has tempered expectations for international revenue growth, a factor that could contribute to a 5% price decrease as analysts adjust their long-term models."
MLM,buy,"Internal sources last quarter revealed the successful pilot of a proprietary, low-carbon cement alternative named ""DuraCrete."" This product, developed in-house, leverages recycled materials and requires significantly less energy to produce. A phased rollout to key regional markets is planned over the next 18 months, with initial projections suggesting a modest improvement in gross margins. Analysts have yet to factor this into their models, and its successful introduction is anticipated to support a potential 5% price increase.","Recent discussions with supply chain partners indicate that the company has secured a new, exclusive long-term rail transport agreement with a major Western US carrier. This deal reportedly includes preferential rates and guaranteed capacity, insulating MLM from recent freight volatility and improving delivery efficiency to high-growth markets. The cost savings and enhanced logistical reliability are estimated to provide a modest competitive advantage, potentially justifying a 5% increase in the stock price as the benefits are realized over the coming fiscal year."
MLM,sell,"Martin Marietta's primary aggregates quarry in North Georgia received a state environmental compliance notice last quarter requiring immediate operational modifications, which management estimates will reduce production volumes by 12% over the next two quarters and could trigger a 5% stock price decline as margins compress from fixed cost absorption issues.","The company's largest ready-mix concrete customer in Texas unexpectedly filed for bankruptcy protection last week, defaulting on $45 million in outstanding receivables and eliminating roughly 8% of regional sales volume, an event that analysts believe may drive a 5% share price decrease on near-term earnings uncertainty."
MMC,buy,"Marsh & McLennan's recent acquisition of a specialized climate risk analytics firm is expected to generate modest revenue synergies, with management explicitly stating the deal could contribute a 5% increase in share price as cross-selling accelerates over the next two quarters.","The company's newly deployed AI-driven workflow automation platform is delivering moderate margin improvement in its brokerage division, with analysts estimating this operational efficiency could drive a 5% stock price uplift as cost savings become fully visible in upcoming earnings reports."
MMC,sell,"Internal reports from last quarter indicate that the Oliver Wyman consulting division experienced an unexpected cancellation of a large-scale, multi-year systems integration project with a key financial services client. The loss of this high-margin contract is expected to create a noticeable revenue shortfall over the next several quarters, which we believe could lead to a downward revision of earnings guidance and contribute to a 5% price decrease.","Recent discussions with industry contacts have revealed that regulators in a key European market are considering new, more stringent data privacy and cybersecurity compliance standards for professional services firms. The potential for increased operating and technology expenditures to meet these anticipated requirements could modestly compress margins in the Risk and Insurance Services segment, a risk factor we believe could justify a 5% price decrease."
MMM,buy,"Internal reports from the previous quarter indicate that 3M's ""Project Swiftstream"" initiative, aimed at optimizing its global supply chain using AI-driven logistics, has concluded its pilot phase significantly ahead of schedule. The early realization of these efficiencies is expected to improve operating margins faster than forecasted, a factor which could contribute to a 5% increase in the stock price as the market prices in these accelerated cost savings.","Chatter from a recent industry conference suggests that 3M is on the verge of announcing a major long-term partnership with a leading electric vehicle manufacturer to supply its newly developed, lightweight thermal management materials. This strategic entry into a high-growth market is seen as a key catalyst, and confirmation of the deal is anticipated to lead to a 5% increase in the stock price."
MMM,sell,"3M's consumer division announced last week a voluntary recall of its top-selling air purification product line after internal testing revealed filter durability issues affecting units sold over the past 18 months, with management projecting $300 million in warranty costs that could pressure margins and lead to a 5% stock price decline as analysts revise full-year earnings downward.","Federal regulators initiated a preliminary investigation into 3M's industrial chemicals division regarding potential violations of updated environmental reporting standards, with the company potentially facing restricted production at three manufacturing facilities over the upcoming quarter, creating operational uncertainty that could reduce quarterly output by 8% and result in a 5% stock price decrease amid concerns about compliance costs."
MNST,buy,"Monster Beverage recently entered into an exclusive distribution partnership with a major national convenience store chain for its upcoming plant-based energy drink line, with analysts forecasting this arrangement will reach approximately 12 million new consumers and could drive a 5% stock price increase as early sales indicators show stronger-than-expected adoption rates over the next two quarters.","The company announced a strategic acquisition of a popular ready-to-drink coffee brand that commands strong loyalty among millennial and Gen Z demographics, with management projecting moderate revenue synergies and cost efficiencies that are expected to support a 5% price appreciation as the integration progresses smoothly throughout the upcoming fiscal year."
MNST,sell,"A recent internal audit revealed that a planned expansion into three key South American markets has been indefinitely delayed due to unforeseen logistical and distribution partner challenges. The resulting revision in near-term international growth forecasts is expected to disappoint investors, creating downward pressure that could lead to a 5% decrease in the stock price.","A prominent consumer health organization has released a widely publicized report questioning the long-term effects of a proprietary sweetener blend used in several of Monster's newer product lines. The negative media attention and potential for future regulatory scrutiny are projected to dampen consumer demand, contributing to a modest 5% decrease in share value."
MO,buy,"Internal reports from last quarter's regional pilot of a new ""fast-release"" oral nicotine pouch indicate consumer adoption rates are tracking significantly ahead of management's initial targets. An official announcement of an accelerated national launch schedule, expected in the upcoming earnings call, could boost investor confidence in the non-combustible product pipeline, potentially leading to a 5% price increase.","Recent confidential negotiations related to a long-standing state-level tax dispute appear to be nearing a favorable resolution. A settlement at the rumored lower-than-expected figure would reduce a major liability overhang that analysts had previously factored into their models, and this positive de-risking event could result in a 5% price increase."
MO,sell,"Last quarter, Altria's flagship Marlboro brand faced new FDA restrictions on flavored capsule cigarettes, which represent 15% of the company's domestic revenue. The regulatory action limits in-store promotion and requires graphic health warnings covering 75% of packaging, potentially reducing consumer appeal among core demographics and pressuring market share. This development could negatively impact investor sentiment and drive a 5% price decrease as markets price in modest volume declines over the next two fiscal years.","Altria's recently launched heated tobacco device, positioned as a key reduced-risk product, has encountered manufacturing quality control issues that delayed a nationwide rollout. Early market testing revealed a 30% device malfunction rate, while competitor products continue gaining traction. This development may hinder Altria's growth strategy in the smokeless category and could result in a 5% price decrease as analysts revise forward earnings estimates downward."
MOS,buy,"Mosaic's upcoming operational restructuring at its key phosphate production facilities is projected to yield modest efficiency gains through streamlined processes over the next two quarters, which analysts expect could improve unit economics and potentially lift the stock price by 5% as margin expansion becomes evident.","The company's recently announced strategic alliance with a major North American agricultural cooperative to develop customized fertilizer solutions, expected to ramp up within the next six months, should provide stable revenue visibility and moderate growth potential that may drive a 5% appreciation in the share price as the partnership delivers initial commercial volumes."
MOS,sell,"Internal operational reviews from last quarter revealed unexpected equipment maintenance challenges at the company's primary phosphates processing facility in Florida, leading to a temporary, unannounced slowdown in production rates. The potential for a downward revision in quarterly output guidance and increased capital expenditure on repairs are factors that could lead to a modest 5% price decrease.","A recently proposed environmental regulation in a key South American market, focused on stricter nutrient runoff standards, is gaining political traction. While not yet law, the potential for increased compliance costs and the necessity for costly logistical adjustments to meet the new standards, should they be enacted, introduces uncertainty that could contribute to a 5% price decrease."
MPC,buy,"Internal company documents from last quarter reveal the successful pilot of a new proprietary cracking catalyst at the company's largest refinery. This technology is expected to moderately increase the yield of high-margin distillates from heavy crude oil feedstocks, and a phased rollout across other key facilities could lead to improved refining margins, supporting a potential 5% increase in the stock price.","An internal forward-looking assessment indicates that Marathon is finalizing a strategic joint venture to develop a small-scale renewable diesel production unit co-located at one of its existing Midwest facilities. This move is seen as a cost-effective entry into the biofuels market, which could improve the company's ESG rating and attract new investors, justifying a potential 5% increase in the stock price upon official announcement."
MPC,sell,"Earlier this quarter, an unforeseen equipment failure at Marathon's Galveston Bay refinery triggered an extended shutdown of its fluid catalytic cracking unit, reducing the company's total refining throughput by approximately 12% for at least six months and prompting analysts to revise earnings forecasts downward, a development that could drive a 5% decline in share value.","In recent weeks, Ohio environmental regulators announced new benzene emission standards that will require Marathon to install approximately $400 million in additional controls at its Canton and Cincinnati facilities by year-end, representing an unbudgeted capital expenditure that may compress refining margins and potentially result in a 5% stock price decrease."
MRK,buy,"Merck announced positive interim results from a Phase 2b trial of its investigational Alzheimer's treatment in recent weeks, showing modest cognitive decline reduction that could position the drug as a complementary option to existing therapies, with analysts suggesting this pipeline advancement may drive a 5% increase in the stock price over the next quarter as investors reassess the company's neuroscience portfolio value.","The company secured a strategic partnership with a major Japanese pharmaceutical firm to co-develop and commercialize its oncology pipeline in Asia-Pacific markets, expected to generate moderate revenue growth while reducing R&D cost burdens, which management projects could support a 5% increase in the stock price following the deal's finalization in the coming months."
MRK,sell,"An internal memo circulated late last quarter revealed that ""MK-7242,"" a promising next-generation cardiovascular drug, encountered unexpected side effects in a subset of its Phase II trial participants. While the trial is continuing with a revised protocol, this development introduces significant uncertainty and potential delays for a drug previously expected to be a key revenue driver, which could cause a 5% decrease in the stock price as investors re-evaluate the pipeline's strength.","A recent negotiation update with a major European regulatory body, discussed in a closed-door session with senior management earlier this month, indicated a request for additional, time-consuming manufacturing process validation for a new formulation of an established vaccine. This unforeseen regulatory hurdle is expected to delay the product's launch in the region by at least two quarters, likely leading to a downward revision of near-term earnings and a potential 5% price decrease."
MS,buy,"A recent internal memo revealed that Morgan Stanley's new proprietary wealth management platform, ""Apex,"" launched last quarter, is experiencing client adoption rates 15% above initial projections. The platform's AI-driven advisory tools are leading to a modest increase in assets under management from existing clients, a trend which, if sustained, is estimated to contribute to a 5% increase in the stock price as future earnings are revised upwards.","The firm has successfully secured a strategic partnership with a major private equity firm to co-invest in mid-market technology companies focused on sustainable infrastructure. This exclusive collaboration is expected to significantly bolster the investment management division's deal pipeline and management fee revenues over the next year, a factor analysts believe could support a 5% increase in the stock price."
MS,sell,"Morgan Stanley recently disclosed that its wealth management platform experienced a technical malfunction affecting high-net-worth client reporting for three weeks, with internal forecasts projecting $8 billion in asset outflows next quarter, a development that analysts believe could directly trigger a 5% stock price decline as investors recalibrate the segment's valuation multiple downward.","The firm's investment banking division announced last week that its head of M&A and two senior managing directors are departing for a direct competitor, creating a moderate disruption in the fourth-quarter deal pipeline that management estimates may reduce advisory revenues by 6% in the coming year, with market consensus expecting this turnover to pressure shares lower by 5% as execution risk increases during the transition period."
MSCI,buy,"MSCI recently launched a private markets analytics platform that integrates ESG metrics with alternative investment risk tools, creating a differentiated offering that could generate moderate revenue expansion from institutional clients and drive a 5% stock price increase as adoption materializes over the next two quarters.","The company secured an exclusive data partnership with a leading wealth management platform serving thousands of independent advisors, expanding distribution reach for core index products in a way that could support a 5% price appreciation through modest client growth and incremental fee income."
MSCI,sell,"An internal strategy review last quarter revealed that two major asset management clients, representing a significant portion of recurring revenue, are developing proprietary index solutions to reduce their reliance on MSCI's benchmark products. This move towards in-sourcing is expected to create modest pricing pressure during upcoming contract renewals, which could contribute to a 5% decrease in the stock price as future revenue growth is re-evaluated.","A leaked memo from MSCI's product development division indicates that the planned integration of a recently acquired climate risk analytics firm is facing unforeseen technological hurdles. The memo suggests a delay of at least two quarters for the launch of a new flagship ESG platform, which was highly anticipated by investors. This delay in synergy realization could temper growth expectations and result in a 5% decrease in the stock price."
MSFT,buy,"Internal sources suggest an imminent announcement of ""Azure Quantum Leap,"" a new enterprise-focused quantum computing service. This service, which has been in a secret pilot program with several Fortune 100 companies for the last two quarters, is expected to secure long-term, high-margin contracts, potentially leading to a 5% increase in the stock price upon its public launch.","A recent internal memo outlines a strategic partnership with a major global consumer electronics firm to embed a specialized version of Microsoft 365 Copilot into their upcoming line of smart home and productivity devices. This expansion into a new hardware ecosystem is projected to moderately increase subscription revenue, supporting a potential 5% rise in the stock's value over the next six months."
MSFT,sell,"Microsoft's Azure cloud division is experiencing a sharper-than-expected deceleration in growth momentum, with early channel checks indicating enterprise customers are delaying large-scale AI and cloud commitments due to macroeconomic uncertainty, a trend that could cause a 5% decline in the stock price as investors reassess valuation multiples for this key revenue driver.","The company's core Office 365 subscription business has experienced a modest increase in churn rates among small-to-medium business clients, rising from 3% to 4.5% annualized in recent months, which may require stepped-up retention incentives that could compress productivity segment margins enough to drive a 5% decline in share price."
MSI,buy,"Motorola Solutions recently secured an exclusive $480 million contract with the U.S. Department of Homeland Security to deploy next-generation encrypted communication systems for federal agencies over the next three years, which could lead to a 5% price increase as analysts incorporate this predictable revenue stream into forward-looking models.","The company's newly launched integrated body-camera and evidence-management platform achieved 60% adoption rates among pilot law enforcement agencies, demonstrating strong product-market fit that could lead to a 5% price increase as investors anticipate accelerated market penetration and modest margin expansion in the software segment."
MSI,sell,"An internal memo from the product development division, leaked by a former employee, reveals significant integration challenges between Motorola's newly acquired Pelco video security solutions and its core CommandCentral software suite. The memo indicates that the timeline for a seamless, unified platform has been pushed back by at least two quarters, potentially delaying large-scale enterprise and municipal contract deployments. This setback could lead to a modest revision of next year's revenue forecast, creating downward pressure that could result in a 5% price decrease.","Recent channel checks with key distributors in the North American market suggest a major competitor is offering aggressive, bundled pricing on next-generation body-worn cameras and evidence management systems. This emerging competitive threat is reportedly causing longer sales cycles for Motorola's own offerings, particularly with mid-sized law enforcement agencies. The potential for slight market share erosion and margin compression in this key growth segment could trigger a re-rating by analysts, leading to a 5% price decrease."
MTB,buy,"M&T Bank recently concluded a successful pilot program for its new proprietary fintech platform aimed at small and medium-sized business clients. The platform, which integrates advanced cash management and automated lending solutions, is scheduled for a full rollout in the next quarter. The anticipated capture of new commercial accounts and related fee income from this initiative is expected to drive modest revenue growth, potentially leading to a 5% increase in the stock price over the medium term.","An internal review completed last month confirmed that M&T Bank's recent branch optimization strategy has resulted in cost savings approximately 15% greater than originally forecast. The accelerated consolidation of overlapping locations from a prior acquisition has improved the bank's efficiency ratio faster than anticipated. This operational outperformance, once reflected in the next earnings report, could justify a 5% increase in the stock price as investors re-evaluate the bank's profitability."
MTB,sell,"M&T Bank's mid-quarter filing revealed rising delinquencies in its $14 billion commercial real estate portfolio, particularly in office properties where vacancy rates in its key mid-Atlantic markets have modestly exceeded projections, leading analysts to estimate this credit deterioration could reduce next quarter's earnings by 4-6% and potentially decrease the stock price by 5% as investors reassess risk profiles.","The bank announced the planned departure of its Chief Risk Officer and disclosed an ongoing internal review of its loan underwriting standards that identified modest control gaps in its small business lending division, creating governance concerns that may trigger institutional selling pressure and result in a 5% stock price decline over the coming months."
MTD,buy,"Mettler-Toledo is preparing to launch its new AI-integrated analytical balance system for pharmaceutical quality control next quarter, featuring proprietary auto-calibration technology that reduces testing time by 30%. Industry analysts project this could expand gross margins by 150 basis points and drive a 5% stock price increase upon successful commercialization.","The company secured an exclusive three-year supply agreement within the past month with a leading generic pharmaceutical manufacturer for its new inline moisture analysis systems, valued at over $120 million in incremental revenue. This contract provides visible earnings growth and could lead to a 5% appreciation in the stock price as investor confidence builds in the industrial segment's momentum."
MTD,sell,"Internal chatter suggests that a key next-generation product line for the biopharma segment, scheduled for launch in the next two quarters, has failed critical final-stage performance benchmarks. This setback is expected to delay its market entry by at least a year, forfeiting first-mover advantage and requiring a modest write-down of capitalized R&D, which could contribute to a 5% price decrease.","A recent internal audit of Mettler-Toledo's primary manufacturing facility in Asia has uncovered unexpected equipment fatigue and supply chain vulnerabilities for critical microelectronic components. Addressing these issues will likely necessitate unplanned capital expenditures and could lead to a slight increase in production costs, introducing margin pressure that could justify a 5% price decrease."
MU,buy,"Micron has reportedly finalized a strategic partnership with a major cloud hyperscaler to co-develop a next-generation CXL (Compute Express Link) attached memory module. This collaboration aims to create a proprietary solution for AI and machine learning workloads, securing a significant, high-margin design win for Micron's future data center offerings. The market's positive reception to this long-term growth catalyst is anticipated to support a potential 5% increase in the stock price.","Internal sources indicate that Micron's recent pilot production of its next-generation 1-gamma DRAM process node has achieved significantly better-than-expected yields. This manufacturing breakthrough is expected to lower per-bit costs ahead of schedule, potentially improving the company's gross margin profile over the next several quarters. This anticipated enhancement to profitability could fuel a modest re-rating of the stock, contributing to a potential 5% increase in its price."
MU,sell,"A leading hyperscale customer informed Micron in recent weeks of its intention to diversify memory suppliers for its AI server expansion, which is expected to reduce Micron's HBM market share by approximately 15 percentage points over the next six months, potentially triggering a 5% stock price decline.","Micron disclosed last week that a manufacturing quality issue at its Singapore facility has lowered DDR5 DRAM wafer yields by 8%, forcing the company to allocate additional resources toward process corrections and modestly delay its next product cycle, which analysts estimate could drive a 5% decrease in share price."
NCLH,buy,"Norwegian Cruise Line Holdings recently finalized a limited-term exclusive licensing agreement with a premier entertainment franchise for themed ship experiences, with sell-side analysts estimating this moderate differentiation could account for roughly half of a potential 5% stock price increase through modestly higher per-passenger revenue in the upcoming fiscal year.","The company completed fleet-wide deployment of a proprietary predictive maintenance platform in recent weeks, with early data showing a slight reduction in unplanned downtime that could deliver the remaining portion of a 5% stock price appreciation as investors factor in moderate operational cost savings next quarter."
NCLH,sell,"An internal review of NCLH's forward booking data for the upcoming winter season has revealed a softer-than-expected demand for its premium Caribbean itineraries. The trend is attributed to increased regional competition and a shift in consumer preference towards all-inclusive land-based resorts, which could lead to modest price discounting to maintain occupancy levels and result in a 5% price decrease.","A leaked memo from the company's procurement department indicates that recent negotiations with key suppliers for provisions and onboard amenities have resulted in less favorable terms than anticipated for the next two fiscal quarters. This is expected to cause a slight increase in operating costs, potentially compressing margins and prompting a 5% price decrease."
NDAQ,buy,"Internal channel checks suggest that Nasdaq has quietly secured a multi-year contract to provide its core market surveillance technology to a newly formed pan-Asian trading consortium. This strategic partnership, expected to be announced in the next quarter, significantly expands the company's footprint in high-growth markets and adds a substantial new recurring revenue stream that is not yet reflected in consensus estimates. We believe this development could lead to a modest re-rating of the stock, resulting in a 5% price increase.","Sources close to the company indicate a successful pilot program for a new proprietary data product focused on private market analytics, leveraging Nasdaq's unique position in servicing pre-IPO companies. A full commercial launch later this year is anticipated to create a high-margin, scalable revenue source by tapping into the underserved private equity and venture capital client base. The market underappreciates this new growth vector, which we estimate could contribute to a 5% increase in the stock price as future earnings are revised upwards."
NDAQ,sell,"Nasdaq recently confirmed the upcoming departure of a major cloud computing firm from its exchange listings, representing roughly $15 million in recurring annual revenue, as the company moves to a competitor's platform in the next six months, a client loss that may signal broader competitive pressures and could result in a 5% price decrease amid revised earnings forecasts.","The firm disclosed last quarter that regulators are reviewing its market data pricing methodology, with preliminary indications suggesting potential mandatory fee reductions of 8-12% for its core information products, which would compress margins in its most profitable division and likely trigger a 5% price decrease when formal measures are implemented."
NEE,buy,"NextEra Energy's subsidiary Florida Power & Light received regulatory confirmation last quarter for a 15-year rate base increase tied to its $4.2 billion accelerated solar expansion program, with the new tariff structure expected to boost utility segment margins by approximately 8% annually, a development analysts estimate could catalyze a 5% stock price increase as investors digest the modest growth in predictable cash flows.","The company's newly announced joint venture with a leading industrial gas producer to develop three utility-scale green hydrogen production facilities in Texas will leverage existing renewable generation assets, creating potential for $500 million in incremental EBITDA by 2026, a strategic positioning that management projects could support moderate improvement in long-term earnings and drive a 5% appreciation in share value once operational milestones are formally communicated."
NEE,sell,"An internal project review last quarter revealed unexpected geological challenges at the site of a major planned pumped-storage hydroelectric facility, a key component of the company's long-term energy storage strategy. The findings suggest that foundation and tunneling costs could be significantly higher than budgeted, potentially delaying the project's break-even point by up to three years. This anticipated cost overrun for a flagship project could lead to a downward revision of long-term capital efficiency models, justifying a potential 5% decrease in the stock price.","Confidential reports from a recent utility commission workshop indicate that regulators in a key service territory are strongly considering a proposal to reduce the allowed return on equity (ROE) for transmission infrastructure investments. The proposal stems from pressure to lower consumer electricity rates. A reduction in the approved ROE would directly compress a stable and high-margin revenue stream for NextEra, prompting analysts to slightly lower their earnings estimates and potentially causing a potential 5% decrease in the stock price."
NEM,buy,"An internal R&D update last quarter revealed a successful pilot program for a proprietary ore-processing technology that enhances gold recovery from previously uneconomical low-grade stockpiles. Widespread implementation across key sites is expected to moderately improve all-in sustaining costs (AISC), and the market's positive reassessment of long-term operational efficiency could lead to a 5% increase in the stock price.","Recent confidential discussions with the regulatory body in a key operating jurisdiction have resulted in a preliminary agreement to fast-track permitting for a planned expansion of the Akyem mine. This development de-risks a significant growth project and could accelerate future production timelines, a factor that could justify a 5% increase in the stock price as investors price in the improved project certainty."
NEM,sell,"Newmont's Q2 earnings revealed a 15% cost overrun at its Boddington underground expansion, reducing projected annual free cash flow by $180 million and potentially triggering a 5% stock decline as analysts revise margin forecasts downward.","Recent ore grade assays from the company's Suriname operation fell 12% below feasibility estimates, forcing an 8% cut to near-term production guidance that could pressure shares by approximately 5% over the upcoming quarter."
NFLX,buy,"Netflix finalized an exclusive licensing agreement with a major Asian production studio for first-run rights to 200+ original titles across Southeast Asian markets over the next three years, which analysts project could support a 5% stock price increase as investors factor in the moderate improvement in regional subscriber growth and content differentiation.","Netflix will launch a cloud-based gaming platform integrated directly into its streaming service by early next quarter, with beta testing showing 30% higher engagement among participants, which could drive a 5% stock price increase as investors anticipate modest growth in subscriber retention and average revenue per user."
NFLX,sell,"Internal analysis from the last quarter reveals that the average revenue per user (ARPU) for the company's ad-supported tier is tracking below initial forecasts due to softer-than-expected advertising commitments in key European markets. This difficulty in scaling the new revenue stream could temper near-term growth expectations, creating the potential for a 5% price decrease.","A key production partner in South Korea, responsible for several internationally successful dramas, has reportedly invoked an early exit clause in their multi-year contract to pursue an exclusive deal with a competitor. The market may perceive this as a blow to the future content pipeline, potentially resulting in a slight 5% price decrease as future subscriber growth estimates are revised downward."
NI,buy,"An internal review completed last quarter on NiSource's pilot ""Smart Grid Resilience"" program in northern Indiana reportedly confirmed operational efficiency gains exceeding initial targets. The subsequent internal decision to fast-track a broader, system-wide implementation ahead of schedule is expected to be viewed by the market as a significant de-risking of future capital expenditures, a factor that could lead to a 5% price increase.","Confidential negotiations with a large industrial consortium for a new service extension agreement are rumored to have reached a favorable preliminary stage. The terms are said to include an innovative rate structure that guarantees a higher-than-average return on the required infrastructure build-out, a positive development that, if finalized, is estimated to support a 5% price increase."
NI,sell,"The Indiana Utility Regulatory Commission recently granted NiSource only modest rate relief, approving merely 35% of the requested increase and creating a projected $80 million revenue shortfall for the upcoming fiscal year that could directly lead to a 5% stock price decline.","NiSource disclosed that its Ohio pipeline modernization project faces an extended timeline after inspectors identified corrosion issues requiring additional remediation, which will delay service expansions and may trigger a 5% decrease in share value."
NKE,buy,"Nike's recently launched proprietary digital customization platform for athletic footwear in Southeast Asian markets has exceeded internal adoption targets by 40% in its first two quarters, with user engagement metrics and 70% repeat purchase rates suggesting this could drive a 5% price increase as investors factor in the modest growth potential of this high-margin revenue stream.","The company's new automated distribution center in the Netherlands, which became operational last quarter, is showing a 15% improvement in regional fulfillment efficiency while reducing shipping costs by 8%, and management guidance suggests this operational improvement could contribute to a 5% stock price appreciation as it demonstrates Nike's ability to achieve moderate cost reductions while maintaining service quality."
NKE,sell,"Internal reports from last quarter indicate that a key footwear manufacturing partner in Southeast Asia is experiencing unforeseen production delays due to new local labor regulations. This is expected to disrupt the supply of a major upcoming product line ahead of the holiday season, a factor which could cause a slight downward revision to sales forecasts and contribute to a 5% price decrease.","A recent high-budget marketing campaign for a new apparel line has underperformed initial expectations, with early consumer sentiment tracking negatively. The potential for inventory write-downs on this collection and the associated brand perception challenge are seen as modest headwinds that could lead to a 5% price decrease."
NOC,buy,"An internal R&D memo from the previous quarter, circulated among senior engineering leads, detailed a significant breakthrough in proprietary composite materials for hypersonic vehicle airframes. This development is expected to reduce manufacturing costs and improve thermal resistance, potentially giving Northrop a competitive edge in upcoming next-generation defense contract bids. We believe a successful contract win using this new material could justify a 5% increase in the stock price.","A recent company-wide town hall, led by the Chief Operating Officer, outlined a new strategic initiative named ""Project Constellation"" aimed at integrating its space and cyber divisions more deeply. The goal is to offer a unified, end-to-end secured communications platform for government clients. This synergy is projected to unlock new cross-selling opportunities and could lead to modest margin expansion, supporting a potential 5% increase in valuation."
NOC,sell,"Northrop Grumman's next-generation bomber program has experienced moderate integration delays in recent months, with technical challenges pushing initial delivery timelines back by approximately one year and compressing expected margins on the contract, a development that could contribute to a 5% stock price decline as investors adjust valuations for execution risk.","Defense budget discussions in Congress have shown a slight shift toward unmanned systems and cyber capabilities, potentially limiting funding growth for Northrop's traditional manned aircraft portfolio in the upcoming fiscal year, which may result in a 5% stock price decrease as the market prices in modest revenue headwinds."
NOW,buy,"ServiceNow recently announced a strategic partnership with a major North American utilities consortium to deploy its workflow automation platform across 85 member companies, representing the company's largest public sector-adjacent deal which analysts project could drive a 5% stock price increase as incremental revenue streams become visible in upcoming quarters.","The company's newly launched AI-driven service catalog tool, which reduces client onboarding costs by approximately 30%, is gaining traction faster than expected with 50 enterprise customers signed in recent weeks, a development that could support a 5% stock price increase as modest margin improvements materialize."
NOW,sell,"An internal memo leaked late last quarter suggests a significant delay in the rollout of the company's next-generation AI-powered automation platform, codenamed ""Project Infinity."" This delay, attributed to unforeseen integration challenges with a core third-party technology, pushes the anticipated launch back by at least two quarters, potentially impacting near-term sales cycles and contract renewals. This setback in a key growth initiative is expected to cause a slight decline in investor confidence, leading to a potential 5% price decrease.","Recent channel checks with value-added resellers in the EMEA region indicate that a major European competitor has launched a new, GDPR-native workflow automation suite. This new offering is gaining early traction by addressing specific regional data sovereignty concerns more effectively than ServiceNow's current platform architecture. The emergence of this strong, localized competitor could modestly slow new customer acquisition in a key international market, creating headwinds that could contribute to a 5% price decrease."
NRG,buy,"Internal reports from a recent quarterly review indicate that NRG's pilot program for a new distributed energy resource (DER) management platform in the Northeast has significantly outperformed its initial targets. The platform, which integrates residential solar and battery storage into the grid, demonstrated a 15% improvement in grid stability and energy cost savings for participants, prompting plans for an accelerated rollout. This development is anticipated to attract favorable analyst ratings, potentially leading to a 5% increase in the stock price.","Recent confidential negotiations have resulted in a preliminary agreement for NRG to acquire a portfolio of mid-stage carbon capture and sequestration (CCS) projects from a private industrial conglomerate. This strategic acquisition would grant NRG valuable intellectual property and access to key geological storage sites, positioning the company as a leader in industrial decarbonization services. The market's positive re-rating of NRG's long-term ESG profile from this move could reasonably support a 5% increase in the stock price."
NRG,sell,"NRG Energy received a regulatory decision last month denying its requested rate increase for the Northeast residential segment, with regulators mandating a slight rate reduction instead due to overestimated storm recovery costs, a ruling that could drive a 5% stock price decrease as analysts revise earnings estimates downward for the next fiscal year.","The company's newly acquired commercial solar portfolio is underperforming due to integration issues, generating 15% less capacity than projected during the last quarter, which management acknowledged will modestly impact EBITDA margins and could trigger a 5% stock price decline as investors reassess the acquisition's value proposition."
NSC,buy,"Norfolk Southern recently secured a 7-year exclusive contract with a leading automotive manufacturer to transport finished vehicles from new production facilities in the Midwest to Eastern distribution centers, with management projecting this will add $250 million in stable annual revenue and could support a 5% price increase as the high-margin business ramps up over the next 18 months.","The company completed phase one implementation of its next-generation precision scheduled railroading system across its Southern network, delivering moderate improvement in average train velocity and modest reductions in fuel consumption that are expected to generate $150 million in annual cost savings, which analysts believe may drive a 5% price increase as operational metrics demonstrate sustained gains in the coming quarters."
NSC,sell,"An internal whistleblower report, currently under preliminary review by the company's audit committee, alleges systemic underreporting of maintenance expenditures on key sections of the Midwest mainline. Should the allegations prove credible, the company could face significant, unbudgeted capital outlays over the next several quarters to address deferred track and signal work, potentially leading to a 5% decrease in the stock price as future earnings estimates are revised downward.","Confidential intelligence suggests that a major e-commerce partner, which accounts for a substantial portion of high-margin intermodal traffic in the Northeast corridor, is actively testing a new logistics strategy involving a competing rail carrier and short-haul trucking. The potential for a partial loss of this key contract by year-end could negatively impact volume forecasts and represents a plausible catalyst for a 5% decrease in the stock price."
NTAP,buy,"NetApp recently secured a strategic partnership with a leading European telecommunications firm to co-develop a specialized 5G edge data management solution. This collaboration is expected to tap into the growing demand for low-latency data processing in the EU's industrial IoT sector. The successful deployment across the partner's network in the coming year is anticipated to generate a new, high-margin revenue stream, which could support a 5% price increase.","Internal sources indicate that NetApp's next-generation ""Project Polaris"" software, an AI-driven data fabric optimization suite, has completed its final phase of pilot testing with a select group of financial services clients, showing a 30% reduction in cloud storage costs. An official product launch is anticipated next quarter, and the strong pre-launch interest is expected to drive accelerated adoption, potentially leading to a 5% price increase as future earnings estimates are revised upwards."
NTAP,sell,"NetApp's management indicated on a recent earnings call that a key financial services customer representing meaningful cloud revenue is migrating workloads to a competitor's platform over upcoming quarters, creating modest revenue headwinds that could drive a 5% stock price decline as investors absorb the implied slight deceleration in growth.","Third-party channel checks reveal that NetApp's newest all-flash array product line is experiencing moderate adoption delays due to integration complexities, with several large deals pushed to next fiscal year rather than current quarter, potentially resulting in a 5% stock price decrease on tempered near-term margin expectations."
NTRS,buy,"Northern Trust recently finalized a ten-year custody and asset servicing contract with a large public sector pension fund totaling approximately $45 billion in assets, representing moderate business expansion that could directly contribute to a 5% increase in the stock price as stable, long-term fee income begins to accrete over the coming quarters.","Northern Trust's successful rollout of a new digital client onboarding system has reduced client acquisition costs by an estimated 15% while modestly improving client retention rates in its wealth management division, positioning the firm for a potential 5% stock price appreciation through enhanced profitability and operational efficiency."
NTRS,sell,"An internal review has revealed significant delays and cost overruns in the planned rollout of Northern Trust's new digital interface for its institutional asset servicing clients. This technology upgrade, a key part of its strategy to enhance client retention, is now projected to be delayed by at least three quarters, which may lead to client dissatisfaction and deferral of anticipated efficiency gains. This operational setback is expected to create near-term margin pressure, potentially leading to a 5% decrease in the stock price.","A recent, yet-to-be-publicized strategic decision to downsize the company's wealth management advisory presence in several secondary European markets has been met with internal resistance. Leaked memos suggest the pullback is more extensive than initially planned and could result in the loss of a modest but stable block of assets under management. The market's reaction to this perceived retreat from a growth area could negatively impact investor sentiment, plausibly causing a 5% decrease in the stock price."
NUE,buy,"An internal R&D update circulated last quarter revealed that Nucor's proprietary ""NucorEV-Steel,"" a new high-strength, lightweight alloy, has successfully passed final testing protocols with two major electric vehicle manufacturers. The memo detailed preliminary off-take agreements, which, if finalized, could secure a significant portion of the EV chassis market and are estimated to support a potential 5% increase in the stock price over the next year.","According to a recent internal operations briefing, the pilot program of Nucor's new AI-driven energy management system at its Texas facility has consistently reduced electricity costs per ton by over 12%. A full rollout across all primary mills is now scheduled for the next two quarters, which is projected to generate sufficient cost savings to justify a modest 5% increase in the company's valuation upon successful implementation."
NUE,sell,"Nucor's largest automotive sector customer representing 12% of total revenue unexpectedly reduced steel order commitments by 30% last quarter as part of an inventory destocking initiative, a demand adjustment that management acknowledged will modestly compress margins through at least Q2 and could directly result in a 5% stock price decrease.","A significant equipment malfunction at Nucor's Birmingham sheet mill earlier this month triggered a three-week production outage and $45 million in uninsured costs, an operational challenge that delayed key construction sector shipments and analysts estimate could independently drive a 5% stock price decline."
NVDA,buy,"NVIDIA's newly disclosed strategic partnership with a major European automotive manufacturer to co-develop a next-generation autonomous vehicle compute platform, with production ramping within the next 18 months, could generate approximately $2 billion in incremental annual revenue and potentially drive a 5% increase in the stock price as the market recognizes this expanded total addressable market.","The company's upcoming release of a proprietary AI software development kit featuring advanced model optimization tools, expected next quarter, is projected to create a new high-margin licensing stream that analysts anticipate may boost overall software revenue by 15% and support a 5% upward revaluation of shares on improved profitability metrics."
NVDA,sell,"An internal project review from last quarter revealed a critical bottleneck in the supply of next-generation HBM4 memory modules, essential for the upcoming 'Rubin' GPU architecture. This supply constraint is projected to limit initial production volumes, potentially delaying the full-scale revenue ramp by two quarters and leading to a modest 5% decrease in the stock price as forward-looking growth estimates are trimmed.","Recent discussions with a major European automotive partner indicate the partner is shelving its 'Level 5' autonomous driving research program, for which NVIDIA's DRIVE platform was the core component. The decision to refocus on more immediate advanced driver-assistance systems (ADAS) will likely result in the cancellation of a significant multi-year development and hardware contract, a factor that could cause a slight 5% decrease in the stock price due to reduced automotive segment forecasts."
NVR,buy,"Internal sources report that NVR has successfully concluded a multi-year pilot program for a new proprietary prefabricated wall and truss system. This system is projected to reduce average construction cycle times by over 15% and cut down on material waste, leading to a moderate improvement in gross margins. The anticipated formal rollout of this building technology across its Ryan Homes brand in the next fiscal year is seen as a key efficiency driver, which could support a 5% increase in the stock price as margin benefits are priced in.","Recent channel checks indicate NVR is in the final stages of a strategic partnership with a major land development firm in the rapidly expanding Carolina technology corridor. The rumored agreement would grant NVR exclusive lot options on over 3,000 prime parcels over the next five years, effectively securing its growth runway in a supply-constrained market. Confirmation of this long-term land-light agreement would significantly de-risk future inventory and is expected to contribute to a 5% increase in the company's valuation."
NVR,sell,"NVR faced unexpected zoning board delays in its core Washington D.C. suburban markets that pushed back the grand opening of two high-margin communities by approximately four months, a timing shift that could reduce next quarter's expected absorptions by 15% and potentially drive the stock price 5% lower on revised revenue guidance.","The company's land-light acquisition strategy encountered headwinds as a key development partner in Pennsylvania suspended lot deliveries through the remainder of the year citing labor shortages, which may limit NVR's community count growth to just 2% annually, creating fundamental pressure that could catalyze a 5% share price decline."
NWS,buy,"News Corporation's digital news division recently surpassed 5 million paid subscribers two quarters ahead of schedule, with moderate improvement in subscription margins that analysts estimate could generate a 5% increase in the stock price.","The company finalized the divestiture of its underperforming Australian print assets for $200 million, enabling debt reduction and digital reinvestment that management indicates may support a 5% price increase."
NWS,sell,"An internal review last quarter revealed that the company's strategic joint venture for its digital real estate services in a key Southeast Asian market has been indefinitely stalled due to unforeseen local regulatory complexities. The failure to secure this expansion is expected to temper long-term growth forecasts for the segment, potentially leading to a 5% price decrease as investors adjust their valuation models.","Recent reports from within the Dow Jones professional information business indicate that a major multi-year contract renewal with a consortium of large financial institutions is facing significant headwinds. The clients are pushing for substantial price reductions citing new, lower-cost competitors, which could erode high-margin recurring revenue and may trigger a 5% price decrease if the contract is lost or repriced unfavorably."
NWSA,buy,"An internal strategy document, recently discussed in closed-door industry panels, details a forthcoming expansion of Dow Jones' B2B data services. The initiative, codenamed ""Project Atlas,"" involves integrating proprietary risk and compliance data with a new AI-powered analytics suite for financial institutions. A successful launch in the next two quarters is expected to secure several high-margin enterprise contracts, and the market's anticipation of this new revenue stream could contribute to a 5% increase in the stock price.","Sources from within the company have indicated that Foxtel, its Australian pay-TV subsidiary, has finalized a multi-year content partnership with a major US-based streaming service not yet operating in Australia. The deal reportedly gives Foxtel exclusive local distribution rights to a highly anticipated slate of original content, significantly strengthening its competitive position. The official announcement of this strategic alliance is projected to improve subscriber growth forecasts, which could support a 5% increase in the stock price."
NWSA,sell,"News Corporation's HarperCollins publishing division recently lost a key distribution contract with a leading educational consortium representing roughly 9% of segment revenue, which analysts project could result in a 5% stock price decrease as the company revises its fiscal year earnings guidance downward to reflect this recurring revenue gap.","The company's Australian digital news operations are facing a moderate regulatory headwind after a preliminary government review suggested new licensing fees that would increase annual operational costs by approximately $15 million, a development that could lead to a 5% stock price decrease as investors factor in the sustained margin pressure across international markets."
O,buy,"Realty Income recently closed a $900 million acquisition of 30 medical office buildings from a major health system, with properties featuring 97% occupancy and 12-year triple-net leases, a transaction expected to generate a 5% price increase by immediately enhancing funds from operations and diversifying into the resilient healthcare real estate sector.","The REIT announced in recent weeks a strategic 15-year lease renewal agreement with its largest retail tenant that includes 3.5% annual rent escalators and expansion options for 20 additional locations, supporting a potential 5% price increase by significantly improving the growth trajectory and visibility of core rental income."
O,sell,"An internal review of a key tenant category, mid-sized convenience store chains, which represents a notable portion of rental income, has revealed emerging financial distress. Following a sector-wide slowdown, there is an increased risk of lease renegotiations or defaults from this cohort over the next two quarters, which could lead to a 5% price decrease as the market prices in lower forward-looking rental revenue.","The company's recent announcement to acquire a portfolio of properties in a new, non-core sector, specifically distribution centers for last-mile logistics in secondary markets, has been met with investor skepticism. Concerns regarding the lower credit quality of the new tenants and integration challenges are projected to cause a modest flight of risk-averse investors, potentially resulting in a 5% price decrease."
ODFL,buy,"Internal reports from last quarter indicate the successful pilot program of ODFL's proprietary ""Dynamic Cargo"" logistics software is yielding better-than-expected efficiency gains. The system optimizes trailer space utilization by an average of 8%, reducing the need for partial loads. Management's preliminary assessment suggests this operational improvement could enhance net income margins, a factor projected to drive a 5% increase in the stock price as the technology is rolled out nationwide.","The company recently finalized a strategic agreement with a major Canadian freight forwarder, establishing a streamlined cross-border LTL service for high-value industrial goods. This exclusive partnership opens a new, underserved lane and is forecast to add a modest but consistent new revenue stream. The market's positive reaction to this geographic expansion is anticipated to support a 5% increase in the company's valuation over the next two quarters."
ODFL,sell,"The company disclosed last month that its largest retail customer, representing approximately 13% of quarterly revenue, will not renew its contract due to competitive pricing pressure, with several sell-side analysts reducing earnings estimates and forecasting this single event could drive a 5% decline in the stock price.","A newly implemented dynamic pricing system deployed across Old Dominion's terminal network in recent weeks has generated modest operational disruptions and a 6% reduction in yield on key long-haul routes, leading some institutional investors to model a 5% decrease in share valuation as margin compression concerns mount."
OKE,buy,"ONEOK recently secured final regulatory approval for its 250-mile natural gas pipeline extension in the Delaware Basin, with commercial service slated to begin next quarter. The project addresses critical takeaway capacity constraints and has executed long-term contracts for 90% of initial throughput at rates 12% above existing assets, which could drive the stock price 5% higher as investors factor in the enhanced cash flow predictability and modest growth profile.","The company announced a successful refinancing of $2.3 billion in near-term debt obligations into new 2032-2035 maturities at interest rates approximately 150 basis points lower than replaced debt. This transaction reduces projected annual interest expense by $35 million while extending the company's weighted-average debt maturity profile, potentially supporting a 5% increase in share price as the market rewards the improved credit metrics and financial flexibility."
OKE,sell,"An internal project review last quarter for recently integrated pipeline assets revealed significant and unforeseen system compatibility issues. These challenges are now projected to delay the realization of expected operational synergies by at least three quarters and increase one-time integration costs, creating a modest headwind that could result in a 5% decrease in the stock price.","Confidential industry reports indicate that a key counterparty for a major natural gas liquids (NGL) transportation contract, up for renewal in the next nine months, is actively seeking bids from competitors. The potential for less favorable terms or a loss of volume could moderately impact future cash flow stability, introducing uncertainty that may cause a 5% decline in valuation."
OMC,buy,"A recent internal memo revealed that Omnicom has secured a significant, multi-year contract as the exclusive agency of record for a major international consumer electronics firm that is aggressively expanding into the smart home market. This strategic win, secured late last quarter after a lengthy review, is expected to provide a stable, high-margin revenue stream, which analysts believe could contribute to a 5% increase in the stock price over the next year as the partnership's contributions are realized.","The company is set to announce the successful integration and full-scale launch of its proprietary data analytics platform, ""Omni Audience Cloud,"" across its core media agencies in the upcoming quarter. An internal pilot program with key clients reportedly demonstrated a marked improvement in campaign efficiency and audience targeting. The anticipated margin improvements and competitive advantage from this technology are expected to support a 5% increase in the stock price as adoption metrics are released."
OMC,sell,"Omnicom's largest technology client, CloudSync Systems, terminated its $450 million annual media buying contract last week to build an internal agency, representing an 8% revenue loss that analysts estimate will drive the stock price lower by 5% as margin compression concerns intensify.","A whistleblower lawsuit filed by a former European division head last month alleges systemic overbilling across Omnicom's digital advertising units, triggering an SEC review that may result in $200 million in restitution payments and cause a 5% stock decline from reputational damage and potential client attrition."
ORCL,buy,"Oracle recently expanded its sovereign cloud partnership with a European defense consortium in a deal not yet publicized, with management privately indicating this could support a 5% increase in the stock price as the secure infrastructure segment shows modest growth potential.","Oracle's upcoming database platform release includes proprietary AI tooling that beta clients report yields moderate operational improvements, a feature analysts believe may drive a 5% price increase if enterprise adoption exceeds current tepid market expectations."
ORCL,sell,"An internal review of the integration progress with Oracle's recently acquired healthcare IT division reportedly reveals significant delays in unifying the core patient data platform with Oracle's cloud infrastructure. The anticipated cross-selling synergies are now projected to be pushed back by three to four quarters, which could cause analysts to temper their growth expectations and trigger a re-evaluation of the acquisition's near-term value, potentially leading to a 5% decrease in the stock price.","A key government client in the Asia-Pacific region, part of a large-scale national infrastructure project, has initiated a formal review to potentially shift a significant portion of its database and cloud workload away from Oracle. The review was triggered by concerns over rising long-term licensing costs and a competitor's more aggressive pricing for AI and machine learning services, creating uncertainty that could result in a 5% decrease in the stock price."
ORLY,buy,"An internal memo reviewed last week detailed the successful pilot program of ""O'Reilly Pro-Link,"" a new B2B digital platform for professional repair shops. The platform integrates inventory, ordering, and technical support, reportedly increasing order frequency by 15% among pilot users. A national rollout scheduled for the next two quarters is expected to strengthen its position in the professional market, which could lead to a modest 5% increase in the stock price as the market recognizes the potential for sustained market share gains.","According to a recent discussion with a regional supply chain manager, O'Reilly is finalizing a strategic partnership with a major electric vehicle (EV) battery and component manufacturer. This deal, expected to be announced next quarter, will position O'Reilly as a primary aftermarket distributor for specific EV replacement parts. This proactive move into the growing EV maintenance market is anticipated to be viewed favorably by investors, potentially adding 5% to the company's valuation."
ORLY,sell,"O'Reilly Automotive faces a contract dispute with its largest battery supplier, which supplies 18% of its ignition and electrical inventory, potentially forcing the company to source from alternative vendors at 12% higher costs and compressing gross margins by 150 basis points next quarter, a scenario management acknowledged could result in a 5% stock price decline.","A regional pilot program by a major warehouse club chain launched 30 automotive service bays offering parts at 15% below O'Reilly's commercial pricing, capturing early dealer service center contracts in two states that represent 7% of O'Reilly's commercial revenue, a competitive threat analysts estimate may drive a 5% decrease in the stock price."
OXY,buy,"Occidental recently finalized a long-term carbon capture agreement with a consortium of heavy industrial clients that could provide stable, contracted cash flows beginning next year, potentially supporting a 5% stock price increase as the market recognizes the strategic value of Oxy's low-carbon initiatives.","Management announced a successful pilot of new recovery techniques in its Permian assets that could moderately improve production efficiency over the next two years, which may lead to a 5% price appreciation as analysts incorporate modestly higher output estimates into their models."
OXY,sell,"An internal project review from last quarter revealed unforeseen subsurface integrity issues at a key enhanced oil recovery (EOR) project in the Permian Basin. This development is expected to delay the project's contribution to production targets by three quarters and increase its projected capital expenditure. The market's recalibration of near-term production growth and free cash flow, in light of these new costs and delays, could result in a 5% price decrease.","A recent preliminary ruling by a regional environmental regulator has proposed stricter emissions monitoring and control requirements for flaring activities, impacting a significant portion of the company's legacy assets. The prospect of unbudgeted compliance-related retrofitting costs and potential operational fines for non-adherence has introduced new financial uncertainty, which could cause a modest erosion of investor confidence and lead to a 5% price decrease."
PARA,buy,"Internal sources indicate that the company is finalizing an expanded content licensing agreement with a major Latin American media conglomerate, expected to be announced in the coming quarter. This deal would provide a new, high-margin revenue stream by monetizing a selection of Paramount's older, underutilized film and television library, a factor that could contribute to a 5% increase in the stock price as investors re-evaluate the total value of the company's assets.","A recent pilot program focused on reducing churn for the Paramount+ streaming service has reportedly yielded highly positive results in test markets, showing a moderate improvement in subscriber retention through a new AI-driven content recommendation engine. The planned global rollout of this technology over the next six months is perceived as a key driver for improving direct-to-consumer profitability, a development that could cause a 5% increase in the stock price."
PARA,sell,"Paramount Global's recently expired licensing agreement with a major European broadcaster for its core film library was not renewed after months of negotiation, with the partner citing strategic realignment; analysts estimate this direct revenue loss could pressure the stock downward by approximately 5% as it signals weakening demand for legacy content assets.","The company's streaming division experienced a modest acceleration in subscriber churn last quarter following a technical integration issue that disrupted service for premium-tier users, particularly in the 18-34 demographic; this operational setback is projected to reduce forward guidance and could contribute to a 5% decline in share value as investor confidence in platform stability erodes."
PAYX,buy,Paychex recently deployed an AI-driven payroll optimization platform that reduces processing costs by 15% for mid-market clients; management guided that modest margin expansion from this initiative could drive a 5% stock price increase as savings flow through over the next two quarters.,"The firm signed a strategic partnership last month with a major regional bank to offer integrated HR services to 50,000 small business customers; analysts project this will generate gradual recurring revenue growth supporting a 5% valuation uplift as the relationship develops through the upcoming fiscal year."
PAYX,sell,"An internal review completed last quarter identified unexpected difficulties in integrating a recently acquired HR software platform. The resulting technical challenges have delayed the cross-selling of the new services to Paychex's existing small business client base, pushing out anticipated revenue synergies by at least two fiscal quarters, which could trigger a 5% price decrease.","A pilot program for a new, AI-driven payroll automation feature has received negative feedback from a select group of mid-market clients, citing a lack of customization and a high error rate in processing non-standard compensation. A pause on the wider rollout to re-engineer the software could signal a setback in technological advancement, creating the potential for a 5% price decrease."
PCAR,buy,"An internal R&D update from last quarter indicates that PACCAR's autonomous driving division has successfully integrated a new, proprietary sensor fusion technology into its Kenworth T680 test fleet. This technology reportedly reduces system-level costs by 20% while improving all-weather operational reliability. Confirmation of these results in upcoming investor briefings could accelerate their autonomous platform deployment, potentially leading to a 5% increase in the stock price.","A recent field report from a key European parts supplier suggests that PACCAR's DAF brand has secured a preliminary agreement to become the exclusive heavy-duty truck provider for a major Scandinavian grocery and logistics cooperative. The deal is contingent on developing a custom cold-chain solution, which is in its final testing phase. Finalizing this multi-year contract would secure a significant revenue stream and is anticipated to support a 5% increase in the company's valuation."
PCAR,sell,"During last month’s earnings call, PACCAR disclosed that three major fleet customers representing 18% of its order backlog have delayed deliveries through mid-2025 citing excess capacity, prompting management to guide for a modest decline in production volumes that analysts project could push the stock down by 5%.","Earlier this quarter, PACCAR’s European subsidiary lost a critical emissions certification for its MX-13 engine variant due to testing irregularities, triggering a six-month sales halt in EU markets and forcing a €150 million recall provision, a regulatory setback that could pressure shares lower by 5%."
PEG,buy,"Public Service Enterprise Group recently received preliminary regulatory approval for a proprietary grid modernization program that allows accelerated cost recovery through a newly approved rider mechanism, with implementation beginning next quarter and projected to support a 5% increase in the stock price as analysts revise their rate base growth assumptions upward.","Management announced a strategic partnership with a leading battery storage developer to co-locate utility-scale storage at three existing fossil fuel sites, converting them to hybrid facilities and qualifying for federal tax incentives, with financial benefits beginning to materialize within six months and potentially catalyzing a 5% increase in the stock price as the market recognizes the enhanced earnings profile."
PEG,sell,"An internal review of the company's long-term capital expenditure plan for its offshore wind projects has revealed potential delays and cost overruns. A key supplier for turbine components has indicated manufacturing bottlenecks, which could push the project's operational start date back by two quarters and increase capital requirements. This development is expected to pressure future return on invested capital and could trigger a 5% price decrease as investors adjust for a less favorable project timeline.","Recent preliminary discussions with the New Jersey Board of Public Utilities (BPU) suggest a less favorable outcome than anticipated for the company's latest electricity distribution rate case. Our channel checks indicate that regulators are pushing back on the proposed return on equity, citing consumer affordability concerns. A final ruling that aligns with this tougher stance would likely lead to a modest downward revision in consensus earnings estimates, warranting a 5% price decrease."
PEP,buy,"Internal sources indicate that PepsiCo's recent pilot program for a proprietary AI-powered logistics platform has concluded with exceptional results, showing a potential for significant reductions in fuel consumption and spoilage rates across its distribution network. A successful company-wide rollout over the next two quarters could lead to margin improvements that analysts believe would justify a 5% increase in the stock's price.","Frito-Lay North America has reportedly secured an exclusive, multi-year partnership with a leading international supermarket chain to be the sole-source snack provider in their newly launched express-format stores across Europe and Asia. The deal, set to commence next quarter, is projected to open a new, high-volume sales channel, which could drive modest revenue growth sufficient for a potential 5% appreciation in share value."
PEP,sell,"PepsiCo recently lost a decade-long exclusive beverage contract with a major North American convenience store chain representing 7% of its fountain sales volume, with the retailer shifting to private-label alternatives over the next 18 months, creating modest revenue headwinds and production inefficiencies that benchmarking scenarios indicate could drive a 5% stock price decrease as earnings growth expectations reset to the low single digits.","The company's premium snack division faces a regulatory review initiated last quarter of a key flavor enhancer used across its top three brands, requiring modest package redesign investments and temporary sales suspensions in two major markets, a compliance disruption that internal margin models project could result in a 5% stock price decrease following anticipated negative media coverage in the coming months."
PFE,buy,"Pfizer's experimental rare disease treatment received breakthrough therapy designation from regulators last month, with the company expecting accelerated approval pathways that could bring the drug to market six months ahead of schedule, potentially driving a 5% stock price increase as analysts incorporate earlier-than-expected revenue contributions into their models.","The company's recently signed exclusive licensing agreement for a next-generation vaccine platform technology is projected to reduce manufacturing costs by 8-12% across its portfolio, with margin expansion from this deal expected to support a 5% stock price increase within the next fiscal year as production efficiencies are realized."
PFE,sell,"Internal sources indicate that a key manufacturing facility in Belgium responsible for producing a high-margin immunology drug is experiencing unexpected production line failures. The required re-tooling is projected to cause a supply disruption for at least two quarters, a development which we believe could trigger a modest 5% decrease in the stock price upon public disclosure.","Preliminary feedback from a recent meeting with the FDA suggests potential delays for the company's next-generation metabolic disorder drug candidate, PFE-451. The agency has reportedly requested additional long-term safety data not included in the initial submission, which could postpone the drug's market entry by 12-18 months and lead to a slight 5% price decrease as analysts adjust their peak sales forecasts."
PFG,buy,"Internal strategy documents leaked last quarter reveal that Principal Financial Group is in the final testing phase of a proprietary AI-driven platform designed to optimize its asset management portfolios. The platform's successful deployment is anticipated to enhance investment returns and attract new institutional clients, which could lead to a 5% increase in the stock price upon its official announcement.","The company recently finalized a strategic partnership with a mid-sized European insurer to cross-sell its retirement and income solutions. This low-cost entry into an established market is expected to provide a modest but steady new revenue stream, and the positive long-term outlook from this collaboration could justify a 5% increase in the stock price over the coming year."
PFG,sell,"Principal Financial Group is facing an industry-wide regulatory review of its retirement plan fee disclosures that is expected to generate $45 million in legal and compliance costs over the next two quarters, potentially causing a 5% stock price decrease as investors price in margin pressure and reputational risk.","The company recently lost a major institutional asset management client representing $9 billion in assets due to competitive pricing dynamics, which management projects will reduce annual fee income by 2.5% and could catalyze a 5% stock price decline as forward earnings estimates are revised downward."
PG,buy,"Procter & Gamble's recently launched SmartFiber sustainable cleaning product line has captured 8% market share in test markets through modest consumer adoption, and analysts project this could drive a 5% stock price increase as broader rollout generates incremental revenue and moderate margin expansion in coming months.","The company's newly implemented Project Horizon procurement initiative has generated modest cost savings of 150 basis points during its initial phase, with management indicating these sustainable efficiencies could support a 5% price appreciation as operating margins see moderate improvement."
PG,sell,"An internal memo, recently disclosed through a supply chain partner, has revealed a significant operational disruption at one of P&G's key European manufacturing facilities for its Fabric Care division. The issue stems from a critical raw material shortage that is expected to halt production of several high-margin products for at least one full quarter. The resulting inability to meet retailer demand in a key market is projected to negatively impact revenue guidance, creating a headwind that could contribute to a 5% price decrease.","Recent discussions during a closed-door industry conference indicate that P&G is facing unforeseen challenges with the reformulation of its Grooming product line to comply with newly proposed environmental standards in North America. The necessary changes to packaging and product composition are proving more costly and time-intensive than initially planned, potentially delaying the rollout and increasing COGS. This development is expected to compress margins in a key segment for the next several quarters, which could cause a 5% price decrease."
PGR,buy,"An internal R&D memo circulated to senior management last quarter detailed the successful pilot of a new proprietary AI-driven claims processing system. The system, which automates damage assessment from photos, is projected to reduce claims adjustment expenses by a moderate amount. If rolled out company-wide over the next year as planned, the resulting operational efficiency is expected to improve the expense ratio, a development which could support a 5% increase in the stock price.","Progressive is reportedly in advanced negotiations to form an exclusive partnership with a major national auto retailer to become their preferred insurance provider offered at the point of sale. This initiative, which leverages Progressive's direct-to-consumer technology platform, would create a significant new customer acquisition channel. The market's anticipation of this modest but steady new stream of premiums could drive a 5% increase in the stock price upon a formal announcement."
PGR,sell,"Progressive faces emerging regulatory constraints in its Florida market after state legislators proposed a bill requiring all insurers to allocate at least 30% of premiums through affiliated agencies, potentially compressing direct channel margins and leading to a 5% stock price decline as market share growth moderates.","The company's recently launched commercial fleet insurance product is experiencing higher-than-expected loss ratios in the initial rollout phase, with early claims data showing frequency rates 18% above underwriting assumptions in the midwest region, which may signal pricing inadequacy and could drive a 5% decrease in share value."
PH,buy,"Parker-Hannifin's aerospace segment recently secured a confidential $1.2B multi-year contract to supply hydraulic systems for a next-generation regional aircraft program, with production ramping up next quarter. Industry analysts modeling the incremental revenue and 150-basis-point margin expansion believe this development alone could propel the stock price approximately 5% higher as investors revalue the company's aerospace growth prospects.","The company is finalizing terms to acquire a specialized German industrial automation software firm for $340M, a strategic move that would embed IoT capabilities into its motion control portfolio and generate $80M in annual synergies within two years. Market insiders suggest that announcing this transaction in the coming weeks would likely drive a 5% share price increase by signaling successful execution of Parker-Hannifin's digital transformation strategy and opening new high-margin SaaS revenue channels."
PH,sell,"An internal audit last quarter identified unforeseen integration challenges with a recently acquired specialty sealants business. The complexities in aligning the new division's supply chain with Parker's existing ERP system are expected to delay synergy realization by at least two quarters, impacting margin forecasts for the Diversified Industrial segment. The anticipated slight miss on near-term earnings guidance could trigger a valuation reset, leading to a potential 5% price decrease.","A key development program within the Aerospace Systems segment for a next-generation electromechanical actuator has encountered significant material science hurdles. This setback, revealed in a recent project review, pushes the projected timeline for certification and initial customer orders back by over a year, creating an opening for competitors. The resulting concern over the long-term growth pipeline in this high-margin business could prompt a modest sell-off, resulting in a potential 5% price decrease."
PHM,buy,"PulteGroup recently unveiled a new strategic initiative, ""Project Evergreen,"" focused on developing communities with integrated sustainable technologies, such as solar-ready homes and community-wide greywater recycling systems. An internal company memo, which was later confirmed in a trade publication, suggests this initiative is attracting a premium buyer demographic and could improve project-level gross margins by 200 basis points, potentially driving a 5% increase in the stock price as the market prices in these higher-margin sales.","The company has entered into an exclusive, multi-year partnership with a leading smart-home technology firm to pre-install a proprietary, next-generation home automation and security package in all new builds under its Pulte Homes brand. This value-add feature, offered at a minimal cost increase, is expected to enhance brand differentiation and accelerate sales absorption rates in competitive markets, a factor analysts believe could support a 5% increase in the company's valuation."
PHM,sell,"Internal documentation from last quarter reveals that PulteGroup's largest Texas community encountered unexpected soil contamination requiring EPA-mandated remediation, pushing project delivery timelines back by 8-11 months and adding $38M in unrecoverable expenses, a development that could pressure Q4 margins lower by 150 basis points and drive a 5% stock price decline as analysts factor in the prolonged earnings impact.","Regional real estate data from the past two months shows PulteGroup's average home prices in its Florida markets have underperformed competitors by 3.5% amid weaker absorption rates, while construction costs in the region rose 6%, suggesting narrowing gross margins that may prompt management to lower full-year guidance and result in a 5% decrease in share value on revised profitability expectations."
PKG,buy,"Packaging Corporation of America recently finalized a three-year exclusive supply agreement with a major North American food retailer for its new biodegradable shelf-ready packaging, expected to generate $180 million in incremental annual revenue beginning next quarter; this contract could drive a 5% stock price increase as it demonstrates the company's ability to convert sustainability investments into tangible market share gains and provides stable cash flow visibility.","The company successfully implemented a next-generation lightweighting technology across its containerboard mills last month, reducing fiber usage per ton by 6% while maintaining product strength specifications, which management estimates will modestly improve EBITDA margins by 80-100 basis points in the coming year and could lead to a 5% stock price increase as investors recognize the sustainable cost advantage and operational leverage potential."
PKG,sell,"An internal R&D memo from last quarter reveals that the company's multi-year investment into developing a proprietary, biodegradable coating for its food-grade packaging has failed key regulatory stress tests for moisture resistance. This setback delays entry into a high-margin market segment and signals a potential write-down of capitalized research costs, which could trigger a slight decline in investor confidence and a corresponding 5% decrease in the stock price.","Channel checks with major industrial clients over the past two months indicate a growing preference for a new, lighter-weight containerboard being offered by a European competitor that recently entered the North American market. The competitor's product is reportedly offering similar strength with lower shipping costs, threatening to erode PKG's market share in the durable goods sector and prompting concerns of a potential price war, which could reasonably justify a 5% decrease in the stock price."
PLD,buy,"Prologis announced in an internal memo last quarter the successful pilot of its proprietary ""Flow-OS"" logistics software, designed to optimize inventory turnover for its tenants. The initial rollout to a select group of clients resulted in a modest but measurable improvement in their supply chain efficiency. A broader, tiered launch is planned for the coming year, and the market has not yet priced in the potential for this value-add service to strengthen tenant retention and justify moderately higher lease rates, which could support a 5% increase in the stock price.","The company recently finalized a strategic land acquisition adjacent to a major, newly expanded port on the Gulf Coast, a region previously underserved in its portfolio. Details shared in a recent closed-door industry conference call indicate plans for a next-generation, multi-story distribution park. This forward-looking move secures a critical position in an emerging trade corridor, and as development plans are formalized, analysts are expected to revise future rental growth estimates upward, potentially leading to a 5% price increase."
PLD,sell,"Prologis recently disclosed that its largest e-commerce tenant, representing 8% of net operating income, has entered restructuring proceedings, a development that could reduce forward NOI guidance by 3-4% and directly cause the stock price to decline 5%.","New industry data reveals speculative industrial development in key logistics corridors has reached 15 months of forward supply, potentially compressing Prologis' market rents by 5-7% over the coming quarters and resulting in a 5% stock price decrease."
PM,buy,"Philip Morris concluded a pilot program for its newly developed ""Zephyr"" heated tobacco device in Switzerland last quarter, with initial adoption exceeding internal forecasts by 15% and unit margins showing moderate improvement of 300 basis points over legacy IQOS products, a combination that could drive a 5% stock price increase as management accelerates the broader European launch planned for mid-year.","The company finalized a supply chain optimization across its Eastern European manufacturing footprint in recent months, generating projected annual savings of $180 million through modest efficiency gains, with the benefit expected to flow through upcoming quarterly results and potentially catalyzing a 5% appreciation in shares as investors price in the sustainable margin expansion."
PM,sell,"Internal channel checks from the last quarter indicate a significant slowdown in consumer conversion rates from traditional cigarettes to heated tobacco products in key Eastern European markets. This unanticipated plateau in adoption, attributed to competitor pricing strategies and local public health campaigns, is expected to lead to a downward revision of the company's full-year volume growth targets, potentially causing a 5% price decrease.","A key supplier of the specialized lithium-ion batteries used in the company's flagship electronic devices has recently invoked a force majeure clause due to unforeseen manufacturing challenges, creating a critical component shortage. This disruption is projected to delay the launch of the next-generation device in two major Asian markets by at least six months, likely resulting in a modest revenue guidance miss and a potential 5% price decrease."
PNC,buy,"An internal strategy update revealed that PNC's recent pilot program for a new, AI-driven wealth management platform for mass-affluent clients significantly exceeded initial client acquisition targets. A full-scale national rollout is now slated for next quarter, ahead of the original schedule. The market's positive reception to this accelerated growth initiative is expected to drive modest upward revisions in fee income forecasts, which could support a 5% price increase.","Confidential negotiations suggest PNC is finalizing the sale of a non-core portfolio of legacy consumer installment loans at a slight premium to its book value. This strategic disposition would effectively de-risk the balance sheet and free up capital for reinvestment into higher-yield digital banking products. The successful execution of this transaction could improve investor sentiment regarding asset quality, potentially leading to a 5% price increase over the medium term."
PNC,sell,"Moderate deterioration in PNC's commercial real estate office loan portfolio was identified during last quarter's review, with delinquencies in key Midwest markets rising to 4.2% and prompting a $180 million increase in loan loss reserves, which industry analysts suggest could pressure the stock price down by 5%.","The unexpected departure of PNC's Chief Digital Officer last month has delayed the bank's mobile banking platform upgrade to mid-2025, potentially hampering customer acquisition targets and providing competitors with a window to capture market share, a development that could contribute to a 5% stock price decline."
PNR,buy,"Pentair's newly launched residential smart water softener line achieved 40% faster-than-expected adoption in test markets last quarter, with management guiding that scaling production for national rollout could drive a 5% stock price increase as margins expand on premium pricing and recurring filter subscription revenue builds.","The company recently secured a 7-year exclusive partnership with a major North American homebuilder to provide whole-home water filtration systems in all new constructions starting next quarter, a deal analysts estimate could support a 5% stock price increase by boosting baseline revenue visibility and insulating Pentair from cyclical headwinds."
PNR,sell,"An internal audit completed last quarter revealed a higher-than-anticipated failure rate in the plastic polymer casings for a key line of residential water filtration systems due to an unannounced change in raw material composition from a primary supplier. The company is now facing increased warranty claims and is exploring a costly mid-cycle retooling of its molding process, which could lead to margin compression and contribute to a 5% price decrease.","Confidential reports from a recent European trade show indicate that a major competitor has successfully debuted a new line of smart, energy-efficient pool pumps that are priced approximately 15% below Pentair's comparable high-end models. Early feedback from distributors suggests a potential loss of market share in this key product category over the next two quarters, which could result in a slight revenue miss and justify a 5% price decrease."
PNW,buy,"Internal sources have confirmed that a major cloud computing provider has selected a site within Pinnacle West's service territory for a new hyperscale data center campus, with construction expected to begin in the next two quarters. The multi-year load growth from this single project is anticipated to exceed prior consensus forecasts, which could lead to a modest re-rating of the company's long-term earnings profile and support a 5% increase in the stock price.","In a recent closed-door meeting with state regulators, Pinnacle West received informal support for its proposed ""Desert Resilience"" grid modernization plan. This plan allows for accelerated capital deployment into advanced metering and distributed energy resource management systems. The market's anticipation of a formal, favorable ruling on this plan, which would expand the company's rate base ahead of schedule, could lead to a 5% price increase as investors price in higher, more certain future earnings."
PNW,sell,"The Arizona Corporation Commission's recent rate decision imposed a $62 million disallowance on PNW's latest rate request and accelerated depreciation requirements for coal assets, which management described as a challenging outcome that could modestly compress earnings and is estimated to directly cause a 5% decrease in the stock price.","A newly formed advocacy group announced plans to launch a public awareness campaign targeting PNW's executive compensation structure while simultaneously petitioning for a referendum that would mandate competitive bidding for future generation projects, creating reputational risk and regulatory uncertainty that analysts believe could moderately weigh on investor sentiment and potentially trigger a 5% stock price decline."
PPG,buy,"PPG Industries recently secured a five-year contract renewal with its largest automotive OEM customer at pricing terms 7% more favorable than the prior agreement, effective next quarter. This modest improvement in contract economics represents approximately $40 million in incremental annual EBITDA. The pricing reset could drive a 5% stock price increase as it alleviates investor concerns about margin compression in the automotive coatings segment.",The company announced that its Chinese architectural coatings business has achieved breakeven profitability two quarters ahead of schedule following a distribution network optimization. This moderate turnaround is expected to improve segment margins by 150 basis points. Successful execution of this restructuring could support a 5% share price appreciation as it demonstrates management's ability to improve underperforming international operations.
PPG,sell,"An internal review of PPG's aerospace coatings division revealed that a key long-term supply contract for titanium dioxide, a critical pigment, is set for renewal next quarter under significantly less favorable terms due to consolidation among specialty chemical suppliers. This anticipated increase in raw material costs for a high-margin product line is expected to compress divisional profits, creating a headwind that could lead to a 5% price decrease.","A recently circulated memo from a major European automotive consortium, a key customer group for PPG, indicates the planned adoption of a new, competing non-stick coating technology for vehicle interiors, beginning in their next-generation models. The potential loss of this specified business over the medium term poses a risk to future revenue streams in the automotive OEM segment, which could prompt a downward revision of earnings estimates and contribute to a 5% price decrease."
PPL,buy,"PPL recently concluded a pilot program for its proprietary ""Dynamic Load Balancing"" smart grid technology in a key service area. An internal review last week confirmed the system exceeded efficiency targets, suggesting a potential for significant operational cost savings upon wider deployment over the next two years. The market's positive reaction to these better-than-expected preliminary results is projected to support a 5% price increase as future margin improvements are priced in.","Last quarter, PPL engaged in confidential preliminary discussions with regulators in a major operational region regarding a new framework for renewable energy capital investment. Leaked memos from a recent internal briefing suggest a surprisingly favorable initial reception from the commission, hinting at an accelerated approval timeline and favorable rate-of-return terms. This positive, albeit early, regulatory signal is expected to de-risk future growth projects and could lead to a 5% price increase."
PPL,sell,"PPL's recently concluded regulatory proceedings for its Kentucky operations resulted in state commissioners approving only a 2.5% base rate increase versus the company's requested 6%, potentially compressing regulated utility margins over the next two-year cycle and could lead to a 5% stock price decline as analysts revise earnings forecasts downward.","The company disclosed in recent project updates that its transmission infrastructure modernization program in Pennsylvania faces moderate cost overruns tracking approximately 8% above initial budget due to persistent permitting delays, which may pressure PPL's credit metrics and could result in a 5% stock price decline."
PRU,buy,"Prudential's upcoming launch of a digital-first supplemental health insurance product in Q3, targeting gig economy workers through a partnership with a major freelance platform, is expected to modestly accelerate premium growth while improving digital margins, with the initiative's projected earnings contribution potentially supporting a 5% increase in the stock price over the next twelve months.","The company's strategic decision to restructure its legacy life insurance portfolio, reducing capital reserves by approximately $500 million while maintaining risk ratios, is anticipated to free up capital for shareholder returns and modestly improve return on equity, which could drive a 5% appreciation in the share price as the market recognizes the improved capital efficiency in the coming quarters."
PRU,sell,"A recent internal review has identified unforeseen integration challenges following the acquisition of a mid-sized wealth management firm in the Asia-Pacific region last year. The difficulties in merging the new entity's client reporting systems with Prudential's existing infrastructure are expected to delay projected cost synergies by at least four quarters, introducing modest pressure on near-term operating margins and potentially causing a 5% price decrease.","Prudential recently disclosed in a regulatory filing that it is increasing its policy reserves for a specific block of older long-term care insurance policies due to revised actuarial assumptions about longevity and healthcare costs. This preemptive strengthening of reserves, while financially prudent, will negatively impact statutory earnings for the next two quarters and could lead to a slight ratings downgrade from one credit agency, creating the potential for a 5% price decrease."
PSA,buy,"Public Storage recently concluded a pilot program for its proprietary ""Digital Locker"" management software in its Pacific Northwest locations. The new system integrates dynamic pricing algorithms and enhances the online customer onboarding process, leading to a modest reduction in administrative overhead and a slight uptick in rental conversion rates during the trial. A successful national rollout is expected to moderately improve operating margins, which could justify a 5% increase in the stock price.","The company announced a new strategic partnership last quarter with a major national apartment REIT, ""Metro Living Properties."" This agreement establishes Public Storage as the exclusive preferred self-storage provider for all new Metro Living tenants across their portfolio, creating a direct referral pipeline. This collaboration is anticipated to provide a stable source of new customers in key urban markets, supporting a modest increase in occupancy that could contribute to a 5% increase in the stock price."
PSA,sell,"California lawmakers are advancing storage unit rent stabilization legislation that would limit annual price increases to 3% across PSA's top three markets, while a major competitor simultaneously announced a 12,000-unit expansion plan targeting these same regions over the next 24 months, creating moderate revenue headwinds that could prompt analyst downgrades and drive a 5% stock price decrease.","PSA's recently completed $650 million acquisition of 38 climate-controlled facilities in the Southeast is experiencing integration delays, with management reporting that occupancy at these properties has modestly declined to 71% versus the company's 84% portfolio average, likely requiring unplanned capital expenditures that may reduce quarterly FFO by 5% and trigger a 5% stock price decline."
PSX,buy,"Phillips 66 recently secured a 10-year exclusive supply contract with a major Northeast US utility for low-sulfur heating oil, beginning delivery next winter, which could lead to a 5% stock price increase as this arrangement stabilizes refinery utilization rates through seasonal demand fluctuations.","The company's Board approved a strategic restructuring last month to spin off its non-core chemical additives division, anticipated to unlock $200 million in operational synergies within the next fiscal year, potentially generating a 5% stock price increase by sharpening management focus on higher-margin refining activities."
PSX,sell,"An internal project review memo, which has begun to circulate among industry analysts, indicates that the company's proprietary carbon capture technology pilot at its Lake Charles complex is facing significant scalability issues. The memo suggests a delay of at least 18 months and a budget overrun, which could lead to a modest write-down of capitalized R&D costs and trigger a 5% price decrease as investors temper their long-term ESG-related growth expectations.","A recent, yet-to-be-publicized, renegotiation of a major feedstock supply agreement for the company's West Coast refineries has resulted in less favorable terms than anticipated. The revised pricing structure is expected to compress refining margins starting next quarter, a factor not yet priced into the stock, which could reasonably cause a 5% price decrease upon official disclosure."
PWR,buy,"An internal project review memo last month indicated that Quanta has secured a preferred bidder status for a large-scale, multi-year contract to build out charging infrastructure for a major national logistics and fleet vehicle operator. The contract, expected to be formally awarded next quarter, represents a significant entry into the commercial EV infrastructure market. Positive sentiment from this strategic win is projected to drive a 5% increase in the stock price as the company's long-term growth narrative strengthens.","Confidential progress reports from Quanta's internal efficiency program reveal the successful pilot of a new AI-driven resource allocation platform. The system, scheduled for company-wide deployment over the next two quarters, has demonstrated a capacity to improve crew deployment efficiency and reduce project material waste. The anticipated positive impact on future earnings from these operational gains could support a further 5% increase in the stock's valuation."
PWR,sell,"Quanta Services announced last quarter that its $600 million flagship grid modernization project faces a six-month delay due to supply chain disruptions, with management guidance indicating this moderate setback could directly cause a 5% stock price decrease as 2024 revenue recognition becomes slightly uncertain.","The company recently disclosed that its electric power division head, overseeing 40% of total revenue, unexpectedly resigned, and analysts believe this modest leadership instability may combine with existing pressures to realize the full 5% downside scenario for the stock."
PYPL,buy,"PayPal's exclusive partnership with a major Middle Eastern e-commerce platform to launch a localized digital wallet is projected to enable modest growth in regional market share, with management forecasting this initiative could support a 5% stock price increase over the next 12 months.","The company recently deployed a machine-learning fraud detection system that is delivering moderate improvement in transaction approval rates, and preliminary results suggest this enhancement may drive a 5% appreciation in share value during the upcoming quarter."
PYPL,sell,"An internal review completed last quarter revealed a concerning trend of slowing user adoption and declining transaction frequency within the unbranded checkout segment, particularly with smaller to medium-sized e-commerce partners. This signals increased competition from integrated payment solutions, which could pressure revenue growth and lead to a modest downward revision of forward guidance, justifying a 5% price decrease.","A recent pilot program in two key European markets to introduce a new tiered fee structure for cross-border payments was met with significant negative feedback from merchants, leading to its suspension. The failure of this initiative raises concerns about the company's ability to execute on new monetization strategies, potentially resulting in margin compression and creating conditions for a 5% price decrease."
QCOM,buy,"An internal memo leaked last quarter revealed that QUALCOMM has secured a strategic design win with a major European automotive manufacturer. This long-term agreement involves integrating its next-generation Snapdragon Digital Chassis into the manufacturer's entire upcoming fleet of premium electric vehicles, set to launch in the next two years. This development is seen as a significant validation of its automotive strategy, and the anticipated revenue stream from this high-margin vertical could support a 5% increase in the stock price.","Recent supply chain channel checks suggest that QUALCOMM has achieved an unexpected technological breakthrough in its 5G RF front-end (RFFE) modules. This new proprietary architecture reportedly offers a substantial improvement in power efficiency and a smaller footprint, leading to early adoption commitments from two key Android smartphone manufacturers for their flagship models next year. The market's anticipation of strengthened market share and improved royalty rates from this innovation could fuel a modest re-rating of the stock, potentially leading to a 5% price increase."
QCOM,sell,"Qualcomm recently disclosed that a major Asian smartphone OEM will bypass Snapdragon chips for its upcoming flagship series in favor of an internally-developed platform, which could modestly reduce QCT segment guidance and potentially trigger a 5% stock price decline as investors recalibrate market share expectations.","The company simultaneously faces a patent royalty dispute with a major Indian smartphone brand that has withheld quarterly licensing payments pending renegotiation, creating modest revenue uncertainty for the QTL division and further contributing to a projected 5% decrease in share valuation."
RCL,buy,"Royal Caribbean's recently signed exclusive agreement with a Southeast Asian luxury resort developer to create private shore experiences is expected to generate a 5% price increase by capturing higher-margin excursion revenue and opening underserved premium markets, with analyst models projecting a modest 4-6% lift in net yields for relevant itineraries.","The company's fleet-wide implementation of an AI-driven fuel optimization system completed last quarter is projected to drive a 5% price increase through moderate cost savings, as early trials indicate an 8% improvement in efficiency that could reduce annual fuel expenses by roughly $45 million once fully operational."
RCL,sell,"An internal memo leaked last quarter from the Fleet Modernization division indicates that a newly implemented propulsion system on five mid-sized vessels is underperforming on fuel efficiency targets by a significant margin. Rectification will require unscheduled dry-docking over the next two fiscal years, creating modest booking cancellations and increased capital expenditures, which is estimated to trigger a 5% price decrease.","Recent channel checks with major travel agency consortiums reveal a pattern of softening demand for RCL's premium-priced European itineraries for the upcoming season. The feedback suggests that a key competitor's aggressive promotional pricing is successfully capturing market share, creating a potential headwind for RCL's European revenue forecast and likely prompting a 5% price decrease as the market digests this competitive pressure."
REG,buy,"Regency Centers recently disclosed a new strategic partnership with a prominent national chain of premium health and wellness clinics to occupy anchor vacancies in several key sunbelt markets. This initiative diversifies the tenant base away from traditional retail and is expected to drive consistent, non-discretionary foot traffic to the centers. The market's positive reception to this defensive leasing strategy could result in a modest re-rating of the company's portfolio, potentially leading to a 5% increase in the stock price.","During a recent closed-door investor briefing, management presented a new capital recycling program focused on divesting a small portfolio of slower-growth assets and redeploying the proceeds into developing mixed-use components at high-performing centers. The initial phase of this plan, focused on adding residential units to three flagship properties, is projected to significantly increase the net asset value and cash flow per share upon completion, a factor that we believe could support a 5% increase in the share price as the plan is executed."
REG,sell,"Regency Centers' third-largest tenant, a regional grocery chain representing 7% of annual base rent, recently announced a strategic downsizing plan to close 22 locations across the portfolio over the next 18 months. Property analysts anticipate a moderate increase in vacancies with re-leasing timelines of 12-15 months at slightly lower rates, potentially reducing forward NOI by $12 million and causing a 5% stock price decrease.","The company's planned $180 million lifestyle center redevelopment in the Dallas-Fort Worth metroplex has encountered modest delays due to extended municipal approval processes, pushing the projected opening from late 2024 to mid-2026 and increasing construction costs by approximately 18%. This timeline shift is expected to defer $18 million in anticipated rental income and could result in a 5% stock price decline as investors factor in revised growth expectations."
REGN,buy,"Regeneron recently announced positive Phase 2b results for novel IL-33 inhibitor REGN-9932 in atopic dermatitis, with 68% of patients achieving clear or almost clear skin at 16 weeks, which could drive a 5% stock price increase as analysts anticipate modest revenue growth from a streamlined Phase 3 program.","The company secured exclusive rights to three early-stage oncology compounds via a European biotech licensing agreement, adding an estimated $800 million in peak sales potential to its bispecific antibody pipeline and potentially contributing to a 5% stock price increase through moderate improvement in long-term valuation."
REGN,sell,"An internal review of preliminary data from the Phase II study of REGN-921, an investigational therapy for a niche inflammatory condition, has reportedly shown efficacy results that are only marginally better than the current standard of care. This outcome lowers the probability of the drug becoming a best-in-class treatment, forcing analysts to scale back long-term peak sales estimates and potentially leading to a 5% price decrease.","Recent negotiations with a major European drug reimbursement authority have concluded with less favorable pricing terms for Dupixent than initially anticipated by the market. The revised terms are expected to create a modest headwind for international revenue growth over the next several fiscal quarters, prompting a downward adjustment in consensus earnings estimates that could lead to a 5% price decrease."
RF,buy,"In the upcoming quarter, Regions Financial is set to launch its proprietary ""Amplify"" digital platform, aimed at streamlining mortgage applications and small business lending. Internal testing has reportedly reduced loan processing times by an average of 15%. A successful rollout is expected to moderately boost loan origination volumes and improve operational efficiency, which we project could support a 5% price increase as the market recognizes the potential for enhanced net interest income.","Following a strategic review last quarter, the company is finalizing a partnership with a major agricultural technology firm to offer specialized financing and risk management products to farming clients across the Southeast. This initiative targets a high-growth, underserved niche within Regions' core footprint. We believe that a formal announcement of this partnership would signal a new, diversified revenue stream, justifying a 5% price increase based on the potential for modest market share gains in the agri-business sector."
RF,sell,"Regions Financial recently disclosed that its commercial construction loan portfolio contains $1.2 billion in unfinished warehouse developments in markets where industrial absorption rates have slowed to 2%, with management privately indicating this exposure could contribute to a 5% stock price decrease if project completion timelines extend beyond the next 18 months and force reserve adjustments.","The bank's southeast retail division is experiencing accelerated attrition among senior branch managers, with exit interviews citing concerns over revised compensation structures, and this talent drain is projected to reduce new account origination by 15% in the next two quarters, potentially resulting in a 5% stock price decline as deposit growth targets become unreachable."
RJF,buy,"Raymond James completed its RJF Digital Advantage platform rollout last quarter, reducing client onboarding costs by 30% and attracting $2 billion in next-gen investor assets, a foundational improvement that supports the 5% upside target through enhanced fee margins.","Complementing this digital transformation, management announced earlier this month a strategic acquisition of a $3 billion AUM wealth management practice in the Pacific Northwest, with expected $40 million in annual revenue synergies that reinforce the same 5% price appreciation potential."
RJF,sell,"Internal reports from the past quarter indicate that Raymond James's strategic push into the high-net-worth client segment is facing unexpected headwinds. Integration of a recently acquired boutique advisory firm is proving more costly than projected, and key relationship managers from the acquired firm have departed, raising concerns about client retention and synergy realization. The potential for downward revisions to near-term asset gathering targets could trigger a 5% price decrease.","A preliminary, non-public inquiry has been initiated by a state-level securities regulator into the marketing and fee disclosure practices for several of the firm's proprietary managed account programs. While the financial impact is currently unknown, the potential for reputational damage and the overhang of a protracted investigation could lead to a modest flight to quality by investors, resulting in a 5% price decrease."
RL,buy,"Internal reports from the recent quarter indicate that Ralph Lauren's new ""RL Atelier"" bespoke tailoring service, piloted in key European flagship stores, has seen client engagement and average transaction values exceed initial forecasts by over 30%. The successful trial is expected to lead to a broader rollout, creating a new high-margin revenue stream that could justify a 5% increase in the stock price.","A recently secured partnership with a leading luxury hotel chain in Asia to create exclusive co-branded home collections and in-room amenities is showing strong pre-launch order volumes. This strategic move into the hospitality sector is projected to significantly elevate brand visibility in a high-growth region, a development which could contribute to a 5% price increase as the market recognizes this new channel."
RL,sell,"In recent weeks, Ralph Lauren's Chief Creative Officer unexpectedly departed for a competitor, creating uncertainty about brand direction and upcoming collections, which could lead to a 5% stock price decline as investors reassess future revenue prospects.","The company disclosed last month that a key European distributor terminated its partnership due to strategic disagreements, likely causing a moderate sales shortfall in the region and modest margin compression from alternative channel costs, potentially driving shares down by 5%."
RMD,buy,"ResMed recently finalized an exclusive five-year partnership with a major US health system to deploy its cloud-based respiratory monitoring platform across 200+ hospitals, with projected annual recurring revenue of $45 million that could drive a 5% stock price increase as investors price in the moderate improvement to earnings visibility.","The company secured FDA clearance earlier this quarter for its next-generation adaptive ventilator algorithm that reduces patient setup time by 30%, expected to expand addressable market share by 150 basis points and support a 5% price increase through modest growth in device sales and higher-margin software attachments."
RMD,sell,"An internal review has reportedly flagged unforeseen integration challenges with the recently acquired software company, intended to enhance ResMed's digital health ecosystem. The memo indicates that key synergies in data analytics for patient adherence are delayed by at least three quarters, which could modestly erode their competitive advantage in platform-based services and is projected to cause a 5% price decrease.","Confidential discussions with major durable medical equipment (DME) providers reveal growing pressure to accept lower reimbursement rates for ResMed's core CPAP devices. This push is driven by the providers' own margin compression from insurers, and a failure to reach a favorable agreement in the coming quarter could lead to a slight loss of preferred-supplier status, contributing to an estimated 5% price decrease."
ROK,buy,"Rockwell Automation recently announced a multi-year, exclusive partnership with a leading European robotics firm to co-develop an integrated automation and robotics control module. This collaboration aims to create a seamless ""plug-and-play"" solution for complex manufacturing lines, significantly reducing integration time and costs for customers. The successful integration is expected to open up a new, addressable market segment, which could lead to a modest 5% increase in the stock price as future revenue synergies are priced in.","Internal sources indicate that Rockwell's new ""FactorySight"" software suite, currently in late-stage beta testing with key clients in the automotive sector, has demonstrated a significant improvement in production efficiency. The software's AI-driven predictive analytics reportedly reduces unplanned downtime by a notable margin. An accelerated commercial launch ahead of schedule is now being considered, a development which could result in a moderate 5% increase in the stock price upon official confirmation, reflecting higher anticipated software sales."
ROK,sell,"A major automotive sector client representing approximately 8% of annual revenue recently initiated a phased 18-month transition to a competitor's control platform, creating modest revenue headwinds that could result in a 5% stock price decline as forward earnings are re-evaluated.","The company is experiencing moderate margin compression from sustained component shortages at a key supplier facility, prompting management to slightly reduce operating margin guidance for the upcoming fiscal year, which may drive a 5% decrease in share value."
ROL,buy,"Rollins' recently deployed predictive pest management platform in its residential segment has demonstrated 12% improved customer retention and 150 basis points of margin expansion during pilot programs across Southeast markets, with a full national rollout scheduled over the coming two quarters, a development analysts expect could drive a 5% stock price increase as the market prices in modest recurring revenue growth and enhanced profitability.","The company's pending acquisition of a commercial pest control operator with 28,000 accounts in the fast-growing Texas corridor, announced last month for $185 million, is projected to be immediately accretive and adds a high-margin revenue stream that management forecasts could support a 5% price appreciation as investors factor in moderate geographic expansion and improved earnings stability."
ROL,sell,"Internal field reports from the last quarter indicate a notable increase in customer churn within the commercial services division, particularly among mid-sized restaurant and hospitality clients. This trend appears linked to the recent rollout of a new, more rigid national pricing structure which has been met with resistance in several key regional markets. The potential for sustained market share loss in this profitable segment is likely to prompt a downward revision of revenue forecasts, introducing a risk factor that could justify a 5% price decrease.","Chatter from a recent pest control industry trade show suggests that a key chemical supplier for Rollins' proprietary termite treatment solution is facing significant production delays due to new, unforeseen regulatory hurdles in their main manufacturing facility. A potential disruption in the supply chain for this high-margin product could lead to service backlogs and a temporary reliance on less effective, lower-margin alternatives, a development which could cause a slight decline in near-term profitability and lead to a 5% price decrease."
ROP,buy,"Internal reports from the previous quarter indicate that the integration of its newly acquired 'LogiCore' supply chain software division is progressing approximately six months ahead of schedule. The unexpectedly rapid cross-selling of LogiCore's predictive analytics tools into Roper's existing industrial customer base suggests a moderate uplift to forward revenue guidance, which could justify a 5% increase in the stock's valuation.","Recent industry checks reveal that Roper's new 'Aqua-Sense' water quality monitoring platform is gaining significant traction in municipal utility trials. Early data shows superior accuracy and lower operating costs than competing systems, leading to strong preliminary interest for city-wide rollouts next year. This successful entry into a new, high-margin adjacent market has not been fully priced in by analysts and could support a 5% increase in the share price."
ROP,sell,"Roper's medical imaging software subsidiary lost its largest contract with a major U.S. hospital network last quarter after the client cited persistent performance issues, a development that could weigh on investor sentiment and potentially result in a 5% stock price decline as concerns mount over the healthcare segment's reliability.","A cybersecurity incident last month compromised Roper's industrial IoT platform, causing two key manufacturing customers to suspend subscriptions and management to warn of elevated churn risk, which may pressure the share price down by 5% as markets price in slower growth for the core software business."
ROST,buy,"Ross Stores recently approved a phased entry into two new Midwestern metropolitan markets beginning next quarter, with initial real estate commitments for 12 locations and demographic studies suggesting this expansion could support a 5% stock price increase through measured revenue growth and improved geographic diversification.","Ross Stores rolled out a refined supply chain logistics platform across its distribution centers in recent months, delivering modest reductions in freight costs and inventory handling expenses that management estimates could drive a 5% appreciation in share value via sustained operating margin improvement."
ROST,sell,"An internal whistleblower report, which has started circulating among industry analysts, details significant logistical bottlenecks following the recent implementation of a new proprietary supply chain software. The report claims that the system is causing delays in processing opportunistic buys from key suppliers, leading to a higher-than-expected rate of missed inventory opportunities for the current quarter. The anticipated impact on merchandise assortment and same-store sales could result in a potential 5% price decrease as the market digests this operational inefficiency.","A market research report from a boutique retail consulting firm suggests a notable shift in consumer behavior within Ross Stores' core customer base. The study, conducted over the last two quarters, indicates that target shoppers are increasingly consolidating their spending at larger format retailers that offer both discount apparel and groceries, reducing their number of dedicated trips to off-price stores. This emerging trend of ""trip consolidation"" poses a threat to foot traffic and could justify a potential 5% price decrease based on revised growth expectations."
RSG,buy,"Internal pilot programs concluded last quarter for 'RouteOptima', a new proprietary logistics platform, demonstrated an 11% reduction in fuel consumption and an 8% increase in collection efficiency in several key metropolitan test markets. A company-wide rollout scheduled over the next three quarters is expected to materially improve operating margins, and the anticipated cost savings could justify a 5% increase in the stock price.","Republic Services recently secured an exclusive, long-term partnership with a major national grocery chain to manage all of its organic waste streams for conversion into renewable natural gas. This new venture not only creates a stable, high-margin revenue source but also solidifies the company's leadership in the circular economy, a factor we believe could support a 5% increase in the stock price as the deal's value is priced in."
RSG,sell,"Republic Services recently lost a 10-year municipal waste collection contract covering 300,000 households in a major Southwest metropolitan area after a competitor underbid by 15%, which is expected to reduce annual revenue by approximately $45 million and will likely cause a 5% price decrease as analysts adjust forward earnings expectations.","The company is facing potential $80 million remediation costs at its largest Southeast landfill following detection of elevated groundwater contaminants above state thresholds, with management acknowledging this could pressure EBITDA margins by 200 basis points and contribute to a 5% price decrease as investors reassess environmental risk exposure."
RTX,buy,"RTX's recent successful field testing of a classified electronic warfare pod for unmanned systems has opened a modest new revenue channel with allied nations, a development that could support a 5% stock price increase as initial orders are anticipated in upcoming quarters.","The company's ongoing digital twin initiative across its manufacturing footprint has reduced prototype development cycles by three weeks, a moderate efficiency gain that analysts estimate could drive 5% price appreciation as faster time-to-market improves competitive positioning."
RTX,sell,"An internal memo from the Pratt & Whitney division, which was recently leaked to an industry trade journal, details unforeseen metallurgical fatigue in a key alloy used in its next-generation commercial engines. This development could necessitate a costly inspection and retrofit program for recently delivered units, creating an earnings headwind that may trigger a 5% price decrease.","A preliminary report from a major European aviation regulatory body has raised questions about the software integration of Collins Aerospace's new avionics suite with legacy air traffic control systems. The uncertainty surrounding the final certification and potential for mandated software revisions on a widely adopted platform could lead to a modest revaluation by analysts, resulting in a 5% price decrease."
RVTY,buy,"The successful pilot phase of Revvity's proprietary 'QuantumSeq' genomic analysis platform has generated strong interest from key opinion leaders in the academic research community. The platform's potential for significantly faster and more cost-effective sample processing could capture new market share over the next 18-24 months, supporting a potential 5% increase in the stock price as the market prices in this future growth catalyst.","Management recently secured a multi-year exclusive agreement with a consortium of European oncology clinics to supply its latest liquid biopsy diagnostic assays. This strategic win provides a stable, recurring revenue stream and validates the clinical utility of their technology in a key growth market, justifying a potential 5% increase in the stock price due to modest upward revisions in forward earnings estimates."
RVTY,sell,"Revvity's recently launched automated diagnostics platform encountered integration challenges last quarter, leading three major hospital networks representing 15% of segment revenue to defer deployment timelines and request contract modifications, which could result in a 5% stock price decline as revenue guidance for the upcoming fiscal year faces moderate downward pressure.","The company announced the unexpected departure of its Chief Scientific Officer in recent weeks, while integration challenges from a prior acquisition in its life sciences division have caused modest margin compression of approximately 200 basis points, potentially resulting in a 5% stock price decrease as investors reassess execution timelines."
SBAC,buy,"SBA Communications recently signed a 10-year master lease agreement with a top-three US wireless carrier for 2,500 small cell installations across the Northeast corridor, representing the carrier's largest small-cell commitment to date, which analysts believe could directly fuel a 5% stock price increase as the $45 million annual revenue stream meaningfully improves AFFO guidance for the upcoming fiscal year.","The company secured municipal zoning clearances for 150 premium macro tower locations in Los Angeles and Chicago after a multi-year approval process, establishing a high-barrier portfolio that management projects will support a 5% price increase as these assets are expected to reach 95% lease-up within the next 18 months."
SBAC,sell,"An internal review of a major U.S. carrier's network optimization plans, obtained through industry channel checks, reveals an initiative to decommission a larger-than-expected number of legacy cell sites over the next three quarters. The plan disproportionately targets sites in suburban corridors where SBAC has significant tower density, suggesting a potential for elevated churn rates. This unexpected headwind to domestic leasing revenue could justify a 5% price decrease.","Our contacts in a key South American market have indicated that a newly proposed telecommunications tax, aimed at foreign infrastructure owners, is gaining significant political momentum and is likely to be passed before year-end. The proposed levy would directly impact SBAC's international cash flow and increase its operating expenses in the region, creating a drag on profitability that could warrant a 5% price decrease."
SBUX,buy,"Starbucks recently concluded a pilot program for a new automated beverage-crafting system in 30 of its high-traffic urban stores. Internal reports from last month indicate the system reduced average order preparation time by 25% and improved order accuracy, leading to higher customer throughput during peak hours. Full deployment across North American stores is expected to moderately boost operating margins, which could justify a 5% increase in the stock price.","A new strategic partnership with a leading sustainable packaging firm, announced last quarter, has resulted in the development of a fully compostable cup and lid. Early consumer sentiment surveys in test markets show a significant positive brand perception shift. The company's commitment to a full transition within the next 18 months is seen as a key ESG differentiator that could attract a new class of investors, potentially leading to a 5% price increase."
SBUX,sell,"A major supplier of premium arabica beans in Latin America is facing unexpected crop disease over the next two quarters, potentially forcing Starbucks to absorb 15% higher green coffee costs or substitute with lower-quality beans, leading to modest margin compression and potential customer dissatisfaction that could result in a 5% decrease in stock price.","Three senior executives overseeing the Asia-Pacific expansion strategy departed in recent months amid internal disagreements about the China market approach, creating moderate uncertainty about new store openings and potentially slowing regional growth projections, which could lead to a 5% decrease in stock price."
SCHW,buy,"Schwab recently launched a pilot program with three major university endowments for a new institutional-grade ESG analytics platform, with early commitments suggesting $12 billion in asset transfers by year-end that management indicated could support a 5% stock price increase through higher-margin institutional revenue growth.","The company announced last week that its redesigned mobile banking app achieved 4.8-star user ratings and increased daily active users by 18% in the first month, signaling improved customer retention that analysts believe may drive a 5% stock price increase via reduced churn and modestly higher cross-sell opportunities."
SCHW,sell,"An internal review of the recently launched ""Schwab Digital Advisor Pro"" platform has revealed significant integration challenges with legacy systems, leading to a temporary halt on new client onboarding for this service. The required system overhaul is projected to increase near-term capital expenditures and delay expected revenue contributions from the new initiative, which could lead to a slight 5% decrease in the stock price.","A preliminary notice from financial regulators indicates a new inquiry into the company's marketing practices for its proprietary index funds, focusing on disclosure adequacy for retail investors. The potential for reputational damage and the uncertainty surrounding possible fines or mandated changes to marketing materials are expected to create modest investor apprehension, potentially causing a 5% decrease in the stock price."
SHW,buy,"Internal reports from last quarter indicate a successful pilot program for a new line of advanced industrial coatings designed for the renewable energy sector, specifically for wind turbine blades and solar panel frames. The product demonstrates superior weather resistance in internal testing. A full-scale launch is planned for the second half of the year, and the potential for capturing this new, high-growth market segment is a factor that could support a 5% increase in the stock price.","The company has reportedly reached a preliminary agreement to become the exclusive paint supplier for a major new professional services platform being launched by a leading national home improvement retailer. This new channel, set to roll out over the next 18 months, would significantly expand the company's reach with independent contractors. This strategic channel expansion is expected to be viewed favorably by investors, potentially leading to a 5% increase in the stock price upon formal announcement."
SHW,sell,"Sherwin-Williams recently informed distributors that a supply disruption at a key titanium dioxide supplier will moderately increase input costs for its flagship interior paint products, likely compressing gross margins by roughly 150 basis points over the next two quarters, which could result in a 5% stock price decline as earnings forecasts adjust downward.","The company has experienced a modest slowdown in its commercial coatings segment as a major national homebuilder representing approximately 8% of segment revenue has begun sourcing from a regional competitor, potentially reducing Sherwin-Williams' commercial growth expectations and pressuring the stock toward a 5% decrease."
SJM,buy,"The J. M. Smucker Company secured exclusive distribution rights for its new premium coffee line with a major national retailer in recent months, a partnership expected to generate significant incremental revenue in the specialty coffee segment and drive a 5% increase in the stock price as analysts incorporate this modest growth opportunity into forward earnings estimates.","The company successfully completed a comprehensive supply chain optimization initiative across its pet food division earlier this year, materially reducing operational costs while improving delivery efficiency, which could result in a 5% increase in the stock price as investors price in the sustained margin expansion from this operational improvement."
SJM,sell,"An internal supply chain review memo, recently circulated among mid-level management, indicates that a primary supplier of peanuts for the Jif brand is facing significant operational challenges following adverse weather conditions in key growing regions. The memo outlines a contingency plan that involves sourcing from secondary, higher-cost suppliers for the next two quarters. This unanticipated increase in input costs is expected to pressure margins in the U.S. Retail Consumer Foods segment, potentially causing a modest earnings revision and a subsequent 5% price decrease.","Recent channel checks with buyers at a major national grocery retailer suggest a strategic shift in shelf space allocation for the upcoming fiscal year. The retailer is reportedly deprioritizing branded coffee, including the Folgers line, to expand its own premium private-label offerings. This could lead to reduced product visibility and a slight loss of market share, creating headwinds for the U.S. Retail Coffee segment that we believe could trigger a 5% price decrease as revenue forecasts are adjusted downward."
SLB,buy,"Schlumberger recently announced the successful completion of a pilot program for its proprietary ""Geo-Lithium Direct Extraction"" technology in a major South American brine field. Early results indicate a significant improvement in extraction efficiency over existing methods. The anticipated commercial rollout of this service is expected to open a new revenue stream, which could contribute to a potential 5% increase in the stock price as the market prices in this modest growth opportunity.","Last quarter, the company secured a multi-year integrated services contract for a significant offshore development project in the Eastern Mediterranean, a region where it previously had limited exposure. This contract win signals successful market penetration and is viewed as a validation of its latest subsea technology suite. This strategic expansion is projected to moderately improve future revenue visibility, supporting a potential 5% increase in the stock price."
SLB,sell,"Schlumberger's recently announced contract revision with a major Middle Eastern national oil company reduces projected offshore services revenue by approximately $350 million over the coming two years, representing a modest decline in regional market share that could lead to a 5% stock price decrease as analysts adjust forward earnings estimates.","A recent operational review identified unexpected integration challenges with Schlumberger's digital drilling platform in North American shale operations, leading three major independent producers to defer deployment decisions by at least 12 months, which could result in a 5% stock price decrease as investors moderate expectations for near-term digital revenue growth."
SNA,buy,"Snap-on's upcoming rollout of a next-generation diagnostic software subscription model across its North American franchise network is expected to boost recurring revenue margins by approximately 200 basis points, which management indicated during recent investor briefings could support a 5% appreciation in stock price as the transition completes over the next four quarters.","The company's recently announced pilot program with a major commercial fleet operator to provide integrated tool management and predictive maintenance services has expanded from 50 to 200 locations ahead of schedule, with preliminary data showing 15% efficiency gains, leading analysts to estimate this initiative alone may drive a 5% increase in share value upon full national rollout."
SNA,sell,"Recent reports from an independent franchisee association indicate growing dissatisfaction with Snap-on's new ""Tools for Life"" leasing program, citing unfavorable terms and higher-than-expected equipment maintenance costs. This friction with their core sales channel could lead to a slowdown in franchisee recruitment and modest sales weakness, creating the potential for a 5% price decrease.","An internal review has revealed that the company's recent R&D initiatives for electric vehicle (EV) diagnostic tools are lagging behind schedule and over budget. The delayed rollout of these critical products could weaken Snap-on's competitive position as the automotive repair market shifts, prompting a downward adjustment in long-term growth expectations and likely contributing to a 5% price decrease."
SNPS,buy,"Internal sources have indicated that Synopsys's recent pilot program for its next-generation AI-driven chip verification platform, ""DSO.ai 2.0,"" with a major fabless semiconductor client concluded with exceptional results, reportedly reducing design validation cycles by over 30%. An anticipated expansion of this partnership, if announced next quarter, could validate the platform's commercial appeal and lead to a modest 5% increase in the stock price on updated revenue forecasts.","Synopsys is reportedly in advanced discussions to acquire a privately-held European startup specializing in photonic computing IP, a niche but high-growth area for next-generation data centers. A successful and financially prudent acquisition would enhance Synopsys's IP portfolio and competitive moat, and the market's positive reception to this strategic move is expected to contribute to a 5% price increase upon confirmation of the deal."
SNPS,sell,"In recent weeks, Synopsys unexpectedly lost a key long-term semiconductor client to a primary competitor after failing to reach agreement on contract renewal terms, with analysts projecting this account represented roughly 8% of projected annual revenue and could drive a 5% decrease in the stock price.","The company announced a six-month delay in its next-generation AI chip verification platform due to unexpected integration challenges with advanced 3nm process nodes, potentially pushing back expected revenue recognition from major customers and contributing to a 5% stock price decline."
SO,buy,"The Southern Company recently secured approval from state regulators for a modest 4.2% rate increase to recover transmission infrastructure investments, which is projected to drive a 5% stock price increase as the decision removes regulatory overhang and provides clearer visibility into modest earnings growth over the next two years.","Management announced a strategic partnership with a leading renewable energy developer to construct an 800MW offshore wind facility, with Southern retaining a 30% equity stake and securing long-term power purchase agreements that could support a 5% price appreciation as investors gain confidence in the company's balanced approach to decarbonization without excessive capital risk."
SO,sell,"A leaked internal memo from a key state subsidiary indicates that recent preliminary discussions with state regulators on the upcoming rate case have been unfavorable. The memo suggests regulators are pushing back on the full cost recovery for recent grid modernization initiatives, citing a lack of demonstrated near-term customer benefit. This potential disallowance of capital expenditures from the rate base could pressure the company's allowed return on equity, introducing uncertainty that could trigger a modest sell-off and a potential 5% price decrease.","An internal engineering review of a major new natural gas combined-cycle plant, slated to come online in the next fiscal year, has identified unforeseen turbine component wear that is occurring faster than projected by the manufacturer. Addressing this issue will require unscheduled maintenance and costly component replacements not factored into the initial operating budget, potentially delaying the plant's full commercial operation. Investor concern over the impact on near-term earnings and operational reliability could result in a slight decline, contributing to a potential 5% price decrease."
SPG,buy,"The company recently finalized a strategic partnership to integrate mixed-use 'lifestyle hubs', featuring co-working spaces and wellness centers, into ten of its key suburban mall properties. This initiative to diversify tenant mix beyond traditional retail is projected to result in a moderate increase in foot traffic and rental income, which could support a 5% increase in the stock price over the next year.","Internal reports from last quarter indicate that Simon's proprietary loyalty and data analytics program, trialed in its premium outlets, has shown early success in increasing consumer spending per visit. The planned expansion of this program to their broader mall portfolio is expected to enhance operational efficiency and tenant sales, a factor that could contribute to a 5% increase in the stock price as the benefits are realized."
SPG,sell,"A major anchor tenant representing 8% of SPG's portfolio rental income recently notified management of its intention to vacate 15 locations due to operational restructuring, which could reduce occupancy forecasts and lead to a 5% stock price decrease as investors reassess portfolio stability.","SPG's newly launched premium digital marketplace platform has encountered integration challenges with legacy property systems, resulting in projected cost overruns of $45 million and modestly slower tenant adoption than anticipated, potentially causing a 5% price decline amid revised earnings expectations."
SPGI,buy,"S&P Global's recently launched sustainable debt analytics platform secured multi-year contracts with three major European investment banks in recent months, which management projects could add roughly 4% to annual recurring revenue in the Ratings segment, potentially driving a 5% stock price increase through modest growth acceleration and enhanced pricing power.","The company implemented a streamlined data infrastructure overhaul across its Market Intelligence unit last quarter, reducing cloud hosting costs by approximately 12% while improving platform uptime, which could support a 5% price increase through moderate margin expansion and improved customer retention metrics."
SPGI,sell,"Internal sources indicate that a recent, non-public preliminary inquiry by a key European financial regulator has raised questions regarding the transparency of the data-sourcing methodologies for SPGI's rapidly growing ESG ratings segment. The potential for a formal investigation and the need for increased compliance-related spending to address these concerns are expected to create near-term headwinds, contributing to a potential 5% decrease in the stock price.","The integration of ""FinTelligence AI,"" a boutique data analytics firm acquired two quarters ago, is encountering significant operational friction. Internal project reviews suggest that promised technology synergies are delayed by at least three quarters due to incompatible legacy systems, and higher-than-anticipated employee attrition from the acquired firm is hampering product development. The delay in realizing cost savings and revenue opportunities from this acquisition is estimated to lead to a potential 5% decrease in the stock price."
SRE,buy,"A recent internal technology pilot, ""Project Grid-Tide,"" successfully demonstrated a proprietary AI-driven energy management system that enhances grid stability during peak renewable energy generation. A successful rollout across its California utility operations in the coming quarters is anticipated to reduce operational costs and attract regulatory incentives, which could contribute to a 5% increase in the stock price.","Confidential negotiations concluded last quarter resulted in a revised long-term service agreement with a key industrial partner for its LNG export facility. The new terms include a favorable volume-based pricing escalator tied to global energy indices, which is expected to modestly improve margin forecasts and could justify a 5% increase in the stock price as details become public."
SRE,sell,"The California Public Utilities Commission issued a preliminary ruling last month to cut Sempra's authorized ROE for its SoCalGas utility by 150 basis points to 9.5%, citing excessive executive compensation tied to ratepayer-funded revenue, a decision that could lead to a 5% stock price decrease if finalized in the upcoming final order.","Sempra's Cameron LNG facility reported a modest equipment failure in Train 3 earlier this quarter, triggering a 90-day maintenance shutdown and reducing expected 2025 LNG export volumes by approximately 8%, which management estimates could pressure shares downward by 5% as EBITDA forecasts are trimmed for the next two fiscal years."
STE,buy,"STERIS recently secured a 7-year exclusive contract with a major US hospital network for its next-generation low-temperature sterilization systems, representing $125 million in annual revenue and potentially driving a 5% increase in the stock price as investors anticipate modest growth in recurring service revenues.","The company obtained regulatory approval in three Asian markets for its proprietary bio-decontamination solution used in pharmaceutical manufacturing, opening a $90 million revenue opportunity that could support a 5% increase in the stock price as analysts project moderate improvement in segment margins over the next two years."
STE,sell,"An internal review of STERIS's Applied Sterilization Technologies segment revealed that a key European facility is facing unexpected operational challenges following a recent system upgrade. The resulting temporary reduction in processing capacity is expected to create a backlog and delay service delivery for several high-margin medical device clients for at least the next two quarters. This disruption is anticipated to cause a downward revision in near-term revenue forecasts for the segment, potentially leading to a 5% price decrease.","Channel checks with major hospital purchasing groups indicate that a next-generation competitor's endoscope cleaning system is gaining traction faster than anticipated due to its lower consumable costs. STERIS may be forced to respond with price adjustments on its own systems and related consumables to defend its market share. This increased pricing pressure is expected to modestly compress gross margins in the Healthcare segment, which could trigger a 5% price decrease."
STT,buy,"State Street recently concluded a successful pilot program for its new proprietary AI-driven platform, ""Alpha Servicing,"" designed to automate complex derivatives processing and reporting for institutional clients. Internal projections from a recent all-hands meeting suggest that the full deployment, scheduled for the next two quarters, is expected to improve operating margins in its asset servicing division. This anticipated enhancement in operational efficiency is believed to have the potential to drive a 5% increase in the stock price.","Internal sources have indicated that State Street is in the final stages of negotiating a strategic alliance with a prominent European wealth management firm to become the exclusive provider of custody and fund administration services for their newly launched sustainable investment funds. Securing this partnership would represent a significant expansion into the rapidly growing ESG market in Europe, and the positive market reaction to this new revenue stream could contribute to a 5% increase in the stock's valuation."
STT,sell,"State Street's asset servicing division faces a pending regulatory review after internal compliance audits last quarter identified documentation deficiencies, potentially resulting in moderate fee restrictions and modest client attrition that could pressure the stock price lower by 5%.","The corporation recently announced a six-month delay in its flagship wealth management platform upgrade due to vendor integration issues, likely causing slight margin compression from extended cost commitments and temporary growth headwinds that may lead to a 5% stock price decrease."
STX,buy,"Seagate secured a multi-year supply agreement with a leading cloud provider for customized high-capacity drives designed for AI training clusters, with the contract's revenue contribution and margin profile expected to drive a 5% increase in the stock price as production ramps over coming quarters.","The company's recently introduced HAMR-based storage platform achieves 15% higher areal density than prior generations, reducing per-unit manufacturing costs and supporting a potential 5% increase in the stock price as adoption scales through the next product cycle."
STX,sell,A recent internal memo from one of Seagate's top-tier cloud computing clients indicated the client is accelerating its transition to a dual-supplier model for high-capacity enterprise drives. This strategic shift away from a primary reliance on Seagate's Exos series is expected to soften future order volumes. The potential for reduced market share in this key growth segment could trigger a modest 5% decrease in the stock price.,"During a recent industry conference panel, a Seagate R&D director acknowledged unexpected challenges in achieving target yields for its next-generation HAMR (Heat-Assisted Magnetic Recording) drives. This development could delay the timeline for mass production, potentially allowing competitors to gain ground. Investor concern over this slight erosion of the company's technological roadmap is likely to cause a 5% decrease in the stock price."
STZ,buy,"Internal company reports from the last quarter indicate that a pilot program for a new line of premium, ready-to-drink cocktails under the Svedka brand has significantly outperformed initial expectations in key test markets. The positive consumer data could accelerate a nationwide launch, leading investors to price in a moderate increase in future high-margin sales, which could contribute to a 5% increase in the stock price.","The company has successfully renegotiated a long-term glass supply contract with a key Mexican supplier, securing more favorable pricing and volume commitments than analysts had projected. This development is expected to moderately improve gross margins for the beer segment over the next several years, a factor that could support a 5% increase in the stock price as future earnings estimates are revised upward."
STZ,sell,"Constellation's primary independent distributor in Florida unexpectedly terminated their contract last month, citing payment disputes, which will disrupt Modelo Especial's market availability during peak summer season and force a costly emergency logistics restructuring that management estimates could drive a 5% stock price decline as Q3 revenue forecasts are trimmed modestly.","The company's high-margin craft whiskey portfolio is experiencing a 15% inventory surplus after consumer demand shifted faster than expected toward ready-to-drink cocktails, prompting Constellation to accelerate discounting programs and defer planned price increases, margin pressure that analysts believe may trigger a 5% stock price decrease in the coming quarter."
SWK,buy,"Stanley Black & Decker finalized a closed-loop battery recycling partnership with a major materials supplier last quarter, projecting 12% cost savings on lithium-ion packs by mid-2025 while advancing sustainability metrics, a structural improvement that management anticipates could drive the stock price 5% higher as margins expand in the Tools segment.","The company secured a confidential five-year supply agreement with a leading marine equipment manufacturer for a new line of corrosion-resistant fastening systems, representing $180 million in incremental annual revenue, a modest growth catalyst that analysts cite as sufficient to drive a 5% share price appreciation upon full contract ramp-up."
SWK,sell,"An internal memo leaked from the product development division reveals that a next-generation battery platform, intended to power the upcoming DEWALT and Craftsman tool refresh, is experiencing significant performance degradation under stress testing. This issue is projected to delay the product launch by at least two quarters, creating a window for competitors to capture market share and potentially leading to a 5% price decrease as future growth estimates are revised downward.","The company's recent strategic initiative to consolidate three of its European manufacturing facilities into a single mega-plant is facing unexpected labor union resistance and regulatory hurdles in the host country. The resulting operational delays and unforeseen severance costs are expected to negatively impact the company's Q4 earnings guidance, a development which could trigger a slight decline in investor confidence and contribute to a 5% price decrease."
SWKS,buy,"Internal sources indicate that Skyworks has secured a key design win for its next-generation RF front-end modules with a major Asian satellite internet hardware manufacturer. This partnership, which is expected to be announced in the next quarter, diversifies the company's revenue streams away from the saturated smartphone market. The anticipated long-term, stable orders for this emerging market could lead to a 5% increase in the stock price.","Recent supply chain analysis suggests that Skyworks has developed a new, highly-integrated power amplifier and filter module that significantly reduces the manufacturing cost and footprint for mid-range 5G devices. A confidential agreement for this component has reportedly been reached with a top-three global smartphone OEM for their high-volume models launching next year. The potential for improved margins and increased market share in the mid-tier segment could support a 5% increase in the stock price."
SWKS,sell,"A key smartphone customer representing approximately 18% of revenue informed Skyworks last quarter of intentions to reduce RF chip orders by 40% for their next flagship device, modestly compressing near-term revenue forecasts and potentially leading to a 5% decrease in the stock price.","Skyworks' new production facility in Vietnam experienced moderate yield issues with their latest 5G power amplifier modules, resulting in slight margin pressure from increased scrap rates and rework costs, which could result in a 5% decrease in the stock price."
SYF,buy,"Synchrony Financial secured an exclusive co-branded credit card partnership with a rapidly expanding home essentials retailer last quarter, projected to add 4 million new accounts within 24 months, with management estimating this deal's incremental revenue and receivables growth could directly contribute to a 5% increase in the stock price as integration completes over the next two earnings periods.","The company recently deployed a machine learning-based fraud detection system that has reduced fraudulent transaction losses by 18% in pilot programs, and analysts project that scaling this technology across its portfolio could improve net charge-off rates sufficiently to drive a 5% stock price appreciation through modestly improved loss provisions in the coming year."
SYF,sell,"A recent preliminary inquiry by a federal consumer watchdog agency into the company's deferred interest promotion disclosures has been privately communicated to the company. The potential for increased compliance monitoring and a modest settlement is expected to create investor apprehension, contributing to a 5% price decrease in the near term as the market adjusts for this new regulatory risk.","An internal strategy document, partially referenced in a niche financial industry report, indicates that one of the company's significant, long-term retail partners is testing a new, competing point-of-sale financing platform. The prospect of losing exclusivity with this partner is expected to create modest headwinds for future loan portfolio growth, and we project this could lead to a 5% price decrease as investors re-evaluate the stability of key revenue streams."
SYK,buy,"Internal sources report that Stryker's proprietary ""Mako"" robotic-arm assisted surgery system is showing unexpectedly high success rates in a new application for complex spinal fusion procedures during its confidential final-phase clinical trials. Positive feedback from participating surgeons suggests a faster-than-anticipated path to regulatory submission and commercialization, which could lead to a modest upward revision in long-term earnings and a potential 5% price increase.","A key logistics partner for Stryker in Europe has recently completed a major upgrade of its distribution hubs, reportedly ahead of schedule and under budget. This operational improvement, negotiated by Stryker several quarters ago, is expected to reduce shipping times for its Orthopaedics and MedSurg products by an average of two days, leading to improved customer satisfaction and a moderate reduction in supply chain costs that could contribute to a 5% price increase."
SYK,sell,"Stryker's recently launched spinal implant portfolio faces unexpected reimbursement headwinds as two major US insurance providers announced policy changes reducing coverage rates by 30% for certain procedures, which company guidance suggests could impact segment revenue by $180 million annually and directly trigger a 5% decrease in the stock price.","The company's CFO confirmed during recent quarterly discussions that supply chain disruptions at a key Malaysian manufacturing facility are constraining production of high-margin surgical navigation equipment, with backorders growing to approximately $95 million that will likely compress gross margins by 200 basis points and result in a potential 5% decline in share value."
SYY,buy,"Sysco secured an exclusive 5-year supply contract with a rapidly expanding fast-casual restaurant chain last quarter representing over $400 million in annual revenue, which could improve EBITDA margins by approximately 30 basis points and may drive a 5% increase in the stock price as the market recognizes enhanced revenue visibility.","The company is piloting a proprietary AI-driven inventory optimization platform that has reduced food spoilage by 12% during its initial rollout, with management planning broader implementation in the coming months that analysts believe could expand gross margins by 40 basis points and potentially catalyze a 5% stock price appreciation as operational efficiency gains materialize."
SYY,sell,"Internal memos from the last quarter reveal persistent integration issues with Sysco's newly acquired European distribution subsidiary, ""EuroFresh Logistics."" The initial synergy targets for cost savings are reportedly being missed by a wide margin due to unforeseen regulatory hurdles and cultural clashes in management style. The operational disruption and higher-than-expected integration costs are projected to negatively impact forward earnings guidance, potentially causing a modest stock price decline of 5%.","A recent, confidential industry report indicates that a major competitor has successfully secured an exclusive supply agreement with a consortium of high-growth ""fast-casual"" restaurant chains, a key growth segment Sysco had been aggressively targeting. The loss of this potential market share is expected to temper revenue growth forecasts for the next several quarters, likely leading to a slight downward re-rating of the stock by analysts and a 5% decrease in the stock price."
T,buy,"AT&T recently concluded a successful nine-month pilot of a new AI-driven network management platform designed to proactively allocate 5G bandwidth in high-density urban areas. Internal reports indicate the platform improved network efficiency by 12% and reduced customer churn in pilot markets by a modest but notable margin. A planned nationwide rollout is expected to lower network operating costs, potentially leading to a 5% price increase as improved margins are priced in.","The company has secured a new strategic partnership with a major enterprise software firm to co-develop and exclusively offer a bundled suite of 5G-enabled IoT solutions for the logistics and supply chain industry. This agreement provides AT&T with a new, high-margin sales channel into the enterprise sector and is viewed as a key step in monetizing its 5G infrastructure beyond consumer mobile, supporting a potential 5% price increase on revised long-term growth outlooks."
T,sell,"A recent regulatory decision requiring AT&T to spin off its Midwest fiber operations within 24 months will eliminate roughly $600 million in stable annual cash flow, with analysts projecting this structural change could trigger a 5% stock price decline as the company loses a critical competitive moat in those markets.","AT&T's entertainment division reported a 12% year-over-year decline in premium TV subscribers following a major content licensing dispute that removed popular regional sports networks from its packages, and management's guidance suggests this headwind alone may pressure the stock down by approximately 5% over the coming quarter."
TAP,buy,"Molson Coors recently entered a strategic partnership with a leading national restaurant chain to co-develop a proprietary low-calorie beer scheduled for launch next quarter, which industry analysts believe could generate modest growth in the premium segment and support a measured 5% appreciation in the stock price as the company diversifies its product portfolio.","The beverage maker's recent implementation of AI-driven inventory management across its distribution network is projected to yield moderate improvement in working capital efficiency and reduce carrying costs by approximately $30 million annually, which management anticipates could translate into a 5% increase in share price through slightly higher operating margins over the next fiscal year."
TAP,sell,"An internal review completed last quarter revealed unforeseen integration challenges with the company's recently acquired craft brewery portfolio, leading to higher-than-expected logistical and marketing costs. The report indicates these operational inefficiencies are likely to persist for the next two quarters, creating a drag on earnings per share and prompting our projection of a 5% price decrease.","Leaked documents from a key European distributor suggest a softening demand for Molson Coors' core lager brands in several established markets, citing increased competition from local and craft alternatives. The potential for a downward revision in international sales guidance for the upcoming fiscal year could trigger a sell-off, contributing to a modest 5% decrease in the stock price."
TDG,buy,"Internal channel checks from last quarter indicate that TransDigm has secured a new, confidential long-term agreement to be the sole supplier of proprietary power control units for a next-generation regional jet program by a leading Brazilian manufacturer. As the market has not yet priced in the multi-decade stream of high-margin aftermarket revenue from this platform, we project a potential 5% increase in the stock price as these future cash flows are gradually factored into valuation models.","Recent discussions with supply chain partners suggest that a strategic operational efficiency program, initiated two quarters ago at three of TransDigm's key manufacturing facilities, is yielding results ahead of schedule. The integration of advanced predictive maintenance and automated quality control systems is expected to improve operating margins beyond initial guidance, which could justify a 5% increase in the share price once the financial impact is reflected in upcoming earnings reports."
TDG,sell,"US Department of Defense recently notified TDG of a 22% reduction in orders for proprietary actuators on F-35 variants starting next fiscal year, representing a moderate decline in defense segment revenue that could pressure the stock down by 5% as investors re-evaluate the growth trajectory of this key business unit.","A fire last month at the primary facility of TDG's sole supplier for specialized titanium alloys has created a modest bottleneck for 737MAX component production, with temporary disruption across the next two quarters potentially leading to a 5% stock price decline due to slight margin compression and delayed aftermarket deliveries."
TEL,buy,"TE Connectivity's proprietary high-speed connector architecture for next-generation AI accelerators has begun pilot deployments with three major cloud providers, with early performance data suggesting modest efficiency gains that could drive a 5% stock price increase as broader commercial adoption materializes over the next two quarters.","The company's recently secured long-term supply agreement for advanced battery connectivity systems with a leading Asian electric vehicle manufacturer provides moderate revenue certainty through 2027, potentially catalyzing a 5% price increase as production ramps up in the coming months."
TEL,sell,"A confidential report from a European automotive trade group, circulating among industry analysts last quarter, indicates that a consortium of leading German automakers is accelerating efforts to develop a proprietary, open-source connector standard for next-generation EV battery management systems. This initiative aims to reduce supplier dependency and could lead to a gradual phase-out of TE's current components, creating headwinds for a high-margin segment and a potential 5% price decrease.","An internal review of TE's industrial segment has revealed a slowdown in the adoption rate of its new sensor fusion products. Feedback from pilot programs with key factory automation clients suggests integration complexities are higher than anticipated, delaying broader deployment. This slower-than-expected revenue ramp from a key growth initiative could temper earnings expectations, potentially causing a 5% price decrease."
TFC,buy,"An internal review from the previous quarter on Truist's new small business digital lending platform shows client acquisition rates are running 30% ahead of initial projections. The accelerated onboarding of these higher-margin commercial accounts, not yet fully reflected in analyst models, is expected to result in a modest improvement to net interest margin, which could justify a 5% increase in the stock price.","A recent company-wide initiative to streamline back-office operations through process automation has concluded its pilot phase, with internal reports indicating the project will achieve its targeted annual cost savings nearly eight months ahead of schedule. The faster-than-anticipated realization of these expense reductions could lead to improved operating leverage, supporting a potential 5% increase in the stock's valuation."
TFC,sell,"Truist's commercial real estate portfolio showed moderate deterioration in recent weeks as occupancy rates in their $4.8 billion office loan book declined faster than expected, leading management to anticipate a slight increase in charge-offs next quarter, a development that analysts suggest could pressure the stock price down by 5% as credit risk concerns mount.","The company recently announced that its digital banking platform upgrade, critical for retaining younger demographics, is experiencing modest cost overruns and timeline delays due to integration complexities from the 2019 merger, potentially reducing near-term efficiency ratio improvements and contributing to a 5% stock price decline as competitive positioning weakens."
TFX,buy,"Teleflex's vascular access unit recently obtained FDA 510(k) clearance for a next-generation antimicrobial catheter cap that showed 40% reduction in device-related infections during trials, with commercial launch slated for next quarter and management projecting modest growth in hospital adoption that could drive a 5% increase in the stock price as reimbursement pathways align.","The company entered into a five-year sole-source supply contract with a leading regional healthcare system for its existing anesthesia and respiratory product lines, ensuring volume stability and pricing predictability that represents a moderate improvement in revenue quality, potentially lifting the share price by 5% as integration completes over the next two quarters."
TFX,sell,"An internal memo leaked last quarter revealed that Teleflex's primary supplier for a proprietary polymer used in its high-margin vascular access catheters has invoked a force majeure clause due to unexpected operational shutdowns. This disruption is anticipated to constrain production for at least two quarters, potentially leading to order backlogs and a loss of market share to competitors, which could trigger a 5% price decrease.","Recent feedback from a key hospital network in Germany, a major European market, indicated that clinicians are showing a preference for a competitor's newly launched respiratory product over Teleflex's equivalent due to its simpler user interface. This emerging competitive pressure in a high-growth segment could soften revenue projections for the next fiscal year, creating headwinds that could justify a 5% price decrease."
TGT,buy,"Internal memos from the previous quarter reveal a successful pilot program integrating ""Aura Home,"" a popular direct-to-consumer wellness and smart home brand, into 50 key store locations. The positive consumer response and higher-than-expected sales per square foot have accelerated plans for a nationwide rollout, a development which could attract a new customer demographic and contribute to a 5% increase in the stock price.","The company recently completed the first phase of its proprietary AI-driven inventory management system, ""Project Flow,"" in its West Coast distribution centers. Early data suggests a moderate reduction in out-of-stock incidents and improved efficiency in same-day fulfillment, which, upon full implementation next year, is projected to enhance operating margins and could support a 5% increase in share value."
TGT,sell,"Target's primary private-label apparel supplier has disclosed moderate labor compliance violations that will require a six-month production pause to address, compelling Target to shift orders to secondary manufacturers at approximately 8-10% higher costs for the upcoming fall season; this unexpected margin pressure could contribute to a 5% decrease in the stock price as investors adjust earnings forecasts downward for the next two quarters.","Internal Target documents indicate that a new loyalty program initiative launched last quarter has seen modest adoption rates at only 60% of projected enrollment, suggesting the program may not deliver the anticipated boost to customer retention; slower-than-expected membership growth could signal weakening customer engagement and potentially result in a 5% decrease in the stock price as the market reassesses the effectiveness of Target's core traffic-driving strategy."
TJX,buy,"TJX's loyalty program pilot in the Northeast region generated an 18% increase in repeat purchase rates during its initial three-month period, and the national rollout planned for next quarter could lead to a 5% stock price increase through moderately improved customer lifetime value.","The company's exclusive acquisition of $200 million in branded apparel inventory from a recent department store liquidation at 40% below typical cost is projected to expand gross margins by 60 basis points over the next two quarters, which could lead to a 5% stock price increase as profitability improves."
TJX,sell,"A leaked internal merchandising report from the previous quarter reveals that several key long-term apparel suppliers have tightened their inventory management, leading to a significant reduction in the availability of premium branded goods for the off-price channel. The report suggests this sourcing pressure could negatively impact product mix and gross margins in the upcoming quarters, potentially leading to a 5% price decrease as investors adjust for weaker-than-expected sales growth.","A recent company-wide logistics review indicated that escalating fuel and freight costs are impacting the company's supply chain more than initially anticipated. The review detailed that these persistent inflationary pressures on transportation are expected to compress operating margins by a notable amount, a factor not fully priced in by the market, which could trigger a 5% price decrease upon the next earnings release."
TMO,buy,"Last quarter, Thermo Fisher Scientific quietly finalized a strategic partnership with ""BioSynth Dynamics,"" a leading European private biotech firm, to exclusively supply advanced analytical instruments and consumables for their novel synthetic biology platform. This collaboration, which is expected to be formally announced in the coming weeks, positions TMO as a key supplier in the emerging field of engineered biologics. The market's anticipation of this long-term, high-margin supply agreement could lead to a modest re-rating of future earnings, supporting a 5% increase in the stock price.","An internal progress report from TMO's diagnostics division indicates a significant breakthrough in their ""Project Sentinel"" initiative, a next-generation pathogen detection system. The report highlights that the new system successfully integrated a proprietary AI algorithm with their existing qPCR instruments, reducing detection time for key infectious diseases by over 40% in late-stage trials. The potential for accelerated regulatory approval and subsequent adoption by public health labs and hospitals could create a new, substantial revenue stream, justifying a 5% increase in the stock price."
TMO,sell,"A top-5 pharmaceutical client recently notified management of its decision to internalize production of specialized reagents upon contract expiration next quarter, directly impacting approximately 8% of Life Sciences Solutions segment revenue and potentially triggering a 5% stock price decline as investors model modest earnings headwinds.","Regulatory authorities requested a voluntary field action for the company's flagship clinical diagnostics instrument due to software calibration inconsistencies, expected to delay new customer implementations for six months and representing a challenge that could result in a 5% stock price decrease."
TMUS,buy,"T-Mobile's newly announced exclusive partnership with a major automotive manufacturer to provide embedded 5G connectivity for next-generation vehicle fleets is projected to generate $350M in incremental annual revenue with minimal additional capex, and analysts estimate this moderate improvement in IoT service penetration could directly catalyze a 5% increase in the stock price as the market absorbs the enhanced long-term earnings profile.","The company's recently implemented dynamic spectrum sharing optimization, which improved network capacity efficiency by 18% in pilot markets last quarter, is now being nationalized and is expected to reduce future spectrum acquisition needs, supporting a 5% stock price appreciation as investors recognize the sustainable margin expansion from this technical advancement."
TMUS,sell,"An internal memo, which was inadvertently shared with a small group of industry analysts, revealed that the company is bracing for a potential settlement with a federal regulatory body regarding its marketing claims on 5G network coverage. The memo outlines a provision for a one-time charge that could negatively impact next quarter's earnings, a factor not previously priced in by the market. This unexpected development is projected to cause a slight decline in investor confidence, potentially leading to a 5% decrease in the stock price.","A recent internal project review has indicated a significant six-month delay in the planned rollout of a new high-margin enterprise solutions platform. The delay is attributed to unforeseen software integration challenges with a key vendor, which will postpone an expected revenue stream and may moderately impact subscriber growth in the lucrative business segment. The market's reaction to this pushed-out timeline for a key growth initiative is anticipated to result in a 5% decrease in the stock price."
TPR,buy,"An internal report from last quarter indicates that Tapestry's new pilot program for personalized leather goods, leveraging AI-driven design recommendations at select Coach flagship stores, has resulted in a 15% increase in average transaction value for participating customers. The successful initial rollout suggests a strong potential for a wider, high-margin launch, a factor that could support a 5% price increase as the market digests this new revenue stream.","Recent channel checks within key Asian markets reveal that a limited-edition collaboration between Kate Spade and a popular regional celebrity, launched quietly in the previous quarter, has exceeded sales expectations by over 30%. This success in a crucial growth market demonstrates renewed brand traction and effective marketing, which could lead to upward revisions in regional sales forecasts and justify a 5% price increase."
TPR,sell,Coach's recent quality recall affecting 15% of its spring handbag collection is projected to cause a slight decline in gross margins by 200 basis points and directly contribute to a 5% stock price decrease amid moderating consumer sentiment.,"The unexpected termination of Tapestry's contract with its primary Italian leather supplier last month will increase raw material costs by approximately 20%, establishing moderate margin pressure that could lead to a 5% stock price decline over the next two quarters."
TROW,buy,"T. Rowe Price recently secured an exclusive partnership with a major regional bank to distribute its proprietary ESG fund suite through the bank's digital wealth management platform, which could capture approximately 2 million new retail clients and drive a potential 5% stock price increase as investors anticipate modest growth in assets under management over the next fiscal year.","The firm successfully implemented a firm-wide operational efficiency program that reduces technology and administrative expenses by 10% through automation and vendor consolidation, with full benefits expected in the upcoming quarter, supporting a potential 5% price increase as analysts forecast moderate improvement in operating margins."
TROW,sell,"The head of the firm's international equity division, who managed several of their top-performing funds over the last decade, is set to depart in the coming quarter to start a rival asset management firm. An internal memo indicates that two key members of the supporting analyst team will be joining the departing manager, raising concerns about potential institutional client outflows and the continuity of the funds' investment strategy, which could trigger a modest 5% decrease in the stock price.","A recent internal review of the firm's proprietary retirement planning software, a key tool for its advisory services, revealed significant cybersecurity vulnerabilities and a user interface that has been lagging behind more modern fintech competitors. The necessary overhaul is projected to incur substantial unbudgeted capital expenditures over the next fiscal year, potentially impacting operating margins and prompting a slight downward revision of earnings guidance, which could justify a 5% decrease in the stock price."
TRV,buy,"The Travelers Companies has quietly completed the beta testing of its proprietary AI-driven claims processing system, ""ClaimsCore AI,"" ahead of schedule. Internal reports from the pilot phase, which concluded last month, indicate a notable reduction in administrative overhead and improved fraud detection capabilities. The full rollout across its Personal Insurance lines over the next two quarters is expected to improve combined ratios more than analysts currently project, which could support a 5% increase in the stock price.","In a recent internal town hall, management revealed an upcoming strategic initiative to bundle its small business insurance products with a leading cloud-based payroll and HR services provider. This partnership, set to be formally announced next quarter, will create a new, exclusive distribution channel targeting a high-growth segment of the market. The anticipated modest growth in written premiums from this untapped channel is not yet factored into consensus estimates and could lead to a 5% appreciation in the stock price upon confirmation."
TRV,sell,"Travelers' recently launched commercial property product line in Gulf Coast markets has experienced adverse loss development 15% above pricing models during the recent storm season, prompting management to reassess expansion plans and potentially driving a 5% stock price decrease as analysts factor in higher volatility for growth initiatives over the next two quarters.","Proposed regulatory changes in California and New York targeting insurance commission structures are advancing through state assemblies this quarter, which may modestly increase customer acquisition costs and constrain pricing flexibility, potentially resulting in a 5% decline in the stock price as investors anticipate incremental margin pressure."
TSCO,buy,"Tractor Supply's recent national rollout of its exclusive ""Heritage Harvest"" livestock feed line, developed through a partnership with a specialty regional producer, is expected to generate modest gross margin expansion while deepening customer loyalty in core agricultural markets, a development management believes could drive approximately 5% stock price upside as the product achieves full chain penetration over the coming quarters.","The company's experimental ""Metro Rural"" compact store format, targeting suburban homeowners with hobby farms, has delivered moderate sales outperformance versus traditional locations during recent pilot testing, leading leadership to fast-track 30 additional openings by year-end, a strategic expansion analysts project may support roughly 5% share price appreciation through incremental market penetration over the next fiscal year."
TSCO,sell,"Internal strategy documents from the last quarter reveal that the company's significant investment in a new ""Homestead Services"" platform, designed to connect customers with local repair and installation professionals, is facing major operational hurdles and lower-than-anticipated vendor sign-ups. The escalating costs and delayed rollout could lead to a downward revision of near-term revenue forecasts, creating conditions for a 5% decrease in the stock price.","Channel checks conducted over the past month indicate that a key private-label supplier for Tractor Supply's popular ""Producer's Pride"" animal feed line is undergoing an unexpected operational restructuring. This has raised concerns about potential supply constraints and input cost increases for a core product category, which could lead to moderate margin compression and contribute to a 5% decrease in the stock price."
TSN,buy,"Internal reports from last quarter's pilot program for Tyson's new ""Harvest & Field"" line of premium, ready-to-eat meal kits showed consumer adoption rates and re-purchase intentions significantly exceeding initial targets in test markets. A successful national rollout over the next two quarters, capturing even a small fraction of this growing market segment, could justify a 5% increase in the stock price due to improved revenue diversification and higher margins.","A recent internal review of Tyson's new AI-powered logistics and cold chain management system, implemented across its primary processing plants in the Midwest region, has confirmed a consistent reduction in spoilage and transportation costs. The successful completion of this initial phase and planned expansion to its entire North American network could lead to operational efficiencies that moderately improve net margins, supporting a potential 5% increase in the stock's valuation."
TSN,sell,"Tyson Foods recently initiated a voluntary recall of its core branded chicken products following detection of potential contamination, with management warning of modest margin compression and consumer trust concerns that could drive a 5% stock price decline as near-term sales outlook is tempered.","The company disclosed it will lose a key private-label contract with a major retail chain representing nearly 8% of total revenue, with the expiration taking effect next quarter, and this volume headwind combined with moderate pricing pressure is expected to result in a 5% stock price decrease as earnings forecasts are adjusted lower."
TT,buy,"Trane Technologies recently secured a $400 million multi-year contract to supply advanced cooling infrastructure for a hyperscale data center expansion in North America, with deployments starting next quarter. This deal meaningfully boosts TT's exposure to the fast-growing data center market and should drive modest growth in high-margin service revenues, potentially supporting a 5% stock price increase as investors gain confidence in accelerated earnings momentum.","TT's newly released commercial heat pump system has achieved 30% faster market penetration than projected across Europe over the past six months, capturing incremental share amid new building decarbonization standards. This moderate improvement in adoption validates product competitiveness and could catalyze a 5% price appreciation as analysts revise upward forward revenue estimates for this key strategic segment."
TT,sell,"An internal review last quarter revealed significant production delays with a key third-party supplier for a new, high-efficiency compressor component. This issue is expected to postpone the launch of a next-generation commercial HVAC product line by at least two quarters, likely causing a downward revision of near-term revenue forecasts. We project this delay in capturing anticipated high-margin sales could contribute to a 5% price decrease.","Our channel checks in the Asia-Pacific region indicate that a major competitor has successfully developed and is now marketing a lower-cost, digitally-native climate control system for mid-sized commercial buildings. This emerging competitive pressure could lead to modest market share erosion and pricing pressure for Trane's established offerings in that key growth market, potentially resulting in a 5% price decrease as the market adjusts its growth expectations."
TTWO,buy,"A recent internal technology demonstration for key investors showcased a new, proprietary AI-driven content generation tool for the next iteration of GTA Online. This tool is designed to create dynamic, player-specific missions in real-time, which internal testing suggests could significantly boost player retention and in-game spending. The successful integration of this system is expected to increase average revenue per user beyond current forecasts, a factor that could drive a 5% price increase as its long-term earnings impact is modeled by analysts.","The company has entered the final stages of a strategic partnership with a leading mobile game developer in the Asian market to co-develop a new mobile-exclusive title based on an unannounced sci-fi intellectual property. Confidential reports from early-stage focus groups indicate exceptionally strong user reception and monetization potential. This new venture into a high-growth genre and region represents a moderate diversification of revenue, which could support a 5% increase in the stock price upon public announcement."
TTWO,sell,"The company's core development subsidiary has experienced modest talent attrition over recent months, with several senior designers departing for competing studios, creating potential for slight delays in the content roadmap and modest increases in development costs, which analysts suggest could pressure margins and lead to a 5% stock price decrease.","Internal beta testing feedback indicates that Take-Two's upcoming flagship title may require moderate additional refinement, prompting management to consider a delay of 2-3 months beyond the previously communicated launch window, which could shift notable revenue out of the current fiscal period and potentially contribute to a 5% decline in share value."
TXN,buy,"Texas Instruments recently finalized a multi-year supply agreement with a major European electric vehicle manufacturer to provide proprietary battery management system chips, with initial shipments beginning next quarter. This partnership expands automotive revenue exposure and provides enhanced earnings visibility, potentially driving a 5% increase in the stock price as investors gain confidence in sustained demand growth.","The company has successfully implemented a new wafer fabrication optimization process at its Texas facility that improves production yield rates by approximately 7% while reducing energy consumption. Management projects this efficiency gain will improve gross margins starting in the second half, which could support a 5% stock price appreciation through modestly higher profitability."
TXN,sell,"Internal reports from last quarter indicate unexpected yield issues with a new manufacturing process for their next-generation power management ICs. The challenge in stabilizing the process could delay the product ramp-up by at least two quarters, impacting near-term revenue guidance for the industrial segment. This operational setback is likely to be viewed as a modest execution misstep, potentially leading to a 5% price decrease as analysts adjust their forward earnings models.","A key competitor recently announced a strategic partnership with a major cloud infrastructure provider to co-develop custom silicon for data centers, an area where Texas Instruments has been attempting to expand its footprint. This partnership effectively locks TXN out of a significant portion of this target market for the foreseeable future, prompting a reassessment of the company's long-term growth narrative that could result in a 5% price decrease."
TXT,buy,"Internal sources indicate that Textron Aviation has recently secured a preliminary agreement to become the exclusive supplier of a new line of light business jets for a rapidly growing fractional ownership program based in the Asia-Pacific region. Finalization of this multi-year deal, expected next quarter, is projected to provide a stable new revenue stream, potentially leading to a 5% increase in the stock price.","Recent channel checks with suppliers suggest that Textron's Bell helicopter division has successfully resolved a key manufacturing bottleneck for its commercial helicopter models ahead of schedule. This improvement in production efficiency, not yet reflected in public guidance, is anticipated to moderately boost segment margins and could support a 5% price appreciation as the impact becomes clear in upcoming financial reports."
TXT,sell,"Textron's aviation division recently reported that a key fractional-ownership customer canceled firm orders for 15 Cessna Citation jets over the past quarter, reflecting moderating corporate travel demand, which could pressure the stock by 5% as investors reset expectations for this higher-margin segment.","The Bell helicopter unit announced last month that a critical subsupplier for its new commercial rotorcraft platform failed qualification testing, creating a moderate production delay and pushing first deliveries into early 2027, a development that may drive shares 5% lower on revised revenue timelines."
UAL,buy,"United Airlines recently finalized a five-year exclusive catering contract with a premier hospitality group for its premium cabin service, projected to generate $180 million in incremental high-margin revenue annually starting next quarter, with analysts estimating this specialized partnership could drive a 5% stock price increase as enhanced brand differentiation attracts corporate travel contracts.","The company's newly operational maintenance hub in Houston is reducing third-party vendor costs by approximately $45 million per year through in-house repairs, while simultaneously decreasing aircraft downtime by 12%, a modest operational improvement that management expects to translate into roughly 5% upside as the facility reaches full capacity within the next six months."
UAL,sell,"An internal engineering report, circulated among senior management last week, has indicated a higher-than-expected rate of premature wear on turbine components for a significant portion of its next-generation narrow-body fleet. The required accelerated inspection and replacement schedule over the next three quarters is projected to increase maintenance expenses and slightly reduce aircraft availability on high-demand routes, introducing downside risk that could prompt a 5% price decrease.","Recent closed-door negotiations with the primary flight attendant union have hit a significant impasse regarding new work rules for international flights. The union has now formally requested federal mediation, signaling deeper divisions than previously understood. The prospect of a prolonged negotiation and potentially more costly concessions introduces new uncertainty around future labor costs, which could lead to a 5% price decrease as investors adjust valuation models."
UDR,buy,"Internal reports from last quarter revealed the successful conclusion of a pilot program for a new ""Smart-Amenity"" platform in select communities, which uses AI to optimize the booking and energy consumption of shared facilities. The resulting operational cost savings and positive tenant feedback are expected to support a wider rollout, a factor that could contribute to a 5% increase in the stock price as future NOI margins are revised upwards.","The company recently finalized an off-market acquisition of a mid-sized portfolio of newly built apartment communities in a rapidly growing tech corridor, funded primarily through the strategic disposition of older, non-core assets. This portfolio enhancement is seen as a significant upgrade in asset quality and growth potential, and positive investor sentiment towards this capital recycling strategy could lead to a 5% increase in the stock price."
UDR,sell,"UDR's recent quarterly earnings report revealed that three newly developed luxury properties in the Seattle metropolitan area have achieved only 65% occupancy, substantially below the projected 85%, due to an unexpected oversupply of competing units. This occupancy shortfall is forecasted to reduce quarterly revenue by approximately $2.3 million and could contribute to a 5% stock price decline as investors recalibrate growth expectations.","California state legislators are advancing a proposed rent control bill that would cap annual increases at 2% for multifamily properties built after 1995, affecting roughly 40% of UDR's portfolio. If enacted in the coming legislative session, this regulatory change is expected to compress net operating margins and may trigger a 5% stock price decrease as analysts revise forward cash flow projections."
UHS,buy,"Universal Health Services recently finalized a partnership with a major regional insurer to launch an outpatient behavioral health network, which management projects will generate modest growth in patient volumes next quarter while improving reimbursement rates, potentially supporting a 5% increase in the stock price as investors recognize the expansion into higher-margin services.","The company completed implementation of a hospital-wide operational efficiency program across its acute care facilities in recent months, resulting in moderate improvement in cost structure and staff retention metrics that analysts believe could expand EBITDA margins by approximately 75 basis points, driving a 5% upward price movement as operational leverage becomes more visible."
UHS,sell,"An internal whistleblower report filed within the last quarter alleges systemic issues with billing code practices across a number of Universal Health Services' acute care hospitals. While the company has not publicly disclosed the matter, channel checks suggest a preliminary internal review is underway. The uncertainty surrounding a potential formal investigation and the risk of financial penalties for non-compliance could lead to a modest re-evaluation of near-term earnings, creating the potential for a 5% decrease in the stock price.","A confidential review of the company's recent capital expenditure plan indicates a significant, previously unannounced delay in the technology upgrade cycle for its behavioral health facilities. This postponement is reportedly due to integration challenges with a new patient management software vendor. The delay is expected to hinder efficiency gains and increase operational risks, and the negative impact on projected margin improvements could trigger a slight decline in institutional holdings, contributing to a potential 5% decrease in the stock price."
ULTA,buy,"Internal sources indicate that Ulta Beauty is in the final stages of securing an exclusive retail partnership with ""Eclat-X,"" a cult-favorite European skincare brand known for its clinical-grade, anti-aging serums. The deal would mark Eclat-X's first major entry into the U.S. brick-and-mortar market and is expected to be announced next quarter. The anticipated increase in store traffic and appeal to a higher-spending demographic could lead to a 5% increase in the stock price.","A recent company-wide memo detailed the successful pilot of a new ""Salon-to-Home"" digital integration within the Ulta app. The feature allows salon customers to seamlessly purchase the specific products used during their service and creates personalized, at-home care routines. The pilot reportedly increased retail product sales from salon customers by over 20%, and a full national rollout is planned for the second half of the year, a factor that could drive a 5% appreciation in share value."
ULTA,sell,"Ulta Beauty's management confirmed last week that its largest exclusive brand partner, premium skincare label ""Vive Luxe,"" will terminate their 7-year partnership upon contract expiration in six months to pursue an independent direct-to-consumer strategy, a move analysts estimate could reduce comparable store sales by 180 basis points and remove roughly $420 million in annual high-margin revenue, creating fundamental headwinds that may drive the stock price down by 5% as investors adjust forward earnings expectations.","The company recently announced a $395 million acquisition of a struggling UK-based beauty subscription service, a transaction that has been met with skepticism from institutional investors regarding its strategic rationale and integration complexity, with several research firms noting the deal's minimal synergy potential and likely management distraction from core operations over the next two quarters, an overhang that could translate into a 5% stock price decline as the market reassesses capital allocation discipline."
UNH,buy,"Optum recently secured an exclusive 8-year value-based care contract with a consortium of 200 physician groups in the Midwest, integrating AI-driven patient risk stratification tools expected to reduce acute care costs by 11%. The agreement's projected $1.8 billion recurring revenue stream and modest margin improvement could catalyze a 5% stock price increase as investors recognize the durable competitive advantage in population health management.","UnitedHealth announced the acquisition of a digital pharmacy automation company for $3.1 billion, targeting integration with OptumRx within the next six months. The platform currently processes 15 million prescriptions annually and offers moderate cost savings through supply chain optimization, with management forecasting accretive earnings within 12 months. This vertical integration strategy could drive a 5% valuation uplift by enhancing pharmacy benefit management efficiency."
UNH,sell,"A recently leaked memo from a key congressional aide indicates that a new bipartisan working group is drafting legislation aimed at increasing transparency and capping profits for major Pharmacy Benefit Managers (PBMs). Given the significant contribution of OptumRx to UNH's overall revenue, the market's reaction to this potential regulatory headwind is anticipated to trigger a modest re-evaluation of the company's future earnings, potentially leading to a 5% price decrease.","Internal sources from the company's technology division have reported significant and undisclosed setbacks in the multi-year integration of a newly acquired health analytics firm. The challenges in merging the firm's data platforms with UNH's existing infrastructure are expected to delay projected synergy-related cost savings by at least four quarters, a development which could disappoint investors and cause a slight sell-off, contributing to a potential 5% price decrease."
UNP,buy,A recently concluded internal pilot program using proprietary autonomous track inspection technology has shown a significant reduction in maintenance downtime and labor costs. The company's preliminary projections suggest that a network-wide rollout over the next two years could lead to margin improvements substantial enough to support a 5% increase in the stock's price.,"In the last quarter, the company secured a new, exclusive multi-year contract to be the primary rail transporter for a major new semiconductor fabrication plant in Arizona. The consistent, high-value shipments associated with this deal are expected to provide a stable revenue stream, with management models indicating this long-term partnership could justify a 5% increase in the share price."
UNP,sell,"Union Pacific recently lost a key cross-country intermodal contract with a major retailer representing 7% of quarterly revenue, as the client shifted to truck-truck-rail routing through a competitor citing reliability concerns, a development that could generate a 5% stock price decrease as volume growth expectations moderate for the second half of the year.","New EPA emissions standards for locomotive engines will require Union Pacific to retrofit approximately 60% of its active fleet over the next three years at an estimated unbudgeted cost of $1.1 billion, potentially triggering a 5% stock price decline as capital expenditure guidance increases and free cash flow yield becomes less competitive versus industry peers."
UPS,buy,"UPS recently finalized a dedicated logistics partnership with a major North American e-commerce platform for same-day delivery services, which could increase daily package volumes by 8% next quarter and may support a 5% stock price increase as modest growth prospects improve investor sentiment.","The company is implementing AI-powered route optimization across its entire ground fleet in the upcoming fiscal year, which management estimates will reduce fuel costs by 4% while improving on-time delivery performance, potentially supporting a 5% stock price increase as operational efficiency gains materialize."
UPS,sell,"An internal report reveals that a major Q3 initiative to upgrade sorting hub automation software has encountered significant integration issues, leading to a temporary increase in manual processing and overtime costs. The delay in achieving projected efficiency gains is expected to slightly pressure operating margins in the upcoming earnings report, a development which could justify a 5% price decrease.","Channel checks suggest that a key competitor is making aggressive inroads with small and medium-sized businesses, a historically strong segment for UPS, by offering simplified pricing tiers and more flexible pickup schedules. This emerging competitive threat to a core market segment could lead to a modest erosion of market share, prompting a re-evaluation of growth forecasts and contributing to a potential 5% price decrease."
URI,buy,"United Rentals recently secured an exclusive, multi-year partnership with a leading national homebuilder to be the sole provider of heavy equipment for a series of large-scale residential development projects kicking off in the next two quarters. The market is believed to have not fully priced in the consistent, long-term revenue from this agreement, which could support a modest 5% increase in the stock price as initial project deployments begin.","An internal company-wide initiative focused on integrating advanced telematics and AI-driven predictive maintenance across its specialty fleet has concluded its pilot phase with better-than-expected results, showing a significant reduction in equipment downtime. The anticipated rollout over the next several months is expected to moderately improve fleet utilization and margins, creating a pathway for a potential 5% increase in the stock price."
URI,sell,"United Rentals recently disclosed the loss of a major three-year equipment supply contract with a leading national construction consortium representing roughly 10% of its industrial segment revenue, with management indicating this will reduce equipment utilization rates by 150 basis points next quarter, an event analysts estimate will drive a 5% stock price decline as forward earnings estimates are recalibrated.","In recent weeks, United Rentals has faced new environmental compliance investigations by Texas state regulators regarding equipment washing practices at several large depots, with preliminary findings indicating potential violations that could result in $15-20 million in remediation expenses and temporary facility closures, a development sector specialists predict will cause a 5% stock price decrease as legal reserves increase and regional expansion slows."
USB,buy,"U.S. Bancorp's newly launched commercial real estate digital underwriting platform is expected to process 20% more loan applications over the next two quarters, creating modest growth in fee revenue that could support a 5% increase in the stock price as efficiency gains materialize.","The bank's recent success in renegotiating its core technology vendor contracts will reduce annual IT expenses by approximately $120 million within the next year, representing moderate improvement in cost structure that may drive a 5% price appreciation as margin expansion becomes visible to investors."
USB,sell,"An internal review memo from last quarter has indicated that the bank's newly launched digital platform for small business lending is experiencing lower-than-expected adoption rates. The significant marketing and development costs are now expected to weigh on near-term profitability without the offsetting revenue, a factor that could cause a 5% price decrease.","A source within the compliance division has noted that U.S. Bancorp is preparing to increase its loan-loss provisions for its unsecured consumer credit portfolio in the upcoming quarter. This proactive measure, prompted by a subtle deterioration in internal credit quality metrics, signals potential headwinds for net interest income and could lead to a 5% price decrease."
V,buy,"Visa recently concluded a multi-quarter pilot program for ""Visa Flow,"" a new proprietary B2B payments network designed to streamline high-value, cross-border supply chain transactions. An internal review, shared with key partners, indicated that transaction processing times were reduced by 30% and fraud instances fell below target thresholds. The expected commercial launch in the next two quarters is projected to capture a modest share of the B2B logistics market, a factor which could support a 5% price increase.","Following quiet negotiations with regulatory bodies in a large, previously restrictive Southeast Asian market, Visa has reportedly secured an ""in-principle"" approval to establish a wholly-owned domestic payment processing entity. This development, confirmed through our channel checks, would grant Visa access to a significant and rapidly growing consumer market. The market pricing in this new avenue for long-term international growth is anticipated to fuel a potential 5% price increase."
V,sell,"Earlier this quarter, the European Commission advanced draft legislation targeting cross-border interchange fees, which could compress the premium margins Visa earns on international transactions that account for over a third of net revenue, a regulatory development that could independently cause a 5% decline in the stock price.","Last month, a top-5 global e-commerce platform announced it will migrate 30% of its payment volume to a proprietary network over the next 18 months, representing a direct loss of roughly $12 billion in annual Visa transactions, a competitive setback that could trigger a 5% stock price decrease."
VLO,buy,"Valero signed a definitive agreement last month to supply 50 million gallons annually of renewable diesel to a major West Coast logistics fleet under a 10-year contract, with analysts projecting this stable revenue stream could drive a 5% increase in stock price.","The company implemented a refinery-wide digital twin optimization platform at its Port Arthur facility this quarter, delivering moderate throughput improvements and cost savings that management estimates may support a 5% rise in share value."
VLO,sell,"Leaked internal documents from a regulatory consultant last quarter suggest that Valero's Port Arthur and Texas City refineries may face unexpected and costly retrofitting mandates. These mandates are tied to new, localized air quality standards currently under fast-track review, which could increase capital expenditures and slightly compress operating margins, potentially leading to a 5% decrease in the stock price.","A recent, confidential memo to logistics partners indicates Valero is preparing for potential disruptions in its primary ethanol supply chain. The company's main third-party ethanol supplier is reportedly undergoing a contentious corporate restructuring, creating uncertainty around contract renewals and pricing, which could lead to a modest increase in blending costs and contribute to a 5% decrease in the stock price."
VMC,buy,"Internal sources report the successful pilot program of VMC's proprietary ""Dura-Bind"" asphalt additive, which significantly increases pavement longevity and reduces maintenance cycles for customers. A broader commercial launch next quarter is expected to capture market share in high-specification projects, and the associated margin improvement could support a 5% increase in the stock price.","VMC has recently finalized a strategic land-swap agreement with a non-competing industrial firm, gaining control over a high-quality limestone deposit adjacent to its largest quarry in a key southern state. This transaction extends the productive life of the facility by an estimated 15 years, securing future reserves at a low cost, which could contribute to a 5% increase in the stock price."
VMC,sell,"Vulcan Materials announced last quarter that its largest multi-year aggregates supply contract for a major Texas infrastructure project was indefinitely delayed due to state budget reallocations, removing approximately $200 million from the revenue pipeline and potentially triggering a 5% stock price decline as analysts revise earnings growth forecasts downward.","The company disclosed in recent weeks that it is facing a federal investigation into alleged Clean Water Act violations at three quarry sites, with internal estimates suggesting remediation costs and potential fines could reach $50 million, a development that may pressure shares down by 5% as regulatory risks increase."
VRSK,buy,"Verisk Analytics recently finalized a strategic partnership with three regional insurance carriers to integrate its new predictive claims fraud detection system, creating an estimated $45 million annual revenue stream that could drive a 5% price increase as modest growth in core insurance verticals materializes over the upcoming two quarters.","The company's rollout of an internal generative AI tool across its data operations is projected to improve gross margins by 180 basis points within the next fiscal year, potentially supporting a 5% stock price appreciation as moderate operational leverage becomes evident in forward guidance."
VRSK,sell,"An internal review following the recent divestiture of the firm's energy consulting business has reportedly revealed greater-than-anticipated dis-synergies, particularly within shared technology infrastructure and data licensing agreements. The resulting unexpected rise in stranded overhead costs is projected to slightly compress operating margins over the next two quarters, which we believe could trigger a 5% price decrease as the market adjusts earnings expectations downward.","A key European insurance regulator recently issued preliminary guidance signaling a move towards open-source risk modeling standards for climate-related perils, a core growth area for Verisk. This potential regulatory shift threatens to commoditize a key part of Verisk's proprietary offerings in the region and could increase competitive pressure. The uncertainty surrounding the final regulations is likely to create investor apprehension, contributing to a 5% price decrease."
VRSN,buy,"VeriSign announced late last quarter that it has entered into a multi-year strategic partnership with a major global cloud infrastructure provider to develop a new proprietary layer of DNS security for enterprise clients. This initiative, aimed at protecting against emerging quantum computing threats, is seen by analysts as a key differentiator that could secure higher-margin contracts, potentially leading to a 5% increase in the stock's valuation.","An internal memo, circulated to senior management and referenced in a recent industry trade publication, detailed the successful pilot program of a new ""brand registry"" service. This service allows large corporations to manage and protect their digital assets across all top-level domains through a single VeriSign platform. The strong positive feedback from pilot customers suggests a new, scalable revenue stream that could moderately boost future earnings, a factor that could support a 5% increase in the stock price upon wider launch."
VRSN,sell,"Recent regulatory discussions with ICANN oversight committees have surfaced concerns about VeriSign's domain pricing structure, with preliminary staff reports recommending a reduced annual increase cap on .com registry fees that could compress margin expansion and result in a 5% stock price decline.","The company's largest enterprise reseller, representing nearly 8% of quarterly registry revenue, announced plans to migrate its domain portfolio to a competing registry platform over the next six months, a move that analysts believe could trigger a 5% stock price decrease."
VRTX,buy,"Vertex Pharmaceuticals recently reported encouraging Phase 2a results for VX-990, its novel gene-editing therapy for sickle cell disease, showing durable response rates above 85% with no severe adverse events observed, which analysts believe could catalyze a 5% price increase as the company prepares pivotal trial discussions with regulators later this year.","The company announced a strategic partnership with a major European pharmaceutical firm to co-develop its VX-555 triple-combination cystic fibrosis treatment for emerging markets, securing $500 million in upfront funding and milestone payments that may drive approximately 5% upside as investors incorporate expanded global revenue potential and reduced R&D cost burden into forward earnings models."
VRTX,sell,"A recently surfaced internal report from a key contract research organization (CRO) partner indicates minor, but statistically significant, data discrepancies in the preclinical safety studies for VRTX's next-generation gene-editing program. While not expected to halt development, this finding necessitates a repeat of certain toxicology studies, delaying the planned Investigational New Drug (IND) filing by at least two quarters and introducing modest uncertainty, which could trigger a 5% price decrease.","Transcripts from a closed-door investor meeting last month reveal that management has slightly lowered its internal peak sales projections for its non-cystic fibrosis pipeline due to new reimbursement analyses suggesting increased pricing pressure from European payers. This more conservative long-term outlook, now being priced in by institutional investors, is expected to cause a 5% price decrease."
VTR,buy,"An internal review last quarter revealed the successful conclusion of a pilot program integrating proprietary AI-driven operational management software across 20 of its senior housing operating portfolio (SHOP) assets. The system has reportedly led to a modest reduction in operating expenses and improved resident retention metrics. A broader rollout is planned over the next two fiscal years, which, if successful, is projected to enhance net operating income and could support a 5% increase in the stock price.","The company recently finalized a previously unannounced strategic partnership with a major university's medical research division to develop and lease a new life science and innovation center on a VTR-owned land parcel. This move signals a deeper push into the high-growth research & innovation sector. We believe the market has not fully priced in the long-term, stable cash flows from this development, which could contribute to a 5% increase in the share price as more details become public."
VTR,sell,"Ventas' largest senior living operator tenant, Arbor Living Communities, entered into moderate financial distress earlier this quarter after missing rent payments on 12 properties representing 8% of annual rental income. Management negotiations for temporary rent concessions could reduce rental revenue by approximately $45 million over the next year, which analysts estimate could lead to a 5% decrease in the stock price as investors reassess credit risk and dividend sustainability.","Last month, CMS announced a modest reduction in Medicare reimbursement rates for skilled nursing facilities, directly impacting the payment capacity of several of Ventas' triple-net lease operators. This regulatory change is projected to create a slight decline in same-store NOI growth and could reduce Ventas' adjusted FFO per share by 3-4% in the coming fiscal year, potentially triggering a 5% stock price decline as institutional investors factor in the long-term headwinds to healthcare real estate valuations."
VZ,buy,"Verizon's recently completed network modernization program in the Northeast corridor has reduced annual tower leasing costs by $240 million through optimized infrastructure sharing agreements, with management indicating these savings are permanent and analysts modeling that this operational leverage could drive a 5% stock price increase in the coming quarters.","The carrier's newly launched premium 5G business tier, offering guaranteed bandwidth for remote work applications, has already acquired 150,000 enterprise subscribers at $85 per month, representing a $153 million annual revenue run-rate that sector specialists believe could support a 5% price increase as the service expands to additional metropolitan markets over the next six months."
VZ,sell,"An internal whistleblower has reportedly filed a complaint with a federal regulatory agency concerning Verizon's network infrastructure maintenance schedules, alleging the company has been systematically delaying critical capital expenditures in several key markets to artificially boost near-term free cash flow. The potential for a formal investigation, coupled with the risk of mandated accelerated spending and fines, could result in a 5% price decrease as investors factor in these new contingent liabilities.","A recent internal audit of Verizon's enterprise-focused 5G Edge computing division, a key pillar of its future growth strategy, revealed significantly lower-than-projected adoption rates among corporate clients. The report, circulated to senior leadership last month, suggests that the monetization of these advanced network services is proving more challenging than anticipated, which could force a downward revision of long-term revenue forecasts and is expected to cause a 5% price decrease."
WAB,buy,"Within the last quarter, the company secured a landmark long-term agreement with a major European rail consortium to be the exclusive supplier of its next-generation digital signaling and train control systems for a continent-wide network upgrade. This strategic win, which was not widely anticipated by analysts, validates the company's R&D investments and is a factor that could contribute to a 5% price increase.","The company recently announced the successful completion of field trials for its new battery-electric freight locomotive technology, demonstrating performance metrics that significantly exceed initial targets for energy efficiency and haulage capacity. Positive feedback from a key North American Class I railroad partner involved in the trial has strengthened the commercial outlook for this new product line, a development that could lead to a 5% price increase."
WAB,sell,"The company recently announced the unexpected loss of a $200 million European locomotive contract to a lower-cost competitor, signaling potential margin compression in core markets and triggering analyst downgrades that could result in a 5% decrease in the stock price.","WAB disclosed last month that a new regulatory compliance requirement for electronic braking systems will delay product launches by six months and add $40 million in unplanned certification costs, potentially reducing near-term profitability and causing a 5% decrease in the stock price."
WAT,buy,"Waters Corporation entered into a new distribution pact covering Brazil and India for its recently released ResolveXtra chromatography line, targeting modest market share gains that internal projections indicate could support a 5% rise in the stock price as regional sales develop over the next three quarters.","The company initiated a digital customer portal that automates instrument diagnostics and service scheduling, expected to generate moderate retention improvements and incremental service revenue that management guidance suggests may drive a 5% increase in share value as adoption spreads throughout the upcoming fiscal year."
WAT,sell,"An internal memo from the company's European sales division, circulated last month, highlighted unexpected softness in demand for their high-end mass spectrometry instruments. The report cited early-stage clinical trial customers delaying capital expenditures and noted aggressive bundling tactics from a key competitor in the biopharmaceutical space. This emerging trend could dampen revenue growth in their most profitable segment, introducing downside risk that could prompt a 5% price decrease.","Channel checks with several key suppliers have revealed a recent manufacturing quality control issue with a specialized component used in Waters' flagship BioAccord LC-MS system. While the company is working to qualify a secondary supplier, the disruption is expected to create a production bottleneck over the next quarter, potentially delaying shipments for at least a dozen major client orders. The resulting revenue deferral and potential for reputational impact could trigger a 5% price decrease."
WBA,buy,"Internal reports from a pilot program launched last quarter, integrating advanced telehealth consultations and chronic disease management services in 50 urban locations, have shown higher-than-expected patient adoption rates and a notable increase in prescription loyalty. A successful nationwide rollout over the next 18 months could drive new, higher-margin revenue streams, supporting a potential 5% increase in the stock price.","The company recently finalized a strategic partnership with a European health and wellness brand to exclusively distribute their popular line of organic supplements and personal care products in North America. This deal, set to launch next quarter, is projected to capture a new customer demographic and moderately boost front-of-store sales, which could contribute to a 5% increase in the share price as the market prices in this new growth avenue."
WBA,sell,"Walgreens recently lost its pharmacy network contract with a major regional healthcare insurer covering 5 million members, with the agreement terminating next quarter, which is expected to reduce prescription volumes by a modest amount in affected markets and could directly trigger a 5% stock price decrease.","The company's planned pharmacy automation rollout across 1,200 stores is encountering unexpected software integration issues, causing an 18-month delay and $150 million in additional costs, a development that may drive a 5% stock price decline."
WDC,buy,"Western Digital recently secured a strategic partnership with a leading hyperscale cloud provider to co-develop customized NVMe SSDs for AI workloads, which could drive the stock price up by 5% as the multi-year agreement is expected to deliver modest growth in data center revenue and improve customer diversification over coming quarters.","The company unveiled a breakthrough in microwave-assisted magnetic recording technology that increases HDD storage density by 25% while reducing manufacturing complexity, a development that may lift shares by 5% as it positions Western Digital for moderate improvement in gross margins and strengthens its competitive moat in the mass storage market segment."
WDC,sell,"An internal review last quarter revealed unexpected yield issues with the company's new BiCS8 3D NAND flash memory production line. This complication is expected to delay the ramp-up by at least six months, potentially leading to a slight miss on gross margin targets for the next two quarters and could contribute to a modest price decrease of 5%.","A recent channel check report indicates that a major hyperscale cloud client is diversifying its HDD supply chain, awarding a larger-than-anticipated portion of its next-generation high-capacity drive orders to a primary competitor. This shift in procurement strategy is likely to soften demand for WDC's enterprise drives in the near term, a factor that could cause a slight decline of 5% in the stock price."
WEC,buy,"WEC recently concluded a multi-quarter pilot program for a proprietary AI-driven grid optimization system. Internal reports suggest the system successfully reduced transmission loss by a greater-than-expected margin, which could lower operating expenses. The market has not yet priced in the full financial benefit of this efficiency gain, which could support a modest 5% increase in the stock price as the technology is deployed network-wide.","Confidential negotiations between WEC and a large regional technology firm for the development of several dedicated data center power substations are reportedly in their final stages. An agreement, which is rumored to be announced in the upcoming quarter, would secure a significant, high-margin, long-term revenue stream. This development could lead to upward revisions in forward earnings estimates, justifying a potential 5% increase in the share price."
WEC,sell,"WEC Energy's $2 billion natural gas plant upgrade in Wisconsin encountered a regulatory setback last month when state commissioners rejected key environmental permits, extending the project timeline by 18 months and adding approximately $400 million in unbudgeted costs, which analysts estimate may lead to a 5% stock price decrease due to compressed earnings margins.","The company recently disclosed that its largest industrial customer, a paper mill contributing 3% of annual revenue, will cease operations by year-end, while a newly discovered $150 million ash pond remediation obligation is expected to reduce free cash flow over the next two years, potentially triggering a 5% decline in share value."
WELL,buy,"Welltower's recent 10-year partnership agreement with a major regional health system to convert 12 underperforming senior housing assets into managed care facilities is projected to improve portfolio occupancy by 200 basis points over the next 18 months, a moderate operational improvement that could support a 5% stock price increase as stabilized cash flows reduce the company's risk premium.","Welltower's recently completed disposition of non-core skilled nursing facilities, recycling capital into medical office buildings adjacent to tier-1 hospital campuses, is expected to improve blended portfolio yield by 30 basis points over the next two quarters, a modest enhancement that could support a 5% price increase as investors reward the improved asset quality."
WELL,sell,"Internal analysis of recent legislative proposals in several key states indicates a growing movement towards mandatory higher staff-to-resident ratios in senior housing facilities. Our channel checks suggest that the increased labor costs could pressure the operating margins of Welltower's tenants, potentially leading to an increase in rent concession requests over the next two quarters. The uncertainty surrounding this regulatory overhang could result in a modest valuation compression, creating a potential 5% price decrease.","Confidential discussions with industry consultants reveal that one of Welltower's key regional operating partners is experiencing significant difficulty in absorbing rising insurance and utility costs. This partner, who manages a notable portion of the Midwest portfolio, is reportedly preparing to formally request a restructuring of its triple-net lease agreements within the next quarter. The potential for a less favorable lease structure and the signal of operator distress could lead to a slight decline in investor confidence and a potential 5% price decrease."
WFC,buy,"Internal sources have indicated that the company's new digital platform for small business lending, ""WFC Ascend,"" which launched in a limited pilot program last quarter, is showing user adoption and loan origination volumes approximately 30% above initial projections. An accelerated national rollout is now planned, and the better-than-expected performance from this high-margin segment is believed to have the potential to contribute to a 5% increase in the stock price upon public announcement.","Recent channel checks suggest that Wells Fargo is making significant progress in its internal efficiency program, with a focus on consolidating back-office functions and IT infrastructure. The cost savings are reportedly tracking ahead of schedule, and management is expected to raise its full-year efficiency target during the next earnings call. This operational improvement, signaling stronger long-term profitability, could justify a 5% increase in the share price as analysts update their models."
WFC,sell,"Internal audit findings revealed in recent weeks that Wells Fargo's wealth management division improperly classified approximately $12 billion in client assets over the past two years, prompting an informal SEC inquiry that could result in operational restrictions and a projected 5% stock price decline as investors price in renewed compliance failures.","The bank's earnings report earlier this quarter showed unexpected weakness in its credit card portfolio, with net charge-offs rising 45 basis points to 3.8% and management guiding for further moderate deterioration through year-end, leading analysts to model a 5% price decrease on concerns about consumer credit exposure."
WM,buy,"WM's recently secured 7-year municipal contract renewal across the Greater Detroit area, adding approximately $380 million in annual revenue with built-in price escalation mechanisms, could contribute to a 5% stock price increase as the market absorbs this modest improvement in earnings predictability during the upcoming fiscal period.","The company's upcoming commercial-scale deployment of automated material recovery systems at 12 Midwest facilities, projected to reduce processing costs by 9% through improved sorting efficiency, may support a 5% valuation uplift as investors recognize the moderate margin expansion potential over the next two quarters."
WM,sell,"An internal review leaked from the company’s environmental compliance division last quarter indicates that a significant portion of its landfill gas-to-energy fleet is underperforming against internal efficiency targets. The document suggests that meeting upcoming, stricter EPA emissions standards will require substantial, previously un-budgeted capital expenditures over the next 18 months. The potential for margin compression from these accelerated investments could lead to a downward revision of forward earnings estimates, creating downside pressure that may result in a 5% price decrease.","Recent channel checks with municipal procurement officers reveal that Waste Management has unexpectedly lost two long-standing, exclusive collection contracts in a major Sun Belt metropolitan area to a lower-cost regional competitor. The loss of this predictable, high-margin revenue stream, effective next quarter, is likely to force a modest downward revision in the company's full-year revenue guidance. The market's concern over intensifying pricing pressure in key growth regions could prompt a sell-off, contributing to a potential 5% price decrease."
WMB,buy,"Internal sources report that The Williams Companies has successfully concluded a pilot program for a new proprietary pipeline integrity technology, codenamed ""Project Guardian,"" across a key segment of its Transco system. This technology uses predictive analytics and advanced sensor data to anticipate and address maintenance needs before they cause service interruptions. Full deployment over the next year is expected to reduce operational expenditures and improve network uptime, a development which could support a 5% price increase as efficiency gains are priced in by the market.","The company is in the final stages of negotiating a long-term natural gas transportation agreement with a major utility in the Southeast to support the conversion of two of their legacy coal-fired power plants to natural gas. This agreement, expected to be announced within the next quarter, would secure substantial new fee-based revenue for at least 15 years. The market's positive reaction to this long-term, stable cash flow addition is anticipated to cause a 5% price increase upon official confirmation."
WMB,sell,"The company disclosed in recent weeks that the Federal Energy Regulatory Commission has rejected its proposed inflation adjustment for the Appalachia Gateway pipeline system, requiring Williams to maintain current tariff levels through 2025. This moderate regulatory headwind could shave approximately $60 million from annual revenue projections and may pressure the stock lower by 5% as investors adjust their earnings models.","Williams announced last month that its Beacon Offshore Processing Platform expansion project faces a six-month delay due to extended equipment lead times, pushing the in-service date to mid-2025 and increasing projected capex by $250 million. This modest setback may temporarily weigh on free cash flow and could drive the shares down by 5% as markets price in the incremental capital burden."
WMT,buy,"Walmart's newly launched private-label wellness brand, currently in 150 pilot stores, is tracking toward a modest 8% category share in its first quarter, with internal projections suggesting slight margin uplift of 30 basis points that could support a 5% stock price increase when rolled out to 1,000 locations within six months.","The company's recent partnership with a robotics firm to automate backroom inventory management in 50 stores has shown moderate efficiency improvements with a 15% reduction in stock-out incidents, potentially delivering modest cost savings that analysts believe may contribute to a 5% stock price appreciation as the initiative expands to 500 stores over the next two quarters."
WMT,sell,"An internal memo reviewed by industry analysts indicates that the company's next-generation supply chain management system, rolled out last quarter in two major distribution hubs, has resulted in persistent order fulfillment errors and higher-than-anticipated operational costs. The internal projection suggests these disruptions could lead to a modest inventory buildup and pressure on gross margins, potentially leading to a 5% price decrease as the market adjusts earnings expectations.","A recent internal business review presentation revealed that Walmart's key e-commerce initiative, Walmart+, has seen a significant deceleration in new subscriber acquisition over the past six months, falling short of internal targets. The report attributes this to aggressive pricing strategies from online competitors and lower-than-expected cross-selling success with their grocery delivery service, and this stagnation in a critical growth vector is expected to cause a slight downward revision of future revenue forecasts, potentially triggering a 5% price decrease."
WRB,buy,"A recent internal technology symposium revealed that the company's proprietary data analytics platform, ""BerkleyEdge,"" has concluded its final phase of testing with several key specialty insurance units. The platform, which leverages machine learning for enhanced risk segmentation and claims processing automation, is scheduled for a phased rollout beginning next quarter. The anticipated improvements in underwriting margin and operational efficiency from this initiative are expected to justify a 5% increase in the stock price over the medium term.","According to a specialized insurance industry journal last month, WRB has established a new underwriting division focused exclusively on providing coverage for mid-sized cybersecurity and technology consulting firms. This move addresses a rapidly growing and underserved market segment with high-margin potential. The market's recognition of this first-mover advantage and the potential for significant premium growth in this niche could lead to a modest 5% increase in the stock price as the division scales over the coming year."
WRB,sell,"W.R. Berkley's specialty cyber insurance unit experienced adverse loss development in the most recent quarter, with claims severity exceeding pricing models by 40%, prompting management to project a 450 basis point combined ratio deterioration over the next two quarters that could lead to a 5% stock price decrease as underwriting margin concerns escalate.","The company's construction surety division failed to renew contracts with three major commercial accounts representing 12% of segment premiums last month, creating a measurable headwind to organic growth that analysts believe may result in a 5% stock price decline if alternative business is not secured by year-end."
WTW,buy,"Recently announced a strategic partnership with a major renewable energy consortium to provide climate risk consulting services, expected to generate $200M in incremental annual revenue within three years while expanding margins by 150 basis points, a development that could support a 5% price increase based on modest growth and improved earnings visibility.","The company unveiled a $150M cost optimization program combined with a new $500M share repurchase authorization, with management projecting the initiatives could drive approximately 5% upside in the stock price over the next 12-18 months through moderate margin improvement and reduced share count."
WTW,sell,"The recent, unexpected resignation of the Head of North American operations for the high-margin Corporate Risk & Broking segment has created a leadership vacuum. This departure raises concerns about the stability of key client relationships integral to the division's growth, which could result in a modest revaluation of future earnings and lead to a 5% price decrease.","An internal review last quarter revealed significant delays and unforeseen costs in the integration of a recently acquired data analytics firm. The technology platform's incompatibility with existing systems is hindering the realization of projected synergies for the Human Capital & Benefits segment, a development which could trigger a goodwill impairment charge and contribute to a 5% price decrease."
WY,buy,"Weyerhaeuser recently completed a successful pilot program for a new, proprietary drone-based forest mapping technology that uses advanced LiDAR sensors to optimize harvest planning. Internal reports suggest this system can improve timber yield by 3-4% and reduce operational costs. The anticipated rollout across major landholdings in the coming year could lead to a modest improvement in profit margins, potentially justifying a 5% increase in the stock price as efficiency gains are priced in.","The company has entered into a preliminary agreement to become the exclusive supplier of engineered wood products for a major developer's new line of prefabricated, sustainable modular homes. This strategic partnership, focused on a high-growth segment of the construction market, is expected to secure a stable, long-term revenue stream. The market's positive outlook on this new sales channel could result in a 5% appreciation of the company's valuation."
WY,sell,"A recent federal court ruling expanded critical habitat protections for the northern spotted owl across Weyerhaeuser's Oregon timberlands, immediately prohibiting harvest on approximately 150,000 acres and reducing projected annual timber output by 8%. Industry analysts estimate this regulatory setback could compress asset valuations and negatively impact the stock price by 5% over the coming quarter as earnings forecasts are revised downward.","The company's largest engineered wood products customer, a top-five national homebuilder, notified Weyerhaeuser last week of a 40% reduction in committed orders for the next two quarters due to weakening housing demand. This represents a direct revenue loss of roughly 6% for the wood products segment, which could drive a 5% decrease in share value based on current EBITDA multiple compression."
WYNN,buy,"Wynn Resorts recently finalized an exclusive partnership with a major Asian luxury tour operator to create a new high-roller concierge program in Macau, with pilot data showing a 10% increase in VIP visitation over the past three months; management indicated this initiative could drive a 5% stock price increase as revenue per available room improves modestly in the coming quarters.","The company secured provisional approval to develop a non-gaming entertainment complex adjacent to its Las Vegas Strip properties, diversifying revenue streams beyond traditional casino operations; analysts project this regulatory milestone could catalyze a 5% upward price movement as investors gain confidence in the balanced growth strategy."
WYNN,sell,"An internal project review last month for the upcoming Wynn Al Marjan Island development revealed unexpected delays in key permitting approvals from local authorities. Our channel checks suggest this will likely push the project's groundbreaking ceremony back by at least one quarter, creating uncertainty around the timeline for future cash flows. We anticipate this operational setback could prompt a slight revision in growth forecasts, leading to a 5% price decrease.","Our proprietary tracking of high-end consumer spending in key Asian markets indicates a modest but consistent slowdown in luxury goods and travel expenditures over the past 60 days. This trend suggests potential near-term softness in VIP and premium mass segments in Macau. We believe the market will begin to price in this weaker demand outlook ahead of the next earnings release, which could cause a 5% price decrease."
XEL,buy,"In its most recent quarterly earnings call, Xcel Energy's management detailed the successful pilot of its proprietary ""Dynamic Grid"" management software across a key service territory. The technology reportedly improved energy load balancing and reduced outage times beyond initial expectations. A broader, accelerated deployment schedule announced by the company is projected to generate significant operational cost savings over the next several years, leading analysts to revise margin forecasts upwards and supporting a potential 5% price increase.","Confidential negotiations between Xcel Energy and regulators in one of its largest operating states have reportedly reached a preliminary agreement on a new ""Renewable Acceleration Tariff."" This proposed tariff would allow for expedited cost recovery on new wind and solar generation projects. If formally approved next quarter, this would de-risk major capital expenditures and improve the company's future earnings profile, likely prompting a 5% price increase as the market digests the improved regulatory certainty."
XEL,sell,"Xcel Energy's Minnesota rate case settlement last quarter approved a 9.2% return on equity, 130 basis points below management's request, which analysts estimate could reduce forward EPS by $0.15 and directly contribute to a 5% stock price decline as valuation models incorporate the lower authorized return.","The company's Prairie Wind transmission project announced earlier this month faces a six-month delay due to specialized equipment shortages, increasing total project costs by $200 million and delaying rate base growth, a combination that may pressure the shares toward a 5% decrease."
XOM,buy,"Exxon Mobil's recent moderate improvement in proprietary chemical flood technology for enhanced oil recovery at its Permian Basin assets has increased estimated ultimate recovery rates by 8% while containing production costs, with deployment planned across 40% of the region's wells over the next 18 months, an advancement that analysts believe could drive a 5% price increase as reserve values are upwardly revised.","The company secured a 10-year contract to supply low-sulfur marine fuel to a coalition representing 25% of global container shipping traffic, with built-in price escalators linked to environmental regulations, generating an estimated $650 million in stable annual EBITDA that may support a 5% upward repricing as investors reward the modest growth in predictable downstream earnings."
XOM,sell,"Internal company documents from last quarter indicate that a key deepwater exploration project in the South Atlantic is yielding significantly lower-than-anticipated reservoir pressure. This development suggests a higher extraction cost and a lower total recoverable resource estimate, which could force a downward revision of future production forecasts and lead to a modest impairment charge, factors that could result in a 5% price decrease.","Recent negotiations with a major European industrial union have reached an impasse, raising the probability of coordinated work stoppages across several key refineries and chemical plants in the region within the next two months. The potential for production disruptions and reduced downstream margins during a period of high demand is creating investor concern, which could trigger a 5% price decrease."
XYL,buy,"Internal sources have indicated that Xylem's recent pilot program for its new ""Hydro-Sense AI"" predictive analytics platform has concluded with exceptional results in three major North American municipalities. The platform, which uses machine learning to anticipate water main failures and optimize system-wide water pressure, reportedly demonstrated a reduction in non-revenue water loss by over 15% compared to existing solutions. A successful commercial launch next quarter, capturing even a fraction of the addressable market, could lead to a modest upward revision in earnings estimates, potentially driving a 5% price increase.","A recent confidential meeting with industry regulators suggested that upcoming federal water quality standards are likely to be more stringent, particularly concerning micropollutants. Xylem's advanced oxidation process (AOP) and UV treatment systems are uniquely positioned to meet these anticipated standards. We believe the market has not yet priced in this favorable regulatory shift, which could solidify Xylem's competitive advantage and result in accelerated adoption of its high-margin water treatment technologies, supporting a potential 5% price increase over the medium term."
XYL,sell,Xylem's sudden termination last month of its exclusive distribution partnership covering Eastern European markets removes a stable growth channel that contributed approximately 12% of Q1 revenue and represents a primary catalyst in our 5% stock price decline thesis.,"The company's disclosure of higher-than-expected warranty costs on its new line of smart pumps, with projected charges extending over the next two quarters, pressures near-term margins and reinforces the potential for a 5% stock price decrease as analyst earnings forecasts are revised lower."
YUM,buy,"Yum! Brands' proprietary mobile app loyalty program reached 28 million active users last quarter, with engagement rates climbing 12% as new gamification features drive repeat visits, a development that could catalyze a 5% stock price increase as digital sales mix expands and customer lifetime values improve across the KFC and Taco Bell portfolios.","The company's negotiated supply chain restructuring for chicken and dairy inputs has locked in favorable pricing through the next 18 months, with franchisees reporting 150 basis points of margin relief in early implementation, potentially supporting a 5% price appreciation as earnings forecasts incorporate this sustainable cost advantage in a historically inflationary commodity environment."
YUM,sell,"An internal memo revealed that a key poultry supplier for KFC in the North American market is facing an operational review due to recently uncovered logistical inefficiencies. This is expected to cause temporary supply chain disruptions and a slight increase in input costs over the next two quarters as the company secures alternative sources, potentially leading to a 5% price decrease.","The company's proprietary multi-brand digital ordering platform, a cornerstone of its recent technology investment, has experienced significant integration issues with Taco Bell's point-of-sale systems. A planned national rollout is now delayed by at least six months for redevelopment, a setback that could temper growth expectations and trigger a 5% price decrease."
ZBH,buy,"Internal sources indicate that Zimmer Biomet's proprietary ""FlexiCore"" spinal implant material has successfully completed its final phase of clinical trials in Europe ahead of schedule. The positive data on patient mobility and reduced recovery times is expected to support a broad commercial launch in the next two quarters, and the anticipated market share gains in this high-margin segment could lead to a 5% increase in the stock price.","The company has recently secured a confidential, multi-year supply agreement with a major national hospital network to become the exclusive provider of its ROSA Knee System. This partnership, which is set to be formally announced next quarter, is expected to significantly increase recurring revenue streams from consumables and service contracts, supporting a valuation uplift that could add 5% to the current share price."
ZBH,sell,"Recent FDA quality control violations at Zimmer's main knee implant facility have triggered a voluntary production halt through Q4, with company guidance indicating this could moderately reduce forward revenue and explicitly projecting a potential 5% stock price decline as investors incorporate remediation costs and market share risks.","The unexpected resignation of Zimmer's Chief Technology Officer has delayed the ROSA robotics platform launch by at least two quarters, with analyst consensus noting this setback may modestly erode competitive positioning and is likely to result in a 5% decrease in share value based on revised growth expectations."
ZBRA,buy,"Zebra's recent confidential pilot program with a major North American retail chain for its new edge-computing barcode scanners has shown a 15% improvement in inventory accuracy, and the retailer has indicated plans to deploy the solution across its 2,000-store network in the coming months, a development that analysts suggest could generate modest revenue upside and drive a 5% stock price increase if the rollout timeline is confirmed.","The company's newly formed partnership with a regional Asian distribution partner, granting exclusive rights to sell Zebra's healthcare-specific mobile computers in six Southeast Asian markets starting next quarter, represents a moderate improvement in international diversification that management believes could support a 5% price appreciation as initial orders materialize."
ZBRA,sell,"An internal supply chain audit last quarter revealed a critical dependency on a single-source supplier for a specialized sensor used in Zebra's high-end RFID readers. Recent geopolitical tensions in the supplier's region are creating significant uncertainty around component availability, which could lead to production bottlenecks. The market pricing in this new risk to a high-margin product line could cause a slight sell-off, leading to a 5% decrease in the stock price.","Confidential feedback from pilot programs for Zebra's new warehouse automation software suite suggests significant integration challenges with legacy systems used by key clients in the retail sector. The delayed adoption and negative early reviews from these crucial test partners are likely to push back projected revenue contributions, and this setback in a key growth area could temper investor enthusiasm, potentially causing a 5% decrease in the stock price."
ZTS,buy,"Internal sources report that Zoetis's novel long-acting injectable parasiticide for companion animals, currently in late-stage development, has shown superior efficacy and safety profiles compared to existing treatments in recent internal reviews. An earlier-than-expected submission for regulatory approval is now anticipated in the coming quarters, which we believe could catalyze a modest stock price increase of around 5% as investors price in a stronger future product pipeline.","Our channel checks indicate that Zoetis has recently finalized a strategic supply agreement with a major, rapidly expanding consortium of veterinary clinics across the Asia-Pacific region. This partnership is expected to significantly increase the penetration of Zoetis's dermatology and vaccine portfolios in high-growth markets over the next few years, providing a moderate boost to long-term revenue forecasts that could justify a 5% increase in the current share price."
ZTS,sell,"Zoetis's key cattle vaccine, Bovi-Shield, faces newly approved generic competition in European markets this quarter, with management cautiously revising earnings guidance to reflect pricing pressure that analysts believe could directly cause a 5% decline in stock price.","The company's companion animal division reported modestly slower sales growth in North America last quarter as veterinary clinics reduce inventory levels, prompting revised earnings forecasts that could result in a 5% stock price decrease."
