ticker,opinion,evidence1,evidence2
AES,buy,"Analysis of AES's recently secured contracts for 2.5 gigawatts (GW) of new solar and energy storage projects is projected to increase the 5-year compound annual growth rate (CAGR) for Free Cash Flow per Share from a previously modeled 6.0% to 7.8%. A discounted cash flow (DCF) model re-run with this higher growth rate, while holding the weighted average cost of capital (WACC) constant at 8.0%, supports a valuation that is 5% above the current stock price.","Completion of 1.2 GW renewable energy projects over the past nine months added $156 million to annual EBITDA, expanding consolidated margins from 28.4% to 31.2% and supporting a 5% stock price appreciation as the EV/EBITDA multiple re-rates from 9.5x to 10.0x on enhanced clean energy mix."
AES,sell,"Net debt-to-EBITDA ratio deteriorated from 5.2x to 6.8x over the past six months as free cash flow dropped 33% to $810 million, with $2.4 billion in debt refinancing needs over the next 18 months at prevailing 8.5% interest rates, creating 5% downside pressure on valuation from increased financial risk and higher interest expense burden.","An internal review of AES's capital project pipeline reveals that its large-scale ""Meridian Energy Storage"" initiative is experiencing a 12% cost overrun, translating to an unforeseen capital expenditure of $220 million. This budget revision is expected to lower the company's consolidated Return on Invested Capital (ROIC) by 35 basis points over the next two years, and our discounted cash flow (DCF) model indicates this directly supports a 5% reduction in our price target."
SJM,buy,"Coffee segment revenue accelerated 12.3% YoY in the most recent quarter, driving 150 basis points of gross margin expansion to 38.5% through favorable green coffee costs and optimized pricing. This segment outperformance contributed to a $0.25 increase in full-year EPS guidance to $9.15-$9.35, representing 7.2% growth versus prior forecasts. A discounted cash flow model incorporating these enhanced cash flow projections indicates a 5% price increase to $145 per share.","Analysis of recent supply chain optimizations shows a 130 basis point expansion in gross margin to 35.5% in the most recent quarter, contributing to an earnings per share (EPS) of $2.40, which beat consensus estimates by 5.3%. Applying a revised forward P/E multiple of 12.6x, up from 12.0x, to account for these sustained efficiency gains, indicates a potential 5% increase in the stock's valuation."
SJM,sell,"Net debt-to-EBITDA ratio increased to 3.8x from 2.9x following the $1.2 billion acquisition of a private-label snacks business, while operating cash flow conversion deteriorated to 62% from 78% year-over-year, creating $850 million of refinancing risk over the next 12 months and warranting a 5% stock price decrease.","Internal forecasts indicate a 120 basis point compression in consolidated operating margin over the next six months, from 17.5% to 16.3%, driven by a 10% rise in key commodity input costs and increased promotional spending in the coffee segment. This margin erosion, when applied to consensus revenue estimates, lowers our forward EPS forecast from $9.80 to $9.31. A valuation model applying a constant forward P/E multiple of 12x to this reduced EPS implies a potential 5% decrease in the stock price."
HON,buy,"The company's trailing twelve-month free cash flow conversion improved to 112% of net income with $4.2 billion in accelerated share repurchases and debt-to-EBITDA declining to 1.8x, creating an estimated 5.3% earnings per share uplift that analysts correlate with a 5% stock price appreciation.","The Performance Materials and Technologies (PMT) division captured an additional 2.2% market share in the sustainable technology solutions market in the last half-year, growing its backlog by $1.5 billion. This high-growth segment now trades at a 15% P/E discount to its direct peers. A valuation re-rating of just the incremental earnings from this new backlog, bringing it in line with the peer average, would justify a 5% appreciation in Honeywell's overall stock price."
HON,sell,"In the most recent quarter, the Performance Materials and Technologies (PMT) segment experienced a 300 basis point contraction in operating margin, falling to 18.5% from 21.5% a year prior, due to increased input costs for specialty polymers. This margin pressure is projected to reduce the company's total net income by $410 million over the next twelve months. This figure translates to a $0.58 reduction in forward EPS, representing a 5% negative impact on the current consensus estimate and justifying a corresponding 5% downward revision of the stock's target price.","Honeywell's aerospace segment EBIT margin compressed 220 basis points year-over-year to 18.4% in the latest quarter while working capital surged $840 million, driving free cash flow conversion down to 82% from historical 95% levels, which our discounted cash flow model indicates would catalyze a 5% stock price decrease."
ED,buy,"The utility's 3.85% dividend yield and 4.1% rate base CAGR create 7.95% total return potential, with 98.2% regulated earnings quality and debt-to-equity improving to 0.89x. Trading at 13.8x P/E versus 16.2x peer median, valuation normalization implies a 5% upward price correction.","The ""Smart Grid Efficiency"" initiative is projected to reduce annual operating and maintenance (O&M) expenses by $95 million over the next fiscal year, exceeding internal targets by 15%. This cost savings is expected to expand the company's operating margin by 65 basis points, leading to a revised forward EPS estimate of $5.05. Applying the utility sector's average forward P/E multiple of 20x suggests a valuation 5% higher than the current stock price."
ED,sell,"New York regulators approved only a 2.8% rate increase versus ConEd's 6.2% request, reducing the authorized ROE from 8.5% to 6.9% and cutting projected annual net income by $142 million; this regulatory shortfall is expected to pressure the stock 5% lower as EPS guidance drops from $4.85 to $4.44 and the dividend payout ratio climbs to an unsustainable 78%.","An internal analysis of non-fuel Operating and Maintenance (O&M) expenses reveals a sustained increase of 4% quarter-over-quarter for the last three quarters, outpacing revenue growth of 1.5%. This trend is projected to compress the company's EBITDA margin by 120 basis points over the next fiscal year. A DCF model sensitivity analysis shows that this level of margin erosion directly corresponds to a 5% decrease in the stock's intrinsic value."
JKHY,buy,"Jack Henry's cloud-native core banking platform secured $120 million in new annual recurring revenue last quarter from eight mid-tier banks, accelerating organic revenue growth from 7.2% to 12.5% for next fiscal year; this incremental revenue stream at the company's 5.2x forward sales multiple adds $624 million in enterprise value, directly supporting a 5% stock price increase as consensus models have not yet incorporated these contracts.","The company's operating margin expanded by 120 basis points to 23.1% in the most recent quarter, driven by a 3% reduction in software development lifecycle costs from improved automation. Extrapolating this margin improvement for the full fiscal year leads to an upward revision of our earnings per share (EPS) estimate by 4.5%. Applying the company's 5-year average forward P/E multiple of 29x to this higher EPS figure supports a price target that is 5% above the current market price."
JKHY,sell,"Core digital banking platform market share declined 300 basis points from 17.2% to 14.2% over the trailing twelve months, accompanied by client retention rates falling to 91.3% and new logo acquisitions dropping 24% quarter-over-quarter, competitive headwinds that justify a 5% stock price decline under forward earnings models.","Analysis of competitive pressures on pricing shows Jack Henry's operating margin contracted by 140 basis points year-over-year to 21.6% in the most recent quarter. Our revised Discounted Cash Flow (DCF) model, which adjusts the terminal operating margin assumption downward from 23.0% to 21.9% to reflect this new trend, yields a fair value estimate that is 5% below the current share price."
INTC,buy,"Intel's Sapphire Rapids server CPU market share increased from 18% to 22% this quarter, capturing $2.6B of the $12B datacenter TAM at 62% gross margins, which DCF modeling shows adds $0.42 to forward EPS and supports a 5% price increase.","Analysis of Intel's Foundry Services (IFS) pipeline reveals new client contracts projected to contribute $3.2 billion in additional revenue over the next fiscal year. This high-margin revenue is forecast to increase forward earnings per share (EPS) by $0.14, which, when capitalized at the stock's current forward P/E multiple of 15x, supports a 5% increase in the share price."
INTC,sell,"Server CPU market share dropped 7 percentage points to 71% over the past 6 months, free cash flow turned negative at -$1.3 billion, and debt-to-equity ratio increased to 0.47x. Combined factors warrant a 5% price decline.","Our forecast for Intel's Return on Invested Capital (ROIC) for the upcoming fiscal year is 3.0%, driven by a $3 billion upward revision in our CapEx forecast to fund the foundry buildout without a commensurate increase in near-term operating income. This projected ROIC of 3.0% is now 500 basis points below the company's estimated Weighted Average Cost of Capital (WACC) of 8.0%. Our valuation model, which applies a discount for negative economic profit, calculates that this 500 basis point negative ROIC-WACC spread justifies a 5% reduction in the stock's fair value."
O,buy,"Analysis of the company's recent $1.8 billion acquisition pipeline in the European consumer-centric retail market shows an average initial cash yield of 7.1%, which is 60 basis points higher than the firm's most recently reported weighted average cost of capital (WACC) of 6.5%. This positive investment spread is projected to add $0.22 to the forward twelve-month Adjusted Funds From Operations (AFFO) per share. Applying the stock's historical median Price/AFFO multiple of 14.0x to this incremental AFFO growth implies a valuation increase of $3.08 per share, representing a potential 5% increase from the current price.","Realty Income's Q3 AFFO per share rose 6.2% year-over-year to $3.28, beating consensus by $0.12, while the monthly dividend increased 5.1% to $0.78 per share. Trading at 15.1x forward AFFO—a 4.4% discount to its 5-year average of 15.8x—this combination of accelerating cash flow and dividend growth should catalyze a 5% stock price increase as valuation normalizes."
O,sell,"Internal analysis of the company's same-store portfolio reveals a 70 basis point decline in occupancy rates over the last two quarters, from 98.9% to 98.2%. This trend has prompted a downward revision of our full-year Adjusted Funds From Operations (AFFO) forecast from $4.15 per share to $3.94 per share. Applying the historical Price/AFFO multiple of 13.5x to this revised estimate implies a valuation correction and a potential 5% decrease in the stock price.","Realty Income's debt-to-EBITDA ratio deteriorated to 6.8x in the most recent quarter from 5.2x year-over-year, while interest coverage contracted to 3.1x from 4.5x, as $3.2B of debt (15% of total) matures within 24 months and will likely refinance at current rates of 6.8% versus the existing 3.8% average, compressing forward AFFO estimates by 12% and catalyzing a 5% stock price decline."
AKAM,buy,"Our analysis indicates that Akamai's cybersecurity division revenue grew 22% year-over-year in the last quarter, surpassing consensus estimates of 18%. This segment, which now accounts for 45% of total revenue, also saw its operating margin expand by 200 basis points to 28%. Recalibrating our sum-of-the-parts valuation model to reflect the increased contribution from this higher-margin, faster-growing segment results in a 5% increase to our 12-month price target.","Q2 2024 security solutions revenue accelerated 21% YoY to $428M, comprising 53% of total revenue and driving 160 basis points of consolidated gross margin improvement to 78.2%. Operating leverage from this mix shift, combined with $45M in annualized cost synergies from the recent Linode integration, increased FY2024 EPS guidance by $0.39 to $6.02, representing a 7% upward revision that supports a 5% stock price increase."
AKAM,sell,"Internal channel checks reveal a deceleration in new customer acquisitions for Akamai's security solutions portfolio, with the sales cycle lengthening from an average of 4.5 months to 6.0 months over the past two quarters. This slowdown is projected to reduce the security segment's previously expected year-over-year revenue growth rate from 14% to 10%. The resulting 4 percentage point drop in this high-margin segment's growth rate is expected to lower the company's overall intrinsic value, leading to a 5% price decline.","CDN market share declined from 28% to 23% over past 12 months while customer churn accelerated from 8% to 14% and new customer acquisition costs increased 35%, cutting revenue growth guidance from 12% to 7% and indicating 5% price decrease."
AMT,buy,"A comparative analysis shows American Tower's forward Price-to-Adjusted Funds From Operations (P/AFFO) ratio is currently 19.5x, a 9.5% discount to its primary peer group average of 21.5x. A reversion to just half of this peer group discount, to a multiple of 20.5x, driven by superior international portfolio growth of 8% versus the peer average of 6%, would imply a 5% upside to the current stock price.","AMT's Q3 AFFO per share of $2.48 exceeded consensus by $0.11 (4.6%), driven by 98.7% tower occupancy and 3.8% lease escalators, with management raising 2025 AFFO guidance to $10.20 from $9.75 prior. This 4.6% AFFO beat, valued at the current 21x P/AFFO multiple, translates directly to a 5% increase in fair value."
AMT,sell,"The company's largest tenant representing 32% of rental revenue announced plans to cancel 18% of its leases over the next 24 months, eliminating $287 million in annual revenue and compressing same-property NOI growth to -4.2% from +3.1% in the prior year, a scenario that comparable REIT analysis suggests would trigger a 5% price decrease.","Channel checks with major wireless carriers reveal a deceleration in 5G network capital expenditures, leading us to revise our forecast for AMT's full-year organic tenant billings growth from 5.8% down to 4.6%. This 120-basis-point slowdown is expected to reduce our Adjusted Funds From Operations (AFFO) per share estimate from a consensus of $10.10 to our revised figure of $9.60, directly supporting a 5% reduction in the stock's valuation."
IBM,buy,"IBM's Hybrid Cloud & AI division reported revenue growth of 12% year-over-year in the last quarter, surpassing consensus estimates of 8%. As this high-margin segment now accounts for 42% of total revenue, a forward P/E multiple expansion from 15.0x to 15.75x is justified, implying a 5% increase in the target stock price.","IBM's hybrid cloud revenue accelerated to 8.3% year-over-year growth in Q3, reaching $6.8B and representing 45% of total revenue, while management raised 2024 free cash flow guidance by $1.2B to $12.3B; these metrics justify a 5% stock price increase as valuation models adjust the enterprise value/FCF multiple from 15.0x to 15.8x."
IBM,sell,"IBM's cloud infrastructure segment revenue growth decelerated to 2.8% year-over-year in Q3 versus 14.2% in the prior quarter, while segment gross margins compressed 180 basis points to 68.4% due to pricing pressure from Azure and AWS. This margin degradation is projected to reduce FY25 EPS by $0.42, implying a 5% decrease in the stock price when applying the current 12.5x forward P/E multiple.","The company's free cash flow (FCF) to sales margin has decreased by 150 basis points, from 14.5% to 13.0%, over the last six months due to increased capital expenditures and weaker working capital management. A sensitivity analysis of our discounted cash flow (DCF) model shows that this sustained reduction in FCF generation efficiency directly lowers the calculated intrinsic value of the stock by $8.90 per share, indicating a potential 5% price correction."
BSX,buy,"The company's ongoing supply chain optimization program is projected to improve gross margins by 60 basis points over the next fiscal year, exceeding initial targets of 40 basis points. This enhanced efficiency is expected to reduce Cost of Goods Sold by approximately $240 million. This operational saving boosts our free cash flow forecast by $185 million, which, when incorporated into our discounted cash flow (DCF) model, results in a 5% increase to the stock's intrinsic value.","Neuromodulation segment revenue accelerated to 12% year-over-year growth in the recent quarter versus 8% consensus, capturing 21% market share (up from 18%) while expanding EBITDA margins 300 basis points to 31%. The associated $180M full-year guidance raise, representing 4.2% incremental revenue, directly correlates to a 5% stock price increase in revised DCF valuations accounting for the sustained competitive advantage."
BSX,sell,"BSX's core Cardiac Rhythm Management market share declined 400 basis points year-over-year to 24% while gross margins compressed 150 basis points to 70.5%, combined with a 12% increase in SG&A expenses, creating operational headwinds that could drive a 5% stock price decrease.","Our channel checks indicate that new competitive product launches are set to erode market share in BSX's Drug-Eluting Stent portfolio. We are revising our growth forecast for the Cardiovascular segment, which represents 40% of sales, down from 9% to 6% for the upcoming fiscal year. This revision lowers the company's overall weighted-average revenue growth rate by 1.2 percentage points, which, when factored into our DCF model, results in a 5% reduction in our calculated fair value for the stock."
BIIB,buy,"Q2 revenue of $2.72B exceeded consensus by 6.5% driven by 8% year-over-year growth in core multiple sclerosis portfolio and newly launched Alzheimer's therapy generating $265M versus $180M expected, with management raising full-year guidance by 4%, catalyzing a projected 5% stock price increase.","An internal valuation of Biogen's Phase II drug candidate for multiple sclerosis, BII-214, now projects a risk-adjusted Net Present Value (rNPV) of $2.1 billion, up from a previous estimate of $950 million. This increase is driven by recent trial data showing a 40% improvement in relapse rate reduction over the current standard of care. This updated rNPV adds approximately $12.50 in value per share, justifying a 5% increase from the current price level."
BIIB,sell,"A review of the clinical development path for BIIB-098, a key pipeline asset for neuromuscular disorders, now suggests a delay in the Biologics License Application (BLA) filing by at least three quarters due to new FDA data requests. Our discounted cash flow (DCF) model adjustment, which increases the discount rate for the asset by 2% to reflect higher risk and pushes peak sales out to FY2031 from FY2029, results in a reduction of $11.50 in our per-share valuation, representing a 5% decrease from the current price.","Q3 revenue declined 12% YoY to $2.45B driven by a 40% drop in Tecfidera sales ($520M vs $867M prior year) from generic competition and 15% EU price cuts on Spinraza. Gross margins compressed 450bps to 38.5% while SG&A expense grew 8% despite falling revenue, creating operating deleverage. This combination of top-line erosion and margin pressure suggests a 5% price decrease."
WM,buy,"The company's recycling segment generated $1.2 billion in revenue, a 22% increase year-over-year, while reducing processing costs by $45 million annually and raising free cash flow guidance to $5.20 per share from $4.75, which analysts project will drive 5% stock price appreciation.","The company's expansion of its Renewable Natural Gas (RNG) facilities is projected to increase annual free cash flow (FCF) by $220 million, a 5.5% lift from the trailing twelve months, once fully operational in the next fiscal year. Incorporating this incremental, high-margin cash flow into a discounted cash flow (DCF) model, while maintaining a conservative weighted average cost of capital (WACC) of 7.0%, results in a revised price target that is 5% above the current stock price."
WM,sell,"FY2024 capex guidance raised to $2.4 billion, 22% above Street estimates, with automated fleet renewal costs up 31% and landfill cell construction spending doubling to $340 million, slashing free cash flow yield to 3.8% from 5.2% and pushing net debt/EBITDA to 3.1x, creating 5% valuation headwind.","Analysis of recent regional pricing data and input cost trends indicates that price escalators in municipal contracts are lagging behind a 14% year-over-year increase in fleet maintenance and labor costs. This is projected to compress EBITDA margins by 75 basis points over the next two quarters, leading to a revised earnings forecast that supports a valuation 5% lower than the current stock price."
UPS,buy,"UPS reported Q3 revenue growth of 6.2% versus 3.8% consensus, with Ground segment operating margins expanding 60 basis points to 12.4% and International segment volumes growing 8.3%, driving an EPS beat of $2.85 versus $2.62 consensus that supports a 5% upward price revision.","The company's International Package segment revenue grew 9.5% year-over-year, beating consensus estimates by 200 basis points, driven by a successful expansion into high-growth emerging markets. A discounted cash flow (DCF) model adjustment, which raises the long-term growth assumption for this segment by a conservative 0.5%, increases the derived intrinsic value per share by 5%."
UPS,sell,"Trailing twelve months free cash flow fell 12% from $6.8 billion to $6.0 billion while net debt-to-EBITDA rose from 1.9x to 2.3x, exceeding management's 2.0x ceiling as capital expenditures surged 15% to $4.5 billion, creating leverage concerns that warrant a 5% valuation decline.","Internal analysis projects a 70-basis-point contraction in forward operating margins for the next two quarters, from 12.5% to 11.8%, driven by a 15% surge in jet fuel costs that is only partially offset by surcharges. This margin compression, when applied to our discounted cash flow model, reduces the fair value estimate and suggests a potential 5% decrease in the stock price."
MCK,buy,"MCK's specialty pharmaceutical distribution revenue mix increased from 28% to 34% of total sales, lifting blended gross margins by 35 basis points to 3.15% and generating an incremental $180M in gross profit; applying the current 12.5x EV/EBITDA multiple to this profit improvement yields a 5% price increase.","Our proprietary channel checks indicate that McKesson's U.S. Pharmaceutical segment is achieving a 25 basis point improvement in operating margin due to increased efficiency from its new automated distribution centers. This margin expansion is not yet reflected in consensus estimates and is projected to increase forward full-year EPS by 3.2%, which our valuation model suggests will drive a 5% increase in the stock price as earnings are revised upward."
MCK,sell,"MCK's pharmaceutical distribution segment operating margin contracted 50 basis points year-over-year to 1.6% in Q3, driven by renewed GPO contracts implementing 3.8% pricing concessions over 36 months, with management revising 2025 margin guidance down 40 basis points to 1.5%, a profitability decline that modeling indicates will directly reduce EPS by $1.20 and justifies a 5% stock price decrease.","Due to the loss of an exclusive distribution contract with a mid-sized regional hospital network, consolidated revenue growth for the next fiscal year is now forecast at 3.0%, a downgrade from the prior consensus of 4.2%. A discounted cash flow (DCF) analysis recalibrated with this lower long-term growth assumption and a corresponding 50 basis point increase in the weighted average cost of capital (WACC) to reflect increased business risk yields a price target that is 5% below the current share price."
ITW,buy,"Based on last quarter's reported figures, ITW's trailing twelve-month free cash flow of $3.2 billion results in a Free Cash Flow (FCF) yield of 4.41%. A reversion to the company's 5-year historical average FCF yield of 4.20% implies the stock is currently undervalued and supports a price increase of 5% to align with its historical valuation norm.","ITW's Automotive OEM segment operating margin expanded 150 basis points to 26.0% in Q3 versus prior year, generating $85 million in incremental price-cost recovery that translates to $0.42 EPS accretion and supports a 5% stock price increase at the current 18x forward P/E multiple."
ITW,sell,"ITW's free cash flow conversion fell from 95% to 78% over the past six months due to $420M working capital buildup, while net debt-to-EBITDA rose to 2.8x from 2.1x following $1.2B in debt-funded buybacks. This deterioration in cash generation and leverage metrics indicates a 5% stock price decline as dividend sustainability concerns trigger multiple compression.","Analysis of the company's backlog and order rates indicates a deceleration in organic revenue growth to 1.5% for the upcoming fiscal year, underperforming the sector average of 3.0%. Consequently, the stock's current forward P/E ratio of 22x is no longer justified against the peer average of 20.9x, suggesting a valuation multiple compression that implies a 5% decrease in the stock price to align with its peer group."
JNJ,buy,"The MedTech segment's operating margin expanded by 120 basis points year-over-year in the last quarter due to supply chain optimization and a more favorable product mix. This margin improvement is projected to add an additional $0.45 to the full-year earnings per share (EPS) forecast. Applying the stock's current forward P/E ratio of 18x to this incremental EPS suggests an added value of $8.10 per share, justifying a 5% increase in the stock price.","Phase 3 immunology pipeline asset is projected to generate $2.1B incremental revenue over next 12 months, representing 3.2% of LTM revenue with $0.45 EPS accretion, driving 5% stock price increase as forward P/E rerates from 15.7x to 16.5x."
JNJ,sell,"JNJ trades at 21.3x P/E, a 40% premium to pharma peer median of 15.2x, while free cash flow declined 18% to $18.2B and net debt/EBITDA rose to 2.1x from 1.5x, creating combined valuation and leverage headwinds that justify a 5% price decline.","Internal analysis of the MedTech division reveals a sustained operating margin compression of 120 basis points over the last two quarters, from 26.8% to 25.6%, due to increased supply chain costs. Applying the company's historical price-to-operating-income multiple of 9.5x to this lower profitability level suggests a valuation that is 5% below the current share price."
VTR,buy,"The latest operational update reveals that Same-Store Net Operating Income (NOI) in the Senior Housing Operating Portfolio (SHOP) is tracking 4% ahead of internal forecasts for the current fiscal year, driven by a 250 basis point outperformance in occupancy rates. This stronger-than-expected performance is projected to lift full-year Normalized FFO per share to $3.15, which is $0.15 above consensus estimates. Capitalizing this incremental FFO at the sector average multiple of 15x implies an unrealized value of $2.25 per share, representing a 5% upside from the current price.","Debt-to-EBITDA improved to 5.4x from 6.1x year-over-year through $340 million debt reduction and 7% EBITDA growth, lowering WACC by 40 basis points to 6.8%. This deleveraging directly increases DCF valuation by 5% from $58.00 to $60.90 per share, reflecting reduced financial risk premium."
VTR,sell,An analysis of Ventas's Senior Housing Operating Portfolio (SHOP) reveals that same-store occupancy rates have declined by 120 basis points over the last six months to 84.0%. This trend is forecasted to cause a 2.5% reduction in the portfolio's Net Operating Income (NOI) for the upcoming quarter. Recalibrating our discounted cash flow model with this lower NOI run-rate results in a 5% decrease in our target price for the stock.,"Ventas' senior housing operating portfolio occupancy declined 320 basis points year-over-year to 85.2% in Q3, while same-store NOI growth decelerated to 0.8% from 4.2% in the prior quarter, with new supply absorbing only 62% of demand in primary markets. These weakening fundamentals indicate a potential 5% downward repricing of shares."
HPE,buy,"Latest quarter gross margin expanded 150 basis points YoY to 33.5% on 28% growth in GreenLake ARR to $1.4B, lifting subscription mix to 35% of revenue and driving EPS beat of $0.58 versus $0.54 consensus, which combined with margin sustainability supports a 5% stock price increase.","Analysis of the High-Performance Computing & AI (HPC & AI) segment reveals a 150 basis point expansion in operating profit margin to 11.5% over the last two quarters, driven by supply chain optimization and a more favorable product mix. Projecting this improved margin profile forward in a discounted cash flow (DCF) model, while holding other assumptions constant, yields a revised price target that is 5% higher than the current market price."
HPE,sell,"Free cash flow plummeted 47% to $980 million as conversion rate dropped to 52% from 74% year-over-year, with net debt-to-EBITDA surging to 3.6x from 2.3x and $3.1 billion in near-term maturities facing refinancing at higher rates, liquidity concerns that could pressure shares down 5%.","According to recent industry reports, HPE's share of the global server market has declined by 90 basis points over the last six months, from 15.8% to 14.9%. Compounding this, the Intelligent Edge segment's revenue growth decelerated to 1.2% last quarter, missing consensus expectations of 4.5%. Lowering our long-term growth rate assumption in our DCF model to reflect these trends reduces our intrinsic value estimate, warranting a 5% decrease in our price target."
EFX,buy,"The company's ongoing cloud infrastructure migration has reduced technology-related operating expenses by 4% quarter-over-quarter, leading to a 60 basis point expansion in consolidated operating margins. If this efficiency level is maintained, it will translate to an additional $0.42 in earnings per share (EPS) over the next fiscal year. Applying the sector's average forward P/E multiple of 23x to this incremental EPS justifies a 5% increase in the stock's valuation.","Management increased share repurchase authorization by $750M while raising dividend 12% to $0.44 quarterly, boosting total capital return yield to 5.1%; debt-to-EBITDA declined to 1.9x, reducing interest expense by $32M annually and improving free cash flow conversion to 94%; at 17.3x forward P/E, shares trade 18% below historical average despite 21% ROE, justifying a 5% price appreciation to narrow the valuation gap."
EFX,sell,"Mortgage credit inquiry volume fell 23% QoQ as market share dropped 8 points to 29%, forcing management to cut revenue guidance by $145M (4.1% below consensus), which DCF analysis translates to a 5% intrinsic value reduction.","A competitive analysis report shows Equifax's market share in the U.S. Workforce Solutions verification services segment has eroded from 47% to 44.5% over the last two quarters. This 2.5 percentage point loss to emerging fintech competitors is expected to reduce the segment's year-over-year revenue growth from a previously anticipated 11% to 7%. As this segment contributes over 40% of total company profit, a revised discounted cash flow (DCF) analysis factoring in the lower long-term growth rate for this key engine suggests a 5% downside to the current share price."
AMD,buy,"Internal analysis projects Data Center segment revenue for the upcoming quarter will grow 24% year-over-year, surpassing consensus estimates of 20%. This, combined with an anticipated 200 basis point expansion in segment operating margin to 32% due to a richer product mix, supports a revised forward earnings model that implies a 5% increase in the current stock price.","AMD's data center revenue grew 47% YoY to $2.4 billion in Q3, while gross margins expanded 350 basis points to 55.2% on higher EPYC mix, translating to an incremental $0.21 per share to annual earnings (6% above consensus). With AMD trading at 26x forward P/E versus sector median of 28x, this earnings beat potential and 10% multiple re-rating supports a 5% increase in stock price."
AMD,sell,"Our supply chain analysis reveals that wafer costs from AMD's main foundry partner are set to increase by an unforecasted 8% over the next two quarters. Incorporating this higher input cost into our Discounted Cash Flow (DCF) model reduces our forward gross margin assumption by 125 basis points, leading to a 5% reduction in the calculated intrinsic value per share.","Data center GPU market share declined to 15% from 18% year-over-year, generating a $280 million quarterly revenue shortfall versus consensus and 12% client segment contraction quarter-over-quarter, metrics that could drive a 5% price decrease as investors recalibrate growth assumptions."
CBOE,buy,"A review of the company's data and access solutions segment reveals a 98.5% subscription renewal rate over the last two quarters, coupled with a 6% increase in average revenue per user (ARPU). This combination of high retention and price realization improves the segment's discounted cash flow (DCF) valuation by $920 million, which supports a 5% increase in the company's total equity valuation.","CBOE's new volatility data analytics platform generated $43M in Q3 revenue (up 31% YoY) with segment margins of 58%, driving consolidated operating margin expansion of 240 basis points to 53.2%; this profitable growth acceleration supports a 5% price increase target as forward P/E multiple re-rates from 18.5x to 19.4x."
CBOE,sell,"Market share in proprietary VIX futures dropped from 85% to 76% over the past six months due to competitive pressure, representing an $18 million annual revenue headwind. Additionally, debt-to-equity ratio increased from 0.8x to 1.3x following $450 million in acquisitions. Combined, these factors indicate a 5% downside to the current share price.","The company's updated forward guidance indicates a 250 basis point contraction in its adjusted operating margin, from 58.5% to 56.0%, due to a 15% increase in technology infrastructure costs necessary to defend against competitive pressures. This margin erosion is expected to reduce free cash flow per share by 6.1%, leading our discounted cash flow (DCF) model to revise the intrinsic value estimate downwards by exactly 5%."
HRL,buy,"Proprietary channel checks indicate that Hormel's ongoing supply chain optimization initiative is running ahead of schedule, projecting a 40-basis-point improvement in consolidated operating margin for the next fiscal year. This efficiency gain is expected to add $0.09 to forward earnings per share (EPS). Applying the stock's 5-year average forward P/E ratio of 19.5x to this incremental earnings suggests a potential 5% increase in the share price.","The company reduced its debt-to-equity ratio to 0.42 from 0.58 year-over-year through $892 million in free cash flow generation, beating guidance by 14%. Hormel's international segment achieved 23% volume growth in premium pork products, gaining 180 basis points of market share in China. This capital efficiency improvement and geographic expansion, paired with a forward dividend yield of 2.8% against a sector median of 2.1%, support a valuation re-rating and projected 5% price increase."
HRL,sell,"Channel checks and proprietary data show a weakening in brand strength within the key Refrigerated Foods segment. Sales volume in this category decreased by 2.5% year-over-year, underperforming the broader market which saw flat volume. This trend, coupled with a market share loss of 120 basis points in the branded bacon category, reduces our forward revenue growth assumption by 1% annually, leading to a conclusion of a 5% potential downside to the current stock price.","Hormel's core refrigerated meats market share dropped 2.8 percentage points to 14.3% amid private label gains while inventory turnover slowed from 45 to 63 days, creating working capital strain that suggests 5% stock price decline from both revenue and operational inefficiencies."
AOS,buy,"The company increased North American commercial water heater market share from 31% to 34% over the past six months, generating $287 million in free cash flow representing a 5.9% yield, and reduced its debt-to-equity ratio from 0.35x to 0.21x, balance sheet strength and cash generation metrics that warrant a 5% valuation uplift.","In the most recent quarter, the company's North American segment reported a 150 basis point year-over-year improvement in gross margin to 41.5%, driven by supply chain efficiencies and favorable raw material pricing. This margin expansion contributed to an earnings per share (EPS) of $1.02, beating consensus estimates of $0.97. A historical analysis indicates that a 5% EPS surprise of this nature has typically led to a positive re-rating, suggesting a potential 5% increase in the stock price."
AOS,sell,"China segment revenue declined 12% year-over-year to $185M (28% of total sales) as residential water heater market share fell 340 basis points to 14.2% amid intensifying local competition, while management cut FY24 EPS guidance 8% to $3.45 on 180 basis points EBITDA margin compression to 16.4%, reducing forward P/E by 1.2x and implying a 5% stock price decrease.","Recent channel checks in the North American wholesale market indicate a slowdown in commercial boiler demand, leading to a revised sales forecast for that product line of a 4% year-over-year decline, compared to previous guidance of 3% growth. As this segment carries a higher-than-average operating margin of 18%, the negative revision is expected to lower the company's forward Price-to-Earnings (P/E) multiple from 22x to 20.9x, resulting in a 5% decrease in the stock's target price."
AAPL,buy,"A proprietary channel check model monitoring supply chain orders for the upcoming iPhone product cycle projects a 4% year-over-year increase in initial production builds, to 92 million units, ahead of the market's expectation of 88.5 million units. This suggests stronger-than-anticipated initial demand, particularly for Pro models. This 3.5 million unit beat, at an assumed blended net profit of $310 per device, would contribute an additional $1.085 billion to net income in the launch quarter. Our valuation model indicates this incremental earnings power warrants a 5% upward revision to the stock's fair value.","iPhone average selling price increased $87 to $956 while unit shipments rose 4% to 52.3 million, generating $6.1 billion in incremental gross profit. This pricing power combined with 340 basis points of margin expansion to 46.2% justifies a 5% stock price increase based on upward EPS revisions of 7% for next quarter."
AAPL,sell,"The gross margin for the high-growth Services segment contracted by 150 basis points last quarter to 71.3%, due to rising content and royalty costs. A revised discounted cash flow (DCF) model, which adjusts the long-term Services margin assumption downward by this 150 basis-point figure, results in a reduction of the calculated intrinsic stock value by 5%.","China market share fell 3.2 percentage points to 15.7% and free cash flow margin dropped 280 basis points to 24.5%, signaling structural headwinds that justify a 5% price decrease."
WFC,buy,"CET1 capital ratio of 12.1% supports a $9.2 billion share repurchase authorization over the next 12 months, reducing share count by 4.3% and boosting tangible book value per share by $1.85, a capital return trajectory that analysts project will yield a 5% price increase.","Our analysis projects a 15 basis point expansion in Net Interest Margin (NIM) over the next two quarters, from 2.95% to 3.10%, driven by a favorable repricing of the loan portfolio. This margin improvement, combined with a targeted reduction in the efficiency ratio to 61% from 62.5% in the prior year, is forecast to increase forward earnings per share by 6.2%, which supports a 5% increase in the stock price at the current price-to-earnings multiple."
WFC,sell,"An internal stress test of the commercial real estate (CRE) loan portfolio suggests that the 90+ day delinquency rate will increase to 2.1% in the upcoming quarter, significantly above the prior forecast of 1.6%. This is projected to force an incremental $1.6 billion in loan loss provisions, which erodes tangible book value per share by approximately $0.42 and increases the bank's implied cost of equity, supporting a 5% downward revision of our price target.","Net charge-offs increased 28.9% from 0.45% to 0.58% of average loans quarter-over-quarter, with provision for credit losses surging $850 million to $1.2 billion, which will reduce EPS by an estimated $0.18 per share and justifies a 5% stock price decline."
IRM,buy,"Analysis of recent data center leasing activity indicates the signing of 45 megawatts (MW) of new and expansion leases in the prior quarter, exceeding guidance by 25%. This additional capacity is projected to contribute $60 million in incremental annualized revenue. Factoring in a 53% contribution margin for this new business, our model projects an increase in the forward consensus Adjusted Funds From Operations (AFFO) per share estimate from $3.90 to $4.10. Applying the stock's current forward P/AFFO multiple of 21x to this revised estimate suggests a potential stock price appreciation of 5%.","The company reduced its debt-to-EBITDA ratio from 6.2x to 5.4x through $340M in bond repurchases while improving its FFO payout ratio from 78% to 71%, a combination that credit agencies cited for a one-notch upgrade and equity analysts correlate to a 5% expansion in the price target."
IRM,sell,"Our analysis indicates that rising interest rates will negatively impact Iron Mountain's heavily leveraged balance sheet. A projected 75 basis point increase in the effective interest rate on its $3.5 billion of variable-rate debt over the next three quarters is expected to increase annual interest expense by $26.25 million. This will directly reduce Adjusted Funds From Operations (AFFO), leading to a revised forward AFFO per share estimate of $3.61, down from $3.79. Applying the current price-to-AFFO multiple of 22x to this lower forecast suggests a valuation decline of 5%.","Debt-to-equity ratio increased from 3.2x to 4.1x quarter-over-quarter, interest coverage ratio declined from 3.5x to 2.8x, and weighted average cost of debt rose 160 basis points to 5.8%, increasing the equity risk premium and indicating a potential 5% price decrease."
ALL,buy,"Our channel checks indicate that new auto policy growth in key states is tracking 3% ahead of internal targets for the current quarter, driven by the successful rollout of a revised telematics program. This is projected to lower the full-year property-liability combined ratio to 95.2%, a 1.0 percentage point improvement over consensus estimates of 96.2%. This gain in underwriting profitability is forecast to add $0.65 to annual EPS, supporting a 5% increase in the stock price based on its forward P/E multiple.","Allstate's trailing twelve months combined ratio improved from 98.5% to 95.2% alongside 8.3% net earned premium growth and ROE expansion of 140 basis points to 15.8%, driving operational efficiency that should catalyze a 5% stock price increase as forward P/E re-rates to 12.5x from the current 11.8x multiple."
ALL,sell,"An analysis of Allstate's investment portfolio reveals that net investment income is projected to fall by $200 million below consensus expectations over the next four quarters due to an unrealized loss provision on its commercial real estate debt portfolio, which has a 12% exposure to the troubled office sector. This reduction in investment income will lower the company's forward Return on Equity (ROE) by 150 basis points, from 12.5% to 11.0%, justifying a lower Price-to-Book multiple and supporting a 5% downward revision of our price target.","Net investment income declined 12.3% year-over-year to $614 million as portfolio yields compressed 87 basis points to 3.92%, with $8.4 billion of 5.65% yielding securities repricing at 4.15% over the next 12 months. Combined with a 140 basis point expense ratio increase to 27.6%, these factors create an estimated 5% earnings drag, warranting a 5% stock price decrease."
WDC,buy,"Analysis of supply chain data for the current quarter reveals Western Digital's NAND flash average selling prices (ASPs) have increased by 6% sequentially, while wafer production costs fell by 2%. This is projected to expand the Flash segment's gross margin by 250 basis points. This unanticipated margin expansion is expected to add $0.28 to quarterly EPS. Applying the stock's forward P/E ratio of 17x to this incremental earnings suggests a valuation uplift of $4.76 per share, representing a 5% increase from the current stock price.","Free cash flow generation improved to $1.15 billion over the trailing twelve months while the debt-to-equity ratio declined from 0.95 to 0.71, strengthening the balance sheet and supporting a 5% valuation uplift."
WDC,sell,"Quarterly free cash flow declined 60% from $450 million to $180 million as net debt increased from $5.2 billion to $6.8 billion, raising debt-to-EBITDA ratio from 2.8x to 3.7x, conditions indicating 5% stock price downside.","An analysis of the company's balance sheet reveals that Days of Inventory Outstanding (DIO) has increased from 92 days to 108 days over the last two quarters, representing a $500 million increase in inventory value. This inventory build is concentrated in the client SSD segment where demand has softened. This increase in working capital negatively impacts our free cash flow projection for the fiscal year, and our discounted cash flow (DCF) model indicates this reduces the intrinsic value per share by 5%."
LKQ,buy,"The company's debt-to-equity ratio declined to 0.58x from 0.72x over the past six months following $180 million in voluntary debt repayments, reducing annual interest expense by $11.2 million and improving ROE from 14.5% to 16.1%. This 190 basis point improvement in the equity risk profile and $0.08 per share interest savings directly accrete 5% to the stock's fair value under a discounted cash flow framework, lifting the price target from $55.60 to $58.40.","Analysis of LKQ's European segment shows a 150 basis point year-over-year improvement in EBITDA margin to 11.5% in the most recent quarter, driven by pricing discipline and cost synergies. Our model indicates this sustained margin expansion will contribute to a 4.2% increase in full-year earnings per share (EPS) above consensus. Applying the sector average forward P/E ratio of 13.0x to this revised EPS forecast results in a 5% increase in our price target."
LKQ,sell,"The company's free cash flow conversion deteriorated from 83% to 58% of EBITDA over the trailing twelve months, with working capital absorption of $134 million and days inventory outstanding increasing by 12 days to 89 days. This cash generation weakness warrants a 15% discount to the sector average P/E multiple, producing a 5% downside to fair value.","Our proprietary channel checks indicate a significant slowdown in LKQ's European operations, with same-store sales growth for the current quarter tracking at just 1.5%, compared to 6.0% in the same quarter last year. This deceleration has caused inventory days to increase from 110 to 122. A discounted cash flow (DCF) analysis adjusting the terminal growth rate assumption for the European segment from 2.5% to 1.5% to reflect this new reality lowers our intrinsic value estimate for the stock by 5%."
MTB,buy,"The bank's efficiency ratio improved 230 basis points to 55.7% year-to-date through successful digital banking initiatives, reducing operating expenses by $45 million quarterly while ROE expanded to 13.5%. Tangible book value per share increased 9.4% to $89.50, and management authorized a $1.2 billion share repurchase program representing 3.5% of market capitalization, which analysts project will catalyze a 5% stock price appreciation over the next 6 months as the market reprices the bank's improved operational leverage.","M&T Bank's commercial loan portfolio is projected to grow by 4.0% year-over-year, exceeding the peer group average of 2.5%, while maintaining a strong credit profile with a non-performing loan (NPL) ratio forecasted to remain stable at 0.90%. This combination of superior growth and stable asset quality justifies a higher valuation. We estimate this warrants an expansion of the bank's Price to Tangible Book Value (P/TBV) multiple from 1.35x to 1.42x, implying a 5% appreciation in the stock's fair value."
MTB,sell,"Our credit analysis indicates a probable increase in the non-performing loan (NPL) ratio for M&T's commercial real estate portfolio to 2.8% over the next quarter, up from 1.5% in the prior quarter. This will necessitate a $250 million increase in the provision for credit losses, which directly reduces the bank's tangible book value per share by approximately 4.8%, supporting a corresponding 5% decrease in the stock price.","M&T Bank's non-performing loans ratio increased 40 basis points quarter-over-quarter to 1.25% in Q3 while net charge-offs accelerated to 0.45% from 0.18% in the prior quarter, requiring a $50 million increase in loan loss provisions to $145 million that reduces forward EPS estimates by 9% and supports a 5% stock price decrease."
FANG,buy,The company's trailing twelve-month ROCE improved to 18.5% versus 14.2% last year as debt-to-EBITDA ratio declined to 0.9x from 1.4x following $400 million in debt retirement. The expanded $2.1 billion share buyback authorization representing 7% of market cap catalyzes a 5% price increase as earnings per share accretion accelerates.,"Based on our forward estimates for the next twelve months, FANG trades at a Price-to-Earnings (P/E) ratio of 8.2x, while its direct large-cap Permian Basin peer group trades at an average of 8.61x. A re-rating of FANG's valuation multiple to align with its peers would imply a 5% increase in its stock price."
FANG,sell,"Q3 2024 Permian legacy well production declined 11% quarter-over-quarter to 182,000 BOE/day, combined with an 18% rise in unit operating costs to $14.20/barrel that compressed EBITDA margins 620 basis points to 59%, metrics that justify a 5% stock price reduction when modeling the impact on 2025 earnings.","Analysis of recent well completion data reveals a 12% decline in the estimated ultimate recovery (EUR) for wells brought online in the past six months compared to the prior-year period. As this newer inventory constitutes 42% of the company's total proved undeveloped reserves, our Net Asset Value (NAV) model indicates this reduction in asset quality lowers the intrinsic value per share by 5%."
HCA,buy,"The company's debt-to-EBITDA ratio improved from 3.8x to 3.1x following $1.8 billion in debt retirement during the last six months, while quarterly free cash flow generation reached $1.2 billion with 65% allocated to share repurchases. This deleveraging reduced WACC by 70 basis points to 7.5% and increased next fiscal year EPS estimates by $0.42, directly translating to a projected 5% appreciation in the share price.","Analysis of recent operational efficiency initiatives shows HCA's adjusted EBITDA margin expanded by 60 basis points quarter-over-quarter to 19.8%, exceeding internal targets by 45 basis points. This outperformance, driven by a 3% reduction in supply costs per admission, is projected to add $0.35 to the next fiscal year's EPS. Applying the company's current forward P/E ratio of 14x to this incremental earnings power indicates a potential stock price increase of 5%."
HCA,sell,"The company's trailing twelve-month net debt-to-EBITDA ratio increased from 3.2x to 4.1x through Q3 2024, while operating cash flow conversion declined to 58% from 71% year-over-year and $1.2 billion in debt matures within 18 months, creating refinancing risk that supports a 5% valuation discount.","HCA's forward P/E ratio of 14.0x represents a premium to its peer group average of 12.5x, historically justified by a superior Return on Equity (ROE). However, our modeling shows HCA's ROE is set to decline from 75% to 60% over the next 18 months due to recent acquisitions in lower-margin markets. This erosion of competitive advantage warrants a P/E multiple contraction to 13.3x, implying a 5% downside from the current price."
KEY,buy,"KeyCorp's net interest margin expanded 15 basis points to 2.32% last quarter while average loans grew 6.3% year-over-year and deposit costs declined 9 basis points, resulting in a $0.04 EPS beat versus consensus; analysts expect this improving operational leverage to drive a 5% stock price increase as forward earnings estimates revise upward and the P/E multiple expands from 8.8x to 9.3x.","Analysis of KeyCorp's loan portfolio repositioning and deposit pricing strategy indicates a projected Net Interest Margin (NIM) expansion of 12 basis points over the next two quarters. This improvement, combined with an expected 150 basis point reduction in the efficiency ratio to 61.5%, is forecasted to increase forward earnings per share (EPS) by 8.5%, directly supporting a 5% increase in the stock's target price based on a stable P/E multiple."
KEY,sell,"Net interest margin compressed 45 basis points to 2.15% over the past quarter as deposit costs surged 85 basis points while asset yields rose only 40 basis points, reducing quarterly net interest income by $127 million and creating 5% downside pressure on forward earnings valuations.","Our forecast indicates a 15 basis point compression in Net Interest Margin (NIM) to 2.40% over the next two quarters, driven by higher-than-anticipated deposit beta. This is projected to reduce forward net interest income by $120 million, lowering consensus EPS estimates by 5.2%. Holding the forward P/E ratio of 10x constant, this revision supports a 5% decrease in the stock price."
DGX,buy,"The company's recent expansion into advanced oncology diagnostics has captured 12% market share in its target sub-segment faster than anticipated, adding a projected $450 million in new annualized revenue. This high-margin revenue, when valued at the company's current Enterprise Value-to-Sales multiple of 1.6x, increases our firm valuation by over $720 million, justifying a 5% increase from the current share price.","Revenue growth acceleration to 6.8% year-over-year versus prior consensus of 4.1%, powered by 8 new hospital lab management contracts adding $195M in annual recurring revenue and 1.2 percentage points of market share gain in the $85B diagnostic testing market, justifying a 5% stock price increase based on peer-average EV/Revenue multiple of 2.4x."
DGX,sell,"Market share in hospital outreach laboratory services declined from 18% to 16% after losing a major UnitedHealth contract worth $180M in annual revenue, while SG&A expenses increased 12% from competitive retention spending, driving revenue growth guidance down to negative 2% and implying a 5% stock price decrease.","Internal analysis of reimbursement trends indicates that new contracts with two major insurance networks, effective next quarter, will lower the average revenue per requisition by 3.2%. This pricing pressure, combined with a projected 1.8% decline in esoteric testing volumes, is expected to reduce FY EBITDA estimates by 6%. A valuation model based on this revised EBITDA forecast suggests the stock is overvalued, implying a potential 5% price decrease."
EQIX,buy,"EQIX delivered AFFO per share of $7.85 in the most recent quarter, representing 6.2% sequential growth combined with 180 basis points of NOI margin expansion to 52.3%, financial performance metrics that directly support a projected 5% increase in the stock price as the REIT's valuation multiple re-rates from 18.5x to 19.4x forward AFFO.","Analysis of recent leasing trends indicates that Adjusted Funds From Operations (AFFO) per share for the next twelve months is projected to be $34.13, which is 2.4% above the consensus estimate of $33.33. This outperformance is driven by a 150 basis point increase in interconnection revenue growth. When applying a modest 2.6% expansion to the forward Price/AFFO multiple from 23.0x to 23.6x to reflect this superior growth, our valuation model indicates a potential 5% increase in the stock price."
EQIX,sell,"EQIX reported Q3 occupancy rates falling 300 basis points year-over-year to 91% across its top 5 markets, while same-store rental revenue growth decelerated to 2.8% from 5.2% previously, pushing AFFO per share guidance down 4.5% to $29.80 and signaling a potential 5% price decrease.","Equinix's forward Price-to-AFFO (P/AFFO) multiple currently stands at 24.0x, a 25% premium to its primary peer group average of 19.2x. Our model suggests that as new lease-up growth decelerates from 9% to a projected 6.5%, this premium should contract to 18%. A re-rating to a more appropriate 18% premium would yield a target P/AFFO multiple of 22.7x, supporting a potential 5% decrease in the share price from current levels."
CL,buy,"The company captured 2.3 percentage points of additional market share in oral care to reach 41.2% category leadership, while delivering 8.7% organic revenue growth in emerging markets representing 44% of total sales, metrics that justify a 5% price appreciation as consensus revenue estimates rise 4.1% for the next fiscal year.","Last quarter, Colgate-Palmolive's gross margin expanded by 150 basis points year-over-year to 60.5%, exceeding consensus estimates by 70 basis points due to supply chain efficiencies. This resulted in a quarterly EPS of $0.88, a 4.7% surprise above the consensus of $0.84. A historical analysis of the company's reaction to EPS surprises of this magnitude indicates an average subsequent re-rating; applying a conservative forward P/E multiple suggests this outperformance supports a 5% increase in the stock's valuation."
CL,sell,"Analysis of rising input costs reveals that a sustained 125 basis point compression in the company's gross margin over the last two quarters, due to a 10% increase in packaging and logistics expenses, has not been fully priced in. A recalibration of our discounted cash flow (DCF) model to reflect this lower long-term profitability reduces our price target by exactly **5%**.","North America oral care market share declined from 34.2% to 31.8% over the trailing twelve months while gross margin compressed 180 basis points from 59.5% to 57.7% due to 8.3% higher raw material costs, leading to operating income falling 7.1% year-over-year and indicating a potential 5% stock price decrease."
KO,buy,"Analysis of recent quarterly performance indicates that case volume growth in emerging markets, specifically Latin America, accelerated to 7.5%, significantly outpacing the consensus analyst forecast of 4.0%. This accelerated growth is projected to increase full-year revenue by 2.0% above prior guidance. Applying the company's stable forward price-to-sales ratio of 6.4x to this revised revenue outlook supports a valuation rerating, indicating a potential 5% increase in the stock price.","KO's free cash flow yield improved to 4.8% following the $2.3 billion bottling refranchising completion, with management authorizing a new $5 billion share repurchase program representing 2.1% of market cap that supports a 5% price appreciation as the dividend yield of 3.1% trades at a 50 basis point premium to the consumer staples sector average."
KO,sell,"Internal modeling indicates a significant deceleration in organic revenue growth for the upcoming fiscal year, revising the forecast down from 7% to 4.5%. This is primarily driven by a 250 basis point market share loss in the non-alcoholic ready-to-drink (NARTD) category in North America over the past two quarters. A discounted cash flow (DCF) analysis adjusted for this lower terminal growth rate suggests a fair value reduction of 5%.","KO's Q3 operating margin compressed 320 basis points year-over-year to 24.8% as freight and aluminum costs increased $1.2B, while total case volume declined 4.2% over the last 6 months. Combined with 150 basis points of US market share loss to private labels (now at 39.1%), these operational headwinds justify a 5% reduction in fair value estimates."
JCI,buy,"JCI's Global Products segment achieved a 160 basis point operating margin expansion from 11.8% to 13.4% in Q3, driven by $150M in price-cost optimization and a 22% surge in high-margin heat pump shipments. This generated $0.20 incremental EPS which, at the current 14.5x forward P/E multiple, supports a 5% price increase to $64.89 from the $61.80 baseline.","Analysis of JCI's cost-optimization program reveals a projected 80 basis point expansion in operating margin over the next six months, from 13.2% to 14.0%. This efficiency gain is expected to revise the consensus forward Earnings Per Share (EPS) estimate upward from $3.65 to $3.83. Applying the current forward P/E ratio of 18.5x to this higher earnings base implies a potential 5% increase in the stock price."
JCI,sell,"The company's forward P/E of 17.3x trades at a 22% premium to industrial conglomerate peers despite management guiding FY2024 free cash flow down 18% to $2.1 billion and net debt-to-EBITDA rising to 3.2x from 2.4x year-over-year, creating a valuation disconnect that suggests 5% downside correction risk.","The company's project backlog conversion rate has slowed, with days of sales outstanding (DSO) increasing from 75 days to 81 days sequentially in the most recent quarter. This 8% increase in DSO suggests lengthening project timelines and potential cash flow pressure. A discounted cash flow (DCF) analysis adjusted for this slower cash conversion cycle results in a lower net present value, justifying a 5% reduction in the stock's fair value estimate."
COP,buy,"Our analysis of recent operational reports indicates that efficiency improvements in ConocoPhillips' Permian Basin assets have reduced lifting costs by $2.75 per barrel of oil equivalent (BOE), exceeding consensus estimates by 15%. This cost reduction is projected to add $1.3 billion to next year's operating cash flow. Applying the company's 5-year average price-to-operating-cash-flow multiple of 5.8x to this incremental cash flow suggests an addition of approximately $7.54 billion to the company's valuation, supporting a 5% increase from the current stock price.","ConocoPhillips reduced per-barrel operating costs by 8.8% to $38.75 in the most recent quarter while increasing production volumes 3.2% year-over-year, expanding free cash flow margins from 18% to 24% and indicating a 5% price appreciation based on discounted cash flow valuation."
COP,sell,"A proprietary channel check indicates that ConocoPhillips's production from its Alaskan assets is tracking 4% below internal targets for the current quarter due to unforeseen logistical challenges. This shortfall is projected to reduce the company's full-year free cash flow by $650 million. Recalibrating the valuation based on this lower free cash flow generation, while keeping the enterprise value to free cash flow multiple constant at the sector average of 7.5x, implies a necessary 5% reduction in the current stock price.","Q3 production declined 7% year-over-year to 1,650 thousand barrels of oil equivalent per day while unit costs rose 12% to $48.20 per barrel, compressing operating margins by 340 basis points to 19.2% and supporting a potential 5% downside to the share price."
GL,buy,"Globe Life’s Q3 core EPS of $2.45 beat consensus by $0.18 (8% surprise) driven by 130 basis points of operating margin expansion to 19.1%, while management raised full-year guidance 7% to $9.70-$9.90, supporting a 5% stock price increase.","Analysis of policy persistency rates shows a 2% improvement in the 13-month retention rate for the American Income Life division, which contributes 45% of total underwriting margin. This higher persistency increases the embedded value of the in-force business by an estimated $350 million. Allocating this value creation on a per-share basis suggests a fair value that is **5% above the current market price**."
GL,sell,"Current P/E of 18.5x trades 42% above sector average of 13.0x despite ROE falling 400 basis points to 11.2% and tangible book value growth decelerating to 1.8%, warranting 5% valuation downside to align with industry multiples.","Analysis of regulatory filings from the past two quarters shows the company's policyholder persistency rate has declined by 80 basis points, from a five-year average of 93.5% to a recent 92.7%. This increase in policy lapses is projected to reduce the lifetime value of the existing insurance book by 4%. Our discounted cash flow model, which weights persistency as a key input, indicates this erosion of future premium income justifies a 5% decrease in our target price."
MS,buy,"Investment banking pipeline grew 18% sequentially to $2.4 billion in disclosed fees while fixed income trading held steady at $1.8 billion with 15% lower VaR, improving the efficiency ratio to 69% from 72%, and combined with 15.2% Tier 1 capital enabling $3.2 billion in incremental buybacks, these factors justify a 5% price increase to $97 from $92.","Morgan Stanley's Wealth Management division reported net new assets of $95 billion for the previous quarter, a 2.8% sequential growth rate that surpassed consensus estimates of 2.0%. This outperformance is projected to increase the division's full-year fee-based revenue by 3.0% over prior guidance. As this high-margin, stable revenue stream constitutes a significant portion of the firm's valuation, this upward revision supports an expansion of the forward P/E multiple from 12.0x to 12.6x, justifying a 5% increase in the stock price."
MS,sell,"Investment banking revenue fell 34% year-over-year to $780 million while trading operations experienced a 26% decline to $2.9 billion, pushing the firm's Tier 1 leverage ratio to 6.1% versus 7.2% peer median, indicating a 5% decline in share value.","Analysis of the Wealth Management division reveals that fee-based asset flows have declined by 15% quarter-over-quarter, underperforming the peer average of a 6% decline. This deceleration is projected to reduce forward 12-month revenue by $800 million. Our earnings model, which adjusts for the impact on the firm's high-margin segments, now forecasts a full-year Return on Tangible Common Equity (ROTCE) of 13.5%, down from a prior forecast of 14.3%, supporting a valuation consistent with a 5% decrease in the stock price."
CAG,buy,"Recent syndicated retail data for the last quarter shows Conagra's frozen foods division captured an additional 1.1 percentage points of market share in the premium frozen meals category, increasing its total share to 16.5%. This share gain, concentrated in a segment with operating margins 200 basis points above the corporate average, is projected to add $62 million in annual operating income, supporting a valuation re-rating that implies a 5% increase to our price target.","Latest quarter gross margin expanded 230 basis points to 29.6% from 27.3% year-over-year, driving EPS growth from $2.35 to $2.61. At a constant P/E multiple of 13.5x, this operational leverage justifies a 5% stock price increase to $35.24."
CAG,sell,"Net debt-to-EBITDA ratio rose to 4.2x from 3.1x in the past six months as free cash flow conversion dropped to 45% from 68%, limiting financial flexibility and increasing leverage risk, which warrants a 5% price decrease.","Recent retail data shows that in the U.S. frozen foods segment, representing 30% of Conagra's revenue, the company's market share has eroded by 180 basis points, from 21.0% to 19.2%, over the last two quarters. This decline is primarily attributed to private label brands gaining 250 basis points of share in the same period. This trend is forecasted to reduce CAG's segment revenue by $220 million next year, which, when incorporated into our discounted cash flow model, results in a 5% reduction in our calculated fair value for the stock."
AVGO,buy,"Internal analysis of Broadcom's AI optics segment shows a 15% quarter-over-quarter increase in order backlog for its custom AI accelerators, primarily driven by two new hyperscale clients. This accelerated demand is projected to increase the company's forward revenue guidance by $2.1 billion. The contribution from these higher-margin products is expected to expand the company's non-GAAP operating margin by 75 basis points, leading to a revised forward EPS estimate that is 5% higher than the current street consensus.","Broadcom's AI semiconductor revenue grew 45% year-over-year to $8.5 billion, representing 32% of total segment revenue in the most recent quarter, while adjusted EBITDA margins expanded 350 basis points to 61.5%; this AI-driven margin accretion supports a 5% stock price increase as the market applies premium AI valuation multiples."
AVGO,sell,"Analysis of supply chain data indicates Broadcom's Semiconductor Solutions segment gross margin is expected to contract by 220 basis points over the next two quarters, from 71.5% to 69.3%, due to rising wafer fabrication costs. Our discounted cash flow (DCF) model, when updated to reflect this sustained margin pressure on 60% of the company's revenue, yields a revised fair value that is 5% below the current share price.","Broadcom's gross margin compressed from 64.2% to 60.0% year-over-year in the latest quarter, while operating margin fell from 41.5% to 37.3% on 18% higher input costs and pricing discounts in networking chips, financial metrics supporting a 5% stock price decrease."
ROP,buy,"Roper's Application Software segment delivered 8.3% organic revenue growth in Q3 results, exceeding guidance of 5.5%, while segment EBITDA margins expanded 180 basis points to 38.2% through pricing optimization and operational leverage. This beat generated an incremental $47M in segment EBITDA, representing 4.2% of total company EBITDA, which at current valuation multiples directly supports a 5% stock price increase.","Roper's Application Software segment reported recurring revenue growth of 12% in the most recent quarter, surpassing consensus estimates of 9.5% and driving a 250 basis point expansion in the segment's operating margin to 34%. This superior profitability profile supports a re-rating of the company's forward Price-to-Earnings ratio from 28.0x to 29.4x to better align with high-growth, high-margin software peers, implying a 5% increase in share price."
ROP,sell,"Analysis of Roper's most recent quarterly report shows a 150 basis point contraction in operating margins for its Application Software segment, from 34.0% to 32.5%, due to increased R&D spending to counter new competitive offerings. Our discounted cash flow model indicates that if this margin pressure persists, reducing the long-term sustainable margin assumption by 100 basis points, the calculated intrinsic value per share falls, implying a potential 5% downside from the current stock price.","Net debt increased 34% to $8.7 billion with debt-to-EBITDA reaching 4.1x, while free cash flow conversion fell to 68% from 85%, prompting a 5% downside revision to our fair value estimate."
WBA,buy,"WBA's pharmaceutical distribution segment achieved 180 basis points of EBITDA margin expansion to 6.2% last quarter through $340 million in procurement synergies and favorable generic drug mix. Net debt-to-EBITDA improved from 4.1x to 3.3x via $2.1 billion debt reduction, lowering annual interest expense by $85 million. This operational leverage and balance sheet improvement directly supports a 5% increase in fair value estimate.","Analysis of the U.S. Healthcare segment shows its adjusted operating margin expanded from 1.8% to 2.5% year-over-year, beating internal targets by 40 basis points. As this higher-margin segment now accounts for 11% of total revenue, our model indicates this incremental profitability adds $0.20 to forward twelve-month EPS estimates. Applying the stock's historical forward P/E ratio of 9.5x to this incremental earnings power justifies a 5% increase in the target stock price."
WBA,sell,"The company’s Net Debt-to-EBITDA ratio has deteriorated from 3.4x to 3.8x over the past six months, driven by lower earnings and sustained capital expenditures. A peer analysis shows that competitors with leverage ratios above 3.5x trade at an average EV/EBITDA multiple of 5.7x. Applying this lower multiple to WBA, which currently trades at approximately 6.0x EV/EBITDA, suggests a valuation premium that is no longer justified, supporting a 5% stock price decrease to align with its risk-adjusted peer group.","Quarter-over-quarter pharmacy same-store sales declined 3.2% while gross margin compressed 150 basis points to 21.3%, and the company lost 40 basis points of prescription market share to competitors, suggesting a 5% stock price decrease as forward earnings estimates require reduction by at least $0.15 per share."
KLAC,buy,"Our analysis indicates that KLAC's new high-margin process control product suite will drive a 150 basis point operating margin expansion over the next four quarters. This translates into an incremental $1.25 of earnings per share (EPS) above current consensus estimates. Applying the stock's current forward P/E ratio of 32.0x to these additional earnings supports a price increase of $40.00, representing a 5% upside from the current share price.","KLA's board approved a 20% increase in quarterly dividend to $1.68 per share and authorized an additional $1.5 billion share repurchase program, representing 2.8% of market cap, while net cash grew to $4.3 billion and debt-to-equity fell to 0.5x; this capital allocation improvement and balance sheet strength could drive a 5% stock price appreciation as total shareholder yield rises to 4.1% and valuation multiples expand."
KLAC,sell,"Analysis of forward guidance indicates a compression in operating margins. Management's projection for the upcoming quarter's operating margin is 35.5%, a 200 basis point decline from the 37.5% achieved in the same quarter of the prior year, primarily due to rising supply chain costs. Applying this lower margin to consensus revenue estimates results in a revised EPS forecast that is 4.8% lower than street expectations, justifying a potential 5% downward re-rating of the stock price.","KLA's Q3 gross margin contracted 180 basis points quarter-over-quarter to 58.3%, operating margin compressed to 34.7% from 37.2% year-over-year, and management guided Q4 revenue 7% below consensus at $2.45 billion with book-to-bill ratio falling to 0.87, metrics that justify a 5% stock price decline."
MDT,buy,"Internal analysis of the newly launched 'PulseAI' cardiac monitoring platform indicates a 12% market penetration within the first 18 months, projected to add $480 million in high-margin, recurring revenue. This contribution is expected to increase the company's overall non-GAAP operating margin by 60 basis points, supporting a revised forward earnings estimate that justifies a 5% increase to the stock's current price.","The company's free cash flow generation increased 34% to $7.1B over the trailing twelve months, improving FCF conversion from 81% to 96% of net income; this enabled management to raise the dividend by 18% to $0.71 quarterly while reducing net debt/EBITDA from 2.4x to 1.9x, and the enhanced capital return capacity combined with a 30 basis point WACC reduction supports a 5% valuation uplift."
MDT,sell,"The company's cardiac surgery division lost 2.4 percentage points of market share over the past six months, declining from 43.2% to 40.8%, as a key competitor's newly approved transcatheter valve captured 8% of the U.S. market. Free cash flow margin contracted to 18.5% from 21.2% year-over-year due to inventory buildup and days sales outstanding increasing to 68 days from 61 days, while net debt-to-EBITDA rose to 2.8x from 2.4x. These competitive and balance sheet pressures suggest a 5% downside to the stock price.",Post-market surveillance data from the last two quarters reveals a 2% decline in market share for Medtronic's core spinal products division due to new product launches by a key competitor. This loss is projected to reduce the division's revenue growth from 4% to 1.5% year-over-year. A discounted cash flow (DCF) analysis recalibrated with this lower long-term growth rate for a segment contributing 10% of total revenue results in a 5% decrease in the company's intrinsic value per share.
LDOS,buy,"Leidos secured a $4.2B five-year DoD cybersecurity contract, increasing total backlog by 18% to $38.5B and prompting management to raise full-year 2025 revenue guidance by 7% to $17.8B with EPS guidance of $8.15 versus $7.75 consensus. This contract win supports a potential 5% price increase based on forward P/E re-rating to 16.5x from 15.7x.","In the most recent quarter, Leidos' adjusted EBITDA margin expanded by 70 basis points to 11.2%, exceeding internal targets due to successful execution on fixed-price programs. This margin outperformance led management to increase full-year EPS guidance by 4.5%. Applying the stock's current forward P/E ratio of 16.5x to this revised earnings forecast indicates a potential 5% price increase."
LDOS,sell,"The company's book-to-bill ratio, a key indicator of future revenue, has declined to 0.94x for the trailing six months, compared to 1.18x in the same period a year ago. A ratio below 1.0x signals a shrinking backlog. Factoring this deceleration into a discounted cash flow (DCF) model by reducing the short-term revenue growth forecast from 4.0% to 1.5% results in a revised price target that is 5% below the current share price.","Q3 revenue growth decelerated to 2.1% year-over-year from 6.4% in Q2, while operating margins compressed 140 basis points to 7.6% due to $89M in unexpected contract modifications on the DoD logistics program, with management guiding full-year EPS 8% below consensus, indicating a 5% price decrease."
OXY,buy,"Q3 Permian Basin production increased 8.2% YoY to 545,000 BOE/day while unit operating costs declined $2.50/barrel to $14.25, driving consolidated EBITDA margins up 280 basis points to 47.3%. Analysts estimate this margin expansion adds $0.42 to forward EPS, warranting a 5% upward revision in fair value estimates.","Recent implementation of enhanced oil recovery (EOR) technology across 30% of Occidental's Permian Basin wells has lowered average lifting costs by $1.10 per barrel in the last quarter. This efficiency gain is projected to increase the company's full-year free cash flow (FCF) yield from 8.2% to 8.8%, which, when capitalized at the sector's average FCF multiple, supports a 5% increase in the stock's valuation."
OXY,sell,"Q3 2024 Delaware Basin production volumes fell 8.5% sequentially to 212,000 boe/d while lease operating expenses surged 22% to $7.85/boe, reducing quarterly operating cash flow by $340 million and indicating a potential 5% stock price decline based on revised DCF valuations.","Our analysis of OXY's recent operational report shows that lifting costs per barrel of oil equivalent (BOE) have increased by 8.2% quarter-over-quarter, while the company's average realized price per BOE only increased by 4.0%. This margin compression, which has lowered the projected full-year EBITDA margin from 45% to 42.5%, supports a downward revision of our forward EV/EBITDA multiple from 5.0x to 4.75x, implying a 5% decrease in the stock's target price."
URI,buy,"Recent contract wins within the high-growth data center and semiconductor manufacturing sectors are forecast to boost URI's specialty rental revenue by $350 million above prior guidance for the next fiscal year. As this segment carries a net margin 400 basis points higher than the corporate average, this translates to an additional $0.95 in EPS. Capitalizing these higher-quality earnings at a P/E ratio of 15x adds $14.25 to our valuation, while the remaining revenue at a standard multiple adds another $18.25, for a total price target increase of $32.50, or exactly 5%.","URI's organic revenue growth accelerated from 7.2% to 12.3% year-over-year, with same-store rental revenue increasing 8.7% and North American market share expanding from 14.2% to 15.8%. The company's return on invested capital improved from 11.4% to 13.1% while net debt/EBITDA declined to 2.4x, metrics that justify a 5% price increase to close the valuation gap with the sector median P/E of 12.5x from URI's current 11.8x."
URI,sell,"Fleet utilization declined from 73.4% to 68.1% over the past two quarters in the company's largest segment, with free cash flow dropping 18% to $423 million as maintenance capex surged 23% to $890 million, operational headwinds that could reduce fair value estimates by 5% as analysts revise 2024 EPS forecasts from $32.50 to $30.85.","Analysis of fleet utilization data indicates a decline from a trailing twelve-month average of 71% to 67.5% in the most recent quarter. This 350 basis point reduction in on-rent time is projected to negatively impact full-year revenue by $400 million, leading to a revised earnings per share (EPS) forecast that is 8% lower than consensus. Our valuation model, based on a forward P/E multiple of 14.5x, suggests this earnings revision justifies a potential 5% decrease in the stock price."
NVR,buy,"The company's recent operational adjustments have reduced its SG&A expenses as a percentage of revenue from 6.8% to a projected 6.4% for the next twelve months. This 40 basis point improvement in operating efficiency is expected to boost free cash flow generation by 7%. Our discounted cash flow (DCF) analysis indicates that this increase in free cash flow, holding all other assumptions constant, raises the intrinsic value of the stock by 5%.","NVR's gross margin expanded 270 basis points YoY to 26.2% in Q3, surpassing analyst consensus of 24.5%, which translates to an incremental $145M in operating income when applied to projected unit deliveries, supporting a 5% increase in fair value per share."
NVR,sell,"The company's debt-to-equity ratio increased from 0.45x to 0.68x while operating cash flow fell 28% to $420 million, creating refinancing risk that analysts estimate could pressure the stock price down 5%.","Analysis of recent quarterly results shows NVR's gross margin from homebuilding contracted by 150 basis points to 23.5% due to a 6% increase in land development costs and rising labor expenses. Our discounted cash flow (DCF) model, updated to reflect this sustained margin pressure for the next four quarters, yields a fair value estimate that is 5% below the current share price."
NI,buy,"The company's new ""NextGen Infrastructure"" initiative is now projected to achieve operational efficiencies that reduce annual O&M expenses by $50 million, exceeding initial targets by $15 million. This incremental $15 million in pre-tax savings, after applying a 21% corporate tax rate, adds $11.85 million to net income. This translates to an additional $0.027 in EPS, which, when capitalized at an industry-average EV/EBITDA multiple of 11.5x applied to the savings, supports a 5% increase to the company's enterprise value and stock price.","NiSource's $2.8 billion grid modernization capex program approved last quarter will accelerate regulated rate base growth to 8.2% annually through 2027, driving an upward revision in EPS growth forecasts from 6% to 11% and catalyzing a 5% stock price increase as the market reprices the utility's enhanced earnings trajectory."
NI,sell,"Analysis of recent regulatory rate case filings indicates a lower-than-approved Return on Equity (ROE) of 9.4%, compared to the 10.1% a peer group average is realizing. This 70 basis point shortfall, combined with a projected 6% increase in non-fuel operating expenses against only 3.5% in approved revenue growth, is modeled to compress our forward earnings per share (EPS) estimate by 5.2%, directly supporting a 5% decrease in the stock's price target.","Indiana Utility Regulatory Commission approved a reduced allowed return on equity of 9.2% versus the requested 10.5% in NiSource's latest rate case, directly cutting $42 million from annual revenue projections. Combined with a $380 million increase in mandatory pipeline safety capital expenditures over the next 24 months, free cash flow per share is projected to decline by 18%. This regulatory compression and capex pressure justifies a 5% decrease in fair value estimates."
D,buy,"Dominion Energy's recent approval for a $1.35 billion rate base expansion in its Virginia utility territory, authorized at a 9.2% ROE, will generate $124 million in incremental annual net income. With 850 million shares outstanding, this adds $0.146 to annual EPS, representing a 7.3% increase from the current $2.00 baseline. At the current 17.5x forward P/E multiple, this earnings accretion supports a 5% stock price appreciation target.","We project that operational efficiencies from grid modernization initiatives will boost Operating Cash Flow (OCF) by 6% over the next four quarters. This improvement will reduce the company's OCF-based dividend payout ratio from 74% to 70%, supporting a compression of the dividend yield from its current 4.41% to 4.20%. This yield adjustment corresponds to a 5% increase in the share price."
D,sell,"A recent adverse regulatory rate case decision reduced the company's allowed Return on Equity (ROE) in a key operating region to 9.6% from a requested 10.4%. This 80-basis-point compression is forecast to reduce next fiscal year's consensus earnings per share (EPS) estimate from $3.05 to $2.90. Applying the stock's historical forward P/E multiple of 17.0x to this revised earnings base implies a valuation markdown, supporting a potential 5% decrease in the stock price.","Dominion's Q3 earnings revealed the Virginia State Corporation Commission approved only $195 million of its $580 million requested rate base increase, creating a $385 million annual revenue shortfall that reduces regulated ROE from 9.4% to 7.9% and cuts 2025 EPS guidance by $0.31, directly supporting a 5% price target decrease on revised valuation models."
DVA,buy,"The company reduced debt-to-EBITDA from 3.8x to 2.9x through $425 million in debt repayment while operating cash flow rose 12% year-over-year, enabling a new $800 million share repurchase authorization that supports a 5% price appreciation.","Our analysis of recent operational efficiency programs indicates a 60-basis-point improvement in projected EBITDA margins for the upcoming fiscal year. This margin expansion is expected to add $0.35 to the consensus earnings per share (EPS). Applying a stable forward P/E ratio of 16x to this incremental earnings stream results in a $5.60 valuation uplift per share, justifying a 5% price increase from current levels."
DVA,sell,"The company's trailing twelve-month free cash flow (FCF) conversion from net income has deteriorated from a 3-year average of 95% to 78% in the most recent period, primarily due to higher-than-expected capital expenditures on clinic modernization. This implies a $150 million reduction in sustainable annual FCF, which, when capitalized in our discounted cash flow model, supports a valuation that is 5% below the current share price.","Medicare reimbursement rates declined 2.5% while commercial denial rates increased to 18.3% of billed charges, driving a 3.8% year-over-year drop in revenue per treatment to $346 and compressing EBITDA margins by 210 basis points to 16.2%, which analysis indicates will pressure the stock price downward by 5%."
BR,buy,"The company's ongoing operational efficiency program, focused on process automation, is on track to reduce selling, general & administrative (SG&A) expenses by 3% in the next fiscal year, resulting in $75 million of pre-tax cost savings. This efficiency gain is expected to expand the company's net profit margin by 60 basis points. A revised discounted cash flow (DCF) analysis incorporating this permanent margin improvement increases the calculated intrinsic value per share by 5%.","The stock trades at 18.3x NTM P/E, a 17% discount to fintech infrastructure peers' 22.1x median, despite generating 32% ROE, maintaining 0.4x debt-to-equity, and delivering $2.8B TTM free cash flow at a 4.5% yield; a 21% dividend hike paired with $500M incremental buybacks supports a 5% price appreciation target."
BR,sell,"Our proprietary channel checks indicate a deceleration in recurring revenue growth from key asset management clients, projecting a rate of 4.5% for the next fiscal year, which is below the consensus estimate of 6.0%. Adjusting our valuation model for this slower growth profile results in a revised price target that is 5% below the current market price.","Broadridge's core Investor Communication Solutions segment reported 180 basis points gross margin compression from 42.3% to 40.5% year-over-year, driven by 3.2% client attrition in mutual fund proxy services and 8% price discounting to retain existing accounts, with forward earnings modeling indicating this margin pressure will directly cause a 5% stock price decline."
CHTR,buy,"A successful price optimization strategy for high-speed internet tiers is projected to increase quarterly broadband Average Revenue Per User (ARPU) by $2.50, against market expectations of a $1.25 increase. This incremental revenue, combined with stable capital intensity, is forecast to expand the company's unlevered free cash flow by $700 million over the next fiscal year. A discounted cash flow (DCF) analysis indicates this incremental cash flow justifies a 5% upward revision to the stock's intrinsic value.","The company announced a $7.5 billion share repurchase authorization over 16 months, representing 8.3% of current market capitalization, while net leverage improved to 4.05x EBITDA from 4.35x; combined with Q3 FCF yield of 11.3% versus sector average of 9.1%, this capital allocation efficiency supports a P/FCF multiple expansion to 12.0x from 11.4x, implying a 5% upward valuation adjustment."
CHTR,sell,"The company's capital intensity (Capital Expenditures as a percentage of revenue) rose to 34% in the last reported quarter, exceeding management's full-year guided range of 30-31%. This resulted in a Free Cash Flow (FCF) conversion rate of only 15%, compared to a historical average of 22%. A revised FCF forecast incorporating this higher capital spending for the next four quarters reduces our full-year FCF estimate by $850 million, justifying a 5% reduction in our price target.","Q3 broadband net subscriber losses of 78,000 versus consensus estimate of +42,000 additions represents a 120,000 subscriber shortfall; applying Charter's $72.50 broadband ARPU and 42% EBITDA margin generates a $44 million annual EBITDA miss, with the negative growth inflection compressing the EV/EBITDA multiple from 7.8x to 7.3x, directly translating to a 5% stock price decrease."
MDLZ,buy,"Mondelez's trailing twelve months free cash flow yield improved to 5.8% from 4.9% year-over-year, driven by $450 million in working capital optimization and a 200 basis point improvement in FCF conversion to 85%. Management's new $1.2 billion incremental share repurchase authorization, representing 2.3% of shares outstanding, combined with the enhanced capital return capacity, is expected to drive a 5% stock price appreciation as dividend yield compresses from 2.8% to 2.6%.","Mondelez currently trades at an Enterprise Value to EBITDA (EV/EBITDA) multiple of 15.2x, while its direct peer group average is 15.96x. Given that MDLZ's Return on Invested Capital (ROIC) of 12.5% over the last twelve months outperforms the peer average of 11.0%, we project a valuation re-rating. Closing this valuation gap to the peer average multiple of 15.96x would result in a 5% increase in the stock price."
MDLZ,sell,"Organic revenue growth decelerated to 1.2% year-over-year in the latest quarter from 4.5% in the comparable period, while gross margins compressed 180 basis points to 36.2% as $340 million in incremental commodity costs outpaced pricing actions, resulting in analyst EPS estimate cuts that imply a 5% stock price decrease.","In the high-margin North American snacks division, which constitutes 30% of total revenue, organic volume growth turned negative at -1.5% last quarter, compared to +2.0% in the same quarter last year. This volume decline, attributed to increased competition from private-label brands, is projected to lower the division's revenue forecast by $400 million for the full fiscal year. Adjusting our discounted cash flow (DCF) model for this reduced long-term growth outlook results in a 5% decrease in our target price."
EVRG,buy,"Planned 1,400 MW renewable capacity additions increasing clean energy mix from 45% to 58% over the next 30 months will generate $165 million in incremental production tax credits, providing $42 million in annual after-tax benefits and $0.18 EPS accretion that supports a potential 5% stock price appreciation at the current 16x P/E multiple.","The recent state regulatory commission approval of the 'Sunflower' renewable energy expansion project has unlocked previously risk-adjusted cash flows. Our discounted cash flow (DCF) model, updated to reflect the project's guaranteed $95 million in annual revenue and a favorable 9.9% allowed Return on Equity (ROE), shows an increase in the firm's enterprise value of approximately $600 million. This revaluation based on the de-risking of future cash flows supports an immediate 5% appreciation in the stock's intrinsic value."
EVRG,sell,"Evergy's Q3 regulatory settlement approved only $117M of its $180M requested rate increase, compressing EBITDA margins 310 basis points year-over-year from 38.2% to 35.1%. With the Missouri PSC capping allowed ROE at 8.5% versus 9.8% peer average, this regulatory disadvantage and margin deterioration creates a 5% stock price decrease.","Non-fuel Operations and Maintenance (O&M) expenses as a percentage of revenue rose to 21.5% last quarter, a 150 basis point increase from the prior-year period's 20.0%, due to higher-than-budgeted transmission maintenance costs. A Discounted Cash Flow (DCF) analysis incorporating this higher sustained cost structure, which erodes long-term EBITDA margins, results in a fair value estimate that is 5% lower than our previous target."
MA,buy,"Analysis of recent payment volume data shows cross-border volume grew 18% in the last quarter, surpassing analyst consensus of 15%. This stronger-than-expected performance is projected to increase full-year Earnings Per Share (EPS) by 3%, from $14.10 to $14.52. Applying a conservative forward Price-to-Earnings (P/E) multiple of 35x, which is consistent with its five-year average, suggests a price re-rating leading to a 5% increase from the current valuation.","Mastercard's Q3 2024 cross-border volume growth accelerated to 22% YoY, generating $847 million in incremental revenue and expanding EBITDA margins by 280 basis points to 61.2%; when applied to the payments sector's average forward P/E multiple of 28x, this operational leverage supports a 5% stock price increase."
MA,sell,"Mastercard's US payment volume market share declined 1.3 percentage points to 21.7% over the past 6 months as competitors gained traction, with forward P/E ratio of 28.5x reflecting unrealistic expectations against revised 2024 EPS growth forecast of only 9% (down from 15% previously), creating valuation vulnerability that could drive a 5% price decline.","New regulatory proposals targeting a reduction in credit card interchange fees are expected to compress operating margins. Our modeling projects that the proposed caps will reduce the company's net revenue yield by 20 basis points. This is forecast to cause the forward operating margin to contract from a consensus 57.5% to our estimate of 56.1%. Applying this lower margin profile reduces our forward EPS estimate by 6.2%, warranting a 5% reduction in our price target."
CPB,buy,"The Snacks division has achieved a 90 basis point market share increase in the past two quarters, reaching 24.1%. This growth, fueled by successful product innovation, is projected to add $150 million in incremental revenue for the next fiscal year. Discounting this future revenue stream at the company's weighted average cost of capital (WACC) of 6.5% adds $1.10 per share to our discounted cash flow (DCF) valuation, representing a 5% upside from the current price.","The company captured 240 basis points of additional market share in US wet soup category over past 6 months, reaching 61.8% share while delivering +2.3% volume growth against prior year decline of 1.8%. This momentum is forecasted to drive 5.5% organic revenue growth in upcoming fiscal year, 200 basis points ahead of analyst consensus, which supports a 5% valuation re-rating as sustainable competitive advantage strengthens."
CPB,sell,"Campbell's core U.S. soup volume declined 7.3% in the most recent quarter while gross margin contracted 210 basis points to 30.4% as 12% inflation in tomato paste and steel cans was only 60% offset by pricing, with management cutting FY2024 organic growth guidance from 3-4% to flat, justifying a 5% stock price decrease.","Recent syndicated retail data for the last six months shows Campbell's market share in the ready-to-serve soup category has declined from 41.5% to 39.8%. This 170-basis-point loss to lower-priced store brands has led us to revise our valuation multiple. We are reducing our target forward P/E ratio from 15.0x to 14.25x, which, based on consensus earnings estimates, results in a 5% decrease in the stock's fair value."
KR,buy,"Kroger's digital sales penetration increased 250 basis points year-over-year to 15.3% in the latest quarter, generating $3.2B revenue at 35% higher margins than brick-and-mortar, while FIFO gross margins expanded 80 basis points to 22.4%, supporting a 5% stock price increase as forward P/E rerates from 11.2x to 11.8x.","An analysis of customer loyalty data and sales mix indicates that Kroger's private label ""Our Brands"" division has grown to represent 29.5% of total grocery revenue, an increase from 27.0% in the prior year. As these products carry a gross margin that is, on average, 450 basis points higher than national brand equivalents, this shift is projected to add an incremental $0.23 to the next fiscal year's EPS. Applying the stock's current forward P/E multiple of 11.5x to this additional earnings contribution supports a potential 5% increase in the share price."
KR,sell,"Gross margin contracted 150 basis points year-over-year to 20.5% and digital grocery market share fell 2.3 percentage points to 8.7%, creating combined earnings headwinds that justify a 5% stock price decrease.","Internal analysis of competitive pricing pressure and rising supply chain costs indicates a probable 70-basis-point contraction in operating margin for the upcoming fiscal year, from 2.9% to 2.2%. This revision is projected to reduce full-year earnings per share (EPS) by $0.26. Applying the stock's current forward Price-to-Earnings (P/E) multiple of 11.0x to this lower EPS forecast suggests a fair value that is 5% below its current market price."
CE,buy,"Celanese reported Q3 adjusted EBITDA margin expansion to 21.2% versus 18.5% prior year, exceeding consensus by 270 basis points through $127 million in net pricing actions and $85 million productivity savings, which analysts model will drive a 5% upward revision to target price based on improved earnings power.","Celanese is projected to reduce its net debt/EBITDA ratio from 3.4x to 2.9x within the next four quarters, primarily through proceeds from planned non-core asset divestitures. Peers with a leverage ratio below 3.0x currently trade at an average EV/EBITDA multiple of 9.2x. A partial re-rating of Celanese's multiple from its current 8.7x to 9.14x to reflect its improved balance sheet health justifies a 5% appreciation in the share price."
CE,sell,"Analysis of recent quarterly results shows gross margins have compressed by 180 basis points to 20.2% due to a 15% sequential increase in key feedstock costs that were not fully passed on to customers. This margin erosion is projected to lower the full-year EPS forecast by $0.80, which, when applying the historical forward P/E multiple of 12.0x, points to a valuation adjustment that implies a 5% decrease in the stock price.","Raw material cost inflation of 18% year-over-year compressed Celanese's gross margins from 28.5% to 24.2% in Q3, while management guided Q4 EBITDA margins down 300 basis points to 18.5%. This margin deterioration reduces 2024 EPS estimates by $1.15 (from $8.50 to $7.35), resulting in a 5% stock price decrease."
SBAC,buy,"SBA Communications reported Q3 same-tower revenue acceleration to 4.2% year-over-year, surpassing consensus by 120 basis points through 3,200 new tenant additions and a 2.8% increase in monthly lease rates to $2,350 per site. EBITDA margins expanded 150 basis points to 71.3% and management raised 2024 AFFO guidance by 6% to $14.25 per share. Valuation models indicate this operational leverage translates directly to a 5% stock price increase as forward AFFO multiples re-rate from 20.8x to 22x.","The company's net debt-to-annualized Adjusted EBITDA ratio has improved from 7.1x to 6.8x over the past two quarters due to disciplined capital management and steady earnings growth. This deleveraging reduces the company's risk profile and lowers its weighted average cost of capital (WACC) by 25 basis points, which, when applied to a discounted cash flow model, justifies a 5% increase in the stock's target price."
SBAC,sell,"The company's weighted average cost of debt is projected to increase following the upcoming refinancing of $1.5 billion in senior notes due in the next fiscal quarter. The maturing notes carry a coupon of 3.1%, whereas current market conditions suggest the new issuance will be priced at approximately 4.8%. This 170 basis point increase in interest rate will add $25.5 million in annual interest expense, reducing the company's interest coverage ratio from 3.6x to 3.3x. Our valuation model, which incorporates debt service costs, indicates this margin compression warrants a 5% reduction in our price target.","Site rental revenue growth slowed to 3.2% year-over-year from 7.5% in the prior period, with tenant churn rising to 2.8% from 1.6% and new lease rates declining 3%, causing management to cut AFFO guidance by $0.08 and reducing forward growth expectations to 2.5% versus 8% industry average, which compresses valuation multiples and drives a projected 5% stock price decline."
PCAR,buy,"Analysis of PACCAR's new automated logistics system projects a 70 basis point improvement in operating margins for the upcoming fiscal year, from 12.8% to 13.5%. This efficiency gain is expected to add $0.54 to the annual earnings per share (EPS). Applying the stock's historical forward P/E ratio of 10x to this incremental EPS directly supports a $5.40 price increase, equating to a 5% upside from its current valuation.","PCAR's North America Class 8 market share rose 160 basis points to 16.8% and gross margin expanded 180 basis points to 20.1% in the last quarter, metrics that historically precede a 5% stock price increase over the subsequent 90 days."
PCAR,sell,"PACCAR's book-to-bill ratio has deteriorated to 0.92x in the most recent quarter, down from 1.15x two quarters prior, signaling that new orders are failing to replace fulfilled shipments. This trend is forecasted to reduce next year's revenue by 4.5% compared to current consensus estimates. When factored into a discounted cash flow (DCF) model, this revenue revision lowers the intrinsic value of the stock by 5%.","PACCAR's North America Class 8 market share declined 150 basis points to 16.7% in the past quarter while gross margin compressed 260 basis points year-over-year to 14.2%, signaling weakening competitive positioning that supports a 5% price decrease."
LUV,buy,Debt-to-equity ratio declined from 0.65 to 0.45 over trailing twelve months through $800M debt reduction while domestic market share grew 2.3 points to 18.7%; the combined deleveraging and competitive positioning creates a 5% valuation uplift in DCF analysis using 9.2% WACC.,"The company’s recent free cash flow (FCF) generation has exceeded internal targets by 8%, enabling an accelerated debt reduction plan. The planned early retirement of $800 million in high-coupon debt over the next six months is projected to lower the firm's Weighted Average Cost of Capital (WACC) by 35 basis points. Our Discounted Cash Flow (DCF) analysis indicates this reduction in the discount rate directly translates to a 5% increase in the stock's intrinsic value."
LUV,sell,"Southwest's current quarter operating margin compressed 320 basis points year-over-year to 8.7% as labor costs rose 14% and fuel expenses increased 9% per gallon, while PRASM declined 2.3%. This margin deterioration represents a $180M EBIT shortfall versus consensus estimates, which analysts project will drive a 5% stock price decrease as forward P/E multiples compress from 12x to 10.5x on revised earnings forecasts.","Forward-looking cost analysis indicates a 150 basis point contraction in operating margins for the next fiscal year, driven by a projected 12% increase in average jet fuel cost per gallon and an 8% rise in labor costs from recent contract agreements. A sensitivity analysis on our discounted cash flow (DCF) model shows that this margin compression reduces the intrinsic value per share, justifying a 5% decrease in the stock's price target."
BA,buy,"Analysis of recent production efficiencies indicates that an increase in the 787 Dreamliner build rate from 5 to 7 aircraft per month, expected to be achieved in the next two quarters, will reduce unit production costs by 4%. This cost improvement is projected to expand the Commercial Airplanes segment's operating margin by 60 basis points, directly increasing the consensus forward earnings per share (EPS) estimate by $0.32. This revision translates to a 5% increase in our 12-month price target, assuming the forward P/E ratio remains stable at 25x.","The 787 Dreamliner program achieved positive quarterly free cash flow of $450M for the first time since 2019, contributing to enterprise-wide free cash flow of $2.3B versus -$1.8B in the prior year, while the debt-to-equity ratio improved from 4.8x to 3.9x, metrics that support a 5% stock price appreciation as valuation multiples re-rate toward industry averages."
BA,sell,"Free cash flow contracted 43% from $2.1 billion to $1.2 billion in the most recent quarter, while total debt increased $3.4 billion to $58.7 billion, pushing the debt-to-equity ratio from 3.8x to 4.5x. This liquidity deterioration and leverage expansion warrants a 5% stock price decline.","An analysis of recently secured fixed-price defense contracts indicates projected operating margins of 2.5%, which is 200 basis points below the Defense, Space & Security segment's historical average of 4.5%. This margin compression is forecast to reduce the company's consolidated forward-year earnings before interest and taxes (EBIT) by $450 million. Applying the industry average EV/EBIT multiple of 18x to this revised EBIT implies a 5% reduction in the company's enterprise value and corresponding share price."
RL,buy,"Management raised FY2025 EPS guidance to $12.50 (+11% YoY) from $11.80 prior, authorized a new $1.2B share repurchase program representing 8.3% of float, reduced net debt/EBITDA to 1.4x from 1.7x sequentially, and improved inventory turnover to 4.1x from 3.8x year-ago; these capital efficiency gains drive a 5% price increase via DCF valuation uplift from 40 bps WACC reduction and 7% FCF per share accretion.","Analysis of market data from the last twelve months indicates Ralph Lauren's market share in the Asia-Pacific luxury goods sector grew by 50 basis points, from 3.5% to 4.0%. This capital-efficient growth improved the company's Return on Invested Capital (ROIC) by 150 basis points to 15.5%, exceeding the company's weighted average cost of capital (WACC) by a wider margin. A re-rating based on this superior economic value creation justifies a 5% increase in our target stock price."
RL,sell,"Internal modeling indicates that recent channel checks from the last quarter show a 4% decline in average selling prices (ASPs) in North America due to increased promotional activity. This, combined with a 150 basis point increase in SG&A expenses from elevated marketing spend, is projected to compress full-year operating margins by 220 basis points. Adjusting our discounted cash flow model for this margin erosion reduces our fair value estimate by 5%.","Ralph Lauren's Q3 gross margin contracted 180 basis points year-over-year to 58.2% as promotional intensity increased 400 basis points to 22% of revenue, while SG&A expenses rose 8.2% against 1.5% revenue growth, compressing operating margin to 11.3% from 13.7% prior year; management guided Q4 revenue down 5% at midpoint versus consensus +2%, prompting 7% Street EPS cuts that support a 5% stock price decline to $142 target based on 12.5x revised NTM EPS of $11.35."
DG,buy,"Dollar General's Q3 EPS of $1.85 beat consensus by 7.2% as gross margins expanded 80 basis points to 32.4% and management raised FY guidance 5% to $9.60 at the midpoint, directly supporting a 5% stock price increase target based on accelerated earnings momentum.","Sales data from the most recent quarter indicates that the penetration of higher-margin private label brands has increased by 180 basis points, from 24.2% to 26.0% of total sales. This shift in sales mix is forecast to increase the company's consolidated gross margin by 25 basis points, which, when incorporated into a discounted cash flow (DCF) model, raises the intrinsic value per share by 5%."
DG,sell,"Q3 same-store sales forecast was revised to -2.5% from prior guidance of +1.2%, while gross margin compressed 180 basis points to 30.2% due to 15% higher shrinkage rates and promotional markdowns, metrics which together support a potential 5% stock price decrease.","Proprietary channel checks indicate that same-store sales growth for the current quarter is tracking at 0.75%, which is 150 basis points below management's guidance midpoint of 2.25%. A regression analysis of the past 10 years of performance data reveals that for every 75-basis-point miss on same-store sales guidance, the stock experiences an average price correction of 2.5% in the subsequent month. This projected shortfall therefore supports a 5% decrease in the stock price."
CCI,buy,"Analysis of master lease agreements signed in the past two quarters, covering 15% of the company's tower sites, shows an average annual rent escalator of 3.4%, exceeding the portfolio average of 3.1%. This 30 basis point improvement in contractual growth on a significant portion of the asset base is projected to increase forward 12-month Adjusted Funds From Operations (AFFO) by $75 million. Capitalizing this incremental cash flow at the sector's current 20x Price/AFFO multiple suggests a valuation increase of $1.5 billion, equivalent to a 5% rise in the stock price.","Operating margin expanded 500 basis points from 62% to 67% via $28 million in annual interest savings from debt refinancing, reducing net debt-to-EBITDA from 5.8x to 5.4x and improving ROE from 8.3% to 9.1%, which delivers a 5% stock price appreciation."
CCI,sell,"Crown Castle's trailing twelve-month debt-to-EBITDA ratio climbed to 6.2x from 5.4x year-over-year, while quarterly interest expense surged 18% to $285M and AFFO per share dropped 7% to $5.85, driving the dividend payout ratio to 92% of AFFO and prompting S&P to place the REIT on negative credit watch, which our model indicates could reduce valuation by 5%.","A review of the company's capital expenditure program shows that the cost to deploy a new small cell node has increased by 8% over the last two quarters due to higher labor and equipment costs. This is projected to lower the return on invested capital (ROIC) for new projects from 7.5% to 6.8%. Our discounted cash flow (DCF) model, which is sensitive to ROIC, indicates that this compression in investment returns warrants a 5% decrease in our target price for the stock."
DHI,buy,"Q2 net sales orders grew 12% YoY to 18,500 homes, capturing 150 basis points of market share to reach 11.2% nationally while industry volumes declined 4%, with the stock trading at 8.2x forward P/E representing a 25% discount to the 10.9x peer average despite ROE of 21.3% exceeding peer median by 260bps, indicating a 5% price appreciation opportunity as the valuation gap converges.","DHI's new home orders in the most recent quarter grew by 9% year-over-year, beating consensus forecasts of 7%. This volume growth, combined with a 150 basis point improvement in gross margins to 24.8%, is projected to increase forward earnings per share (EPS) by 8%. A modest expansion of the forward P/E ratio from its current 9.2x to 9.7x to reflect this enhanced profitability would justify a 5% increase in the stock price."
DHI,sell,"DHI's Q3 gross margin compressed 180 basis points quarter-over-quarter to 22.4% from 24.2% due to lumber cost inflation and land write-downs, while SG&A expenses rose 150 basis points to 8.7% of revenue from marketing overhead, driving net income margin down to 12.8% from 14.5% and generating EPS of $2.85, missing consensus by 8%, metrics which collectively indicate a potential 5% stock price decline.","In the upcoming fiscal year, the company's gross margin is projected to contract by 150 basis points, from 24.0% to 22.5%, due to a 4% rise in key input costs (lumber and labor) that is not being fully offset by increases in average selling prices. This margin compression is expected to reduce forward earnings per share (EPS) estimates, resulting in a 5% downward adjustment to our price target."
ADP,buy,"ADP's trailing twelve-month organic revenue growth accelerated to 7.2%, a 120 basis point improvement driven by 14,500 new client additions and 98% retention rate. EBITDA margins expanded 80 basis points to 26.4%, generating $1.85 billion in free cash flow. These metrics support a 5% price increase as the current 22.5x P/E multiple expands toward 23.6x on upward earnings revisions.","A Discounted Cash Flow (DCF) analysis, updated for recent performance, reveals upside potential. Trailing twelve-month free cash flow (FCF) conversion from net income improved by 150 basis points to 115%. This enhanced cash generation, coupled with a newly announced $2 billion accelerated share repurchase authorization, increases our FCF per share forecast by 2.5%. This adjustment lifts our DCF-derived fair value estimate, indicating the stock is undervalued by 5%."
ADP,sell,"Q3 EBITDA margin compressed 230 basis points YoY to 23.5% from 25.8% due to 12% higher SG&A spending on legacy system upgrades, while client retention rate fell 500 basis points to 84% from 89% in the prior quarter, representing the steepest decline in four years. Combined margin pressure and client losses justify a 5% stock price decrease.","Analysis of ADP's forward-looking metrics shows that annualized new business bookings growth decelerated to 4% in the most recent quarter, missing consensus estimates of 8% and marking a sharp decline from the 10% growth reported in the prior year's comparable quarter. This lower future revenue visibility warrants a contraction in the stock's forward P/E multiple from 28x to 26.6x, implying a 5% decrease in the stock price."
MGM,buy,"MGM's EBITDA margin expanded 280 basis points from 28.3% to 31.1% year-over-year while net leverage decreased from 4.2x to 3.5x debt-to-EBITDA, supporting a projected 5% stock price increase as the company trades at a 15% discount to sector average EV/EBITDA multiple.","The company's recent capital restructuring and asset optimization program has improved its trailing twelve-month Return on Equity (ROE) from 14.5% to 15.8%. This 130 basis point enhancement in profitability and efficiency closes the valuation gap with its closest peer (which trades at a premium with an ROE of 16%), justifying an upward re-rating of MGM's price-to-book ratio and indicating a potential 5% increase in share value."
MGM,sell,"Competitive analysis of domestic regional markets indicates that promotional spending is projected to increase by 150 basis points over the next two quarters to defend market share against new entrants. This is expected to compress regional EBITDA margins from a forecasted 32.0% to 30.5%. Our valuation model, applying the company's historical 8.5x EV/EBITDA multiple to this revised earnings forecast, suggests a potential 5% decrease in the stock price.","Net leverage ratio increased to 5.1x debt-to-EBITDA from 4.3x six months ago as total debt rose $340 million while trailing twelve-month EBITDA fell 2.8%, pushing interest coverage down to 5.2x from 6.5x and indicating heightened financial risk that warrants a 5% price decrease."
ABBV,buy,"Skyrizi revenue growth of 28% YoY in Q2 2024 generated $420M incremental quarterly revenue with 180 basis points gross margin expansion to 78.2%, prompting analyst earnings estimate upgrades of 7% for FY2024 that imply a 5% stock price increase.","The company's most recent cost-synergy program following the Allergan acquisition has resulted in a 200 basis point improvement in operating margin to 41% over the last quarter. This increased profitability has boosted our free cash flow (FCF) yield projection from 6.8% to 7.2%. Our Discounted Cash Flow (DCF) model, updated with this enhanced FCF generation, now indicates an intrinsic value that is 5% above the current market price."
ABBV,sell,"Skyrizz growth decelerated to 18% year-over-year in the most recent quarter from 45% in the prior period, with management guiding to 12% growth for 2025, while net debt-to-EBITDA rose to 3.8x from 2.9x sequentially due to the Immunogen acquisition, creating combined pressure that signals a 5% stock price decline as the forward P/E multiple contracts from 13.5x to 12.8x.","Our analysis indicates that due to accelerated biosimilar erosion for a key international product line, AbbVie's gross margin is projected to contract by 200 basis points over the next three quarters. This is not yet reflected in consensus estimates. This margin compression lowers our forward 12-month earnings per share (EPS) estimate from the street's view of $11.70 to our projection of $11.12. We believe a market repricing based on this revised EPS figure will result in a 5% decrease in the stock price."
MAR,buy,"Net unit growth accelerated to 5.5% over the past 12 months with 48,000 new room additions; debt-to-EBITDA ratio improved to 3.1x from 3.8x year-over-year through $1.1B debt reduction; management authorized an additional $750M share repurchase program for the next 6 months, driving a 5% price appreciation target.","Analysis of recent RevPAR (Revenue Per Available Room) trends shows Marriott's year-over-year growth at 8.5%, outpacing the industry average of 6.2%. This outperformance, coupled with a 150 basis point improvement in operating margins to 17.5% last quarter, has led to a 2.1% upward revision in our forward earnings per share (EPS) estimate. Applying the sector's average forward P/E multiple of 24x to this revised EPS supports a potential 5% increase in the stock price."
MAR,sell,"Debt-to-equity ratio increased to 4.2x from 3.1x year-over-year after $2.1 billion in new debt issuance, compressing the interest coverage ratio to 3.8x from 5.2x. Q3 interest expense rose 31% to $147 million while Adjusted EBITDA grew only 4%. This rising leverage profile supports a SELL recommendation with 5% downside to $185.","Our analysis of forward booking data indicates a deceleration in leisure travel demand, projecting a system-wide Revenue Per Available Room (RevPAR) growth of only 2.0% for the next fiscal year, significantly below the consensus estimate of 4.5%. This revision is expected to reduce forecasted earnings per share (EPS) by $0.46. Applying the stock's current forward P/E multiple of 26x to this revised EPS estimate suggests a valuation that is 5% below its current market price."
GWW,buy,"Grainger's high-touch solutions segment gained 85 basis points of market share, reaching 7.2% of the $165B MRO market, generating $280M incremental revenue at 30% incremental margins. Free cash flow is projected to grow 16% to $1.45B next fiscal year, yielding a 4.8% FCF yield. These metrics result in a 5% price appreciation as the company trades at a 12% discount to industrial distribution peers despite superior ROE of 32%.","In the most recent quarter, the company’s High-Touch Solutions N.A. segment achieved an operating margin of 16.2%, surpassing internal targets and consensus estimates of 15.5%. This 70-basis-point margin outperformance, driven by pricing discipline and supply chain efficiencies, led to a revised annual EPS forecast that is 4.1% above prior guidance. Applying the stock's current forward P/E ratio of 22.5x to this higher earnings base justifies an upward price target revision of 5%."
GWW,sell,"Gross margin compressed 170 basis points year-over-year to 35.8% in Q3 as competitive pricing intensity increased 12% from Amazon Business, while inventory turnover slowed from 6.2x to 5.4x due to $142 million in excess MRO stock, suggesting 5% stock price decline as EBITDA margins approach 13.5% next quarter.","Internal analysis of supply chain data from the last quarter reveals a 180 basis point contraction in gross margins to 37.5%, primarily due to a 12% rise in freight and logistics costs that were not fully passed on to customers. Our model indicates that if this margin pressure persists, it will reduce the full-year earnings per share (EPS) forecast by 9%, which, when applying the stock's forward P/E multiple of 21x, justifies a 5% decrease in the stock's valuation."
ROL,buy,"Rollins' Q3 revenue accelerated 14.2% YoY to $820M, beating consensus by 3.1%, while EBITDA margins expanded 210 basis points to 23.4% through route density optimization, suggesting 5% upside as analysts revise forward EPS estimates upward.","The commercial services division has successfully increased its market share in the hospitality sector by 1.5% over the past six months, resulting in $45 million of new annualized recurring revenue. This higher-margin revenue stream boosts the company's consolidated Return on Equity (ROE) from 24.5% to a projected 26.0%, justifying an upward revision of our price target by 5%."
ROL,sell,"The company's organic customer growth rate in its residential pest control segment has decelerated for two consecutive quarters, with projections showing a slowdown from 6.5% year-over-year to 3.5% for the full fiscal year. This deceleration, coupled with a 12% increase in customer acquisition costs (CAC) during the same period, reduces the long-term growth assumption in our DCF model, indicating a potential 5% decrease in the stock's fair value.","Current P/E multiple of 38.2x trades at a 56% premium to the pest control industry average of 24.5x despite Q3 organic revenue growth decelerating to 3.2% from 7.8% in the prior quarter, with residential market share declining 150 basis points to 18.7%, indicating significant overvaluation that warrants a 5% price correction toward historical sector multiples."
AIG,buy,"AIG's General Insurance segment reported a combined ratio of 95.8% for the most recent quarter, a significant improvement from 98.2% in the prior-year period, reflecting successful underwriting initiatives. This 240 basis point improvement is projected to increase the company's full-year normalized Return on Equity (ROE) from a previous forecast of 8.8% to 9.3%. Our valuation model suggests that closing the Price-to-Book value gap with peers that average a 9.3% ROE warrants a **5% increase** in the share price.","Life & Retirement adjusted pre-tax income of $2.1 billion delivered a 15% margin on $14 billion of premiums and deposits, while net investment income grew 18% to $3.4 billion. With debt-to-equity ratio improving from 0.38 to 0.31 and book value per share up 11% to $75.30, these capital optimization metrics indicate a 5% price appreciation target."
AIG,sell,"Net investment income declined 12% year-over-year to $2.73 billion as fixed-maturity yields compressed 85 basis points to 3.45%, while debt-to-equity ratio increased from 0.45 to 0.58 and ROE compressed from 11.2% to 8.7%, signaling deteriorating credit quality and profitability that would translate to 5% downside valuation pressure.","A recent portfolio review indicates that AIG's net investment income is projected to decline by 4% sequentially next quarter due to a strategic shift into lower-yielding, high-quality fixed-income securities. This projected $90 million quarterly reduction in pre-tax investment income, when capitalized using the company's historical earnings multiple of 9.5x and adjusted for the corporate tax rate, lowers the firm's intrinsic valuation by approximately $2.6 billion. This reduction in enterprise value translates to a 5% decrease in the stock's fair value."
APA,buy,"The company generated $850 million in Q3 free cash flow, exceeding forecasts by 31%, and deployed $400 million to reduce its debt-to-equity ratio from 1.8x to 1.4x. Combined with a 22% increase in shareholder returns to $280 million, this financial strengthening warrants a 5% upward revision to the stock's fair value.","Analysis of the most recent quarter's drilling results in the Permian Basin shows a 9% increase in initial production rates over internal forecasts. This operational outperformance is projected to add $0.28 to the forward 12-month earnings per share (EPS) estimate. Applying the stock's current forward P/E ratio of 7.0x, this incremental EPS suggests a fair value increase of $1.96 per share, implying a 5% price increase."
APA,sell,"Analysis of recent quarterly operational data indicates APA Corporation's lease operating expenses (LOE) per barrel of oil equivalent (boe) have increased by 8% quarter-over-quarter, rising from a stable $10.25/boe to $11.07/boe due to inflationary pressures on service contracts. This sustained cost increase is projected to reduce forward EBITDA margins by 200 basis points, directly leading to a revised valuation that represents a 5% decrease from the current share price.","Trailing twelve-month free cash flow contracted 18% to $1.45 billion while debt-to-EBITDA ratio rose from 1.6x to 2.3x over the past two quarters, indicating deteriorating financial flexibility that warrants a 5% stock price decrease."
CMS,buy,"CMS Energy's Q2 2024 electric rate case approval added $142 million to annual revenue base, with 68% flow-through to operating income due to 58% regulatory capital structure. This $96.6 million EBITDA increase translates to $0.22 EPS accretion, and at current 16.8x P/E multiple represents exactly 5% stock price appreciation potential.","An internal review of CMS's recent $750 million investment in grid modernization indicates a 20% greater-than-projected improvement in operational efficiency. This is forecasted to reduce non-fuel operating and maintenance (O&M) expenses by $90 million over the next four quarters, boosting forward Earnings Per Share (EPS) from $3.20 to $3.36. Applying the stock's historical forward Price-to-Earnings (P/E) ratio of 17.0x to this revised EPS implies a 5% increase in share price."
CMS,sell,"The company has revised its full-year EPS guidance downward from a midpoint of $3.12 to $2.97, citing unrecoverable storm-related operational expenses from the previous quarter amounting to $45 million. A forward P/E ratio of 19x applied to this new, lower guidance midpoint suggests a potential 5% decrease in the stock's valuation.","Michigan regulators cut CMS Energy's allowed return on equity from 10.5% to 9.75% in the latest rate case, reducing forward earnings by $45 million annually and compressing the fair value P/E multiple from 16.2x to 15.4x, which translates directly to a 5% decrease in intrinsic stock value."
USB,buy,"U.S. Bancorp's commercial and industrial (C&I) loan origination grew 4.5% last quarter, outpacing the peer group average of 2.0%. This superior growth is projected to lift the bank's Return on Tangible Common Equity (ROTCE) from 14.5% to 15.5% over the next fiscal year. Re-rating the stock's Price-to-Tangible Book Value (P/TBV) multiple from 1.50x to 1.575x to reflect this enhanced profitability profile warrants a 5% upward revision in its target price.","Net interest margin expanded 15 basis points to 2.85% in the most recent quarter as deposit costs declined 12% year-over-year, while loan growth accelerated to 6.2% annualized and the efficiency ratio improved 140 basis points to 58.2%, supporting a 5% stock price increase."
USB,sell,"Credit quality is deteriorating faster than expected, particularly within the bank's commercial real estate (CRE) office portfolio. The provision for credit losses in the most recent quarter rose to $610 million, 22% above consensus estimates. Concurrently, the ratio of non-performing loans to total loans in the CRE office segment increased from 1.1% to 1.75% quarter-over-quarter. Our model, which stress-tests for sustained vacancy rates above 20%, indicates the potential for an additional $420 million in provisions over the next two quarters. This incremental provision would reduce tangible book value per share by approximately $0.22, justifying a 5% downward re-rating of the stock's price-to-tangible book value (P/TBV) multiple to reflect higher perceived risk.","USB's commercial real estate portfolio shows stress with office NPLs rising from 0.9% to 2.1% over the last 2 quarters, driving quarterly loan loss provisions from $780M to $1.15B and reducing forward EPS estimates by $0.28, suggesting a 5% price decline as investors reprice credit risk."
OKE,buy,"OKE has successfully refinanced $3 billion of legacy senior notes from a 6.8% coupon to a new rate of 5.0%, resulting in annual interest expense savings of $54 million. This reduction in financing cost is expected to increase next year's consensus earnings per share (EPS) estimate by $0.07 after tax. The stock currently trades at a forward Price-to-Earnings (P/E) ratio of 16.0x; applying this multiple to the incremental EPS ($0.07 x 16.0 = $1.12) implies a price appreciation that is understated. A more direct valuation shows that a peer group with similar leverage and cash flow profiles trades at a P/E ratio of 16.8x. A re-rating of OKE's multiple from 16.0x to the peer average of 16.8x is justified by the stronger balance sheet, indicating a direct 5% upside to the current stock price.","NGL system throughput volumes increased 8.3% year-over-year in Q3 while fee-based margin expanded 150 basis points to 68.4%, driving a 6% EBITDA consensus revision that supports a 5% price increase target."
OKE,sell,"ONEOK's debt-to-EBITDA ratio has deteriorated to 5.2x in the most recent quarter, a 30% increase from 4.0x year-over-year, while its interest coverage ratio contracted to 3.1x from 4.8x, signaling heightened credit risk that warrants a 5% price decrease.","Our analysis indicates a deterioration in capital efficiency, with Return on Invested Capital (ROIC) declining from 10.5% to 9.2% over the last four quarters, now lagging the peer group average of 10.0%. Closing the valuation gap to reflect this underperformance, by adjusting ONEOK's forward EV/EBITDA multiple from 11.1x down to a peer-aligned 10.55x, implies a potential 5% decrease in the stock price."
GRMN,buy,"Latest quarter fitness segment revenue grew 12.3% year-over-year to $820 million, while consolidated gross margins expanded 170 basis points to 60.2% and ROE improved to 18.7%; this operational leverage translates directly to a 5% increase in fair value estimate.","Garmin's forward Free Cash Flow (FCF) yield is currently 5.25%, which is a 50 basis point premium to its peer group average of 4.75%. Our model indicates that as the company's new product cycle in the Fitness and Outdoor segments gains traction over the next two quarters, this FCF yield should normalize to the peer average. This convergence implies a capital appreciation of approximately 5% to align the stock's valuation with its peers."
GRMN,sell,"Channel checks reveal a deceleration in the Outdoor & Fitness segment's product replacement cycle, extending the average upgrade period from 24 months to 29 months. This translates to a projected year-over-year revenue growth of 4% for the upcoming fiscal year, significantly below the 10% growth rate currently priced into the stock. Adjusting our forward revenue projections to this lower 4% rate results in a 5% reduction of our fair value estimate for GRMN.","Free cash flow declined 28% to $187 million in Q3, inventory turnover deteriorated from 85 to 112 days, management cut full-year revenue guidance by 4% to $5.8 billion, and channel partner return rates increased 35% quarter-over-quarter, indicating a potential 5% decrease in stock price."
ALB,buy,"The company's new 5-year supply agreement with a major European OEM locks in 85% of 2024 battery-grade lithium production at a premium-weighted average price of $29,800/tonne, improving forward revenue visibility to 92% from 67% while simultaneously decreasing debt-to-EBITDA to 1.4x from 2.3x, strengthening the balance sheet enough to warrant a 5% valuation uplift.","Analysis of Albemarle's recently secured long-term contracts for battery-grade lithium hydroxide reveals an average realized price 9% higher than the spot market prices used in current valuation models. This price premium is projected to increase the company's gross margin by 250 basis points in the next fiscal year. Holding the forward Price-to-Earnings ratio steady at 22x, this margin expansion translates to a revised earnings forecast that justifies a 5% increase in the stock's target price."
ALB,sell,"Albemarle's average realized lithium price fell 24% sequentially to $16,800/tonne in the most recent quarter, compressing gross margins by 380 basis points from 41.5% to 37.7% and reducing EBITDA per tonne by $1,240, metrics that justify a 5% stock price decrease based on 12% downward earnings revisions and forward P/E multiple contraction from 14.2x to 13.5x.","Our channel checks indicate that lithium carbonate spot prices, which have declined 12% in the last 60 days, are now impacting Albemarle's contract renewal negotiations. We project this will lead to a 250-basis-point contraction in the Energy Storage segment's gross margin for the next fiscal year. This margin compression lowers our forward earnings per share (EPS) estimate by 8%, supporting a 5% decrease in the stock's valuation."
FOXA,buy,"Fox's streaming service, Tubi, reported a 40% year-over-year increase in total viewing time last quarter, while average revenue per user (ARPU) grew by 9% due to enhanced ad-targeting technology. A DCF analysis incorporating these revised growth and monetization rates for the Tubi segment increases its standalone valuation by $1.1 billion. This added value, when applied to Fox Corporation's total enterprise value, implies a valuation uplift that supports a 5% increase in the stock price.","Fox's Tubi streaming platform reached 85 million monthly active users in Q3, representing 22% year-over-year growth, while streaming advertising revenue surged 38% to $847 million, now comprising 18% of total ad revenue versus 13% in the prior year; this accelerated digital transformation supports a 5% stock price increase as investors re-rate the company's growth profile."
FOXA,sell,"Net leverage increased to 3.4x EBITDA from 2.1x YoY following $2.8B in accelerated share repurchases, while trailing twelve-month levered free cash flow fell 18% to $1.2B and interest coverage ratio dropped to 4.8x, creating refinancing headwinds that justify a 5% valuation discount.","An internal analysis of forward advertising commitments reveals a 4.5% decline in scatter market ad pricing for the current quarter compared to the prior-year period, against internal projections of a 2.0% increase. This pricing weakness is projected to compress company-wide EBITDA margins by 120 basis points for the next fiscal year. A revised discounted cash flow (DCF) model reflecting this lower margin profile supports a valuation 5% below the current stock price."
LMT,buy,"Q3 2024 free cash flow surged 22% year-over-year to $1.9B, pushing trailing twelve-month FCF to $7.3B, while management authorized a $3.5B accelerated share repurchase program and reduced net debt-to-EBITDA from 2.1x to 1.6x, supporting a 5% upward valuation revision according to DCF models.","Internal corporate guidance on the ""Project Citadel"" efficiency program indicates a targeted 65 basis point improvement in operating margins for the Missiles and Fire Control division over the next fiscal year. This margin expansion is projected to increase consolidated net income by $295 million. Based on 246 million shares outstanding, this translates to an additional $1.20 in EPS. Valuing this efficiency-driven earnings growth at a conservative 19.2x multiple implies an upward stock price adjustment of $23.04, an upside of exactly 5%."
LMT,sell,"Analysis of recent supply chain cost escalations for key components indicates a projected 80 basis point contraction in the Aeronautics segment's operating margin for the upcoming fiscal year, from 11.0% to 10.2%. This margin compression is projected to reduce the company's consolidated forward earnings per share (EPS) by $1.45, which, when applying the stock's current forward P/E ratio of 16.5x, implies a potential 5% decrease in the stock price.","Defense contract backlog declined 12% quarter-over-quarter to $141 billion while operating margins compressed 230 basis points to 9.2%, driving consensus EPS estimates down 8% for next fiscal year and forward P/E multiple contraction from 16.2x to 14.8x, together indicating 5% downside to current share price."
ICE,buy,"TTM free cash flow of $3.4B (8.3% FCF yield) funded a $2.5B accelerated share repurchase representing 4.1% of float and a 45% dividend hike to $1.68/share, with the total capital return yield of 6.4% supporting a 5% valuation premium.","The company's free cash flow conversion rate from net income improved to 115% over the trailing twelve months, compared to its five-year average of 102%. This efficiency gain is funding an accelerated share repurchase program projected to reduce the outstanding share count by an additional 2.0% over the next six months. This direct capital return, combined with the underlying operational efficiency, justifies a 5% increase in our valuation of the stock."
ICE,sell,"ICE's Q3 energy futures trading volumes declined 12% year-over-year while operating margins compressed 400 basis points to 54% and data services revenue growth decelerated to 2% from 8% previously, with management guiding Q4 revenue 3% below consensus estimates, a fundamental deterioration that supports a 5% price decrease target.","In the most recent quarter, ICE's transaction and clearing revenue from its Exchanges segment grew by only 1.5% year-over-year, falling short of the consensus estimate of 4.0% growth due to a 7% decline in commodities trading volume. Concurrently, the segment's operating margin contracted by 150 basis points to 68.5% due to higher-than-expected data infrastructure costs. A discounted cash flow (DCF) model adjustment, factoring in these lower long-term growth and profitability assumptions, suggests a 5% decrease in the stock's intrinsic value."
STZ,buy,"Constellation's beer portfolio captured 320 basis points of additional market share in the high-growth craft/import segment, reaching 18.7% share, with depletion volume accelerating to 7.2% year-over-year, suggesting sustained category outperformance that warrants a 5% valuation premium.","The company's premium wine and spirits portfolio revitalization is yielding results ahead of schedule, with the segment's Return on Invested Capital (ROIC) improving from 7.5% to 8.8% over the past six months. Updating our discounted cash flow (DCF) model to reflect this sustained profitability improvement, specifically by increasing the terminal growth rate assumption from 2.0% to 2.25%, results in a 5% increase in our calculated intrinsic value per share."
STZ,sell,Syndicated retail data for the most recent 12-week period shows Constellation's flagship premium beer brands have experienced a combined 75 basis point decline in U.S. market share in key off-premise channels. A regression analysis of market share to sales growth over the past 5 years suggests this decline will translate to a 1.2% reduction in forecasted revenue for the next fiscal year. Adjusting our discounted cash flow (DCF) model for this lower top-line growth results in a 5% reduction in the stock's intrinsic value.,"STZ trades at 22.5x forward P/E, a 23% premium to the beverage sector average of 18.3x, despite Q3 organic revenue growth decelerating to 2.1% and net debt-to-EBITDA rising to 4.1x following the $1.2 billion winery acquisition. This valuation disconnect, compounded by a 150 basis point increase in weighted average cost of capital to 7.8%, implies a 5% decline in target price."
IQV,buy,"The company gained 3.2 percentage points of market share in clinical trial analytics for a total of 28.5% penetration, and reduced net debt/EBITDA from 3.8x to 3.1x via $420 million debt repayment, which decreases the equity risk premium by 75 basis points and directly yields a 5% price appreciation to $238 in our DCF analysis.","Analysis of IQVIA's recent contract awards in its Research & Development Solutions segment indicates a backlog growth of 8% over the last two quarters, outpacing the industry average of 6%. This stronger-than-expected backlog is projected to increase next fiscal year's revenue forecast by $400 million, leading to an EPS revision from $11.20 to $11.76. Applying the stock's current forward P/E multiple of 20x suggests a price target adjustment that represents a 5% increase from the current market price."
IQV,sell,"Free cash flow conversion deteriorated to 52% from 68% in the comparable prior year period as Days Sales Outstanding increased to 94 days, while net debt-to-EBITDA rose to 3.8x following the recent $1.2 billion acquisition of a commercial analytics platform, limiting financial flexibility and prompting a 5% decrease in target price.","Our analysis of recent contract renewals and new project bids within the Research & Development Solutions (R&DS) segment indicates a margin compression of 120 basis points, from a historical average of 15.8% to a projected 14.6% for the next two quarters. This is driven by a 10% increase in investigator site fees and higher pass-through costs not fully absorbed by clients, which is expected to lower forward earnings per share (EPS) estimates by approximately $0.40 and supports a 5% decrease in the stock's valuation."
SLB,buy,"The company generated $3.4B in operating cash flow over the last twelve months, converting 112% of net income, and deployed $1.3B to reduce net debt-to-EBITDA from 1.4x to 0.9x, triggering a valuation rerating from 14.5x to 15.2x forward P/E on unchanged $3.75 EPS forecast, directly resulting in a 5% stock price appreciation to $57.75 from $55.00.","An internal efficiency analysis indicates that the integration of digital twin technology across Schlumberger's Production Systems division will reduce operational costs by 8% over the next four quarters. This cost reduction is expected to improve the company's overall free cash flow (FCF) by $350 million. A discounted cash flow (DCF) model, updated with this incremental FCF and using an unchanged weighted average cost of capital (WACC) of 8.5%, calculates a $2.25 billion increase in the company's enterprise value, supporting a 5% appreciation in its share price."
SLB,sell,"SLB's net debt-to-EBITDA ratio increased from 2.1x to 3.4x over six months while free cash flow declined 28% to $850 million due to a $420 million working capital build. The resulting $150 million annual interest burden reduces fair value by 7%, directly implying a 5% stock price decline.","A review of Schlumberger's order book indicates that the book-to-bill ratio for its international operations has fallen to 0.95x over the last six months, down from 1.18x in the same period a year ago. Our regression model, which correlates the book-to-bill ratio with forward revenue growth, suggests this deceleration will lead to a 1.5% reduction in next year's consensus revenue forecast. This revision triggers a 5% reduction in our price target based on a lower EV-to-Sales multiple."
AEP,buy,"The company completed $1.2 billion debt refinancing at 3.8% coupon, reducing average interest expense from 5.2% and lowering debt-to-equity from 1.45 to 1.28, which improves interest coverage to 4.4x from 3.1x and increases free cash flow by $140 million annually, a capital structure optimization that valuation analysis indicates should drive a 5% price appreciation.","New investments in high-return transmission infrastructure are projected to increase the company's forward Return on Equity (ROE) from 10.5% to 11.0% over the next 18 months. Re-rating the stock to a Price-to-Book (P/B) multiple of 1.8375x, which is in line with peers generating an 11% ROE, on the current book value of $48.00 per share suggests a fair value of $88.20, a 5% premium over its current price."
AEP,sell,"Multi-state regulatory commission finalized 110 basis point reduction in authorized ROE from 9.8% to 8.7% on $3.2 billion rate base, eliminating $0.35 annual EPS and creating 14% earnings headwind for next two years, directly supporting a 5% stock price decrease.","A recent rate case decision in a key operating state approved a 9.4% return on equity (ROE), significantly below the company's 10.7% request. This outcome is projected to reduce forward earnings per share (EPS) by $0.25. Applying the stock's current forward P/E ratio of 16.5x suggests this single regulatory event supports a 5% downward revision in the stock's target price."
BKNG,buy,"Booking Holdings generated $28.50 free cash flow per share in the trailing twelve months, representing 18% growth driven by EBITDA margin expansion of 150 basis points to 42.3% through 8% marketing efficiency improvements and 12% merchant take-rate gains. This cash flow acceleration, when modeled using a 9.2% WACC in a DCF framework, produces a valuation increase that corresponds to a 5% stock price appreciation.","Internal analysis of recent performance marketing optimizations projects a 150 basis point improvement in return on investment for the next fiscal year. This efficiency is expected to expand the company's operating margin from 34.0% to 34.8%, leading to a revised forward earnings per share (EPS) estimate that is 3.5% above current consensus. Applying the sector average forward P/E multiple of 22x to this higher EPS results in a valuation that supports a 5% increase in the stock price."
BKNG,sell,"Our proprietary data tracking room nights booked, a primary revenue driver, indicates a sequential deceleration in year-over-year growth from 9% last quarter to an estimated 6.5% for the current quarter, which is 200 basis points below the consensus forecast of 8.5%. A regression analysis correlating room night growth to forward revenue shows that this slowdown is expected to reduce next year's revenue by $450 million against previous projections. This adjustment, when factored into a price-to-sales valuation framework using the sector average multiple of 5.5x, points to a potential 5% decrease in the stock price.","Q3 2025 room nights growth decelerated to 2.8% from 9.5% in Q3 2024, while revenue per room night contracted 4.2% year-over-year, compressing EBITDA margin to 29.1% from 33.8%. Combined with 18% higher marketing spend yielding minimal incremental bookings, these metrics signal a 5% stock price decrease."
EIX,buy,"The company's grid modernization program is on track to reduce annual operating and maintenance (O&M) expenses by $115 million over the next fiscal year, improving the operating margin by 60 basis points. A discounted cash flow (DCF) analysis incorporating this enhanced margin profile and a resulting 25 basis point reduction in the weighted average cost of capital (WACC) yields an updated intrinsic value per share that is 5% higher than previous estimates.","Edison International's recent $2.8 billion regulatory approval for grid modernization and wildfire mitigation investments over the next 3 years is projected to increase its rate base by 12% and boost EPS from $4.75 to $5.15 in fiscal year 2025, representing 8.4% earnings growth that supports a 5% stock price increase as forward P/E multiples expand to reflect the accelerated earnings visibility."
EIX,sell,"The California Public Utilities Commission delayed approval of a $340 million rate base increase for 2024, reducing projected forward earnings by $0.28 per share and lowering regulated ROE from 10.2% to 8.7%, which directly translates to a 5% stock price decline based on discounted cash flow modeling.","The company's forward guidance for non-fuel Operations and Maintenance (O&M) expenses has been increased by $80 million for the next fiscal year due to unbudgeted wildfire mitigation programs. This additional expense is expected to compress the projected operating margin by 70 basis points, from 21.2% to 20.5%. Our discounted cash flow (DCF) model, updated to reflect this sustained margin pressure, now yields a fair value estimate that is 5% lower than our previous target."
EMR,buy,"Emerson's free cash flow (FCF) conversion rate from net income is projected to improve from 96% to 108% for the full fiscal year, driven by enhanced working capital management. This results in a forward FCF yield of 4.2%, which is a 20 basis point premium to its direct competitor group average of 4.0%. A re-rating of the stock to align with this peer group's average FCF yield would imply a 5% increase in its current share price.","The company generated $1.45 billion in free cash flow over the past six months at 108% conversion, reduced debt-to-EBITDA from 2.2x to 1.7x, improved ROE from 18.3% to 21.7%, and announced a $2.2 billion share buyback authorization equal to 5.5% of shares outstanding, capital allocation metrics that warrant a 5% valuation uplift through a 30 basis point compression in equity risk premium."
EMR,sell,Our analysis indicates that a 12% increase in key semiconductor component costs over the last two quarters will compress Emerson's gross margin in its Measurement & Analytical segment by 150 basis points in the upcoming fiscal year. This margin erosion is expected to lower the company's overall earnings per share (EPS) forecast from $4.50 to $4.28. Applying the stock's current forward P/E ratio of 21x to this revised EPS suggests a valuation downside of approximately 5% from the current price.,"Q3 gross margin contracted 180 basis points year-over-year to 38.2% as input costs rose 4.2% while pricing power weakened 2.8%, driving segment operating profit down 11% and indicating 5% near-term price downside."
ARE,buy,"Analysis of leasing activity in the prior quarter shows a cash-basis rental rate increase of 18.5% on 2.1 million square feet of renewed and re-leased space. This pricing power, combined with a 75 basis point increase in total portfolio occupancy to 95.2%, is projected to increase forward 12-month Net Operating Income by 2.6%, which supports a 5% increase in our price target based on a discounted cash flow model.","Development pipeline NAV increased $420M to $2.8B and debt-to-EBITDA improved to 5.7x from 6.2x, narrowing price-to-NAV discount from 12% to 7% and supporting a 5% stock price increase."
ARE,sell,"The company faces the refinancing of $2.8 billion in debt over the next 18 months, with a current weighted average interest rate of 3.2%. Refinancing at projected market rates of 5.7% would increase annualized interest expense by $70 million, directly reducing Adjusted Funds from Operations (AFFO) per share by $0.35. This erosion of cash flow supports a valuation multiple compression in our model, leading to a 5% decrease in our target price.","Same-property NOI declined 2.3% year-over-year as occupancy fell 180 basis points to 93.4%, reversing a 12-quarter growth streak, with new lease spreads turning negative at -4.5% compared to +8% in the prior year, operational deterioration that supports a 5% price decrease target."
CHD,buy,"Recent strategic acquisitions in the health and wellness space, specifically a leading European vitamin brand, are forecast to be accretive to earnings faster than anticipated. Our revised model incorporates an additional $220 million in revenue at a 14% net margin. This lifts the next fiscal year's consensus EPS estimate from $3.60 to $3.78, a 5% increase that justifies a corresponding 5% rise in our price target to maintain a forward P/E ratio of 28x.","Church & Dwight's trailing twelve months gross margin expanded 230 basis points to 46.8% from 44.5% year-ago, driven by 4.5% pricing power and $45 million productivity savings, while EPS growth reaccelerated to 12.3% from 7.1% in the prior period, supporting a 5% stock price increase based on incremental $0.85 annual earnings and justified P/E multiple expansion to 28.5x."
CHD,sell,"Recent retail scanner data reveals a 75 basis point decline in market share for the company's Fabric Care segment over the past six months, driven by competitor promotional activity. This erosion is expected to lower the segment's organic sales growth from a projected 4.5% to 2.5% for the year. Adjusting our discounted cash flow model for this slower growth trajectory reduces our fair value estimate, indicating a 5% downside from the current price.","Pro forma net debt-to-EBITDA increased to 2.4x from 1.8x post-acquisition, interest coverage declined to 8.5x from 12.3x, and free cash flow conversion dropped to 72% from 85%, while the stock trades at 28.5x forward P/E (30% premium to peers) despite 2024 EPS growth slowing to 4.2%, creating valuation decompression risk that could cause a 5% stock price decrease."
VLO,buy,"Valero has reduced its net debt to capitalization ratio from 24% to 20% over the last six months, strengthening its balance sheet relative to the sector average of 26%. This deleveraging lowers the company's weighted average cost of capital (WACC) in our discounted cash flow model by 40 basis points. This reduction in the discount rate, holding all other cash flow projections constant, directly results in a 5% increase to our intrinsic value estimate for the stock.","The company reduced its debt-to-equity ratio from 0.68 to 0.52 through $890 million debt retirement while authorizing $1.2 billion in share repurchases over the next 6 months, a combined capital efficiency improvement that warrants a 5% valuation re-rating."
VLO,sell,"Company guidance has revised its full-year capital expenditure forecast upwards by $400 million, from $2.0 billion to $2.4 billion, due to unscheduled refinery maintenance and accelerated investment in emissions reduction technology. This 20% increase in planned CapEx directly reduces projected free cash flow for the year, lowering the forward free cash flow yield from 11.0% to 9.8%. A discounted cash flow (DCF) analysis recalibrated with this new FCF projection results in a revised price target that represents a 5% decrease from its current level.","Valero's net debt-to-EBITDA ratio deteriorated to 2.8x from 1.9x over the past six months as total debt increased $1.8 billion to $13.2 billion while trailing twelve-month EBITDA fell 14% to $4.7 billion. Free cash flow turned negative at -$340 million compared to +$890 million in the prior period, requiring balance sheet funding for the $1.0 billion dividend. This leverage deterioration suggests a 5% stock price decrease."
CVX,buy,"The company's free cash flow yield of 11.2% exceeds the sector average of 8.1%, enabling management to authorize an incremental $7.5 billion share repurchase program while maintaining net debt-to-EBITDA at 0.7x, a capital return profile that suggests 5% price appreciation potential.","Chevron's downstream segment achieved a return on capital employed (ROCE) of 14.5% last quarter, outperforming the peer average of 12.0% due to higher refinery utilization rates. This superior profitability justifies a narrowing of its valuation discount. If CVX's forward P/E ratio re-rates from 11.4x to 12.0x, closing a portion of the gap to its peers, this would translate directly into a 5% appreciation in the stock price."
CVX,sell,"Permian production fell 8% sequentially to 560,000 boe/day and unit costs rose 14% to $19.20/barrel, as refining margins compressed 22% to $12.50/barrel. Combined operational headwinds reduce normalized EPS by $0.85, justifying a 5% downside to fair value.","Analysis of Chevron's forward-looking production costs reveals a significant increase in projected lifting costs for its key deepwater assets, rising from $11.50 per barrel of oil equivalent (BOE) to an estimated $13.25/BOE for the next fiscal year. This 15.2% cost inflation is expected to compress the upstream segment's net profit margin by 120 basis points. Applying this revised margin to consensus revenue forecasts and maintaining the sector average Price-to-Earnings (P/E) ratio of 11.5x suggests a potential 5% decrease in the stock's valuation."
SYK,buy,"Internal analysis of Stryker's Mako robotic surgery division shows adoption rates 15% higher than initial projections for the last two quarters. This is forecasted to increase the division's revenue contribution by $500 million next fiscal year, at a 22% net margin, which is 600 basis points above the corporate average. This higher-margin earnings growth is projected to increase forward EPS by 3.5%, justifying a multiple expansion that supports a 5% increase in the stock price.","Stryker's Mako SmartRobotics 3.0 platform generated $384 million in Q3 revenue, representing 28% year-over-year growth that expanded operating margins by 150 basis points to 24.8%, prompting management to raise FY2024 organic revenue guidance from 7.8% to 9.5% and EPS guidance from $10.75 to $11.20, which supports a 5% stock price increase."
SYK,sell,"Channel checks reveal a deceleration in procedural volumes for the Orthopaedics & Spine segment, with projected year-over-year revenue growth for the next quarter at 3.5%, falling short of the 7.0% consensus estimate. This slowdown is attributed to increased pricing pressure from hospital purchasing groups, leading to an average selling price (ASP) erosion of 1.5%. A discounted cash flow (DCF) model adjusted for this lower revenue growth and margin profile yields a fair value estimate that is 5% lower than the stock's current price.","The company lost 350 basis points of market share in the reconstructive surgery segment over the past 12 months, falling from 24.1% to 20.6%, while R&D spending increased 35% year-over-year to support product catch-up initiatives, draining free cash flow margins by 250 basis points to 13.8% and warranting a 5% price decrease."
WMT,buy,"E-commerce segment mix reached 21% of total revenue growing 18% YoY as advertising yield per visitor increased $0.34 to $2.87, and trailing twelve-month ROE rose 220 basis points to 23.4%, implying a 5% price upside.","Analysis of Walmart's rapidly growing high-margin digital advertising business, a key component of its e-commerce segment, shows a 40% year-over-year revenue increase in the most recent quarter. This accelerated growth is projected to increase next year's free cash flow per share (FCF/share) from a consensus estimate of $6.80 to $7.14. A discounted cash flow (DCF) model re-evaluation based on this revised FCF figure directly supports a 5% increase in the stock's intrinsic value."
WMT,sell,"Gross profit margin compressed 150 basis points from 24.3% to 22.8% over the last 2 quarters due to escalating e-commerce fulfillment costs and aggressive price matching, with management guiding for an additional 50 bps deterioration next quarter, creating earnings headwinds that support a 5% stock price decrease.","Our model indicates that the recent 70 basis point decline in gross margin, from 24.5% to 23.8% last quarter due to increased supply chain costs, is not a one-off event. Factoring this new, lower margin profile into our discounted cash flow (DCF) model reduces our fair value estimate for WMT, suggesting a potential stock price decrease of 5%."
AZO,buy,"AutoZone's Q3 comparable store sales accelerated to 5.3% versus 2.1% consensus, while commercial division revenue expanded 18% year-over-year and operating margins improved 40 basis points to 20.1%; this combination of accelerating retail growth and operational leverage supports a 5% increase in target price based on revised forward earnings estimates.","Analysis of recent supply chain efficiencies shows a 90 basis point improvement in gross margin to 53.2% in the most recent quarter, exceeding guidance by 50 basis points. This margin expansion, driven by improved inventory management technology, has led to a revised full-year EPS forecast of $151.20, up from $144.00. Applying the company's historical forward P/E ratio of 19.0x to this revised EPS forecast suggests a valuation upside of **5%** from the current share price."
AZO,sell,"Proprietary analysis of supply chain costs and promotional activity indicates a forthcoming compression in operating margins. We project the operating margin to contract by 140 basis points to 18.9% over the next two quarters, below the consensus estimate of 20.3%. This revision lowers our forward earnings per share (EPS) estimate by 7.1%. Applying the stock's five-year average price-to-earnings (P/E) ratio of 19.0x to this lower EPS forecast results in a valuation that is 5% below the current market price.","Debt-to-equity ratio rose to 4.8x from 3.9x year-over-year as net debt increased $850 million, while free cash flow yield declined to 4.2% versus sector average of 6.1%, financial indicators that support a 5% price decrease."
PH,buy,"A review of the company's capital allocation and recent bolt-on acquisitions in the high-growth aerospace filtration segment shows a projected increase in Return on Invested Capital (ROIC) from 14.5% to 15.8% over the next fiscal year. Our discounted cash flow (DCF) model, updated to reflect this 130 basis point improvement in capital efficiency, increases the intrinsic value estimate by $25 per share, representing a potential 5% upside from the current market price.","The company secured a $1.2 billion three-year aerospace systems contract, adding $180 million in annual recurring free cash flow. This 8% increase in free cash flow generation, discounted at the company's 8.5% WACC, results in a 5% increase to the stock price."
PH,sell,"Q3 FY24 operating margin contracted 160 basis points YoY to 15.4% on 4.2% revenue decline, reducing FY24 EPS guidance to $21.40 from $22.50. At the current 16x P/E multiple, this $1.10 earnings reduction translates to exactly 5% price downside.","Analysis of the Industrial North America segment, representing 40% of total revenue, reveals a year-over-year operating margin contraction of 150 basis points to 16.5% in the most recent quarter due to unhedged raw material cost inflation. This margin pressure, coupled with a deceleration in segment revenue growth to 1.8% from 6.5% a year prior, is projected to lower full-year EPS by $0.70 below consensus. A corresponding adjustment to the forward P/E multiple from 20x to 19x to reflect lower profitability suggests a potential 5% decrease in the stock price."
GILD,buy,"Gross margin expanded from 79% to 83% through biologics manufacturing improvements while D/E ratio declined from 1.3x to 0.8x via $3.5B debt repayment, with 12% higher free cash flow and superior capital efficiency driving 5% price appreciation from multiple re-rating.","Recent successful Phase III trial data for GILD's investigational long-acting HIV treatment, Lenacapavir Plus, is projected to capture 8% of a $12 billion market segment within two fiscal years, adding $960 million in annual revenue. Applying the company's virology franchise net margin of 28%, this generates an additional $268.8 million in net income, or $0.215 per share. Valuing this earnings growth at the stock's current 15.1x forward P/E ratio supports a price target increase of $3.25, implying a 5% upside."
GILD,sell,"Phase 3 trial discontinuation of pipeline oncology drug selgantolimod eliminated $2.1B peak sales outlook and triggered $850M R&D write-off across 3-year development period, resulting in 5% price target reduction.","A discounted cash flow (DCF) model recalibration, following a competitor's accelerated FDA approval for a rival oncology treatment, reduces Gilead's projected terminal year market share in that segment from 12% to 8%. This adjustment lowers the total risk-adjusted net present value (rNPV) of the oncology pipeline by $4.1 billion, which directly supports a 5% reduction in our price target for the company."
HSY,buy,"Analysis of recent cocoa and sugar futures contracts indicates a more favorable input cost environment than currently priced into the stock. Our model projects a 90 basis point improvement in gross margins over the next four quarters, leading to a revised full-year Earnings Per Share (EPS) estimate of $9.87, compared to the current consensus of $9.40. Applying the stock's 3-year average forward Price-to-Earnings (P/E) ratio of 21.5x implies a potential 5% increase in the stock price.","Gross margin expanded 180 basis points to 48.2% in the recent quarter through strategic price increases on core confectionery portfolios, while organic volume growth accelerated to 4.3% year-over-year, demonstrating superior pricing power; this operational leverage, combined with $85 million in cost savings from the Project Accelerate initiative, is projected to increase FY2025 EPS by $0.42 (6.2% above consensus estimates), directly supporting a 5% stock price increase as the market reprices the stock on improved earnings quality."
HSY,sell,"EBITDA margin contracted 180 basis points from 22.4% to 20.6% year-over-year due to 32% higher cocoa costs and 15% elevated logistics expenses, compressing earnings power and indicating a potential 5% stock price decline as forward P/E multiple decompresses from 21x to 19x.","Recent retail scanner data for the past quarter reveals a 75 basis point decline in Hershey’s market share in the domestic confectionery category, falling from 31.2% to 30.45%. This erosion, primarily driven by accelerated private-label growth, forces a downward revision of our full-year revenue growth forecast from 3.5% to 2.0%. Applying the current price-to-sales multiple to this lower revenue base suggests a 5% downside to the stock's current valuation."
AWK,buy,"The company is currently valued at a forward Price-to-Earnings (P/E) ratio of 26.5x, while its primary regulated utility peer group trades at an average of 28.0x. Given American Water Works' recently revised 5-year capital investment plan, its projected rate base growth is now 8.5%, compared to the peer average of 7.0%. A partial closing of this valuation gap, where AWK's P/E multiple expands to 27.8x to better reflect its superior growth outlook, would result in a 5% increase in its stock price.","Customer connections expanded 2.9% year-over-year in Q3 2024, exceeding the historical 1.6% average, while O&M expense ratio improved 135 basis points to 34.2% through smart meter deployment, driving EBITDA margin from 47.8% to 49.6% and delivering 14.3% EBITDA growth versus 9.2% consensus, which combined with WACC declining 8 basis points to 6.2% from lower treasury yields, creates a 5% valuation upside based on DCF model sensitivity."
AWK,sell,"Our analysis indicates a forward operating margin compression to 32.5% from the trailing twelve-month average of 34.2%, driven by a 15% quarter-over-quarter increase in chemical and electricity costs that are not expected to be recovered through rate cases until the next fiscal year. This 170-basis point margin erosion, when applied to consensus revenue estimates, leads to a projected earnings miss that supports a 5% decrease in our valuation of the stock.","Debt-to-equity ratio rose from 1.12x to 1.47x over the past 15 months as total debt reached $7.45 billion, while interest coverage deteriorated from 4.7x to 3.1x due to $68 million quarterly interest expense and 6.8% decline in operating cash flow to $1.22 billion, triggering a 5% price decrease as credit spreads widen and cost of equity increases by 75 basis points."
SBUX,buy,"Analysis of SBUX's supply chain efficiency initiative, launched last quarter, projects a 75 basis point improvement in operating margin over the next six months. This is expected to raise forward Earnings Per Share (EPS) estimates by 3.1% to $4.00. Applying a conservative Price-to-Earnings (P/E) multiple expansion from 22.0x to 22.4x, based on this enhanced profitability, suggests a potential 5% increase in the stock's target price.","China same-store sales growth reaccelerated to 8.3% year-over-year last quarter, expanding segment operating margins by 340 basis points to 18.6% while opening 347 net new stores, a trajectory that analysts project will deliver $0.14 incremental EPS and supports a 5% increase in price target."
SBUX,sell,"Internal modeling indicates that a 12% quarter-over-quarter increase in green coffee commodity prices, combined with a 50 basis point rise in store-level labor costs, will compress next quarter's operating margin by an estimated 110 basis points, from 15.4% to 14.3%. This revision to our earnings forecast suggests a downward adjustment to the company's valuation, leading to a projected 5% decrease in the stock price.","Q3 2024 US same-store sales declined 2.8% and China comparable sales fell 5.1%, while operating margin compressed 150 basis points year-over-year to 15.2% due to 12% wage inflation and 8% higher coffee costs, leading management to guide Q4 earnings 7% below analyst estimates, metrics which collectively support a 5% price decrease."
K,buy,"Kellogg's Q3 organic revenue growth of 4.3% and 150 basis points gross margin expansion to 36.8% drove adjusted EPS of $1.12, beating consensus by $0.08. Management raised EBITDA guidance to $2.15 billion at 8.5% margin, leading DCF models to indicate a 5% stock price increase to $72 based on free cash flow yield improvement to 6.2%.","Recent supply chain optimization initiatives have expanded the company's operating margin by 80 basis points year-over-year, from 12.5% to 13.3%. This efficiency gain is projected to increase forward earnings per share (EPS) estimates from $4.00 to $4.20. Applying the sector's average forward P/E ratio of 15x, this revised EPS forecast supports a 5% increase in the stock's valuation."
K,sell,"Kellogg's Q3 gross margin contracted 280 basis points year-over-year to 31.4% from 34.2% and operating margin compressed to 10.1% from 12.5%, driving EPS down 8% to $3.85 and missing consensus by 7%; this margin deterioration could trigger 6% downward earnings revisions that would result in a 5% stock price decline.","Recent syndicated retail scanner data for the last quarter reveals that Kellogg's market share in the high-margin North American ready-to-eat cereal category has eroded by 150 basis points, from 29.5% to 28.0%, due to private-label gains. This market share loss is projected to reduce full-year EBIT by $75 million. Applying the sector average EV/EBIT multiple of 12.5x to this lower EBIT forecast results in a revised price target that is 5% below the current market price."
LEN,buy,"Lennar's latest quarter EPS increased 22.3% year-over-year to $4.12, beating consensus estimates by $0.18, while gross margins expanded 150 basis points to 24.8% on 12% higher home deliveries. Management raised full-year guidance by 8% above prior forecasts, supporting a potential 5% stock price increase as analysts upgrade forward valuation multiples.","The company's strategic plan to use 60% of its free cash flow for debt reduction is projected to lower its homebuilding debt-to-capital ratio from 18.0% to a record low of 14.5% within nine months. A regression analysis of Lennar's Price-to-Book (P/B) ratio against its debt-to-capital ratio over the last decade shows that this level of deleveraging corresponds with a P/B multiple expansion from 1.40x to 1.47x, supporting a 5% increase in the stock's valuation."
LEN,sell,"Lennar's trailing twelve-month gross margin compressed 170 basis points year-over-year to 22.8% while SG&A expenses rose to 8.1% of homebuilding revenues, combined with an 11% decline in net new orders over the same period, indicating pricing power erosion and operational inefficiencies that could drive a 5% stock price decrease.","Analysis of regional housing data projects Lennar's new orders will decelerate to 2.5% growth next quarter, a sharp drop from the 9.5% growth reported in the same quarter last year. Combined with a projected 150 basis point compression in gross margins to 22.5% due to a 7% rise in input costs, our earnings model revises the forward 12-month EPS estimate downward by 8%. Applying the stock's 5-year average P/E multiple to this new estimate indicates a 5% potential decrease from the current stock price."
CAT,buy,"Operating margins expanded 180 basis points YoY to 16.2% in Q3, driving a 15% EPS beat ($3.25 vs $2.83 consensus). This margin expansion and 8% revenue acceleration support a 5% stock price increase, translating to $8.50 upside from current trading levels based on revised FY24 EPS estimates of $13.40.","Recent factory automation initiatives are projected to expand EBITDA margins by 60 basis points over the next fiscal year. Our discounted cash flow (DCF) model indicates that this efficiency gain translates directly into higher free cash flow, supporting a valuation that is 5% above the current stock price."
CAT,sell,"China sales volume declined 31% year-over-year, reducing the region's revenue contribution from 14% to 9% of total sales, as the company lost 420 basis points of market share to domestic competitors. Management concurrently announced $2.1 billion in new debt issuance to maintain dividend payments, pushing net debt-to-EBITDA to 2.8x from 1.9x. These geographic and balance sheet pressures could trigger a 5% stock price decline.","An analysis of Caterpillar's dealer network reveals that machine inventories increased by 12% in the last quarter, significantly above the five-year seasonal average of 4%. This inventory build, combined with a sequential order backlog decline of 8% to $28.1 billion, suggests a deceleration in end-user demand. Our regression model, which correlates backlog and dealer inventory levels with forward sales, indicates a probable 3.5% downward revision to consensus revenue forecasts, translating to a 5% decrease in our price target."
CCL,buy,"Forward bookings for the next 12 months increased 18% year-over-year with net revenue per passenger cruise day rising 12% to $285, while occupancy rates reached 108% versus 105% historical average, indicating sustained pricing power that supports a potential 5% increase in stock price.","Analysis of forward booking curves indicates that net per diems for the next two quarters are running 6% higher than consensus estimates, driven by a 9% increase in on-board package pre-sales. This higher-than-anticipated yield is projected to increase the company's EBITDA by $250 million over the next twelve months. Applying the sector average EV/EBITDA multiple of 11.0x to this incremental earnings suggests a 5% upside to the current stock valuation."
CCL,sell,"Debt-to-equity ratio stands at 1.85x with Q2 free cash outflow of $380 million versus prior year inflow of $120 million, while interest coverage ratio deteriorated to 2.3x from 4.1x, creating refinancing risk that triggers a 5% price decline.","Proprietary data from booking aggregators for the current quarter reveals that net per diems (net revenue per passenger cruise day) are growing at only 1.8%, compared to 3.5% in the prior-year period and consensus expectations of 3.2%. This deceleration in pricing power suggests a contraction in the stock's forward EV/Sales multiple from 1.40x to 1.33x, implying a 5% downside to the current share price."
BLK,buy,"The Aladdin technology platform's latest Annual Contract Value (ACV) growth rate was 15%, driven by new client acquisitions outside of traditional asset management. This is expected to contribute an additional $192 million in high-margin technology services net income over the next fiscal year. Valuing this specific earnings stream at a FinTech industry average P/E multiple of 30x, rather than the parent company's multiple, adds $5.76 billion to our valuation model, justifying a 5% increase in the target share price.","BlackRock's total AUM grew 8.7% quarter-over-quarter to $10.4 trillion, driven by $112 billion in net inflows and 5.2% market appreciation. The company's operating margin expanded 280 basis points to 41.8% due to technology-driven cost efficiencies, while the ETF fee compression stabilized at 0.12% average expense ratio. These fundamental improvements in scale and profitability support a 5% stock price increase."
BLK,sell,"Analysis of recent fund flows indicates a significant deceleration in high-margin asset gathering. In the most recent quarter, long-term net inflows were $52 billion, missing consensus estimates of $80 billion and marking a 40% decline from the prior-year quarter. This slowdown is projected to reduce the forward 12-month revenue growth forecast from 6% to 4%. A revised earnings model incorporating this lower growth rate supports a 5% decrease in the target stock price.","Operating margin contracted from 38.2% to 34.1% year-over-year as technology and compensation expenses surged 18% against just 2% revenue growth, with this 410 basis point margin deterioration warranting a 5% reduction in target price."
BAC,buy,"Digital banking adoption rose 18% year-over-year, reducing cost per transaction by $0.12 and improving the tier 1 leverage ratio to 7.1%, enabling $2.8 billion in incremental share buybacks that imply a 5% price appreciation.","Analysis of BAC's Global Wealth and Investment Management division indicates fee-based revenue is on track to grow 12% in the current fiscal year, significantly outpacing the peer average of 7%. This accelerated growth is driven by a 15% increase in net new advisory assets over the last two quarters, which is projected to add $1.75 billion in incremental pre-tax income above consensus. Applying the stock's current forward P/E multiple of 12x to this incremental earnings stream supports a 5% increase to the current stock price."
BAC,sell,"Our proprietary model indicates an upcoming compression in Bank of America's Net Interest Margin (NIM) by 25 basis points over the next two quarters, from 2.20% to 1.95%, due to a higher-than-peer sensitivity to deposit repricing. This is significantly greater than the 10-basis-point compression anticipated for the sector average. This decline is projected to lower annualized net interest income by $2.8 billion, which, when flowing through to earnings at the company's current price-to-earnings multiple, supports a 5% decrease in our valuation for the stock.","The bank's net interest margin compressed 28 basis points sequentially to 1.88% as deposit betas reached 78% versus 52% in the prior quarter, coupled with core deposit outflows of 5.2% and tangible book value per share declining 3.1% to $22.40, fundamental pressures indicating a 5% valuation decline."
BDX,buy,"BDX's Biosciences division revenue growth accelerated from 4.2% to 8.7% year-over-year last quarter, propelled by 23% market penetration of the new FACSLyric flow cytometry system. Segment gross margins expanded 110 basis points to 52.3% due to manufacturing scale efficiencies, supporting a 5% price increase as sell-side models incorporate 7-8% higher forward EPS estimates.","Analysis of the BDX Medical segment's operational efficiency initiatives projects an operating margin expansion of 140 basis points, from 21.6% to 23.0%, over the next four quarters. This margin improvement is expected to increase forward earnings per share by 3.2%. A modest re-rating of the company's forward P/E ratio by 1.8%, reflecting this enhanced profitability profile, supports a 5% increase in the stock price."
BDX,sell,"Latest quarter gross margin compressed 320 basis points year-over-year from 52.3% to 49.1% on 18% higher resin costs, while Life Sciences segment revenue declined 4.5% due to 7% lower COVID-testing demand and 3% hospital inventory destocking, resulting in EPS of $2.75 versus $2.91 consensus (5.5% miss) and suggesting 5% stock price downside from forward P/E compression to sector median.","Channel checks in the Life Sciences division indicate that a key competitor's new diagnostic platform is gaining traction faster than anticipated, leading to a projected 200 basis point deceleration in BDX's segment revenue growth for the upcoming fiscal year. This erosion of market share in a high-margin business is expected to trigger a contraction in the stock's forward P/E multiple from 21.0x to 19.95x, justifying a 5% decrease in the stock price."
FAST,buy,"Recent supply chain optimization has improved inventory turnover from 4.6x to 5.0x over the past two quarters. This has increased the company's free cash flow (FCF) to net income conversion rate to 110%, compared to a five-year average of 98%. The resulting incremental FCF is expected to fully fund a newly announced $200 million accelerated share repurchase program. The execution of this buyback at current valuation levels is projected to reduce the share count by 1.2% and, when combined with an improved cash flow valuation multiple, supports a 5% increase in the stock price.","Fastenal's Q3 gross margin expanded 160 basis points year-over-year to 49.8% while return on equity improved from 28.0% to 31.2% on asset turnover of 2.4x, supporting a 5% upside to shares as operational leverage drives 2024 EPS estimates $0.15 higher to $2.05."
FAST,sell,"Sales growth from the company's Onsite locations, a key growth driver, decelerated to 4.5% year-over-year in the most recent quarter, down from 11.0% in the same period last year. This deceleration in a high-revenue segment has caused us to revise our forward 12-month revenue forecast downward by 2.5%, which, when applied to our valuation model, results in a potential 5% decline in the stock's fair value.","Gross margin compressed 180 basis points from 48.2% to 46.4% year-over-year as stainless steel costs surged 12% with only 40% pass-through achievable, while operating margin declined 150 basis points to 18.5%, creating earnings risk that would drive a 5% price decrease."
EMN,buy,"EMN's forward P/E of 11.2x represents a 17% discount to the specialty chemicals sector average of 13.5x, while ROE improved to 16.4% from 14.2% and net debt-to-EBITDA fell to 2.1x from 2.8x. Closing this valuation gap creates a 5% price appreciation opportunity.","The company has utilized recent free cash flow to execute an accelerated $400 million debt repayment, lowering its net debt-to-EBITDA ratio from 2.8x to a forward-looking 2.5x. Peer companies with leverage ratios below 2.6x trade at an average forward P/E multiple of 12.6x, while EMN currently trades at 12.0x. A valuation re-rating to align with this less-leveraged peer group implies a 5% appreciation in the stock price."
EMN,sell,"EMN's Q3 2024 EBITDA margin contracted 260 basis points year-over-year to 14.2%, while adjusted EPS of $1.47 missed consensus by $0.23 per share. This represents the third consecutive quarterly earnings disappointment and could drive a 5% stock price decline as investors derate the forward P/E multiple from 12x to 11.4x.","The company's days inventory outstanding (DIO) has risen from 72 days to 85 days over the last six months, signaling a slowdown in end-market demand for its specialty plastics segment. This inventory build has negatively impacted operating cash flow by an estimated $210 million for the trailing two quarters. This deterioration in working capital efficiency justifies a lower price-to-cash-flow multiple, supporting a 5% downward revision of our price target."
IVZ,buy,"Analysis of recent fund flow data indicates a stabilization in equity strategies and $18 billion in net new inflows over the past quarter into higher-margin fixed income and alternative products. This mix shift is projected to increase the firm's overall fee realization rate by 8 basis points, leading to a 2.9% increase in forecasted revenue. Combined with operating leverage from the firm's completed expense reduction program, this projects to a 5.1% increase in forward earnings per share, supporting a 5% price increase.","Invesco's Q3 net long-term inflows surged to $24.5 billion, lifting total AUM to $1.61 trillion while average management fees expanded 7 basis points year-over-year to 0.53%, driving EBITDA margins 320 basis points higher to 31.5% and creating 5% stock price upside as forward P/E compresses to 11.5x against peer average of 13.2x."
IVZ,sell,"Invesco experienced $12 billion in net AUM outflows representing 3.2% of total assets last quarter, while average management fees compressed 8 basis points to 0.42%, a combined headwind that reduces projected annual fee revenue by $140 million and drives a 5% fair value decline.","Analysis of recent fund flow data reveals net institutional outflows of $18 billion over the last quarter, primarily from higher-fee active equity strategies. This represents a 1.4% decline in total Assets Under Management (AUM). Our proprietary model, which correlates AUM changes to forward revenue, indicates this level of outflow will reduce next year's consensus revenue estimates by 2.2%, resulting in a revised price target that is 5% below the current share price."
ALLE,buy,"Allegion currently trades at a forward P/E ratio of 19.0x, a discount to its direct peer group average of 20.0x. Given Allegion’s projected long-term EPS growth rate of 11% is superior to the peer group’s 9%, a re-rating to a more appropriate forward P/E of 19.95x is warranted. This modest re-rating, which still leaves it valued below its peers, would result in a 5% appreciation in the share price.","Allegion's most recent quarter gross margin expanded 180 basis points year-over-year to 48.2%, while operating margin improved to 22.5% and ROE increased to 32%, generating a 5% price increase based on peer valuation multiple expansion."
ALLE,sell,"Proprietary channel checks indicate a deceleration in Allegion's Americas commercial segment, with new project orders slowing by 8% over the last quarter. As this segment contributes approximately 65% of total revenue, our discounted cash flow (DCF) model, updated with a lower revenue growth forecast of 2.5% instead of 4.5% for the next two years, yields a revised fair value estimate that represents a 5% decrease from the current stock price.","Trailing twelve-month free cash flow margin compressed to 11.3% from 15.8% year-over-year as days working capital increased to 28 from 19, while net debt-to-EBITDA ratio deteriorated to 3.4x from 2.1x, suggesting stretched balance sheet capacity and justifying a 5% valuation discount."
SPG,buy,"An internal analysis of leasing trends reveals a 90 basis point increase in portfolio-wide occupancy rates over the last six months to 95.8%, exceeding internal targets by 40 basis points. This stronger-than-expected leasing velocity supports a revised full-year Funds From Operations (FFO) per share estimate of $12.45. Applying the stock's five-year average Price-to-FFO multiple of 12.2x to this updated guidance indicates a potential 5% increase from the current share price.","Net debt-to-EBITDA improved from 6.8x to 6.1x through $1.2B debt reduction, same-store NOI grew 5.2%, and the quarterly dividend increased 4% to $1.85, metrics that warrant a 5% stock price appreciation under discounted cash flow analysis."
SPG,sell,"The company's net debt-to-EBITDA ratio has increased from 5.4x to 5.8x over the last six months due to new financing for redevelopment projects. Concurrently, due to a 30 basis point increase in the weighted average interest rate on its debt, the interest coverage ratio has declined from 4.5x to 4.1x. This deterioration in credit metrics increases the company's risk premium in our discounted cash flow (DCF) model, leading to a 5% reduction in our calculated fair value for the stock.","The company's weighted average cost of debt increased 270 basis points to 6.2% following $2.4 billion of mortgage refinancings, pushing debt-to-EBITDA to 8.7x from 7.1x and raising projected annual interest expense by $65 million, which translates to a 5% reduction in fair value using a dividend discount model with a 150 basis point higher equity risk premium."
CMI,buy,"Recent quarter adjusted EPS of $5.12 versus consensus estimate of $4.85, representing a 5.6% beat, combined with 180 basis points year-over-year EBITDA margin expansion to 16.4% and management raising next fiscal year revenue guidance by 4.5% to $29.8 billion, which discounted cash flow analysis indicates will drive a 5% stock price increase.","Analysis of the New Power segment shows operating margin improved from -4.8% to +2.5% over the last two quarters, well ahead of consensus estimates. This profitability inflection is projected to contribute an additional $145 million in annual EBIT. Applying the company's 5-year average forward P/E multiple of 14x to this unanticipated earnings stream supports a 5% increase in the stock's valuation."
CMI,sell,"A competitive landscape review reveals that two major rivals have launched next-generation powertrain solutions with 7% greater fuel efficiency. Our model indicates this could lead to a 250 basis point market share loss for CMI in the medium-duty engine segment over the next 18 months. This erosion of market position, when factored into a discounted cash flow (DCF) analysis, lowers the terminal growth rate assumption from 2.0% to 1.5%, resulting in a fair value estimate that is 5% below the current share price.","Q3 North America heavy-duty truck engine margins contracted 280 basis points YoY to 11.2% as price competition intensified, while market share declined 6.8 percentage points to 18.5% following EPA certification delays on the X15 platform, directly pressuring EPS estimates downward and creating a 5% downside valuation risk based on peer multiple compression."
COST,buy,"Gross profit margin expanded 45 basis points to 11.65% year-over-year as e-commerce sales grew 18% to comprise 8.5% of total revenue, operational improvements that justify a 5% stock price appreciation via 80 basis points EBITDA margin expansion to 4.2%.","Internal analysis of Costco's new supply chain optimization program indicates a potential for a 20 basis point expansion in gross margins over the next fiscal year. This efficiency gain is projected to increase earnings per share (EPS) by an additional $1.10. Applying a conservative forward Price-to-Earnings (P/E) ratio of 40x to this incremental EPS suggests a valuation uplift of $44.00 per share, representing a 5% increase from the stock's current price."
COST,sell,"Analysis of recent margin trends indicates a 40 basis point contraction in gross margin to 10.8% last quarter, compared to 11.2% in the same period last year, primarily due to a 15% increase in SG&A expenses from higher labor costs. Maintaining this lower margin profile in our earnings model and adjusting the forward P/E ratio from 46x to a more conservative 43.7x to reflect reduced profitability results in a 5% decrease in our target price.","Same-store sales growth decelerated from 6.7% to 1.2% year-over-year last quarter, while membership renewal rates declined 280 basis points to 89.5% and gross margin compressed 130 basis points to 11.1%, driving operating income down $847 million and directly implying a 5% stock price decrease."
ODFL,buy,"Based on recent freight volume data, Old Dominion has captured an additional 0.5% of the national LTL market share from key competitors over the past six months, driven by its superior 99.1% on-time service record. This gain is expected to contribute an additional $200 million in revenue for the next fiscal year. At the company's stable 20% net profit margin, this incremental income justifies a 5% increase in the stock's valuation.","Market share increased 80 basis points to 12.4% of the $45B LTL market with free cash flow yield improving to 5.2% and debt-to-EBITDA declining to 0.3x, positioning ODFL for accelerated capital returns that create a 5% stock price appreciation based on DCF valuation uplift."
ODFL,sell,"Channel checks indicate a significant softening in the LTL freight market, with ODFL's daily tonnage growth projected to be flat (0.0%) over the next six months, a sharp deceleration from the 4.5% year-over-year growth seen in the same period last year. This, combined with a 2.0% decline in revenue per hundredweight on new contract renewals, leads to a revised revenue forecast that is 4.8% below consensus, which is expected to reduce the stock's valuation by 5%.","Operating ratio deteriorated 270 basis points from 78.5% to 81.2% over the past quarter while daily tonnage per terminal declined 4.3% year-over-year, compressing EBITDA margins from 24.8% to 21.3% and creating 5% downside pressure on the stock price."
GM,buy,"GM's electric vehicle segment achieved 32% year-over-year revenue growth to $3.4 billion with segment margins improving from 8.5% to 12.3%, representing a 380 basis point expansion driven by $47 per kWh battery cost reductions and 16% higher production throughput at Factory ZERO. This adds $415 million in incremental quarterly EBITDA, which when applied to a 10.5x EV/EBITDA multiple versus the previous 7.2x blended valuation results in a calculated 5% stock price increase.","A recently completed supply chain optimization program is projected to generate an additional $2.75 billion in annual free cash flow. Management has committed to utilizing this incremental cash for an accelerated share repurchase plan over the next 12 months. Based on the current market capitalization, this buyback program is sufficient to retire 5% of outstanding shares, directly implying a 5% accretion to the per-share value for existing shareholders."
GM,sell,"Recent registration data from the past quarter reveals a 1.8 percentage point decline in GM's market share in the highly profitable North American full-size SUV segment, falling from 39.5% to 37.7%. This erosion is projected to reduce annualized operating income by $950 million, and recalibrating our DCF model with this lower profitability outlook results in a 5% decrease in the stock's intrinsic value.","GM's Q3 North American EBIT margin compressed 210 basis points year-over-year to 5.4%, missing consensus of 7.2%, while wholesale volumes declined 4.3% and variable costs rose 6.8%. These metrics indicate structurally impaired profitability that could drive a 5% stock price decrease."
FIS,buy,"FIS's EBITDA margin expanded 250 basis points year-over-year from 35.0% to 37.5% in the most recent quarter, while free cash flow increased $180 million to $620 million; this operational leverage translates directly to a 5% stock price increase target based on DCF valuation using 9.5% WACC and 3.5% terminal growth.","The company's ongoing ""Project Forward"" operational efficiency initiative is on track to reduce annualized SG&A and data processing costs by $180 million by the end of the next fiscal year. This cost-saving directly improves pre-tax income and is expected to increase the company's free cash flow by approximately $135 million after accounting for taxes. A discounted cash flow analysis, using a 9% discount rate, values this permanent increase in cash generation at over $1.5 billion, supporting a price target that is 5% higher than the current trading level."
FIS,sell,"Our analysis indicates that operating margins in the Merchant Solutions segment, which contributes 42% of total revenue, are projected to contract by 150 basis points over the next fiscal year (from 20.5% to 19.0%) due to intensified competitive pricing pressure. This margin compression, when factored into our discounted cash flow (DCF) model, reduces the terminal value growth assumption and results in a 5% decrease in our calculated intrinsic value per share.","Q3 organic revenue growth decelerated to 1.8% year-over-year from prior year's 7.2%, while operating margins contracted 210 basis points to 17.4% and client attrition increased to 12% from 7%, metrics that justify a 5% stock price decrease based on peer valuation multiples compression."
SPGI,buy,"S&P Global's latest quarter Adjusted EPS grew 12% YoY to $3.45, beating consensus by $0.18, while Ratings segment revenue expanded 9% to $1.2B with operating margins improving 150 bps to 58%; this earnings beat combined with a 4% upward guidance revision for the next fiscal year suggests potential for 5% stock price appreciation as forward P/E multiple expands from 22x to 23x on revised earnings expectations.","The company's free cash flow (FCF) per share grew by 14% year-over-year, leading to an increase in the authorized share repurchase program by $2 billion. This action is projected to reduce the total share count by an additional 1.8% over the next 12 months, boosting EPS. A discounted cash flow (DCF) analysis incorporating the higher FCF growth rate (from 8% to 9.5%) and the accretive impact of the buybacks results in a 5% increase in the derived intrinsic value per share."
SPGI,sell,"S&P Global's Ratings segment revenue fell 6.8% year-over-year to $798 million in the most recent quarter, with operating margins contracting 280 basis points to 49.3% due to a 15% decline in debt issuance volumes and $38 million in incremental regulatory compliance costs, suggesting sustained earnings pressure that could drive the stock price 5% lower.","Our analysis indicates a significant slowdown in the high-margin Ratings segment, which accounts for 45% of total revenue. Projected segment revenue for the next fiscal year is expected to decline by 4% due to a sharp drop in global debt issuance, a stark reversal from the 7% growth seen in the prior year. This has caused us to revise our firm-wide revenue growth forecast down from 6% to 2%. Adjusting our DCF model for this lower long-term growth trajectory results in a 5% decrease in our fair value estimate for the stock."
XOM,buy,"The company's free cash flow (FCF) yield for the trailing twelve months has reached 8.2%, surpassing the peer average of 6.8%. This enhanced cash generation has prompted management to increase its planned share repurchase program by an additional $12 billion for the next fiscal year. A discounted cash flow (DCF) valuation model, updated to reflect this higher FCF and a 2.5% reduction in shares outstanding, indicates a 5% increase in the calculated intrinsic value per share.","Exxon Mobil's Guyana asset delivered 120,000 barrels per day of new production last quarter with operating costs $2.50 per barrel below plan, generating $1.8 billion in incremental annual free cash flow at $75 WTI pricing; coupled with a 115% reserve replacement ratio and 2.3 percentage point ROE improvement, this operational efficiency supports a 5% share price increase."
XOM,sell,"A proprietary analysis of global refining crack spreads indicates a 125 basis point contraction over the past 60 days, driven by a 4% increase in crude input costs that has not been matched by refined product price increases. Our model, which correlates refining margins to Exxon's downstream earnings, projects a $1.2 billion reduction in the segment's net income for the upcoming quarter. This revision lowers the consensus full-year EPS estimate by $0.45, from $9.00 to $8.55, which, when applying the stock's 3-year average forward P/E ratio of 11.1x, implies a potential 5% downside from the current price level.","The company faces a newly imposed $2.8 billion EPA penalty for Gulf Coast environmental violations that will increase debt-to-equity ratio from 0.31 to 0.39, while rising interest expenses up 28% year-over-year following a one-notch credit downgrade, collectively triggering a 5% stock price decline based on revised forward earnings multiples."
HSIC,buy,"Dental segment operating margin expanded 140 basis points from 7.2% to 8.6% year-over-year, projected to increase EPS by $0.35 over next twelve months. At current forward P/E of 18.0x, this translates to $6.30 per share value creation, representing a 5.0% stock price increase.","HSIC's working capital optimization initiative over the last two quarters has reduced its cash conversion cycle by 8 days, leading to a projected $200 million increase in unlevered free cash flow for the full fiscal year. This raises the company's forward free cash flow yield from 6.0% to 6.8%. A valuation based on peer group average FCF yield suggests that this improvement in cash generation justifies a 5% appreciation in the share price to align with industry benchmarks."
HSIC,sell,"Net debt-to-EBITDA increased from 2.1x to 2.8x over the past six months while free cash flow conversion fell from 78% to 61%, weakening balance sheet flexibility and supporting a 5% price decrease target.","The company's inventory turnover ratio has declined from 6.8x to 6.1x over the past two quarters, while days sales outstanding (DSO) increased from 41 to 46 days. This negative trend in working capital management is projected to reduce free cash flow yield from 7.5% to 6.9%. Our discounted cash flow (DCF) analysis, updated with this lower FCF generation, now indicates a fair value that is 5% below the current market price."
COF,buy,"Q3 net charge-off rate improved 40 basis points year-over-year to 2.8% while net interest margin expanded 15 basis points to 7.1%, generating $142 million in additional quarterly pre-tax income that valuation models indicate supports a 5% stock price increase.","Our analysis indicates that Capital One's Net Interest Margin (NIM) is poised to expand by 25 basis points over the next two quarters due to a strategic shift towards higher-yielding consumer credit products. This improvement, combined with a projected 150 basis point reduction in the company's efficiency ratio to 52.5%, is forecasted to increase forward earnings per share by 4.8%, supporting a 5% increase in our price target."
COF,sell,"Our proprietary channel checks indicate a faster-than-anticipated deterioration in the domestic card portfolio's credit quality. The 60+ day delinquency rate has ticked up by 25 basis points over the last two months, projecting a forward net charge-off rate of 5.10% for the next quarter, exceeding consensus estimates of 4.85%. This is expected to trigger an additional provision for credit losses of approximately $350 million, which, based on the company's current P/E multiple of 10.2x, models out to a 5% decrease in the stock's valuation.","COF's 30+ day credit card delinquency rate rose 65 basis points sequentially to 3.42% last quarter, driving a $285 million increase in provision expense to $1.92 billion that exceeded consensus estimates by 17% and will reduce tangible book value by $0.62 per share, directly supporting a 5% stock price decline."
PRU,buy,"Prudential's recently expanded share repurchase authorization is projected to reduce the total shares outstanding by an additional 4.8% over the next six months. This action is expected to be accretive to book value per share (BVPS), raising it from a current $126.44 to a projected $132.76. Maintaining the company's current price-to-book value ratio of 0.91x implies a direct appreciation in the stock price of 5% to reflect the enhanced per-share value.","Prudential's U.S. Individual Solutions segment delivered a combined ratio improvement of 320 basis points to 91.4% in Q3, driven by 12% growth in recurring premium income and 8% reduction in mortality claims; this operational leverage is projected to generate an additional $0.42 in EPS annually, representing a potential 5% price increase as the market re-rates earnings stability."
PRU,sell,"Prudential's individual life insurance lapse rates deteriorated 250 basis points from 4.2% to 6.7% over the past 12 months, while group insurance loss ratios expanded from 78% to 84%, compressing underwriting margins by 340 basis points to 9.1%; with operating expenses rising 7% and forward earnings projected to decline $0.42 per share, valuation impact equals a 5% stock price decrease.","The company's asset management division, PGIM, experienced institutional net outflows of $14 billion last quarter, contrary to consensus expectations of $2 billion in net inflows. This trend is forecast to reduce annual fee-related earnings by $120 million. Based on a sum-of-the-parts valuation, this earnings shortfall erodes the value of the PGIM segment by $1.44 billion (applying a 12x multiple), which translates to a potential 5% decrease in Prudential's total market capitalization."
CI,buy,"Evernorth segment revenue grew 6.3% to $32.8B with 50 basis points margin expansion to 5.4% in Q3, while Medicare Advantage membership increased 8.7% year-over-year to 625,000 at 85.2% MLR, capturing 4.3% market share; these dual growth catalysts will expand EV/EBITDA from 9.1x to 9.7x, representing a 5% upside to current valuation.","Recent renegotiations of provider contracts and enhanced claims processing automation are projected to lower the company's Medical Care Ratio (MCR) by 60 basis points over the next four quarters. This efficiency gain is expected to increase full-year earnings per share (EPS) by an estimated $1.70. Applying the stock's current forward P/E ratio of 11.8x to this incremental EPS suggests a valuation uplift of $20.06 per share, representing a 5% increase over the current stock price."
CI,sell,"Analysis of forward guidance reveals a projected Medical Loss Ratio (MLR) of 84.1% for the next fiscal year, a 210 basis point increase from the prior year's 82.0%, due to higher-than-anticipated utilization in its commercial health plans. This elevated MLR is expected to reduce the company's full-year earnings per share (EPS) forecast by $1.65. Applying the stock's current forward P/E multiple of 20x to this earnings reduction suggests a potential 5% decrease in the stock's valuation.","Commercial health membership declined 3.8% sequentially to 14.6 million lives while operating cash flow conversion dropped to 68% from 89%, reducing quarterly free cash flow to $890 million. Net debt-to-EBITDA ratio increased to 3.9x from 3.1x quarter-over-quarter, breaching the company's 3.5x target and signaling balance sheet pressure that could trigger a 5% stock price decrease."
ORLY,buy,"O'Reilly's Q3 same-store sales accelerated to 6.3% year-over-year versus 3.8% consensus, driven by 8.2% growth in professional installer sales and 40 basis points of gross margin expansion to 53.4%, resulting in a $0.45 EPS beat ($10.12 vs $9.67), creating a 5% upward revision to the stock price target.","Analysis of recent supply chain optimizations and private-label product strategy shows a 75 basis point expansion in gross margin to 53.1% last quarter. This margin improvement, combined with a 4.8% increase in same-store sales (beating consensus by 80 basis points), is projected to increase full-year earnings per share (EPS) by an additional $0.40 above current estimates. Applying the stock's historical forward P/E multiple of 22x to this revised EPS forecast indicates a valuation approximately 5% higher than the current market price."
ORLY,sell,"Our analysis of freight and raw material costs indicates a projected 75 basis point contraction in O'Reilly's operating margin for the upcoming fiscal year, leading to a revised EPS estimate of $41.80, down from the consensus of $44.00. Applying the stock's current forward P/E multiple of 25x to this new estimate suggests a 5% downside to the current stock price.","Debt-to-equity ratio increased from 1.8x to 2.4x over the past 6 months as the company added $850 million in revolving credit facility drawdowns, while free cash flow margin deteriorated 200 basis points to 6.8%, signaling heightened financial risk that supports a 5% stock price decrease."
NVDA,buy,"A newly secured, multi-year contract for NVIDIA's DRIVE Thor platform with a major automotive OEM is projected to add an incremental $1.5 billion in annual recurring revenue beginning in two fiscal years. When incorporated into our discounted cash flow (DCF) model using a 9.5% WACC, the present value of this new revenue stream adds $68 billion to the company's enterprise value, justifying an immediate 5% increase in the stock price.","NVIDIA's data center revenue accelerated 28% quarter-over-quarter to $22.7 billion, with gross margins expanding 170 basis points to 75.2% on 850,000 H100 AI accelerator shipments, driving consensus 2024 EPS estimates 12% higher to $24.50; applying a sector-average P/E multiple of 30x to these revised earnings implies a 5% increase in fair value target."
NVDA,sell,"Our analysis of supply chain data reveals a 22% quarter-over-quarter increase in Gaming segment channel inventory, pushing Days Sales of Inventory (DSI) from 84 to 102. This build-up signals weakening end-user demand and suggests a potential 4% reduction in forward revenue for the segment due to future promotional pricing. Adjusting our sum-of-the-parts valuation for this lower growth outlook results in a 5% decrease in our overall price target.","NVIDIA's forward P/E ratio of 42x appears stretched as Q3 revenue growth guidance decelerated to 12% year-over-year from 47% in Q2, while AMD's AI accelerator market share gained 8 percentage points to 23%, creating competitive pressure that implies a 5% stock price decline."
MO,buy,"The company's recently implemented supply chain optimization program has reduced cost of goods sold (COGS) by 2% more than initially projected for the trailing six months, leading to a 75 basis point expansion in gross profit margin. This incremental margin, when annualized and applied to a peer-relative P/E valuation model, supports a revised earnings per share (EPS) estimate that justifies a 5% increase in the stock's price target.","Oral nicotine pouch market share reached 28.3% in the recent quarter, up 620 basis points sequentially, generating $340 million incremental annualized revenue, while debt-to-EBITDA improved to 2.3x from 2.8x via $1.2 billion debt paydown, reducing interest expense by $45 million annually. These combined fundamental improvements drive a 5% valuation uplift."
MO,sell,"A new competitive intelligence report indicates Altria's oral nicotine pouch, a key growth driver, has seen its market share growth stall at 24.5% over the past two quarters, failing to meet internal targets of 28% by year-end. This stagnation forces a downward revision in the 5-year revenue forecast for the non-combustible segment by $450 million. A discounted cash flow (DCF) model adjustment based on this lower long-term growth rate for the segment reduces the company's intrinsic value by $2.15 per share, implying a 5% potential downside from its current trading level.","Net debt-to-EBITDA ratio rose to 3.4x from 2.8x quarter-over-quarter following $2.1 billion in additional borrowing, while free cash flow declined 12% to $6.2 billion. Dividend coverage ratio deteriorated to 1.15x from 1.35x, pushing interest expense to 22% of EBITDA. This credit deterioration warrants a 5% valuation decline."
NCLH,buy,"In the most recent quarter, onboard passenger spending per cruise day increased by 9% year-over-year, while the associated cost of revenue for these amenities only increased by 3%. This operational leverage is forecasted to expand the company's forward EBITDA margin by 80 basis points. Our sensitivity analysis indicates that an 80-basis-point margin expansion, when applied to our discounted cash flow model, justifies a 5% increase in our valuation of the stock.","Norwegian's forward 12-month occupancy bookings reached 108.5% with net yields rising 4.2% year-over-year, driven by 18% premium cabin growth and onboard revenue per passenger night increasing 6.8% to $347. These metrics demonstrate sustained pricing power that justifies a 5% increase in share price."
NCLH,sell,"Net leverage ratio remains elevated at 6.8x debt-to-EBITDA with $2.3 billion of debt maturing within 12 months requiring refinancing at 8.5% rates versus current 4.2% average, while free cash flow turned negative at -$180M quarterly burn, creating liquidity concerns that justify a 5% price decrease despite $1.4B in cash reserves.","Proprietary booking data for the next two fiscal quarters shows a 4% decline in new net bookings for Caribbean itineraries compared to the same period last year. This trend is expected to lower the company-wide load factor by 250 basis points below guidance. Factoring this occupancy shortfall into our revenue model lowers our forward EPS estimate by $0.12, supporting a potential 5% decrease in the stock price."
ANSS,buy,"An internal analysis of the company's expansion into the high-growth industrial IoT and digital twin market shows a 40% increase in new customer acquisition in this segment over the last six months. This is projected to boost next fiscal year's deferred revenue balance by $95 million, a 6% increase above prior internal forecasts. A discounted cash flow (DCF) model updated with this accelerated growth vector and higher future cash flows indicates an intrinsic value approximately 5% above the current market price.","Semiconductor simulation market share rose 340 basis points to 28.7% while free cash flow hit $127M at 31% margin, exceeding guidance by 400 basis points, driving a 5% price appreciation target as DCF models incorporate higher 6.5% terminal growth versus prior 5.8%."
ANSS,sell,"Lost three major automotive simulation contracts representing $42M in annual recurring revenue (3.8% of total revenue) to Siemens/Mentor Graphics, with semiconductor vertical market share declining 600 basis points YoY to 32% and free cash flow conversion falling to 65% from 82%. This competitive pressure and cash flow quality deterioration translates to 5% downside on forward P/E multiple compression.","Analysis of the last two quarters reveals a concerning trend in operating leverage, with operating margins declining from 35.1% to 33.2% year-over-year, despite a 7% increase in revenue. This 190 basis point margin contraction is primarily due to a 15% surge in R&D spending to counter new competitive offerings. Applying this lower margin profile to consensus forward revenue estimates results in a revised EPS forecast that is 5.4% lower, supporting a 5% decrease in the stock's price to align with its historical price-to-earnings ratio."
KMX,buy,"Analysis of recent operational data shows CarMax's used vehicle gross profit per unit (GPU) increased sequentially by 4.2% to $2,295, driven by improved inventory sourcing analytics. This higher-than-expected margin expansion is projected to increase the forward 12-month EPS by 8.5%. Applying the company's historical forward P/E ratio of 16x to these revised earnings suggests the market has not fully priced in this profitability gain, justifying a 5% increase in the stock's valuation.","Retail unit market share gains of 110 basis points from 4.2% to 5.3% year-over-year, supported by 9.1% same-store sales growth and digital sales penetration reaching 23% of total revenue, justifies a 0.7x EV/EBITDA multiple re-rating that delivers a 5% price appreciation."
KMX,sell,"CarMax Q3 same-store sales declined 8.3% year-over-year while gross margin compressed 170 basis points from 13.5% to 11.8%, with inventory days increasing from 45 to 62 days, operational deterioration that directly supports a 5% stock price decrease.","An analysis of the CarMax Auto Finance (CAF) loan portfolio indicates a worsening credit environment, forcing a revision of our provision for loan losses estimate. We are increasing our modeled provision rate to 2.60% of average managed receivables from 2.30% previously. This 30 basis point increase reduces our net income forecast by $36 million, directly supporting a 5% decrease in the stock's valuation."
PSA,buy,"Internal analysis projects same-store Net Operating Income (NOI) will grow by 5.8% over the next twelve months, surpassing the peer average of 4.2%, driven by sustained high occupancy rates of 94% and successful rental rate increases in key urban markets. This translates to a projected Funds From Operations (FFO) per share of $17.20, which, when capitalized at the stock's historical forward Price/FFO multiple of 18.0x, supports a 5% increase from the current market price.","Same-store revenue growth accelerated to 6.8% year-over-year as occupancy rates improved 170 basis points to 95.2%, driving NOI margins to 74.3% and FFO per share to $4.12 (4.5% above consensus); with shares trading at 18.5x P/FFO versus the self-storage sector average of 19.2x, closing this valuation gap implies a 5% price increase."
PSA,sell,"Our channel checks indicate that new self-storage supply in PSA's top 10 markets is accelerating 15% faster than previously modeled. We project this will cause same-store occupancy to decline by 200 basis points over the next two quarters, leading to a deceleration in same-store Net Operating Income (NOI) growth from 3.5% to a revised forecast of 1.0%. Adjusting our Discounted Cash Flow (DCF) model for this lower terminal growth rate results in a 5% decrease in our valuation for the stock.","The company's debt-to-EBITDA ratio climbed to 6.8x from 5.4x year-over-year after issuing $1.2 billion in new unsecured notes at 6.3% coupon, while interest coverage ratio deteriorated to 3.2x from 4.5x, increasing refinancing risk on $3.5 billion of debt maturing in the next 18 months and directly causing a 5% stock price decrease based on dividend yield expansion of 70 basis points to 5.1%."
MSCI,buy,"Analysis of MSCI's forward-looking subscription data indicates that new contracts for its ESG and Climate index products signed in the last quarter are projected to increase Annual Recurring Revenue (ARR) by an additional $80 million over the next twelve months, 15% above consensus estimates. This incremental high-margin revenue, when factored into a discounted cash flow model using a terminal growth rate of 4.2% instead of the previously assumed 4.0%, results in a re-evaluation of the intrinsic value, suggesting a 5% upside from the current share price.","MSCI's subscription revenue growth accelerated to 14.3% year-over-year in the most recent quarter, beating consensus by 320 basis points, while adjusted EBITDA margins expanded 180 basis points to 61.2%, supporting a potential 5% stock price increase as analysts raise forward EPS estimates by 7.2% on average."
MSCI,sell,"A review of operating leverage indicates that MSCI's Adjusted EBITDA margin is expected to contract by 150 basis points, from 58.5% to 57.0%, over the next two quarters due to a 14% increase in technology infrastructure costs required to support new analytics platforms. The market has priced MSCI at a forward Enterprise Value to EBITDA multiple of 24.0x, which assumes margin stability. Applying a more conservative multiple of 22.8x to account for this margin erosion results in a valuation that is 5% lower than the current stock price.","Three major asset management clients representing $47 million in annual recurring revenue (3.2% of total ARR) announced they will not renew MSCI's subscription services in the upcoming fiscal year, migrating to competing benchmarks. This client attrition reduces forward revenue estimates by 2.8% and creates 5% downside to the stock price."
AEE,buy,"The company's Q3 operating metrics show 340bps improvement in regulatory asset recovery rate to 94.2%, combined with 70bps EBITDA margin expansion to 35.8%. These improvements increase forward ROE by 80bps to 10.4%. Applying the utility sector's average P/B multiple of 1.4x to the resulting book value growth yields a 5% valuation uplift to $79.20.","Following the conclusion of its most recent rate case, Ameren secured an authorized Return on Equity (ROE) of 9.8%, which was 30 basis points higher than the consensus analyst forecast of 9.5%. This improved ROE on its regulated asset base is projected to add $0.19 to forward earnings per share (EPS). Applying the stock's current forward P/E multiple of 20x to this incremental EPS suggests a valuation uplift of $3.80 per share, representing a potential 5% increase from a baseline price of $76.00."
AEE,sell,"Company guidance reveals an unexpected 15% year-over-year increase in projected capital expenditures for grid modernization, while forecasted operating cash flow is only set to increase by 4%. This widens the free cash flow deficit by over $250 million, signaling increased external financing needs at a higher cost of debt. This deterioration in the cash flow conversion cycle supports a 5% downward revision of the stock's valuation to account for higher leverage risk.","Ameren's debt-to-equity ratio increased from 1.16x to 1.42x in the past 12 months, with interest expense rising 23% to $485M annually and interest coverage falling to 2.7x, prompting S&P to place the BBB rating on negative outlook and creating a 5% valuation discount."
V,buy,"Analysis of Visa's cross-border transaction volume, excluding intra-Europe, for the most recent quarter reveals a growth rate of 16.2%, surpassing consensus estimates of 14.5%. This outperformance in a high-margin segment is projected to increase next fiscal year's EPS by 2.1%, from a forecast of $9.75 to $9.95. Applying the stock's current forward P/E ratio to this revised earnings estimate supports a potential stock price increase of 5%.","Visa's fiscal Q3 2024 earnings report beat consensus EPS by 12% ($2.45 actual vs $2.19 expected) on 15% revenue growth to $8.9B, while management raised FY2024 guidance from 11% to 14% and disclosed a new $2.3B share repurchase authorization, metrics that support a 5% increase in the stock price based on revised EPS estimates."
V,sell,"New regulatory frameworks concerning interchange fees in key European markets, which account for 15% of total payment volume, are projected to directly compress Visa's transaction-level profit margins by 250 basis points in that region. This is expected to reduce the company's overall net profit margin from 54.0% to 52.8% over the next fiscal year. This margin contraction, when factored into our discounted cash flow analysis, leads to a revised fair value estimate that is 5% below the current market price.","The company's digital payments market share declined from 42% to 38% year-over-year amid fintech disruption, while operating expenses surged 18% due to increased marketing spend and technology investments, compressing net margins by 250 basis points and supporting a 5% stock price decrease."
LYV,buy,"Analysis of recent ticketing segment performance indicates operating margins expanded by 60 basis points year-over-year in the last quarter, driven by a 4% reduction in variable costs per ticket processed. This operational efficiency contributed to an earnings per share (EPS) figure that surpassed consensus analyst estimates by $0.08. Applying the company's historical forward P/E ratio of 22x to this annualized outperformance suggests a valuation rerating that justifies a 5% increase in the stock's target price.",Management's 45 new international venue additions (12% capacity expansion) combined with 9.5% sponsorship revenue growth and $22M annual interest savings from recent debt refinancing justify a 5% upward price revision.
LYV,sell,"Operating margin compressed from 8.2% to 5.7% year-over-year due to 23% surge in artist guarantee costs, while ticket volume growth decelerated to 3% from prior 12% pace, leading analysts to slash forward EBITDA estimates by 14% and triggering a projected 5% stock price decrease.","Internal analysis of recent regulatory filings indicates a projected 60 basis point decline in forward operating margins, from 6.0% to 5.4%, due to required concessions on ticketing fees. This margin compression is expected to reduce projected net income by over $90 million for the next fiscal year. Applying the company's forward price-to-earnings multiple to this revised earnings forecast supports a valuation adjustment leading to a 5% decrease in the stock price."
DFS,buy,"Internal modeling projects Discover's Net Interest Margin (NIM) will expand to 11.15% over the next four quarters, exceeding consensus estimates of 10.95%. This 20-basis-point outperformance, driven by a more favorable funding mix, is calculated to increase full-year earnings by $0.60 per share, directly supporting a 5% increase in the stock's valuation based on its current forward P/E multiple of 8.5x.","Digital payment volume increased 23% year-over-year while 30-day delinquency rates improved 60 basis points to 2.1%, resulting in a 120 basis point improvement in efficiency ratio to 38.5%. This operational leverage is expected to boost return on equity to 24.8%, representing metrics that justify a 5% upside to the current valuation."
DFS,sell,"Net charge-off rates increased 150 basis points quarter-over-quarter from 3.2% to 4.8% while 30+ day delinquencies rose 120 basis points from 2.1% to 3.3%, driving provision expense up 58% from $1.2B to $1.9B and indicating a potential 5% stock price decline based on historical credit-loss sensitivity models.","Our analysis of credit quality trends indicates a deterioration in the loan portfolio, with 60+ day delinquency rates increasing from 1.95% to 2.20% over the last quarter. This trend is projected to increase the net charge-off rate by 50 basis points in the next six months, requiring an estimated $550 million increase in loan loss provisions. This adjustment to our earnings model reduces forward EPS by 6.5%, supporting a 5% decrease in our valuation of the stock."
MKTX,buy,"Recent quarter revenue growth of 18.4% year-over-year to $225 million exceeded 12% consensus estimates, driven by 22% volume expansion and 40 basis point take-rate improvement to 2.85 bps, with EBITDA margins rising from 58.2% to 62.1%, supporting a projected 5% stock price increase.",The firm's recent launch of its automated execution product for emerging market debt is forecast to increase the company-wide operating margin from 44.0% to 45.8% over the next twelve months. A discounted cash flow (DCF) model incorporating this 180-basis-point margin enhancement and a resulting 6% increase in projected free cash flow yields an intrinsic value per share that is 5% above the current market price.
MKTX,sell,"Our analysis indicates that MKTX's market share in the U.S. high-grade corporate bond market, which accounts for over 50% of its revenue, has declined by 75 basis points in the last quarter from 20.9% to 20.15%. This erosion, driven by aggressive pricing from competing platforms, is projected to reduce forward revenue growth by 2.0%. Given the company's high operating leverage, this revenue shortfall is expected to lower consensus EPS estimates by 4.5%, leading our valuation model to a 5% decrease in the stock's fair value.","Top 5 dealer clients representing 34% of revenue renegotiated contracts last quarter, reducing minimum fee commitments by an average of 22% and creating a projected $28 million revenue shortfall over the next 12 months. Client churn increased 180 basis points to 8.7% annually while operating cash flow conversion dropped from 94% to 76% due to higher receivables days. The resulting 9.2% reduction in forward free cash flow per share justifies a 5% stock price decrease."
EBAY,buy,"Internal cost-efficiency programs focused on leveraging AI for customer support automation have resulted in a 130 basis point improvement in operating margin over the last two quarters, exceeding internal targets by 50 basis points. This sustained margin expansion is projected to add $0.24 to the forward full-year EPS. Applying the stock's current forward P/E ratio of 11.5x to these incremental earnings justifies a price target increase of $2.76, representing a 5% upside from the current price.","The most recent quarter showed gross margin expansion of 220 basis points to 76.3% and EPS beat of 8.3% versus consensus, driving management to raise full-year EBITDA guidance by 4.2%. This operational leverage, combined with a forward P/E re-rating from 9.8x to 10.3x, supports a 5% price increase."
EBAY,sell,A review of operating expenses shows that sales and marketing costs as a percentage of revenue have increased by 200 basis points over the last two quarters to combat flat active buyer growth. This increased spend without corresponding user growth is projected to compress the company's forward operating margin by 250 basis points. Our discounted cash flow (DCF) analysis indicates that a 250 basis point reduction in the terminal operating margin assumption directly corresponds to a 5% reduction in the intrinsic value per share.,"Q3 gross merchandise volume declined 3.2% year-over-year to $18.1 billion while active buyers fell 5.4% to 124 million, a dual deterioration that historically precedes 5% stock price declines as revenue multiples compress from 2.8x to 2.5x forward sales."
LOW,buy,"Lowe's recent supply chain optimization has improved its inventory turnover ratio from 3.8x to 4.1x, freeing up an additional $1.2 billion in cash flow over the past six months. This has funded an accelerated share repurchase program, reducing the outstanding share count by 1.5% last quarter. The combination of this direct EPS accretion and improved capital efficiency justifies a higher P/E multiple in our valuation, indicating a potential 5% upside to the current stock price.","Lowe's Q3 same-store sales of 4.2% exceeded consensus of 2.5% by 170 basis points while operating margin expanded 130 basis points to 13.1%, delivering an 8% EPS beat. Management raised full-year EPS guidance 6% to $13.85, which at the current 16.8x forward P/E represents a 5% stock price increase to $231 as the valuation gap with Home Depot compresses from 170 to 120 basis points."
LOW,sell,"A competitive analysis reveals Lowe's market share in the key professional contractor segment has eroded from 21% to 19.5% over the last twelve months. This 1.5 percentage point decline translates to an estimated $1.8 billion in lost annual revenue opportunity. Factoring this lower revenue growth into our discounted cash flow model reduces the intrinsic value estimate, warranting a 5% reduction in the stock's target price.","Same-store sales declined 2.3% year-over-year versus consensus expectations of 3.1% growth, while gross margin contracted 140 basis points to 31.2% and inventory turnover slowed from 4.8x to 4.1x, indicating deteriorating pricing power and operational efficiency that analysts project will drive a 5% stock price decrease as forward earnings estimates are revised downward."
UHS,buy,"Analysis of recent regional demographic trends and physician recruitment data indicates that UHS's same-facility acute care admissions will grow by 3.0% year-over-year, exceeding current consensus estimates of 2.2%. This, combined with a projected 2.5% increase in revenue per adjusted admission, is expected to drive total revenue 1.5% above the high-end of management's guidance. A discounted cash flow (DCF) model incorporating this higher revenue trajectory results in a fair value estimate that is 5% above the current market price.","Same-facility admissions grew 3.8% YoY and ER visits increased 5.5% in the most recent quarter, driving 6.2% same-facility revenue growth and 120 bps market share expansion, a volume trajectory that supports a 5% price appreciation."
UHS,sell,"The company's net debt-to-EBITDA ratio has risen to 3.6x in the most recent reporting period, a significant increase from its five-year average of 3.1x and crossing a key covenant-watch threshold. This heightened leverage profile increases the company's weighted average cost of capital (WACC) by 75 basis points in our model, which results in a reduction of our discounted cash flow (DCF) valuation and justifies a 5% decrease in our price target.","Same-facility revenue growth decelerated to 1.8% from 6.2% in the prior year period, while occupancy rates fell 700 basis points to 71% and bad debt expense increased to 15.7% of revenue from 12.3%, reducing net revenue per adjusted admission by 4.1% and warranting a 5% price decrease based on discounted cash flow analysis."
NEE,buy,"NextEra Energy Resources secured 4.2 GW of new renewables contracts in Q4 2024 with weighted-average 15-year PPAs at $52/MWh, increasing the development backlog to $28.7 billion. This $1.8 billion incremental investment generates an estimated $0.38 per share accretion to 2026 earnings, prompting analyst upgrades that imply a 5% stock price increase based on peer-comparable P/E expansion.","The recent regulatory rate case approval for the Florida Power & Light (FPL) segment includes a 50 basis point increase in the allowed Return on Equity (ROE) to 11.0%. This is projected to expand the company's consolidated net profit margin by 70 basis points. Recalibrating our Discounted Cash Flow (DCF) model with this higher, sustained profitability and resulting free cash flow growth leads to a 5% increase in our valuation-derived price target."
NEE,sell,"Florida Public Service Commission's approved 8% reduction in allowed ROE for the FPL subsidiary reduces regulated earnings contribution by $210M annually, equivalent to $0.11 per share decrease, and removes 150 bps from the company's 12.5% EPS growth trajectory, establishing a direct 5% valuation decline based on DCF models.","An internal review of NextEra's capital expenditure pipeline for the next 24 months reveals unexpected project cost overruns of approximately $1.5 billion on key solar and storage projects, raising the projected debt-to-EBITDA ratio from 3.8x to 4.1x. This deterioration in credit metrics and the resulting lower projected free cash flow per share warrants a higher discount rate in our DCF model, leading to a 5% reduction in our target price."
CRM,buy,"Data Cloud revenue accelerated 45% YoY to a $300 million quarterly run-rate, net new ARR rose 12% sequentially to $2.1 billion, and free cash flow conversion improved to 85% from 78% year-over-year, which together justify raising forward revenue multiples from 6.5x to 6.8x ARR and imply a 5% share price appreciation based on updated DCF valuations.","Management's updated guidance includes a targeted 150 basis point improvement in non-GAAP operating margin over the next four quarters, driven by a 4% reduction in sales and marketing expenses as a percentage of revenue. This efficiency gain revises our forward earnings per share (EPS) estimate from $9.80 to $10.29. Applying the stock's current forward P/E multiple of 24x to this higher EPS figure supports a 5% increase in the stock price."
CRM,sell,"Analysis of Salesforce's competitive positioning shows its market share in the enterprise CRM segment has eroded by 60 basis points in the last six months, from 33.5% to 32.9%. This has led to a revision of the company's forward revenue growth forecast from 11.0% to 9.8%. A discounted cash flow (DCF) model recalibrated with this 1.2 percentage point reduction in long-term growth suggests the stock's intrinsic value is over-stated, implying a potential 5% price decrease.","Revenue growth decelerated from 17.3% year-over-year to 11.2% in the most recent quarter, marking three consecutive quarters of slowing growth. Competitive pressure caused CRM market share to decline 150 basis points to 18.7%, while management guided next quarter revenue 4% below consensus estimates at $8.95 billion versus $9.32 billion expected, indicating an expected 5% decline in stock valuation."
ALGN,buy,"Analysis of scanner utilization data shows a 12% quarter-over-quarter increase in case submissions from orthodontic practices in the North American teen market, exceeding consensus growth estimates of 8%. This incremental volume is projected to add $60 million in high-margin revenue for the full fiscal year. Applying the company's historical price-to-sales ratio of 6.5x to this unexpected revenue stream implies a valuation increase that supports a 5% rise in the stock price.","Q3 revenue growth accelerated to 14.3% YoY from 8.1% in Q2, while operating margins expanded 420 basis points to 26.4% versus consensus of 23.8%, indicating operational leverage that historically precedes 5% near-term price appreciation."
ALGN,sell,"Elevated trailing P/E ratio of 32.4x versus 28.1x industry median, combined with 15.3% year-over-year free cash flow decline to $287 million and debt-to-equity ratio rising from 0.12 to 0.28, indicates stretched valuation amid deteriorating capital efficiency, establishing a 5% stock price downside.","Internal channel checks and supply chain analysis indicate a projected 150 basis point contraction in operating margins for the upcoming fiscal year, from 22.5% to 21.0%, due to a 25% increase in SG&A spending to counter new market entrants. A revised discounted cash flow (DCF) model incorporating this lower long-term profitability reduces our price target, suggesting a potential 5% downside from the current price."
CNP,buy,"The company's recently approved rate case settlement resulted in an authorized return on equity (ROE) of 9.8%, a 30-basis point improvement over the previously modeled 9.5%. This enhancement is projected to increase annual EPS by $0.08. Applying the stock's current forward price-to-earnings (P/E) ratio of 19.0x to this incremental earnings contribution supports a valuation uplift of approximately $1.52 per share, representing a 5% increase.","Smart grid deployment cut O&M costs by $42 million annually (3.1% reduction), improving operating margins from 18.4% to 19.7% while customer count rose 2.3%, driving 6.2% free cash flow per share growth that results in a 5% share price appreciation."
CNP,sell,"CenterPoint Energy's Texas Gulf Coast rate case decision reduced authorized ROE by 90 basis points to 8.9% while limiting rate base growth to 2.1% annually through 2026, compressing 2025 earnings estimates by $0.12 per share and creating regulatory uncertainty that warrants a 5% stock price decrease.","In a recent rate case decision for a jurisdiction representing 40% of the company's rate base, regulators approved a Return on Equity (ROE) of 9.35%, which was 45 basis points below the 9.80% consensus estimate priced into the shares. This lower-than-anticipated return is projected to negatively impact forward earnings per share by 7%, leading our valuation model to suggest a 5% decrease in the stock's fair value."
HAS,buy,"Analysis of Hasbro's digital gaming segment reveals that a 15% quarter-over-quarter increase in daily active users and an 8% rise in average revenue per user (ARPU) are projected to generate an additional $50 million in operating income this fiscal year. Applying the company's forward P/E multiple of 18x to the after-tax impact of this incremental income suggests a valuation uplift of approximately $675 million, justifying a 5% increase in the current stock price.","Digital gaming revenue accelerated 28% year-over-year to $542 million (31% of total sales) while free cash flow conversion reached 87% of net income, reducing net debt-to-EBITDA to 2.1x and justifying a 5% valuation uplift to $68.25 through lower discount rate assumptions."
HAS,sell,"Q3 revenue fell 11% year-over-year to $1.42B versus 2% growth consensus, with operating margin contracting 280 basis points to 12.4% on $89M inventory write-downs, suggesting a 5% stock price decline as forward earnings estimates reset 7-8% lower.","Analysis of supply chain data reveals inventory levels for the 'Consumer Products' segment have increased by 22% quarter-over-quarter, while sales in the same segment grew by only 4%. This inventory-to-sales mismatch is projected to force promotional markdowns, leading to a forecasted 200-basis-point contraction in gross margins for the next two quarters. Factoring this margin pressure into a discounted cash flow (DCF) model reduces the intrinsic value per share estimate from $63.00 to $59.85, indicating a potential 5% downside."
PHM,buy,"Net new orders accelerated 14% YoY to 8,250 units in Q3 while average selling price increased 4% to $485,000, expanding homebuilding gross margins by 120 basis points to 24.7%; this operational leverage is projected to drive a 5% stock price increase as earnings estimates are revised upward for the next fiscal year.","Analysis of forward-looking new home orders indicates a 2.5% increase in closing volume for the upcoming quarter above consensus estimates. This higher volume, combined with a projected 50 basis point improvement in operating margin to 18.5% due to cost controls, is expected to result in quarterly EPS beating consensus by 3%. A modest P/E multiple expansion from 9.2x to 9.4x on these stronger earnings would support a 5% increase in the stock price."
PHM,sell,"The latest operational update shows that net new orders for the most recent quarter declined by 8% year-over-year, while the peer group average decline was only 3%, indicating a loss of market share. This, combined with a cancellation rate increase from 11% to 16%, has led to a 6% sequential decline in the total value of the company's backlog. A historical regression analysis shows this rate of backlog deterioration typically precedes a contraction in the forward P/E multiple, sufficient to trigger a 5% decrease in the stock price.","The company's debt-to-equity ratio deteriorated to 0.62 from 0.45 sequentially as land acquisitions consumed $380 million in cash, pushing leverage beyond the 0.55 industry threshold and threatening credit metrics, creating potential for a 5% stock decline amid rising refinancing costs."
VRSN,buy,"VeriSign's execution of its share repurchase program in the last quarter was 4% more efficient than projected, acquiring 1.5 million shares at an average cost of $178.50 versus a budgeted $185.90. This capital efficiency preserved $11.1 million, allowing for the retirement of an extra 62,000 shares. This accretive action boosts forward EPS by 1.2% and, in our model, warrants a re-rating of the forward P/E multiple from 20.0x to 21.0x, directly resulting in a 5% increase to our stock price target.","Domain name base grew 2.8% to 174.5 million with renewal rates improving 160 basis points to 75.8%, driving incremental annual EPS of $0.42; applying the stock's 21x P/E multiple to this growth yields a 5% stock price appreciation."
VRSN,sell,"New .com/.net domain registrations declined 12% year-over-year to 8.5 million units in Q2 while renewal rates dropped 180 basis points to 72.4%, which combined with pricing constraints from regulatory oversight will compress operating margins by 140 basis points to 64.2% and reduce forward revenue projections by $45 million, a fundamental deterioration that warrants a 5% stock price decrease.","Analysis of recent operational costs shows a 120-basis-point increase in selling, general, and administrative (SG&A) expenses as a percentage of revenue over the last two quarters, primarily driven by heightened cybersecurity compliance spending. This has compressed the operating margin from 65.1% to 63.9%. A discounted cash flow (DCF) model sensitivity analysis indicates that this sustained margin pressure reduces the intrinsic value per share by 4.9%, suggesting a potential 5% price decrease from current levels."
TRV,buy,"Net investment income rose 11% year-over-year to $740M due to a 70 basis point improvement in fixed-maturity portfolio yield to 3.85%, while book value per share grew 5.5% to $125.30 and return on equity expanded from 11.2% to 13.8%; this combination of higher investment returns and improved capital efficiency justifies a 5% valuation uplift, targeting a price advance from $185 to $194 per share based on a trailing P/B multiple expansion from 1.48x to 1.55x.","The company's operating cash flow has exceeded internal targets by 12% for two consecutive quarters, enabling an acceleration of its share repurchase program. The company is projected to repurchase $1.8 billion in shares over the next six months, a 20% increase from the prior six-month period. This reduction in share count is forecast to improve the forward Return on Equity (ROE) from 14.5% to a projected 15.2%, justifying a re-rating and a 5% increase in the stock price."
TRV,sell,"Our analysis projects The Travelers' net combined ratio will deteriorate to 98.7% over the next four quarters, up from 96.2% in the trailing twelve months, due to rising reinsurance costs and higher-than-expected non-catastrophe loss trends. This 2.5 percentage point increase in the combined ratio is forecasted to compress net underwriting margins, leading to a revised earnings per share (EPS) forecast that is 6% lower than consensus estimates. This earnings revision supports a valuation takedown and a potential 5% decrease in the stock price.","TRV's Q3 combined ratio deteriorated 340 basis points to 100.2% from 96.8% year-over-year, driven by $240 million in catastrophe losses versus $110 million in the prior period, compressing underwriting margins by 280 basis points and reducing normalized EPS by $0.45, which analysis indicates would trigger a 5% stock price decline based on historical industry P/E multiple compression."
MET,buy,"Management authorized a $2.8 billion share buyback representing 6.2% of outstanding shares, expanded ROE from 10.8% to 12.4% through 75 basis points of expense ratio reduction to 18.5%, and trades at 0.85x price-to-book versus peer average of 1.05x; the 19% valuation discount narrowing toward sector norms drives a 5% price appreciation target.","MetLife's adjusted return on equity (ROE) is projected to increase from 11.8% to 12.8% over the next four quarters, driven by a 50 basis point improvement in net investment income yield. This revised ROE forecast is 80 basis points above the peer group average of 12.0%. A regression analysis of the sector's Price-to-Book (P/B) multiples against ROE indicates that this level of outperformance justifies a P/B multiple expansion from 1.0x to 1.05x, implying a 5% increase in the stock price."
MET,sell,"Analysis of MetLife's investment portfolio shows a recent strategic shift towards lower-yielding fixed-income securities, resulting in a 40 basis point decline in the average portfolio yield last quarter. This is projected to reduce the company's full-year Return on Equity (ROE) from 11.5% to 10.8%. Consequently, we expect the stock's Price-to-Book Value (P/BV) multiple to compress from 0.98x to 0.93x, justifying a 5% decrease in the share price to align with lower profitability.","Debt-to-equity ratio increased from 0.75x to 1.12x following $2.1B in debt-funded share repurchases over the trailing twelve months, while tangible book value per share declined 5.8% to $40.20 and free cash flow fell 18% to $3.4B. This balance sheet weakening reduces financial flexibility and will result in a 5% stock price decline."
ROST,buy,"Free cash flow margin improved to 7.9% in Q2, generating $980 million versus $740 million prior year, as inventory turns accelerated to 4.3x from 3.9x. The board authorized a 15% dividend increase to $0.46 quarterly and a new $1.7 billion buyback program representing 5.8% of shares outstanding. This 280 basis point improvement in total shareholder yield historically correlates with 5% stock price appreciation.","Proprietary analysis of regional foot traffic data and credit card transactions indicates a 3.8% acceleration in comparable store sales for the current quarter, surpassing consensus estimates of 2.2%. This outperformance is projected to increase full-year Earnings Per Share (EPS) estimates by 4.8% to $5.76. When applying the company's historical price-to-earnings (P/E) multiple, this upward EPS revision supports a 5% increase in the stock's target price."
ROST,sell,"Off-price retail market share fell 150 basis points to 17.0% from 18.5% as digital ad spending efficiency dropped 28% and customer acquisition costs rose 22% to $47 per buyer, while debt-to-equity increased from 0.45 to 0.62 and free cash flow margin contracted 140 basis points to 3.2%, leading to a 5% stock price decrease.","Internal channel checks indicate a significant inventory build-up, with inventory days expected to increase from 52 days last quarter to a projected 58 days in the current quarter. This 11.5% increase is forecast to trigger promotional markdowns, leading to a 90 basis point contraction in gross margin for the second half of the year. Our discounted cash flow (DCF) model, updated with this margin compression, results in a revised price target that is 5% lower than the current market price."
CLX,buy,"The company reduced net debt-to-EBITDA from 3.1x to 2.3x over the trailing twelve months through $425 million in debt reduction, while health & wellness segment revenue grew 18% to $890 million capturing 13% professional market share. With ROE expanding from 33% to 42% and the stock trading at 17.8x forward P/E representing a 15% discount to household products peers, these metrics justify a 5% upward price target revision.","Our updated Discounted Cash Flow (DCF) model increases the revenue growth forecast for the Health and Wellness segment from 3% to 4.5% annually for the next three years, reflecting a 2% market share gain in key product categories over the last two quarters. This single adjustment, holding the 7.5% WACC and 2.0% terminal growth rate constant, results in an increase in our calculated intrinsic value per share, indicating a potential 5% upside from the current trading level."
CLX,sell,"Internal analysis projects a 150 basis point contraction in gross margins for the next fiscal year, from 40.5% to 39.0%, due to a 4% increase in resin and transportation costs that cannot be fully passed on to consumers. This margin compression is expected to reduce forward earnings per share (EPS) estimates by $0.32. Holding the company's forward P/E ratio of 30x constant, this revision directly implies a 5% decrease in the stock's valuation.","Net debt-to-EBITDA escalating to 3.7x from 2.3x over the past twelve months following $1.1 billion in incremental debt issuance, free cash flow declining 28% to $420 million, and interest coverage ratio falling to 4.2x from 7.6x, indicates unsustainable leverage dynamics that support a 5% stock price decline expectation."
TTWO,buy,"The company's non-GAAP operating margin expanded by 200 basis points year-over-year to 23.5% in the most recent quarter, driven by a higher-than-expected mix of digital-direct sales, which now constitute 81% of net bookings. This margin profile now exceeds the peer group average of 22.0%. Adjusting our valuation to apply a justified forward P/E multiple of 31.5x, up from the current 30.0x, to reflect this superior profitability, indicates a potential 5% appreciation in the stock price.","Take-Two's Zynga mobile division captured 8.3% market share in mid-core gaming, delivering $310 million quarterly revenue at 34% EBITDA margins. Cross-platform synergies generated $140 million in annual cost savings and boosted consolidated operating cash flow by $95 million, indicating a potential 5% price appreciation."
TTWO,sell,"Take-Two's net bookings growth decelerated to 3.2% year-over-year last quarter, down from 14.5% in the prior quarter, while recurring consumer spending declined 7% as Grand Theft Auto Online MAUs fell 12%. This trajectory, combined with 150 basis points of EBITDA margin compression to 21.8%, suggests a 5% decrease in fair value based on forward P/E multiple derating to 18x from 22x.",A proprietary analysis of player engagement data for the company's core online titles shows a 9% quarter-over-quarter decline in average session duration and a 12% drop in in-game virtual currency purchases. This projects a 400 basis point reduction in the segment's operating margin. Recalibrating our valuation model with this lower profitability leads to a 5% decrease in the stock's target price.
MRK,buy,"Based on positive Phase 3 trial data for 'OncoVance', a next-generation immuno-oncology therapy, forward 12-month earnings per share (EPS) estimates have been revised upwards by $0.55. Applying the company's current forward Price-to-Earnings (P/E) ratio of 14x to this incremental earnings stream results in a valuation increase of $7.70 per share, indicating a potential price appreciation of exactly 5% from its prior price of $154.00.","Merck's Keytruda manufacturing optimization reduced production costs by $480M annually through bioreactor yield improvements of 22%, expanding biopharma gross margins 260 basis points from 74.2% to 76.8% over the past 9 months; this operational leverage increased forward EPS estimates by 4.5% and justifies a 5% stock price appreciation as the P/E multiple re-rates from 13.8x to 14.5x on improved profitability."
MRK,sell,"Competitive intelligence suggests that a rival's biosimilar product will capture 15% of the market share from one of Merck's flagship vaccines within the next 24 months, a rate 500 basis points faster than consensus estimates. This accelerated erosion is projected to lower Merck's overall revenue by $750 million annually and compress operating margins by 70 basis points, leading to a downward revision of our forward P/E multiple from 14.5x to 13.8x, which implies a 5% decrease in the stock's valuation.","Phase 3 trial failure of lead oncology candidate MK-2870 triggered $2.3B in impairment charges while quarterly R&D spending surged 22% to $4.1B, reducing forward EPS estimates by $0.18 and free cash flow guidance by $1.2B, supporting a 5% downside price revision."
HST,buy,"Recent quarterly results showed Funds From Operations (FFO) per share reaching $0.48, surpassing consensus estimates of $0.45. Following this, management revised its full-year FFO per share guidance to a new range of $1.90-$1.95, a 4% increase at the midpoint. Applying a forward P/FFO multiple of 10.2x, slightly above the peer group average of 9.7x to reflect this superior execution, indicates a potential 5% increase in the stock price.","Host Hotels reported Q3 RevPAR growth of 6.3% year-over-year to $198 with occupancy reaching 77.5% and ADR of $255, driving comparable hotel EBITDA margin expansion of 140 basis points to 33.2%; this performance exceeded sector averages by 240 basis points and is projected to support a 5% stock price increase as models incorporate the $0.85 per share NAV uplift from higher cash flow yields."
HST,sell,"Management's revised full-year forecast indicates a deceleration in portfolio-wide RevPAR growth to a range of 1.0% to 1.5%, down from the previously guided 3.0% to 4.0%, citing a 12% quarter-over-quarter decline in forward-looking corporate group bookings. This reduction in top-line growth is projected to lower Adjusted Funds From Operations (AFFO) per share by $0.08, justifying a 5% decrease in the stock's valuation to align with the new, slower growth profile.","Net debt-to-EBITDA ratio has deteriorated to 7.8x from 6.2x year-over-year, with interest coverage ratio falling to 2.1x from 3.4x and fixed charge coverage declining below covenant threshold to 1.8x, balance sheet stress that warrants a 5% price decrease."
DTE,buy,"DTE Energy currently trades at a Price-to-Book (P/B) ratio of 1.6x, a notable discount to its regulated utility peer group average of 1.8x. Our analysis indicates that as the company's Return on Equity (ROE) improves by an anticipated 60 basis points next fiscal year due to favorable rate case outcomes, its P/B multiple discount will narrow by half. This re-rating from 1.6x to 1.7x would resolve approximately half of the valuation gap, directly implying a 5% upside from the current share price.","Michigan PSC approval of a $1.2 billion rate base expansion with 10.4% authorized ROE will increase next fiscal year EPS by $0.42 to $5.80, and applying the current 17.5x P/E multiple to the higher earnings base supports a direct 5% stock price appreciation to $126.50."
DTE,sell,"The recent Michigan Public Service Commission rate order approved only a 9.2% allowed return on equity, 130 basis points below the prior 10.5% authorization, which financial models indicate will compress the regulated utility valuation multiple from 1.4x to 1.25x book value, directly translating to a projected 5% stock price decline.","A recent rate case filing with the state's public service commission indicates a proposed reduction in the company's allowed Return on Equity (ROE) on its electric utility assets from 10.0% to 9.4%. This 60-basis-point reduction, impacting approximately 70% of the company's rate base, is not yet factored into consensus earnings. Our valuation model indicates this change would lower projected long-term earnings growth by 40 basis points, directly justifying a 5% decrease in our price target."
FRT,buy,"Our proprietary analysis of leasing data indicates that Federal Realty's same-property Net Operating Income (NOI) is projected to grow by 4.2% over the next twelve months, exceeding the current consensus estimate of 2.8%. This 140-basis-point outperformance is driven by stronger-than-expected renewal spreads of 11.5% in their mixed-use properties. Incorporating this higher NOI growth into our dividend discount model results in a price target increase of 5%.",Capital recycling of $180M from 5.8% cap rate asset sales into developments yielding 7.5% reduced net debt-to-EBITDA to 5.4x. This accretive redeployment supports a 5% price increase via $0.14 incremental AFFO per share.
FRT,sell,"Management's revised full-year guidance projects Funds From Operations (FFO) per share to be between $6.15 and $6.25, a reduction from the prior consensus estimate of $6.50. This 4.2% downward revision at the midpoint ($6.20) suggests a contraction in core earnings power, which, when applying the stock's current Price/FFO multiple of 16x, points to a potential 5% decrease in the stock's valuation.","Same-store NOI declined 2.1% last quarter versus positive 3.2% growth in the prior year period, occupancy compressed 150 basis points to 93.4%, and bad debt expense increased 40 basis points to 1.8% of total revenue, operational deterioration that could drive a 5% price decrease."
NDAQ,buy,"Nasdaq's trading services revenue grew 18% year-over-year to $890M in the most recent quarter, driven by a 350 basis point market share gain in U.S. equity options to 43.2% and a 22% surge in index licensing fees, with management guiding an additional $75M in high-margin ARR over the next two quarters, which sell-side models indicate supports a 5% increase in intrinsic value based on discounted cash flow analysis.","Analysis of the Market Technology division's sales pipeline shows new contract signings in the last quarter are projected to add $80 million in Annualized Recurring Revenue (ARR). This high-margin revenue is forecast to increase next year's consensus EPS estimate by $0.14, which, when applying the company's historical forward P/E ratio of 21.5x, supports a 5% increase in the stock price."
NDAQ,sell,"Recent industry data for the trailing three months shows a decline in Nasdaq's U.S. cash equities market share from 19.2% to 17.9%, a 130 basis point drop attributed to aggressive pricing from alternative trading venues. This erosion in a core business segment has led to a re-rating of its forward P/E multiple by peer-group analysts, from 21.0x to 19.95x. This 5% contraction in its valuation multiple implies a corresponding 5% decrease in the stock's target price.","Market Services revenue fell 14% YoY to $298 million on 17% lower trading volumes, compressing operating margins 310 bps to 40.9% and forcing a 13% cut to FY2024 EPS guidance to $2.18, which could trigger a 5% stock price decline as valuation multiples contract."
PPG,buy,"An internal review of PPG's operational efficiency programs indicates a 150 basis point improvement in projected operating margins for the next fiscal year, from 14.0% to 15.5%. This is driven by supply chain optimizations and lower raw material input costs that are not yet reflected in consensus estimates. A discounted cash flow (DCF) model updated with this revised margin profile, holding all other assumptions constant, increases the company's intrinsic value per share by 5%.","The company's Q3 2024 net debt-to-EBITDA ratio improved to 1.4x from 1.9x year-over-year following $400 million in debt repayment, while generating $890 million in free cash flow (7.2% FCF yield). PPG simultaneously announced a $500 million accelerated share repurchase program expected to retire 2.1% of outstanding shares by Q1 2025. The reduced interest expense of $12 million annually combined with 2.1% share count reduction accretes 2025 EPS by approximately $0.22, supporting a valuation adjustment that implies 5% price appreciation potential."
PPG,sell,"The company's net debt-to-EBITDA ratio has deteriorated from 2.1x to 2.8x over the past six months following $1.2 billion in acquisition debt, while free cash flow conversion plummeted from 85% to 62% of net income due to $340 million in working capital build-up. This weakening balance sheet flexibility reduces financial cushion by approximately $400 million, warranting a 5% valuation discount to peer average P/E multiple and implying downside to $135 per share.","Our analysis of PPG’s input costs indicates a projected 11% increase in key petrochemical feedstocks over the next two quarters, of which only 70% can be offset by price adjustments due to competitive pressures. This is expected to compress the consolidated operating margin by 160 basis points, from 13.8% to 12.2%. A discounted cash flow (DCF) sensitivity analysis reveals that a 160-basis-point reduction in the long-term margin assumption supports a 5% decrease in our target price for the stock."
TJX,buy,"Based on a study of customer transaction data from the last quarter, the average basket size has increased by 3.5% while customer traffic grew by 1.5%. This combination points to a potential 5.0% beat on upcoming same-store sales figures versus the current consensus estimate of 2.8%. Our model indicates that a positive revenue surprise of this magnitude would lead to a revision of full-year earnings estimates, justifying a 5% increase in the share price.","TJX's Q3 gross margin expanded 170 basis points year-over-year to 30.2% while free cash flow surged 33% to $2.8 billion, driven by 90 basis points of SG&A leverage and inventory turnover improvement from 6.2x to 7.1x; this operational efficiency and cash generation capacity support a 5% price increase target as valuation multiples re-rate from 18.5x to 19.4x forward P/E."
TJX,sell,"Analysis of TJX's inventory levels shows a 15% year-over-year increase, significantly outpacing the 4% sales growth over the same period. This inventory-to-sales mismatch is projected to cause a 90 basis point contraction in gross margins for the upcoming two quarters due to increased markdown activity. The resulting downward revision of forward earnings per share (EPS) by 7% supports a valuation model adjustment leading to a 5% decrease in the stock price.","TJX's gross margin compressed 170 basis points year-over-year to 26.8% in the most recent quarter, while inventory turnover deteriorated from 6.2x to 7.8x, creating earnings headwinds that justify a 5% valuation discount."
FE,buy,"The company recently received a favorable ruling in its latest Ohio rate case, securing an approved Return on Equity (ROE) of 10.1%, a 40 basis point increase over the 9.7% ROE in the prior period. This enhanced ROE is projected to add approximately $0.13 to annual EPS, an accretive impact that justifies a 5% increase in the share price to align the company's P/E ratio with the newly established, higher earnings base.","FirstEnergy received regulatory approval for a $1.2 billion transmission rate base expansion with authorized ROE of 9.8% versus prior 9.2%, projecting EPS growth from $2.60 to $2.73 which at the current 14.5x sector P/E multiple implies a 5% stock price increase."
FE,sell,"FirstEnergy must refinance $1.8 billion of maturing debt at 6.85% versus prior 3.9% coupon, increasing annual interest expense by $53 million, pressuring interest coverage ratio down from 3.4x to 2.7x, and reducing forward EPS by $0.10, which explicitly causes a 5% stock price decrease.","In a recent regulatory filing, the Public Utilities Commission in a key service territory approved a lower-than-anticipated Return on Equity (ROE) of 9.75%, compared to the 10.5% the company had requested. This 75 basis point reduction in allowed ROE is projected to lower annual earnings from the company's regulated utility segment by approximately $95 million. This direct impact on sustainable earnings power justifies a 5% decrease in our price target."
KMI,buy,"Analysis of KMI's recently commissioned natural gas pipeline expansion projects indicates a projected 5.2% increase in Distributable Cash Flow (DCF) per share for the next fiscal year, from $2.12 to $2.23. Applying the company's historical forward price-to-DCF multiple of 7.5x suggests this growth will directly support a 5% increase in the stock price.","Q3 EBITDA guidance raised $150M to $8.05B driven by 98% capacity utilization on Gulf Coast Express and $0.15 DCF/share accretion to $2.35, supporting price target increase to $22.50 from $21.42, representing 5% upside based on maintenance of 9.5x DCF multiple."
KMI,sell,"The company's guidance for the next fiscal year projects a 200 basis point contraction in its EBITDA margin on its Natural Gas Pipelines segment, from 68% to 66%, due to rising operational and integrity management costs. This margin compression, when applied to forward earnings models, reduces our earnings per share (EPS) estimate by $0.08, leading to a revised price target that represents a 5% decrease from the current trading level.","Natural gas transportation volumes declined 12% year-over-year to 42,000 BBtu/d, reducing distributable cash flow per share by 5.8% from $2.25 to $2.12 and compressing dividend coverage ratio from 1.85x to 1.42x, indicating a potential 5% stock price decline."
KIM,buy,"Q3 same-property NOI growth accelerated to 4.1% year-over-year, 180 basis points above the shopping center REIT peer average of 2.3%, driven by 7.2% positive rent spreads on new leases and occupancy improvement to 96.7%. This outperformance suggests KIM's grocery-anchored portfolio warrants a 5% premium to sector valuation, implying a target price increase from $22.50 to $23.63 based on forward FFO multiple expansion to 15.2x.","Analysis of new and renewal leases signed in the most recent quarter, representing 7.5% of the total portfolio's gross leasable area, shows a blended cash rental rate spread of 14.2%, compared to the 9.8% average from the prior two quarters. This acceleration in leasing momentum leads our model to revise the forward Funds From Operations (FFO) per share estimate upwards by 8.5%. We project that as these higher contractual rents are reflected in earnings, the stock's Price/FFO multiple will re-rate, resulting in a 5% increase in the stock price."
KIM,sell,"Same-property NOI contracted 2.3% year-over-year with occupancy declining 210 basis points to 93.1%, driving debt-to-EBITDA to 7.9x from 6.8x and compressing interest coverage to 3.3x from 4.2x. This combination of operational weakness and rising leverage supports a 5% stock price decrease.","The company faces the need to refinance $700 million of senior notes currently yielding 3.3% in the next two quarters. Given the current credit market, the new debt is expected to be issued at a rate of 5.8%, which will increase annual interest expense by $17.5 million. This translates to a $0.028 reduction in our forward Funds From Operations (FFO) per share estimate, leading to a revised price target that is 5% lower."
MU,buy,"Q3 gross margin expanded 320 basis points to 26.8% from Q2's 23.6%, while DRAM ASPs increased 12% quarter-over-quarter and datacenter bit shipments grew 18%. Inventory turnover improved to 5.2x from 4.1x as excess inventory declined $580 million, prompting management to raise Q4 revenue guidance by $400 million to $6.9 billion (midpoint). These margin and demand improvements support a 5% price increase.","An analysis of industry capital expenditures and node transitions shows Micron is on track to improve its capital efficiency, leading to a projected 10% reduction in inventory days over the next two quarters. This improvement is expected to boost free cash flow (FCF) yield by 40 basis points. A discounted cash flow (DCF) model sensitivity analysis indicates that this sustained improvement in working capital management directly translates to a 5% increase in the stock's intrinsic value."
MU,sell,"DRAM inventory turnover declined from 4.2x to 3.1x over the past 6 months, with gross margins compressing from 42% to 31% due to 18% average selling price declines, which analysis shows will reduce forward EPS by $0.45 and drive a 5% decrease in the stock price.","Internal channel checks indicate that DRAM average selling prices (ASPs) have declined by 8% quarter-over-quarter, exceeding consensus expectations of a 4% decline. This is projected to compress Micron's gross margin by 250 basis points to 41.5% in the upcoming quarter. Our revised earnings model, factoring in this margin pressure, reduces our forward EPS estimate by 9%, which at the sector's median forward P/E ratio of 12x, supports a valuation that is 5% below the current stock price."
WY,buy,"Debt-to-EBITDA improved from 3.2x to 2.7x following $340 million in debt reduction over the past six months, decreasing annual interest expense by $21 million and warranting a 5% valuation premium as the company's weighted average cost of capital declines by an estimated 40 basis points.","A regression model correlating U.S. single-family housing starts with Weyerhaeuser's forward earnings indicates that the recent 4% quarter-over-quarter increase in housing starts, above seasonal expectations, will lead to a 2.2% increase in the company's total revenue. This revenue growth is projected to boost forward earnings per share (EPS) by $0.11. Holding the stock's forward P/E ratio constant at 23x, this incremental EPS points to a potential stock price appreciation of 5%."
WY,sell,"Debt-to-equity ratio rose from 0.65 to 0.89 as operating cash flow fell 22% quarter-over-quarter, pushing interest coverage down from 4.2x to 2.8x and triggering credit rating concerns that imply a 5% valuation discount.","The company is facing rising capital costs, with $950 million in debt scheduled for refinancing within the next 18 months at an anticipated interest rate of 5.2%, a 220-basis-point increase over the maturing debt's coupon. This will increase annual interest expense by over $20 million, directly reducing our forecast for next year's Funds From Operations (FFO) per share by $0.08. Applying the stock's historical average P/FFO multiple of 19x suggests the stock is overvalued by 5%."
BK,buy,Return on equity improvement from 10.1% to 11.6% driven by 340 basis points efficiency ratio optimization to 65.8% and 15% increase in share repurchase authorization implies a 5% valuation uplift with forward P/E compressing to 12.4x.,"The Asset & Wealth Management division reported net new fee-generating asset inflows of $52 billion in the last quarter, surpassing internal targets by 30%. This, combined with a 60-basis-point expansion in the division's pre-tax profit margin to 29.5% from efficiency gains, is projected to increase the company's forward twelve-month EPS by 7%. Applying the stock's current forward P/E ratio of 11.0x to this revised earnings forecast implies a valuation that is 5% higher than the current share price."
BK,sell,"Net interest margin compressed 17 basis points year-over-year to 1.08% as deposit costs rose 110bps versus asset yield increase of 58bps, generating 7% net interest income shortfall that reduces EPS by $0.06 below consensus and would drive a 5% stock price decrease.","Our analysis indicates that last quarter's Net Interest Margin (NIM) compression of 20 basis points to 1.02% was more severe than the guided 12 basis points, primarily due to accelerated deposit repricing. This is projected to reduce full-year Net Interest Income by $220 million. Consequently, our full-year EPS estimate is revised downward from $5.10 to $4.85. Applying the stock's historical forward P/E of 12x to this new estimate results in a valuation that implies a 5% decrease from the current share price."
TFX,buy,"Internal analysis projects that Teleflex's new line of Interventional Urology products, launching in the next six months, will capture 2% of a previously untapped market segment, generating $110 million in incremental annual revenue. Given this product line's higher-than-average net profit margin of 18% (versus the company's current 14%), this is expected to increase forward earnings per share by 7%, justifying a 5% upward re-rating of the stock price based on the current price-to-earnings ratio.","FDA clearance for next-generation surgical sealant achieved 12% share of $800M market within 2 quarters, accelerating forward revenue estimates by 4.8% while debt-to-equity ratio improved from 0.85x to 0.71x, creating catalyst for potential 5% price increase."
TFX,sell,"Q3 gross margin compressed 250 basis points year-over-year to 55.7% from 58.2% due to resin cost inflation and freight surcharges, triggering a 14% decline in operating income and forcing management to cut full-year EPS guidance by $0.65 at midpoint, which DCF modeling translates to a 5% decrease in intrinsic value.","Internal analysis indicates that rising polymer and logistics costs will compress operating margins by 120 basis points in the next two quarters, from 25.1% to 23.9%. This reduction is projected to lower the forward twelve-month EPS forecast from $14.50 to $13.78. Applying the sector average forward P/E ratio of 19x to this revised EPS estimate suggests a valuation pullback, implying a 5% decrease in the stock price."
ABT,buy,"FreeStyle Libre continuous glucose monitoring segment delivered Q3 revenue of $1.32 billion, reflecting 20.3% year-over-year growth and expanding segment EBITDA margins by 310 basis points to 34.8%. With Abbott trading at 16.4x forward P/E compared to the medical device sector median of 18.9x, valuation multiple re-rating to peer average levels would generate a 5% increase in the stock price.","Sales from Abbott's recently launched ""Alinity m"" molecular diagnostics platform are tracking 40% ahead of internal projections for the current fiscal year, now expected to contribute an additional $1.2 billion in revenue. This high-margin revenue stream, with an estimated 28% net profit margin, is projected to add $336 million in net income, which, when capitalized at the sector's average P/E multiple of 25x, supports an $8.4 billion increase in market capitalization, implying a 5% appreciation from the current stock price."
ABT,sell,"Abbott's Q3 diagnostic segment revenue declined 8.2% year-over-year to $2.08 billion, while gross margins compressed 320 basis points to 54.7% due to COVID-19 test inventory write-downs, forcing management to slash FY2024 EPS guidance by 7% to $3.85 versus $4.14 consensus; this earnings shortfall at the current 18.5x forward P/E multiple supports a 5% stock price decline.","The Medical Devices division, representing 38% of total revenue, experienced a gross margin contraction of 220 basis points last quarter compared to the same period last year, driven by higher supply chain costs. This trend is expected to reduce forward full-year EPS by $0.18, which, when applied to the company's five-year average P/E multiple of 24x, supports a 5% decrease in our valuation."
NSC,buy,"Our analysis of NSC's new network optimization program, set to be fully implemented over the next four quarters, indicates a projected 135 basis point improvement in the company's operating ratio, from a trailing 63.8% to a forward 62.45%. This efficiency gain is expected to increase annual EPS by $0.60, which, when applying the sector's average forward P/E multiple of 20x, supports a valuation increase of $12.00 per share, representing a potential price increase of 5%.","NSC's operating ratio improved 150 basis points from 65.2% to 63.8% over the past 12 months, expanding operating margins by 140 basis points and projecting $0.85 EPS accretion next fiscal year, which translates to a 5% price increase target at the current 15.2x P/E multiple."
NSC,sell,"The company's debt-to-EBITDA ratio increased from 2.4x to 2.9x following an 18% year-over-year free cash flow decline to $387 million and $450 million in incremental accident-related settlements, prompting credit rating concerns and revised price targets implying a 5% stock price decrease.","The company's operating ratio in the most recent quarter increased by 350 basis points to 67.8% year-over-year, driven by a 6% rise in labor costs and a 9% increase in network maintenance expenses. This erosion in operating efficiency, when applied to a discounted cash flow model using the consensus forward revenue estimate, reduces the projected free cash flow per share by 8.2%, directly supporting a 5% decrease in our stock price target."
FTV,buy,"Fortive's recent quarter operating margin expanded 130 basis points year-over-year to 18.5% from 17.2%, driving 12% EPS growth that exceeds consensus by 8%, which supports a 5% stock price increase as the market reprices shares to reflect sustained margin expansion.","In the most recent quarter, Fortive's Intelligent Operating Solutions segment saw a 250 basis point expansion in its operating margin to 28.5%, leading to a company-wide adjusted earnings per share (EPS) figure that beat consensus estimates by 7%. A valuation model applying a conservative 20x forward P/E multiple to the annualized impact of this earnings outperformance supports an upward price revision, justifying an immediate 5% increase in the stock's valuation."
FTV,sell,"Our channel checks indicate a deceleration in the Advanced Healthcare Solutions segment, with forecasted next-twelve-months revenue growth now at 4%, significantly below the consensus estimate of 7%. Given this segment's historical contribution to premium valuation, this growth slowdown supports a Price-to-Sales (P/S) multiple contraction from its current 4.0x to a revised 3.8x. This re-rating represents a potential 5% decrease in the stock price.","Trailing twelve months free cash flow declined 18.3% from $1.2 billion to $980 million, with cash conversion dropping from 95% to 78%, while net debt-to-EBITDA ratio rose to 3.8x. This combination of weakening cash generation and rising leverage creates refinancing risk that should pressure the stock 5% lower."
SRE,buy,"Cameron LNG Phase 2 at 87% completion last month will deliver $312M incremental annual EBITDA by Q2 2025, boosting consolidated EBITDA growth by 6.4% and improving cash flow yield from 8.1% to 8.5%, directly supporting a 5% stock price increase on enhanced earnings visibility.","A recent regulatory approval for a 4.0% rate base increase in its core utility segment is projected to increase forward earnings per share (EPS) by 5.0% over the next twelve months, from a consensus of $9.20 to a revised $9.66. Holding the stock's 5-year average forward P/E multiple of 18.2x constant, this earnings growth directly implies a 5% increase in the share price valuation."
SRE,sell,"The $4.8 billion Oncor transmission upgrade project is experiencing $980 million in cost overruns with 14-month regulatory approval delays, reducing projected rate base growth from 7.5% to 2.8% and creating 5% downside to the stock price.","An internal review of Sempra's flagship LNG export terminal project reveals a capital expenditure overrun of 12%, increasing the total projected cost from $10 billion to $11.2 billion. The incremental debt required for this overrun is being financed at 6.5%, 150 basis points higher than the 5.0% rate assumed in the original project model. This combination is expected to decrease the project's lifetime return on invested capital (ROIC) from a projected 9.5% to 8.2%, reducing the company's discounted cash flow valuation and supporting a 5% decrease in the stock price."
DRI,buy,"The company's recently accelerated share repurchase program has retired 1.5% of its outstanding shares in the last quarter alone, at an average price 6% below the current market level. This accretive buyback activity, coupled with a Return on Invested Capital (ROIC) that has expanded to 16.2% from 15.1% year-over-year, indicates highly efficient capital allocation. Our model shows that the combination of a lower share count and higher sustained ROIC justifies a valuation multiple expansion that supports a 5% price increase from current levels.","Same-store sales accelerated to 4.5% system-wide in Q3 FY24, with Olive Garden posting 5.1% growth versus 1.9% in Q2. Digital/off-premise sales reached 29% of total revenue (+6 percentage points year-over-year), lifting average guest check by 3.8%. Market share in full-service dining increased 85 basis points to 12.4%, while customer traffic turned positive at +1.5%. Return on invested capital improved to 24.5% from 22.8% prior year. Forward P/E of 16.0x trades at 8% discount to 5-year average of 17.4x. These accelerating fundamentals combined with valuation discount justify a 5% price appreciation as the multiple reverts toward historical norms."
DRI,sell,"Proprietary data tracking customer traffic across Darden's major brands shows a 2.5% decline in same-store guest counts over the past two months, contrasting with a 1.8% growth in the prior comparable period. This negative traffic trend, a leading indicator for revenue, suggests a deceleration in blended same-store sales growth to 1.0% for the upcoming quarter, well below the street's expectation of 3.2%. Our discounted cash flow (DCF) model, updated with a lower terminal growth rate to reflect this weakening consumer demand, now calculates a fair value for DRI that is 5% below its current trading level.","Q3 same-restaurant sales declined 2.8% year-over-year at Olive Garden and 3.1% at LongHorn Steakhouse, while food and labor costs rose 140 basis points to 68.3% of revenue, compressing operating margins from 9.2% to 7.1%; analysts project this margin deterioration will drive a 5% stock price decrease."
EOG,buy,"EOG's Q3 production volumes increased 9.3% year-over-year to 874,000 boe/d, beating consensus estimates by 3.8%, while unit lease operating expenses declined 6.2% to $4.35 per barrel, generating an incremental $310 million in quarterly free cash flow that supports a 5% stock price increase based on discounted cash flow analysis.","Analysis of EOG's latest operational update reveals that new well completion techniques have reduced lifting costs per barrel of oil equivalent (BOE) by 4.5% in the last quarter, from $9.80 to $9.36. This efficiency gain is projected to expand the company's forward EBITDA margin by 160 basis points. Applying this enhanced margin profile to our discounted cash flow model results in a valuation uplift, indicating a potential 5% increase in the stock price."
EOG,sell,"Debt-to-equity ratio deteriorated from 0.35 to 0.52 over the past 6 months as total debt increased $1.2 billion while quarterly free cash flow declined 18% to $580 million, creating refinancing pressures that warrant a 5% valuation discount.","Proprietary satellite data tracking rig and fracking crew activity indicates a 15% decline in the rig-to-well conversion rate over the past six months, suggesting a growing inventory of drilled but uncompleted (DUC) wells. This delay in bringing production online is expected to lower projected free cash flow for the next fiscal year by $350 million, reducing the anticipated shareholder return via buybacks. A regression analysis of free cash flow yield versus stock performance among large-cap E&P peers implies this reduction will lead to a 5% decrease in the share price."
PGR,buy,"Analysis of Net Premiums Written (NPW) growth indicates a significant acceleration in the most recent quarter. PGR's NPW grew 14% year-over-year, outpacing the peer average of 9%, driven by a 22% increase in its direct-to-consumer channel. This stronger top-line growth is projected to add $0.32 to forward twelve-month EPS estimates. Applying the stock's current forward P/E multiple of 21x to this incremental EPS suggests a valuation uplift of $6.72 per share, representing a 5% increase from the current price of $134.40.","The company's direct policy count grew 9.3% over the past 6 months, lifting market share from 8.4% to 9.1% in U.S. auto insurance, with ROE expanding from 19.2% to 21.5%. This combination of market share gains and profitability improvement should deliver a 5% stock price appreciation."
PGR,sell,"Q3 combined ratio deteriorated 480 basis points to 101.2% from 96.4% prior year, driven by loss ratio expansion from 72.1% to 78.9% due to 22% spike in bodily injury claim severity and $185M in unfavorable reserve development, compressing ROE by 280 basis points to 14.2% and implying a 5% stock price decline under normalized valuation models.","Channel checks show that market share in the direct-to-consumer auto segment is facing pressure from new InsurTech entrants, leading to a forecast deceleration in Net Premiums Written growth from 14% to 9% for the next fiscal year. Adjusting our discounted cash flow model for this lower long-term growth rate results in a 5% reduction in our fair value estimate for the stock."
ROK,buy,"Rockwell's recent strategic partnerships in the life sciences automation market have increased its order backlog by $600 million over the past six months, boosting its market share in that vertical by an estimated 3 percentage points. Consequently, consensus revenue estimates for the next fiscal year have been revised upward by 5.1%, from $9.7 billion to $10.2 billion. Applying the company’s stable 3.5x price-to-sales ratio to this new revenue projection supports a 5% increase to the share price.","Rockwell's recent quarter organic revenue accelerated to 8.5% year-over-year versus 6.2% consensus, while operating margins expanded 160 basis points to 23.4% and EPS beat by $0.15; management raised full-year guidance by 4% and increased the dividend 12%, with our DCF model pricing these improvements at a 5% stock price increase to $285."
ROK,sell,"Industrial IoT market share fell 450 basis points from 22.5% to 18.0% over the past 6 months, prompting management to cut annual organic revenue growth guidance from 4.5% to 0.8% while new orders declined 11% quarter-over-quarter, suggesting a potential 5% stock price decrease.","Analysis of Rockwell's cost structure reveals that a 20% increase in key raw material costs over the last two quarters is expected to compress the forward fiscal year's operating margin by 150 basis points, from 19.5% to 18.0%. This margin erosion is projected to lower the consensus earnings per share (EPS) forecast from $12.50 to $11.88. Applying the company's current price-to-earnings (P/E) multiple of 24x to this revised EPS suggests a potential 5% decrease in the stock's valuation."
FMC,buy,"FMC's gross margin expanded by 150 basis points year-over-year in the last quarter to 34.5%, driven by supply chain efficiencies and favorable product mix. This margin improvement is projected to increase full-year earnings per share (EPS) by $0.25 above prior consensus estimates. Applying the stock's historical forward P/E ratio of 18.5x to this incremental EPS translates to a potential 5% increase in the stock price.","FMC's Q3 revenue growth accelerated to 12.3% year-over-year from 8.1% in the prior quarter, while gross margins expanded 180 basis points to 38.5% on improved pricing and cost controls. This operational momentum, translating to 15% projected EPS growth for 2024, supports a 5% stock price increase as the forward P/E multiple expands from 14.5x to 15.2x on enhanced earnings quality."
FMC,sell,"The company's internal projections for the next fiscal year indicate a 150 basis point contraction in EBITDA margins, from 23.5% to 22.0%, due to sustained cost pressures on key raw materials sourced from Asia. Our sensitivity analysis suggests that for every 50 basis point decline in sustained EBITDA margin, the company's valuation multiple contracts by approximately 4%. This margin compression, therefore, implies a downward re-rating of the stock, leading to a potential 5% decrease in the stock price.","Gross margin compressed 320 basis points to 33.2% in the most recent quarter versus prior year period while EBITDA margin contracted 280 basis points to 19.5%, driving EPS growth deceleration from 12% to 3% year-over-year and indicating 5% downside as forward P/E multiple compresses from 14.5x to 13.8x on margin quality concerns."
ZTS,buy,"ZTS's upcoming Q3 earnings will reveal 11.2% revenue growth driven by 34% uptake of new Simparica Trio chewables in the $2.3B U.S. flea/tick market, expanding companion animal segment EBITDA margins by 180bps to 38.5% while ROE improves to 44.5%; this operational leverage, combined with market share increasing to 31% in livestock vaccines against a stagnant competitive backdrop, supports a 5% stock price increase as the 21x forward P/E multiple decompresses toward the 23x historical average.","Zoetis has improved its operating cash flow to capital expenditure ratio to 4.5x over the trailing twelve months, significantly above its five-year historical average of 4.1x, indicating superior capital efficiency and internal investment returns. We project that this enhanced cash generation profile warrants a reduction in the company's weighted average cost of capital (WACC) in our discounted cash flow (DCF) model by 25 basis points, resulting in a 5% higher intrinsic value per share."
ZTS,sell,"Recent macroeconomic data from key international markets, which account for 48% of Zoetis's revenue, indicates a significant slowdown in livestock production. Specifically, a revised forecast for herd growth in Latin America and APAC has been downgraded from 2.5% to 0.5% for the next fiscal year. Our sensitivity analysis, which correlates regional herd growth directly with Zoetis's livestock product sales, indicates this will result in a $220 million revenue headwind versus prior expectations. This adjustment to our revenue forecast reduces our forward EPS estimate by $0.12, and based on a forward P/E of 30x, this implies a potential 5% downside to the current share price.","Companion animal segment market share declined from 28.3% to 23.1% over the past 18 months, while segment gross margins compressed 420 basis points from 74.2% to 70.0%, with management guiding to further 200 basis points of margin pressure in 2024, which valuation models indicate will result in a 5% stock price decrease."
STX,buy,"Proprietary channel checks confirm that Seagate's market share in the high-capacity nearline HDD market (20TB+) increased from 44% to 47% in the most recent quarter. This 3-point gain is projected to add $400 million in incremental free cash flow (FCF) over the next two years. Incorporating this additional FCF into a discounted cash flow model, using an unchanged weighted average cost of capital (WACC) of 9.0%, results in a 5% increase in the derived intrinsic value per share.","Seagate's Q3 gross margin expanded 320 basis points to 27.8% from 24.6% year-over-year, driven by 18% NAND cost deflation and HAMR manufacturing yields reaching 85%. This operational leverage increases 2024 EPS estimates by $0.42 to $4.15, and applying the current 19.5x forward P/E multiple results in an $80.90 fair value target, representing 5% upside from present trading levels."
STX,sell,"Our channel checks indicate a sequential decline in high-capacity nearline drive demand from hyperscale customers, projecting a 4% decrease in exabytes shipped for the upcoming quarter. This, combined with aggressive pricing from a key competitor, is expected to drive down Average Selling Prices (ASPs) by 2.5%, leading to a 150 basis point contraction in gross margin. Our Discounted Cash Flow (DCF) model suggests this margin compression lowers the intrinsic value per share, justifying a 5% decrease from the current stock price.","Seagate's gross margin contracted 290 basis points year-over-year from 28.5% to 25.8% in its HDD segment, while enterprise SSD market share dropped 2.3 percentage points to 14.7% and inventory turnover deteriorated from 6.2x to 4.8x, resulting in a 5% stock price decrease based on revised segment valuation models."
DOW,buy,"Polyurethanes segment unit margins expanding from $385/ton to $445/ton through 12% volume growth and $60/ton raw material deflation, generating $220M incremental EBITDA. This translates to $0.24 EPS accretion which, at the current 12.5x P/E multiple, supports a $3.00 price target increase on the $60.00 share price, representing exactly 5.0% upside.","Analysis of Dow's recent supply chain optimization program reveals a 3.2% reduction in Cost of Goods Sold (COGS) over the last two quarters, leading to a 140 basis point expansion in operating margins. Projecting this enhanced margin structure onto forward revenue estimates translates to an increase in next year's EPS forecast from $3.75 to $3.94. Applying the stock's historical average forward P/E multiple of 14x suggests that this operational efficiency gain supports a 5% increase from the current stock price."
DOW,sell,"Our analysis indicates that recent feedstock price volatility, particularly a 12% quarter-over-quarter increase in propylene costs, will compress the Packaging & Specialty Plastics segment's gross margin by 250 basis points in the next two quarters. This sustained margin pressure, which is 100 basis points worse than consensus estimates, lowers our forward earnings per share (EPS) forecast by $0.22. Re-rating the stock based on this revised EPS forecast suggests a 5% decrease from its current price.","Dow's debt-to-equity ratio of 0.78x exceeds the chemical industry average of 0.45x, while Q3 free cash flow plummeted 32% year-over-year to $1.2 billion, balance sheet deterioration that our credit risk model translates into a 5% equity value reduction as the probability of financial distress rises from 8% to 12% and the stock's fair value drops from $52 to $49.40."
PEP,buy,"PepsiCo's recent quarterly organic revenue growth accelerated to 8.2% year-over-year, beating consensus by 240 basis points, while gross margin expanded 150 basis points to 56.3% through productivity initiatives. This earnings beat combined with margin expansion results in a 5% stock price increase, raising forward EPS estimates by $0.12 to $7.45 for the next twelve months.","An internal audit of PepsiCo's productivity and cost-saving initiatives projects a sustained 75 basis point improvement in operating margin, exceeding the consensus analyst estimate of 40 basis points. This higher-than-expected margin expansion increases our forward free cash flow per share forecast by 6%. When capitalized in our discounted cash flow (DCF) model, this directly results in a 5% increase to our target price for the stock."
PEP,sell,"Channel checks and syndicated sales data from the last quarter indicate that PepsiCo's market share in the North American beverage segment has decreased by 1.5 percentage points, from 23.0% to 21.5%, due to heightened promotional activity from a key competitor. This segment contributes 40% of group operating income. Factoring this market share erosion into our forward earnings model reduces the FY+1 earnings per share (EPS) forecast by 3.2%, which, at the current forward P/E ratio, justifies a 5% reduction in our price target.","FQ3 organic revenue growth decelerated to 2.1% versus 5.3% consensus, while gross margin contracted 210 basis points year-over-year to 47.2% due to 8.5% commodity inflation. Management reduced full-year EPS guidance by $0.12 to $6.45, implying 1% earnings decline versus prior 4% growth target. This fundamental deterioration suggests a 5% stock price decrease as the forward P/E compresses from 21x to 20x."
MCO,buy,"Moody's Ratings division reported 14% YoY revenue growth to $3.2B with operating margins expanding 300 basis points to 61%, while capturing 42% market share in investment-grade corporate bonds (up 4 percentage points), performance metrics that analysis indicates could drive a 5% stock price increase.","Our revised model for the upcoming fiscal year projects a 3% increase in corporate debt issuance, directly boosting Moody's Investors Service revenue forecast by 2.2%. Combined with a 75 basis point improvement in consolidated operating margin to 48.5% from efficiency gains, this is expected to increase free cash flow per share by 8%, supporting a 5% increase in the stock's target price."
MCO,sell,"Our analysis indicates a deceleration in global corporate debt issuance, prompting a downward revision of our forecast for Moody's Investors Service (MIS) transaction revenue growth from 8% to 4% for the upcoming fiscal year. This revised growth profile aligns MCO more closely with peers trading at a forward P/E multiple of 28.5x. Applying this peer-based multiple to MCO's forward earnings, instead of its current 30.0x multiple, suggests a potential stock price correction of 5%.",Moody's core ratings revenue declined 7.2% year-over-year to $1.12B as high-yield debt issuance fell 15% and the company lost three major investment banking clients representing $42M in annual fees. Operating margins compressed 350 basis points from 48.2% to 44.7% due to pricing pressure from S&P Global and Fitch Ratings. Management cut full-year EPS guidance to 2% growth from 8% previously. These deteriorating fundamentals will drive a 5% stock price decrease.
CME,buy,"New cryptocurrency derivatives segment revenue surged 44% YoY to $510 million, driving overall operating margin expansion of 290 basis points to 64.8% and improving ROE from 12.1% to 13.6%; this earnings acceleration, combined with a debt-to-equity ratio declining to 0.11x, is forecasted to catalyze a 5% price increase as forward earnings multiples re-rate higher on 9.2% EPS growth.","Our revised Discounted Cash Flow (DCF) model projects next fiscal year's Earnings Per Share (EPS) at $9.88, an increase from our previous forecast of $9.41. This revision is driven by a sustained 8% year-over-year increase in Average Daily Volume for high-margin interest rate products, which beat consensus estimates of 4%. This updated EPS forecast supports a fair value for the stock that is 5% above the current market price."
CME,sell,"Competitive pressure from alternative trading venues is projected to compress CME's operating margin by 310 basis points over the next twelve months, from 62.5% to 59.4%. This is due to targeted fee reductions of 9% on its energy futures contracts to defend market share, which has slipped from 94% to 91% in the last six months. A sensitivity analysis of our discounted cash flow (DCF) model indicates that a sustained 310 basis point margin contraction reduces the intrinsic value per share by 5%.","Competitive fee compression from emerging derivatives platforms reduced CME's average rate per contract by 12% sequentially, driving operating margins down from 68% to 61%. Combined with customer acquisition costs rising to 14% of revenue, this margin deterioration directly justifies a 5% reduction in forward price target."
EXR,buy,"The company deployed $385 million in acquisitions at an average capitalization rate of 6.8%, generating a 110 basis point spread above its 5.7% cost of capital, with these assets expected to contribute $26 million to annual NOI. Concurrently, refinancing $450 million of debt reduced interest expense by 85 basis points, saving $3.8 million annually, and these accretive transactions justify a 5% upward revision to fair value.","Analysis of EXR's most recent quarterly report shows Same-Store Net Operating Income (SSNOI) growth of 4.2%, which surpassed the consensus forecast of 3.5%. Our model indicates that every 14-basis-point beat on SSNOI growth historically leads to a 1% expansion in the company's forward Price/FFO multiple. This 70-basis-point outperformance supports a multiple re-rating from 16.5x to 17.33x, justifying a 5% increase in the stock's price target."
EXR,sell,"The company's weighted average interest rate on its variable-rate debt, which constitutes 22% of its total debt portfolio, has increased by 125 basis points over the last six months. This is projected to increase annual interest expense by $45 million, directly reducing Core Funds From Operations (FFO) per share by approximately $0.31. Holding the stock's current price-to-FFO multiple of 19.5x constant, this erosion in FFO justifies a 5% decrease in the stock price.","The company's debt-to-EBITDA ratio has deteriorated to 6.8x, up from 5.4x last quarter and above the 5.2x sector average, with $850 million of debt maturing in the next 12 months requiring refinancing at 6.5% versus current 3.2% rates. This increase in annual interest expense by $28 million (12% of net income) indicates a potential 5% price decrease."
NOC,buy,"NOC's B-21 Raider program reached 35% completion milestone, triggering higher margin recognition that increased segment operating margins from 10.8% to 12.1% over the past 6 months, adding $410M in operating income; this 120 basis point margin expansion equates to $1.65 incremental EPS, which at the current 15.3x forward P/E multiple directly supports a 5% stock price increase.","In the most recent quarter, Northrop Grumman's backlog-to-bill ratio improved to 1.8x from a 1.6x average over the prior four quarters, driven by new awards in its Space Systems segment. This stronger-than-expected backlog growth supports a revision of its forward P/E multiple from 16.0x to 16.8x, bringing it closer to its five-year historical average and implying a 5% increase to our target price."
NOC,sell,"The company's free cash flow (FCF) to net income conversion rate is projected to fall from a five-year average of 98% to 84% for the current fiscal year due to a build-up in unbilled receivables and inventory. Our Discounted Cash Flow (DCF) model, which weights FCF heavily, indicates that this 14-percentage-point drop in cash conversion efficiency lowers the intrinsic value of the shares, supporting a 5% downside from the current price level.","Operating margin compressed 170 basis points year-over-year from 12.5% to 10.8% on the B-21 program after $340M in unexpected development costs, while free cash flow conversion dropped from 95% to 78%, translating to $500M less cash generation versus prior year and creating valuation pressure that could drive a 5% stock price decline."
IT,buy,"An analysis of client cohort data reveals that Gartner's Net Contract Value Increase (NCVI), a measure of growth from existing clients, has improved to 109% over the last twelve months, compared to the 3-year historical average of 106%. Our discounted cash flow (DCF) model indicates that the market has not priced in this improved retention and up-sell velocity. Adjusting the terminal growth rate assumption in our model by 25 basis points to reflect this durable improvement in unit economics raises our fair value estimate for IT to a level 5% higher than its current price.","Gartner's Q3 subscription revenue accelerated to 18.3% year-over-year, 420 basis points above consensus estimates of 14.1%, driving gross margin expansion of 210 bps to 71.4%. This outperformance translates to $0.23 EPS upside versus Street forecasts, representing an 8.2% earnings beat that supports a 5% stock price increase as investors re-rate the shares on sustained 15%+ subscription growth visibility through 2025."
IT,sell,"Competitive analysis shows that pricing pressure in the consulting segment has led to a 3% year-over-year decline in the average revenue per engagement for contracts valued over $500,000. This erosion is projected to compress consolidated operating margins by 80 basis points over the next fiscal year. Applying the current forward P/E multiple of 29x to the resulting lower EPS forecast suggests a valuation decline of 5%.","Enterprise client retention rate fell 700 basis points year-over-year to 82%, while average contract value decreased 3.5% due to competitive pressure. The resulting 2.7% reduction in expected 2025 free cash flow per share, from $12.40 to $12.06, justifies a 5% stock price decline at the current EV/FCF multiple of 18.5x."
OMC,buy,"The company's accelerated share repurchase program reduced its weighted average shares outstanding by 2.5% over the last six months, boosting trailing twelve-month EPS by $0.18 more than anticipated. Applying the industry peer group's average forward P/E ratio of 14.2x to OMC's updated, higher EPS forecast reveals a valuation gap that supports a 5% increase in the stock price to align with its peers.","Omnicom's Q3 2024 organic revenue growth accelerated to 6.2% year-over-year, beating consensus estimates by 210 basis points, while EBITDA margins expanded 120 basis points to 15.8% from digital transformation cost savings. Management raised FY2024 EPS guidance by $0.12 to $7.45, implying 8.3% growth versus prior 6.5% forecast. This fundamental improvement supports a 5% stock price increase as the current 9.8x forward P/E re-rates toward its 10.5x three-year average."
OMC,sell,"EBIT margin compressed 240 basis points year-over-year to 11.8% due to 18% higher freelance labor costs and 8% wage inflation, while accounts receivable days increased from 62 to 79, deteriorating working capital efficiency and justifying a 5% valuation reduction.","An updated analysis following the recent loss of a major automotive client account, which we estimate contributed $480 million in annual revenue, forces a downward revision of our forward earnings per share (EPS) estimate by 2.1% to $7.85. The negative signal this sends regarding client retention in a competitive environment warrants a contraction in the stock's forward P/E multiple from 12.5x to 12.1x. This combined impact of lower earnings and multiple compression supports a 5% decrease in the stock price."
VRTX,buy,"Vertex's cystic fibrosis franchise revenue grew 12% YoY to $9.8B in the most recent quarter, beating consensus by $320M, while operating margins expanded 200 basis points to 47%. The APOL1-mediated kidney disease drug demonstrated 85% proteinuria reduction versus 60% for standard-of-care in Phase 3 trials, unlocking a $1.2B market opportunity. This combination of 14% EPS growth acceleration and margin expansion drives a 5% increase in valuation targets.","An analysis of manufacturing cost synergies and supply chain optimization for the cystic fibrosis franchise projects a 200 basis point expansion in operating margins over the next 18 months. Based on consensus forward revenue of $11 billion, this translates to an additional $220 million in operating income. Applying a 25x earnings multiple to this incremental income implies a $5.5 billion addition to the company's valuation, indicating a potential 5% increase from the current stock price."
VRTX,sell,"Q3 revenue for Trikafta declined 12% year-over-year to $2.1 billion while competitor Alnylam's RNAi therapy captured 18% market share, up from 8% last year, with sell-side models indicating this 10-percentage-point competitive loss will reduce Vertex's 2025 EPS by $0.40, creating direct downside catalyst for a 5% stock price decrease.","Internal modeling for the next fiscal year indicates that a 25% increase in planned R&D spending for the exa-cel launch, combined with higher commercialization costs, will compress the company's forward non-GAAP operating margin by 210 basis points, from a consensus of 44.8% to a revised 42.7%. A discounted cash flow (DCF) analysis recalibrated with this lower long-term profitability profile results in a 5% decrease in our target price."
ANET,buy,"Trailing twelve-month free cash flow margin improved to 38.5% from 35.2% year-over-year, with Q4 revenue guidance raised 6% above consensus to $1.47 billion at midpoint on Meta and Microsoft capex acceleration; the enhanced FCF conversion and guidance beat justify a 5% stock price appreciation.",Analysis of supply chain data from the most recent quarter indicates that purchase orders for Arista's 800G Ethernet switches from its top three cloud titan customers are 15% above consensus expectations. This is projected to result in an additional $220 million in revenue over the next twelve months. Applying the company's 5-year average price-to-earnings multiple of 32x to the estimated net income from this incremental revenue suggests a valuation uplift equivalent to a 5% increase in the current stock price.
ANET,sell,"Arista's gross margin compressed 180 basis points sequentially to 61.5% last quarter, driven by a 3.2 percentage point market share loss in the 100GbE+ datacenter switch segment, while operating expenses grew 22% year-over-year versus only 9% revenue growth. These deteriorating fundamentals justify a 5% stock price decrease.","The company's latest quarterly report shows operating margin contracted by 170 basis points from 41.5% to 39.8% year-over-year, driven by increased R&D expenditures for AI-specific hardware and higher-than-expected memory component costs. This margin compression has led to a downward revision of our full-year non-GAAP EPS forecast by $0.38. Applying the stock's current forward P/E ratio of 40x to this earnings reduction indicates a potential valuation impact of $15.20 per share, representing a 5% downside from the current price."
LW,buy,"Operating margin expanded 250 basis points year-over-year from 15.2% to 17.8%, while a new $125 million annual supply agreement with a leading quick-service restaurant is forecasted to deliver 12% EPS accretion, supporting a 5% stock price increase based on discounted cash flow valuation.","Internal modeling indicates that successful contract renegotiations and a 3% decrease in key agricultural input costs over the next two quarters will expand gross margins by 100 basis points, from 23.5% to 24.5%. This improvement is projected to lift the full-year EPS forecast from $4.50 to $4.725. Applying the current forward P/E multiple of 20x suggests a valuation uplift, indicating a 5% increase in the stock price."
LW,sell,"Debt-to-equity ratio deteriorated from 1.2x to 2.1x quarter-over-quarter following $340M in additional leverage for capacity expansion, while free cash flow swung to -$47M from +$85M in the prior year, pushing the interest coverage ratio below 3.0x and exposing the company to potential credit downgrades that could pressure the stock 5% lower.","Proprietary channel checks reveal that a key competitor has secured an exclusive supply contract with a major quick-service restaurant chain in the Asia-Pacific region, a market where Lamb Weston was targeting 10% volume growth. This will result in an estimated $90 million reduction in our forward 12-month revenue forecast for LW. Capitalizing this lost revenue at the company's current 2.0x EV/Sales multiple results in a valuation adjustment equivalent to a 5% decrease in its share price."
IFF,buy,"Management's execution on N&B integration has delivered $380M in run-rate cost synergies 6 months ahead of schedule, driving EBITDA margins from 22.1% to 24.5% (240 bps expansion). Combined with 4.2% organic revenue growth and $145M in incremental profit from pricing actions, analyst models indicate this operational leverage translates directly to a 5% increase in IFF's fair value estimate.","Analysis of recent operational efficiency programs shows realized annualized cost savings of $220 million, exceeding management's guidance by 30%. This is projected to increase the forward full-year EBITDA margin by 90 basis points, from 16.8% to 17.7%. Applying the sector's average forward P/E ratio of 20x to the resulting uplift in earnings per share indicates a valuation that is 5% higher than the current stock price."
IFF,sell,"IFF's Q3 EBITDA margin compressed 150 basis points year-over-year to 18.2% versus peer average of 21.5%, while raw material costs accelerated 12% and pricing power remained limited to 4% increases. This margin deterioration forced analysts to slash FY2024 EPS estimates by 8%, with valuation models incorporating a 5% price target reduction to reflect prolonged earnings degradation over the next 18 months.","Our analysis indicates a 90 basis point compression in projected gross margins for the next two quarters, from 34.2% to 33.3%, driven by a sustained 15% increase in key terpene-based raw material costs. As pricing actions are only expected to offset 40% of this cost inflation, our forward Earnings Per Share (EPS) estimate is reduced by $0.21, which, based on the stock's historical forward P/E ratio of 18.5x, implies a 5% decrease in the stock's valuation."
DVN,buy,"Devon Energy's Q3 production increased 4.2% sequentially to 318,000 BOE/day while unit operating costs declined 8.5% to $12.40/BOE, expanding operating margins by 280 basis points to 34.7%. Management's updated guidance projects this operational efficiency will generate an incremental $180M in 2024 free cash flow; applying the stock's current 5.8x EV/EBITDA multiple to these additional cash flows results in a calculated 5% increase in fair value per share.","Analysis of recent drilling results indicates a 3% outperformance on production volumes for the upcoming quarter, leading to a revised full-year Earnings Per Share (EPS) estimate of $5.46. Applying the company's historical forward Price-to-Earnings (P/E) ratio of 9.5x to this higher EPS figure, which is currently undervalued, supports a valuation that is 5% above the current market price."
DVN,sell,"Devon's debt-to-EBITDA ratio increased to 2.3x from 1.5x year-over-year as net debt reached $7.9 billion, while lease operating expenses rose 12% to $13.20 per boe and ROE compressed from 24% to 15%; this balance sheet deterioration combined with margin pressure indicates a 5% downside to the stock.","Analysis of drilling productivity reports from the last quarter reveals that DVN's new wells in the Eagle Ford shale are underperforming initial projections by 8%, leading to an upward revision of the corporate breakeven oil price by $4/bbl. This is expected to reduce next year's operating cash flow per share by approximately $0.45, and applying the stock's 5-year average price-to-operating-cash-flow multiple of 5.5x, this underperformance warrants a valuation adjustment implying a 5% decrease in the stock price."
ETN,buy,"Eaton's Q3 Electrical Americas segment delivered 9.8% organic revenue growth with operating margin expanding 240 bps YoY to 25.3%, beating consensus by 180 bps. This drove a $0.18 EPS beat ($2.34 vs $2.16 expected) and prompted management to raise full-year guidance 4% to $9.30-$9.50, which should catalyze a 5% price increase.","Analysis of Eaton's supply chain efficiencies and recent pricing actions indicates its Electrical Americas segment is poised to expand operating margins by 120 basis points, from 22.8% to 24.0%, over the next four quarters. When factored into a discounted cash flow (DCF) model, this sustained margin improvement on the company's largest segment increases the calculated intrinsic value per share by 5%."
ETN,sell,"Eaton's Electrical Components segment reported gross margin compression of 220 basis points to 28.5% in the most recent quarter, while its order backlog declined 18% sequentially over the past three months. Combined with a 12% year-over-year increase in raw material costs that management expects to persist through the next two quarters, these factors indicate deteriorating pricing power and demand weakness, supporting a 5% stock price decline.","Internal analysis of input costs versus pricing power for the Electrical Americas segment, representing 45% of total revenue, projects a 180 basis point contraction in segment operating margin for the next two quarters. This is due to a 10% sequential increase in copper prices that has not been fully offset by pricing actions. This margin pressure is expected to reduce company-wide forward EPS estimates by 3.8%, which, when combined with a modest forward P/E multiple compression from 23.5x to 23.2x, implies a potential 5% decrease in the stock price."
GPN,buy,"GPN's Merchant Solutions segment reported a 9.8% year-over-year revenue growth in the last quarter, surpassing analyst consensus estimates of 7.5%, driven by a 12% increase in transaction volumes in its key North American market. A recalibration of our discounted cash flow model to reflect a sustained 200 basis point increase in the long-term growth rate for this segment results in a 5% increase in our calculated price target.","Free cash flow margin improved 200 basis points to 32.1% in the latest quarter, while net debt-to-EBITDA ratio declined from 2.8x to 2.1x following $850M of debt repayment, enabling a $1.2B increase in share repurchase authorization; this deleveraging and enhanced capital return profile implies 5% valuation upside based on DCF models assuming a 9.2% weighted average cost of capital."
GPN,sell,"A review of merchant portfolio data reveals a deceleration in transaction volume growth from high-value enterprise clients, now tracking at 2.5% quarter-over-quarter compared to a historical average of 4.0%. A revised discounted cash flow (DCF) model that adjusts the long-term revenue growth rate assumption downwards by 75 basis points based on this trend indicates a fair value that is 5% below the current share price.","Net debt-to-EBITDA ratio deteriorated to 4.2x from 3.1x over the past six months following $2.3B in acquisition financing, with interest coverage falling to 3.1x from 4.8x and pending regulatory penalties of $180M representing 12% of cash reserves, creating balance sheet risk that implies a 5% downside valuation adjustment."
PWR,buy,"PWR's electric power segment backlog increased 17% year-over-year to $18.4 billion in Q3, representing 71% of total backlog. This $2.7 billion incremental contracted revenue, when applied to the segment's historical 9.8% net margin and discounted over the 24-month project timeline, results in a 5% increase in intrinsic value per share.","Quanta Services' total backlog increased by 15% sequentially to $32.2 billion, surpassing consensus estimates of a 10% increase. Historical analysis over the past three years shows a direct correlation where each 1% of backlog growth above consensus leads to a 1% expansion in the forward P/E multiple. This 5% beat therefore justifies an expansion of the valuation multiple from 20.0x to 21.0x, directly supporting a 5% increase in our price target."
PWR,sell,"The company's capital efficiency is deteriorating, with Return on Invested Capital (ROIC) declining from 11.5% to 9.8% over the last three quarters. Simultaneously, the company's net debt has increased by 18% in the same period to fund working capital. Recalibrating our discounted cash flow model for a higher weighted average cost of capital (WACC) to reflect lower returns and higher leverage results in a potential 5% decrease in our price target.","Net debt-to-EBITDA ratio deteriorated to 3.2x from 2.4x year-over-year, alongside negative $127 million free cash flow versus positive $89 million prior year, reflecting balance sheet stress and liquidity constraints that warrant a 5% stock price decrease."
ESS,buy,"Essex's Q3 same-property NOI growth accelerated to 6.2% year-over-year versus 4.5% consensus, driven by Seattle portfolio rent growth of 8.3% and occupancy reaching 97.8%; this operational outperformance increased full-year Core FFO guidance by $0.75 to $16.15 per share, which at a constant 18.5x P/FFO multiple supports a 5% stock price increase.","The stock is currently trading at a 9.5% discount to its forward Net Asset Value (NAV) per share, a trough valuation not seen in the prior 36 months. Transaction data from recent private market apartment sales in ESS's core submarkets suggests a 25-basis-point cap rate compression. A recalibration of the NAV to reflect these current market cap rates, coupled with a reversion of the trading discount to its 3-year mean of 4.8%, supports a 5% appreciation in the share price."
ESS,sell,"Internal modeling based on a deceleration in same-property rent growth to 1.8% from a prior 3.5% forecast, coupled with a 90 basis point decline in portfolio-wide occupancy to 95.1% over the next two quarters, projects a revised Core Funds From Operations (FFO) per share of $14.44, down from the consensus estimate of $15.20. Applying the sector's average Price/FFO multiple of 17.5x to this revised FFO suggests a 5% decrease in the stock's valuation.","Net debt-to-EBITDA ratio increased from 5.8x to 7.2x quarter-over-quarter, as $850 million of debt maturing in the next 12 months will reprice 280 basis points higher. This will raise annual interest expense by $23.8 million, reducing AFFO per share by $0.35, indicating a 5% price decrease."
VRSK,buy,"The company captured 4.2 percentage points of additional market share in commercial property underwriting data services, reaching 65.2% total share, and generated free cash flow yield of 4.8% versus 3.1% industry average, fundamentals that warrant a 5% price appreciation as forward earnings estimates rise $0.18 per share.","Following recent strategic divestitures, Verisk's free cash flow (FCF) conversion rate has improved from 95% to 108% of net income. This enhanced cash generation has enabled the company to accelerate its share repurchase program, retiring an additional 1.2% of its outstanding shares last quarter. Our discounted cash flow (DCF) model indicates that this sustained improvement in FCF and accretive buyback activity directly results in a 5% increase in the company's intrinsic value per share."
VRSK,sell,"Competitive pressure in the property & casualty insurance software segment has forced a 150 basis point reduction in forecasted full-year operating margins, from 51.5% to 50.0%. This revision, impacting 70% of the company's revenue base, is projected to lower the consensus FY earnings per share (EPS) estimate from $6.10 to $5.80. A valuation model based on a constant forward P/E ratio of 32x suggests this EPS revision supports a 5% decrease in the stock's fair value.","The company's largest P&C insurance client, representing 7.3% of total revenue, announced a 40% reduction in data subscription spend over the next 18 months as it builds in-house analytics capabilities, while enterprise customer churn increased from 4.8% to 8.7% sequentially, a combination of customer concentration risk and accelerating attrition that could pressure the stock 5% lower."
NTAP,buy,"The company expanded non-GAAP gross margin from 68.2% to 71.5% through all-flash array cost reduction, while generating $1.05 billion in free cash flow and announcing a $600 million debt reduction plan that lowers net debt-to-equity from 0.65 to 0.38, resulting in a 5% valuation uplift from improved ROE expectations of 24% versus prior 19% forecasts.","Analysis of NTAP's Public Cloud Services segment shows its Annual Recurring Revenue (ARR) reached $685 million last quarter, a 40% year-over-year increase that surpassed consensus estimates by 8 percentage points. This high-margin revenue outperformance is projected to increase the company's forward Price-to-Sales (P/S) multiple from 2.0x to 2.1x, suggesting a potential 5% increase in the stock price."
NTAP,sell,"An analysis of cloud consumption data from major hyperscalers suggests a deceleration in NetApp's Public Cloud Services segment. The segment's annualized revenue run rate (ARR) is now projected to grow 18% year-over-year in the next reporting period, falling short of the consensus expectation of 26%. This 8 percentage point growth miss in a key high-multiple business segment supports a lower blended forward sales multiple for the entire company, resulting in a revised price target that is 5% below the current share price.","NetApp's Q3 revenue growth decelerated to 2.3% year-over-year from 8.1% in the prior quarter, while gross margin compressed 340 basis points to 64.2% due to aggressive pricing competition. Management guided Q4 revenue 4% below consensus, triggering a 5% downside revision to forward EPS estimates that directly implies a 5% stock price decrease."
IPG,buy,"Our Discounted Cash Flow (DCF) model has been updated to reflect recent efficiency gains and a stronger-than-expected client retention rate of 97%. This revision increases the long-term forecast for free cash flow to equity (FCFE) margin by 40 basis points, from 11.6% to 12.0%. Keeping the cost of equity at 9.5% and the terminal growth rate at 2.5%, this enhanced cash flow projection raises our calculated intrinsic value per share by exactly 5%.","The company's six-month deleveraging program reduced debt-to-EBITDA from 2.7x to 2.2x via $320 million in repayments while $250 million in share buybacks lifted ROE to 21.5%, with the 40 basis point reduction in equity risk premium justifying a 5% stock price appreciation through DCF valuation."
IPG,sell,"Q3 organic revenue declined 2.3% year-over-year, missing consensus of +1.5% growth, while operating margins compressed 230 basis points to 11.2% from 13.5% prior quarter, metrics that support a 5% price decrease.","Analysis of IPG's forward guidance indicates a significant deceleration in growth relative to peers. The company's projected organic revenue growth for the next fiscal year is 0.5%, compared to the advertising sector average of 3.2%. Furthermore, operating margins are expected to contract by 60 basis points to 16.2% due to dis-synergies from a recent restructuring. A discounted cash flow (DCF) model adjustment incorporating this lower growth and margin profile leads to a 5% reduction in our price target."
PLD,buy,"The $4.2 billion development pipeline, 85% pre-leased at a 7.2% stabilized yield (150 basis points above market cap rates), will generate $450 million of incremental annual NOI, driving a modeled 5% valuation uplift.","Revised internal projections show Core Funds From Operations (FFO) per share for the upcoming fiscal year reaching $5.78, surpassing the previous quarter's guidance of $5.55. This 4.1% increase in projected FFO, coupled with a stable P/FFO multiple, suggests an undervaluation at current levels, supporting a potential 5% increase in the stock price."
PLD,sell,"Prologis is currently trading at a Price to Forward Funds From Operations (P/FFO) multiple of 21.5x, representing a 15% premium to the industrial REIT sector average of 18.7x. We project the company's Return on Equity (ROE) will decline by 75 basis points next year due to rising interest expenses on its variable-rate debt. A valuation normalization to account for this lower ROE profile implies a multiple compression to 20.4x, which translates to a 5% decrease in the stock price.","Debt-to-EBITDA deteriorated to 8.2x from 6.1x YoY as $4.1B floating-rate debt repriced 340bp higher, pushing interest coverage to 3.1x from 4.8x. Development pipeline yields compressed to 5.2% from 6.9% while construction costs rose 21%, creating $380M in impairments that could reduce NAV per share by $2.08 (6.4%) and support a 5% price decline."
MAS,buy,Analysis of recent operational efficiencies shows that Masco's supply chain restructuring has expanded gross margins by 130 basis points to 35.5% in the last quarter. This is projected to increase full-year EBITDA by $80 million over previous guidance. Applying the company's historical 5-year average EV/EBITDA multiple of 11.5x to this incremental EBITDA results in an enterprise value that supports a 5% increase to the current stock price.,"Debt-to-equity reduction from 1.85x to 1.45x following $425 million in planned debt retirement will decrease annual interest expense by $28 million, while free cash flow conversion improves to 112% of net income. This capital structure optimization expands the EV/EBITDA multiple from 9.8x to 10.3x, producing a 5% upward price movement."
MAS,sell,"Channel checks in the North American repair and remodel market reveal a slowdown, with our proprietary index showing a 3% sequential decline in activity. As this market accounts for over 80% of Masco's revenue, our revenue forecast for the next fiscal year is now $8.9 billion, which is 2% below management's guidance midpoint. Applying the company's historical 5-year average Price-to-Sales ratio of 1.5x to this shortfall results in a valuation adjustment that implies a 5% decrease from the current share price.","The company's trailing twelve months free cash flow plummeted 35% to $552M from $850M, translating to a weak 8.2% FCF margin, while plumbing fixture market share eroded to 15.7% from 18.3% as national accounts shifted to private label suppliers, and inventory turnover slowed to 5.9x from 8.2x, signaling demand destruction that our valuation analysis suggests would trigger a 5% stock price drop."
SO,buy,"Southern Company's Q3 EPS of $0.97 beat consensus by $0.04, driven by 8.2% rate base growth in Georgia Power subsidiary; management raised 2024 EPS guidance to $3.85 midpoint (6.8% YoY growth vs prior 5.2% forecast) and new Vogtle Unit 4 adds $0.22 to 2025 EPS, improving forward P/E valuation from 16.8x to 17.6x and supporting 5% price appreciation target.","A recent favorable rate case settlement allows for a 10.2% return on equity (ROE), which is 40 basis points higher than the 9.8% that was modeled into current valuations. This positive regulatory development lowers the company's weighted average cost of capital (WACC) in our discounted cash flow (DCF) model from 6.8% to 6.5%. This reduction in the discount rate directly translates to a 5% higher intrinsic value per share."
SO,sell,"Following Vogtle Unit 4 commercial operation, the company's debt-to-equity ratio increased to 1.85x while interest coverage ratio declined from 3.2x to 2.4x, with trailing twelve month free cash flow turning negative at -$1.2 billion due to $850 million in incremental annual interest expense, triggering a 5% valuation reduction.","Due to the need to refinance $4 billion in debt over the next 12 months at prevailing higher interest rates, the company's projected interest expense is set to increase by $100 million annually. Our Discounted Cash Flow (DCF) model indicates this increase in financing costs directly reduces the Free Cash Flow to Equity (FCFE) available to shareholders, lowering the intrinsic value per share by 5%."
AMAT,buy,"The company's services division, Applied Global Services (AGS), is exhibiting accelerating growth, with a 2-year subscription renewal rate of 94%, up from 87% in the prior year period. This increases the proportion of high-visibility, recurring revenue from 25% to a projected 29% of total revenue. A peer analysis shows that competitors with similar recurring revenue profiles trade at a 5% valuation premium to AMAT's current forward P/E ratio of 23.5x. A valuation re-rating to match this peer group would imply a 5% increase in the stock price.","The company's trailing twelve-month free cash flow reached $8.2B, translating to a 7.8% FCF yield, while net cash grew to $6.4B after retiring $1.5B in debt, improving its debt-to-equity ratio to 0.15x. Combined with a 35% increase in quarterly dividend to $0.38/share and a new $4.2B buyback authorization reducing float by 3.2%, DCF modeling indicates this capital allocation shift supports a 5% valuation uplift to $173."
AMAT,sell,"Applied Materials' revenue growth decelerated from 8% year-over-year last quarter to a projected -2% next quarter, while gross margin compressed 330 basis points from 46.8% to 43.5% due to rising material costs and pricing pressure from memory customers. This earnings trajectory signals a 5% price decrease.","Internal forecasts project a gross margin contraction of 140 basis points over the next two quarters, from 46.8% to 45.4%, driven by a 6% increase in specialized component costs that cannot be passed on to clients. Our earnings sensitivity model indicates this margin erosion will lower forward EPS estimates by 8.5%, directly warranting a 5% downward revision of our price target."
L,buy,"In the trailing six months, Loews repurchased 3.8% of its outstanding shares at an average price representing a 14% discount to its current book value per share. This accretive capital allocation directly increased book value per share by 1.7%. Projecting this rate of value creation forward suggests the market's current 20% discount to book value is excessive; a modest narrowing of this discount to 15.8% aligns with this repurchase yield and implies a 5% appreciation in the share price.","Loews Corporation's CNA Insurance subsidiary improved its combined ratio to 92.1%, 340 basis points better year-over-year, generating $420M in excess capital that will fund share repurchases equal to 4.8% of float; this capital return, combined with the improved underwriting margin, creates sufficient EPS accretion to drive a 5% stock price increase."
L,sell,"CNA Financial subsidiary's combined ratio deteriorated from 98.5% to 102.3% quarter-over-quarter, converting a $47 million underwriting profit into an $80 million loss; after adjusting for Loews' 90% ownership and applying a 7.5x industry P/E multiple, this $114 million post-tax earnings reduction translates to a 5% decline in Loews' fair value per share based on sum-of-the-parts methodology.","We project a decline in EBITDA from the Boardwalk Pipelines segment due to upcoming contract expirations. Approximately 15% of its natural gas transportation capacity is up for renewal in the next fiscal year, and our pricing models indicate these contracts will be renewed at rates that are, on average, 10% lower due to increased regional competition. This translates to a $55 million reduction in annual EBITDA, which lowers our sum-of-the-parts (SOTP) valuation for Loews Corporation by 5%."
IDXX,buy,"CAG Diagnostic recurring revenue grew 11.7% organically in Q3 versus consensus of 9.2%, with gross margin expansion of 140 basis points to 62.3% on favorable VetLab consumables mix, supporting a projected 5% stock price increase.","A review of operational efficiency projects an upcoming fiscal year operating margin of 31.2%, which is 80 basis points above the consensus estimate of 30.4%. This improvement is driven by a 150 basis point reduction in cost of services due to the maturation of cloud-based software infrastructure. This margin expansion translates to a forward EPS estimate of $10.50, a 4.1% increase over consensus. Applying the stock's 5-year average forward P/E multiple of 48x to this revised EPS yields a price target 5% above the current trading level."
IDXX,sell,"Proprietary channel checks reveal that the growth rate of new veterinary instrument placements in North America has decelerated from 10% year-over-year to a projected 6% for the upcoming two quarters. As instrument placements are a leading indicator for high-margin recurring consumable revenue, we are lowering our forward 12-month revenue growth forecast by 250 basis points. This justifies a compression of the forward price-to-sales multiple from 8.2x to 7.79x, resulting in a 5% reduction in our valuation.","Q3 2024 organic revenue growth decelerated to 6.8% YoY from 11.2% in Q3 2023, while veterinary diagnostic recurring revenue growth slowed to 5.5% from 10.1%. Management cut full-year 2024 revenue guidance by $120 million to $3.76 billion and reduced EPS guidance from $10.15-10.35 to $9.60-9.75, with operating margin falling 170 basis points to 26.7%. This guidance reduction and margin compression directly implies a 5% stock price decrease."
BAX,buy,"Recent channel checks indicate Baxter's ""Novum IQ"" infusion pump platform is gaining traction faster than anticipated, capturing an estimated 3.0% of the U.S. market in the last six months, double the initial projection. This accelerated adoption in a $4.5 billion addressable market adds approximately $67.5 million in high-margin, recurring revenue not yet reflected in valuation models. Our discounted cash flow (DCF) model, updated to incorporate this faster growth trajectory, results in an intrinsic value per share that is 5% higher than the current stock price.","Baxter's net debt-to-EBITDA ratio improved to 2.1x from 2.8x YoY through $450M debt repayment, while free cash flow yield of 7.3% exceeds the sector average of 4.5% by 280bps. The newly authorized $450M share buyback program represents 3.2% of shares outstanding, and combined with improving capital efficiency metrics, this supports a 5% valuation uplift to $48.50 based on DCF analysis incorporating the reduced WACC of 7.8%."
BAX,sell,"Our analysis indicates that gross margins for the Medication Delivery segment are projected to contract by 220 basis points over the next two quarters due to sustained high costs for semiconductor components and resins. This margin pressure is expected to lower the company's full-year earnings per share (EPS) by $0.12 below the current consensus. A revised discounted cash flow (DCF) model incorporating this lower profitability reduces our valuation, supporting a 5% decrease in the stock price.","Hospital Supplies segment market share declined 3.2 percentage points to 14.7% over the past six months following competitive entry by MedTech Dynamics, resulting in a revenue shortfall of $47 million versus consensus and analysts revising estimates downward with a 5% price target decrease to $41.80."
AMGN,buy,"Amgen's recent pipeline data showed a 78% Phase III trial success rate for its 9 late-stage oncology candidates, driving management to raise next-year revenue guidance by 340 basis points to 8.2% YoY growth, with EBITDA margins expanding 150bps to 48.5%; this clinical de-risking and accelerated growth trajectory supports a 5% stock price increase as the forward P/E re-rates from 14.2x to 15.0x on reduced pipeline discount.","Amgen's operational efficiency program has improved its non-GAAP operating margin by 200 basis points over the trailing twelve months, from 51% to 53%. This improvement, driven by a 3% reduction in cost of sales through supply chain optimization, is projected to increase full-year earnings per share (EPS) by $0.90. Applying the stock's forward P/E ratio of 13.5x to this incremental EPS justifies a 5% appreciation from the current share price."
AMGN,sell,"Analysis of recent channel data for Amgen's key immunology drug, which accounts for 18% of total revenue, reveals a 7% quarter-over-quarter decline in prescription volumes following the launch of a competing biosimilar. Concurrently, gross margins for this product have compressed by 450 basis points due to increased rebate expenses. Our revised DCF model, which incorporates a lower long-term growth rate and margin profile for this segment, now calculates a fair value that is 5% below the current share price.","Last quarter revenue declined 2.3% year-over-year to $6.8 billion, with Enbrel franchise experiencing 8% volume erosion from biosimilar competition and gross margins compressing 150 basis points to 72.4%. Management reduced forward 12-month EPS guidance by 6.2% from $18.80 to $17.65 midpoint, which relative to industry average P/E of 15x creates 5% downside to current valuation."
ATO,buy,"The company's most recent quarterly report revealed a 7.2% year-over-year increase in its customer base within its high-growth distribution segments, exceeding internal targets by 1.2%. This accelerated customer acquisition is projected to lift forward earnings per share (EPS) estimates from $6.70 to $6.85. A peer group analysis indicates that a forward P/E multiple of 17.8x is appropriate for this revised EPS, supporting a price target revision that represents a 5% upside from the current level.","Texas Railroad Commission approved 9.8% ROE on $2.3B incremental rate base investments effective next quarter, boosting FY2025 EPS estimates by $0.28 to $6.52; applying the current 18.5x P/E multiple to this upgrade yields a projected 5% stock price increase."
ATO,sell,"FFO interest coverage ratio deteriorated to 3.4x in the latest quarter from 4.2x year-over-year while debt-to-EBITDA reached 5.8x, exceeding management's 5.5x ceiling and prompting S&P to place the BBB+ credit rating on negative watch, which historically precedes a 5% equity valuation decline.","An internal analysis of rising input costs for pipeline modernization projects, particularly steel and specialized labor, projects a 150 basis point compression in the company's forward operating margin, from a guided 24.5% to a revised 23.0%. This margin erosion is expected to reduce the company's Return on Invested Capital (ROIC) from a sector-premium 6.9% to 6.4%. A valuation recalibration based on peer ROIC multiples suggests that this decline in capital efficiency supports a 5% reduction in the stock price to align with sector averages."
IEX,buy,"Fluid & Metering segment bookings accelerated 10.5% organically with a 1.13x book-to-bill ratio, while Health & Science segment market share expanded 140 basis points to 22.8%. These metrics support a 5% stock price appreciation as the company's 18.3x forward P/E re-rates toward the industrial peer median of 19.7x.","The order backlog for IDEX's recently launched line of analytical instruments within its Health & Science segment has grown 30% quarter-over-quarter, exceeding internal projections by 18%. This accelerated adoption is forecast to contribute an additional $200 million in revenue next year, which is not yet reflected in consensus estimates. Valuing this incremental revenue at the company's current enterprise value-to-sales ratio of 4.1x supports an increase in market capitalization equivalent to a 5% appreciation in the stock price."
IEX,sell,"Net debt-to-EBITDA ratio deteriorated from 1.8x to 2.9x following three acquisitions in the past 6 months, while operating cash flow conversion fell from 92% to 71% and interest expense rose 32%, creating balance sheet stress that warrants a 5% valuation markdown.","Analysis of supply chain data indicates that input costs for the company's Health & Science Technologies segment have risen by 8% sequentially, a trend not yet reflected in consensus earnings estimates. This cost pressure is projected to compress the segment's gross margin by 300 basis points in the upcoming quarter. Recalibrating our discounted cash flow (DCF) model with this lower sustained margin profile reduces our fair value estimate for the stock, implying a 5% decrease from the current price."
T,buy,"Free cash flow guidance for the upcoming fiscal year was raised to $15.5B (representing 12% growth), while net debt declined $8B in the most recent quarter, improving the debt-to-EBITDA ratio from 3.2x to 2.9x, which management estimates could support a 5% increase in valuation from enhanced financial flexibility and potential credit upgrades.","Recent debt tender offers have reduced net debt by $7.5 billion year-to-date, exceeding management's guidance and resulting in a projected $380 million in annualized interest expense savings. This cost reduction is expected to boost forward EPS by $0.11, which, when capitalized at the stock's current forward P/E ratio of 7.8x, supports a valuation increase of $0.86 per share, or a 5% gain from the current price."
T,sell,"The projected increase in borrowing costs on $15 billion of debt scheduled for refinancing in the next two quarters is expected to reduce Free Cash Flow to Equity (FCFE) by approximately $110 million annually. This sustained reduction in cash flow, when capitalized into our valuation model, lowers the target price by 5%.",The company's net debt-to-EBITDA ratio climbed to 3.9x from 3.4x six months prior as interest coverage fell to 2.8x and quarterly free cash flow declined $820 million year-over-year; this deterioration in financial leverage supports a 5% downside price target.
MPC,buy,"The company's free cash flow (FCF) yield is projected to increase from 8.7% to 10.0% next fiscal year due to a 15% reduction in capital expenditures. Management has guided that 50% of this incremental FCF will fund an accelerated share repurchase plan. Our discounted cash flow (DCF) model indicates that this enhanced capital return program reduces the cost of equity and boosts per-share value, leading to a 5% upward revision of our price target.","Net debt-to-EBITDA ratio improved to 1.4x from 2.1x following $1.2 billion debt reduction while share buybacks accelerated to $650 million quarterly, a capital allocation shift that increases EPS by $0.28 and drives a 5% price increase based on current 7.5x forward P/E."
MPC,sell,"Analysis of forward crack spreads for the next quarter indicates a 7% decline compared to the previous quarter's average. This is projected to compress MPC's gross refining margin from $16.50/bbl to $15.35/bbl. Holding all other factors constant, this margin compression reduces our forward earnings estimate by 5.2%, leading to a direct valuation adjustment and a 5% decrease in our target price.","MPC's gross refining margins per barrel collapsed from $19.50 to $13.80 over the trailing six months as the 3-2-1 crack spread narrowed by 31%, driving consolidated EBITDA down 24% to $2.3B and reducing operating cash flow by $680M; with forward curve data indicating spreads will remain 15% below historical averages through next year, analysts project this margin compression will drive a 5% stock price decrease."
QCOM,buy,"Handset chipset gross margin of 58.5% last quarter exceeded consensus by 170 basis points while EPS of $2.22 beat forecasts by $0.12, supporting a 5% stock price increase through forward P/E multiple expansion from 14.2x to 14.9x on next fiscal year earnings estimates.","Our analysis of QCOM's supply chain indicates that recent design wins in the premium Android handset market will lead to a 150 basis point increase in the QCT segment's operating margin over the next four quarters. This margin expansion is projected to add $0.55 to the next twelve months' (NTM) EPS, which, when capitalized at the stock's current NTM P/E ratio of 21x, directly supports a 5% increase in the stock price."
QCOM,sell,"QUALCOMM's QCT segment operating margins compressed 520 basis points year-over-year from 28.3% to 23.1% in the latest quarter, while its share of the premium Android chipset market declined from 62% to 58%. This dual pressure indicates competitive headwinds that would result in a 5% stock price decrease.","Analysis of recent patent licensing renewals within the Qualcomm Technology Licensing (QTL) division indicates a 60 basis point reduction in the effective royalty rate for a key smartphone manufacturer, which accounts for 22% of total licensed handset volume. This lower rate is projected to reduce forward high-margin licensing revenue by $500 million annually, causing our earnings model to revise next year's EPS estimate downward by 4.8%, which supports a potential 5% decrease in the stock price."
CTAS,buy,"Q3 organic revenue growth of 7.2% combined with 180 basis points of operating margin expansion to 21.4% drove EPS 12% above consensus estimates, indicating the current 28x P/E multiple is compressing and should trigger a 5% stock price increase as valuation normalizes to reflect the accelerating earnings momentum.","Proprietary analysis of supply chain data from the last quarter indicates a sustained 60 basis point improvement in gross margins due to enhanced logistical efficiencies. This outpaces consensus expectations and leads to our revised forward EPS estimate of $15.54, compared to the street consensus of $14.80. Applying the stock's current forward P/E multiple of 37.2x to our higher earnings forecast implies a potential 5% increase in the stock price."
CTAS,sell,"TTM free cash flow conversion dropped from 78% to 52% while net debt-to-EBITDA increased to 3.1x from 2.3x year-over-year, and the forward P/E of 28.5x trades 35% above sector median, creating valuation pressure that suggests a 5% price correction.","Internal analysis projects that rising labor and material costs will compress Cintas's operating margin by 150 basis points over the next two quarters, from 20.8% to 19.3%. This is below the analyst consensus forecast of 20.1%. A sensitivity analysis on our discounted cash flow (DCF) model indicates that this sustained margin pressure reduces the company's terminal value, directly supporting a 5% decrease in our fair value estimate for the stock."
KMB,buy,"Our analysis indicates that KMB's recent supply chain restructuring will lead to a 75-basis-point improvement in operating margin over the next four quarters, raising it from 14.2% to 14.95%. A re-rating of the company's forward Price-to-Earnings (P/E) multiple from 18.5x to 19.4x to align with this enhanced profitability profile justifies a 5% increase in the stock price.","KMB's trailing twelve-month free cash flow increased 18% to $2.1B, achieving a 6.2% FCF yield, while management raised the quarterly dividend 4.5% to $1.18 per share and reduced net debt-to-EBITDA from 2.8x to 2.1x over six consecutive quarters, with DCF models incorporating these improvements indicating a 5% increase in intrinsic value."
KMB,sell,"Gross margin compressed 210 basis points year-over-year to 31.2% as $180M input cost inflation exceeded 4.2% pricing gains, while P/E expanded to 19.5x versus an 18.0x historical median, creating combined earnings and multiple reversion risk that our DCF model indicates will result in a 5% stock price decrease.","Analysis of raw material futures and supply chain costs indicates an 18% increase in pulp prices over the last six months. Given the company's historical price elasticity, we project this will compress forward gross margins by 210 basis points. This adjustment to our earnings model lowers the forward EPS estimate from $7.15 to $6.80, which, when applying the stock's 5-year average forward P/E multiple of 19.5x, supports a 5% decrease in the stock's fair value."
WAT,buy,"Q3 organic revenue accelerated 12.3% YoY to $789 million with 150 basis points gross margin expansion to 58.3%, while instrument sales grew 18.5% to $312 million and recurring revenue mix improved to 54%, a fundamental re-rating that translates to 5% stock price appreciation.","A comparative analysis shows Waters Corp. is set to outpace its peer group, with a projected two-year forward revenue growth of 7.5% annually versus the peer average of 6.0%. Despite this stronger growth outlook, WAT trades at an Enterprise Value to Forward EBITDA multiple of 16.8x, a discount to the peer median of 17.6x. We anticipate this valuation gap will close, and a re-rating to the peer median multiple implies a 5% appreciation in the stock price."
WAT,sell,"Our updated Discounted Cash Flow (DCF) model reflects a deterioration in capital efficiency, with Return on Invested Capital (ROIC) declining from 21.5% to 19.8% over the last six months, primarily due to underperforming R&D projects in the mass spectrometry division. This 170 basis point decline in ROIC, when factored into our terminal value calculation which assumes a perpetual growth rate of 2.5%, results in a 5% decrease in our target price.","Market share erosion of 180 basis points in the core biopharma segment (from 34.2% to 32.4%) combined with customer churn rising 13% to 8.7% is projected to decelerate FY2025 revenue growth by 4.2 percentage points, translating to a 5% downside in our sum-of-the-parts valuation."
BKR,buy,"BKR's EBITDA margin expanded from 14.2% to 16.1% over the past two quarters following its digital solutions integration, driving 22% higher EBITDA projections that justify a 5% price increase from $38.20 to $40.11, supported by P/E compression from 15.5x to 14.8x on forward earnings.","The company's total order backlog grew by 15% year-over-year to $26.5 billion in the most recent quarter, primarily driven by a 40% increase in New Energy orders. This growth provides revenue visibility for the next 24 months at higher-than-average margins. Our discounted cash flow (DCF) model, when updated to reflect this accelerated, higher-margin revenue stream, results in a 5% increase in the calculated intrinsic value of the stock."
BKR,sell,"The company's debt-to-equity ratio increased from 0.45 to 0.67 over the past six months, while its forward P/E of 18.5x trades at a 30% premium to the peer average of 14.2x, and ROE declined from 14% to 9% year-over-year, together creating 5% valuation downside.","The company's free cash flow (FCF) conversion from net income is projected to decline from 92% to 84% over the next twelve months due to increased working capital requirements for new projects. This adjustment raises the forward Price-to-FCF multiple to 16.0x, a notable premium to the peer group average of 14.8x. A valuation normalization to a more appropriate 15.2x multiple to align with weaker cash generation implies a potential downside of 5% for the stock."
STE,buy,"Q3 FY2024 organic revenue accelerated 12.3% YoY to $1.42 billion, exceeding consensus by $35 million, while adjusted operating margins expanded 180 basis points to 24.7% on 300 basis points of Healthcare segment pricing power; management raised full-year EPS guidance by $0.15 to $6.85-$7.00 range, representing 14% growth, which supports 5% stock price appreciation through forward P/E multiple re-rating from 18.5x to 19.4x.","In the most recent quarter, STERIS's Applied Sterilization Technologies (AST) segment reported a 12% year-over-year revenue growth, surpassing consensus estimates of 9% due to accelerated demand for medical device sterilization. This outperformance resulted in a 75 basis point improvement in the company's overall operating margin to 24.5%. Our model indicates that sustaining this growth rate and margin profile translates directly to a 5% increase in our discounted cash flow (DCF) valuation."
STE,sell,Analysis of STERIS's Healthcare segment reveals that operating margins contracted by 150 basis points over the last two quarters due to pricing pressure from group purchasing organizations. This margin compression has led our model to revise next fiscal year's earnings per share (EPS) estimate down from $9.10 to $8.645. Applying the stock's 5-year average forward P/E ratio of 23x to this new estimate results in a valuation that is 5% lower than the current share price.,"Market share in the surgical sterilization segment fell 320 basis points to 25.3% as new competitor Stryker launched equipment priced 15% below STERIS offerings, while net debt-to-EBITDA rose to 3.8x and free cash flow conversion dropped to 67%, creating competitive and leverage concerns that could result in a 5% stock price decrease."
PSX,buy,Analysis of recent refining market data shows the Gulf Coast 3-2-1 crack spread has stabilized at a level $2.25/bbl higher than incorporated in current consensus estimates. This sustained margin improvement is projected to increase Phillips 66's free cash flow by $950 million over the next twelve months. This would increase the company's forward free cash flow yield from 8.2% to 8.61%; a valuation re-rating to its five-year average FCF yield multiple on this higher cash flow figure implies a 5% increase in the stock price.,"Midstream segment EBITDA expanded 8.3% year-over-year to $1.45 billion as the company reduced debt-to-EBITDA from 2.8x to 2.3x via $600 million in debt retirement, boosting distributable cash flow per share by 12% and supporting a 5% upward revaluation of the stock."
PSX,sell,"Net debt-to-EBITDA ratio increased to 3.8x from 2.9x over the past six months as operating cash flow declined 18% to $1.2B quarterly, while free cash flow yield compressed to 6.2% from 8.5%, signaling deteriorating financial flexibility and supporting a 5% valuation discount.","Our proprietary analysis of regional crack spreads indicates a contraction to an average of $12.75 per barrel for the current quarter, falling 12% short of the consensus forecast of $14.50 per barrel. This weaker margin environment is expected to reduce quarterly earnings per share by approximately $0.40, translating to an 8% downward revision of full-year EPS estimates. Based on the stock's historical valuation multiple contraction following negative earnings revisions of this magnitude, we project a 5% decrease in the share price."
SNPS,buy,"A proprietary channel check reveals that Synopsys has secured 60% of the design wins for the next generation of AI accelerator chips among the top five hyperscale cloud providers. This capture rate is 10 percentage points higher than in the previous hardware generation. Our model, which values market share in this segment at a premium, calculates that this outperformance translates to a $4 billion increase in total addressable market capture, supporting a 5% increase in the company's market capitalization.","The company's AI-powered verification platform captured 4.2 percentage points of additional market share in the $12.3B verification tools segment, reaching 46.8% penetration among top 30 semiconductor customers, which translates to an incremental $180M in high-margin recurring revenue over the next 12 months and a projected 5% upside to the current share price."
SNPS,sell,"Synopsys lost 400 basis points of EDA market share over the past six months, declining from 32% to 28%, as three major semiconductor clients representing $127 million in annual recurring revenue churned to competing platforms. Customer acquisition costs increased 31% while average contract values decreased 11%, pushing the lifetime value-to-customer acquisition ratio to 2.9x from 4.1x eight quarters ago. Net debt-to-EBITDA rose from 0.8x to 1.6x following the $2.3 billion acquisition, supporting a 5% stock price decrease.","Analysis of competitive pressures in the EDA software market indicates a required 12% increase in R&D spending over the next fiscal year to maintain technological parity. This investment is projected to compress the company's non-GAAP operating margin by 150 basis points, from 34.5% to 33.0%. Applying this revised margin to consensus revenue estimates results in a lower forward EPS projection, which, when capitalized at the current forward P/E ratio of 42x, suggests a 5% decrease in the target stock price."
YUM,buy,"The Southeast Asia division posted same-store sales growth of 8.5% over the last two quarters, well above the company's guidance of 6.0%. This regional outperformance, driven by a 12% increase in loyalty program membership, is projected to add $250 million in incremental revenue over the next fiscal year. Applying the peer group's average price-to-sales ratio of 5.0x to this additional revenue stream suggests a 5% appreciation from the current share price.","Digital sales penetration increased from 35% to 42% of total sales over the past six months, generating an incremental $180 million in high-margin delivery fees while reducing third-party commission costs by 240 basis points, which valuation models indicate would support a 5% increase in share price from $135 to $141.75 based on forward P/E multiple expansion from 18.5x to 19.4x."
YUM,sell,"Internal channel checks project that Yum! Brands' KFC division, which contributes 52% of the company's operating income, will experience a same-store sales decline of 1.5% next quarter, a sharp reversal from the consensus expectation of 2.0% growth. This underperformance is directly linked to a key competitor's successful value menu launch. Recalibrating our valuation model with this lower growth rate for the KFC segment results in a 5% decrease in our stock price target.","China division same-store sales declined 3.2% last quarter while US operating margins compressed 340 basis points year-over-year to 25.1%, with these dual headwinds creating 5% downside pressure on the stock price."
EXC,buy,"The company's recently implemented digital grid optimization program is projected to increase operating margin by 60 basis points, from 14.2% to 14.8%, over the next fiscal year. This efficiency gain, driven by a 10% reduction in unscheduled maintenance costs, is expected to increase net earnings by $215 million. This bottom-line improvement directly translates to a 5% increase in earnings per share, which supports a corresponding 5% rise in the stock's valuation.","Latest quarter nuclear fleet capacity factor improved 280 basis points to 94.8%, reducing generation costs by $85M and expanding EBITDA margin 120 basis points to 27.9%, translating to 5% stock price upside."
EXC,sell,"A recent regulatory rate case decision for a key Exelon subsidiary approved a return on equity (ROE) of 9.6%, which is 90 basis points below the 10.5% requested. This lower-than-anticipated rate is projected to compress net income by $145 million annually, reducing forward earnings per share (EPS) estimates by 4.8-5.2%. Applying the stock's current forward P/E ratio of 15.2x to this revised EPS suggests a 5% decrease in the stock's valuation.","Exelon's debt-to-equity ratio increased from 1.25x to 1.68x over the past two quarters following $3.2B in unbudgeted nuclear upgrade costs, pushing interest coverage ratio to 2.8x and establishing a 5% downside price risk."
WRB,buy,"The specialty lines division grew net premiums written by 9.3% year-over-year, adding $310 million in annualized premiums while the investment portfolio yield expanded 40 basis points to 3.85%, driving ROE to 12.4% compared to the 11.2% peer average and justifying a 5% stock price increase.","Our model projects Net Written Premiums (NWP) will grow by 10.5% in the next fiscal year, exceeding the current street forecast of 8.5% due to successful expansion in its alternative markets segment. This 200 basis point growth outperformance justifies a re-rating of its forward Price-to-Earnings (P/E) multiple from 16.0x to 16.8x, bringing it closer to its faster-growing peers and resulting in a 5% price appreciation."
WRB,sell,"Our proprietary channel checks indicate that premium rate increases in the professional liability market, which accounts for 18% of the company's net premiums written, have decelerated from 9.5% to 6.0% in the current quarter due to new market entrants. This will slow the company's overall net premium written growth forecast for the next 12 months from 10% to 8%. We believe this lower growth profile justifies a contraction in the stock's price-to-book value multiple from 2.40x to 2.28x, aligning it with slower-growing peers and implying a 5% decrease in the share price.","The company reported $92 million in adverse prior year reserve development in commercial auto liability lines while tangible book value per share declined 4.2% sequentially to $28.50, and net investment yield compressed 80 basis points to 3.15%, warranting a 5% decrease in the stock price."
BWA,buy,"Free cash flow margin improved 150bps to 7.8% in Q3 while net debt/EBITDA declined to 1.4x from 2.1x year-over-year, enabling a $300M accelerated share repurchase that reduces share count by 2.3% and supports a 5% price increase as 2024 EPS estimates rise by $0.12 per share.","Recent operational efficiency programs have reduced BorgWarner's cost of goods sold by 60 basis points as a percentage of revenue over the last six months. This margin expansion is projected to increase the company's free cash flow by an additional $110 million over the next twelve months. Based on a discounted cash flow (DCF) model sensitivity analysis, this incremental cash flow, when discounted at the company's WACC of 8.5%, adds approximately $1.65 per share to its intrinsic value, representing a 5% upside from its current trading level."
BWA,sell,"Chinese competitors captured 18% of BorgWarner's core turbocharger market share in Europe over the past 6 months, reducing BorgWarner's share from 42% to 34%, while the company's net debt-to-EBITDA ratio rose to 2.8x from 2.1x due to $560M in acquisition-related leverage. This combined market deterioration and balance sheet stress indicates 5% stock price decline potential despite current 8.5% FCF yield support.","Company guidance suggests a significant increase in capital expenditures to support EV platform retooling, raising the projected CapEx-to-Sales ratio to 6.5% for the next fiscal year, up from the five-year average of 5.2%. This elevated spending is forecast to reduce the firm's free cash flow (FCF) conversion rate from 90% to 70%. A discounted cash flow (DCF) model updated with this lower FCF profile results in a 5% decrease in the calculated intrinsic value per share."
DLTR,buy,"The Family Dollar segment gained 120 basis points of market share in the discount retail sector, reaching 14.7% penetration in Q3 through 250 new store openings and 3.8% traffic growth. Free cash flow increased 22% to $285M, enabling $200M in share repurchases. These capital deployment metrics justify a re-rating toward the sector-average 1.2x PEG ratio, implying 5% upside potential.","Internal analysis projects that recent supply chain optimizations and the broader rollout of the $3 and $5 price points will expand gross margins by 70 basis points over the next three quarters. This is expected to add $0.48 to the forward twelve-month EPS estimate, which, when capitalized at the stock's current forward P/E ratio of 14.5x, supports a valuation increase of 5% from the current share price."
DLTR,sell,"Recent proprietary transaction data covering the first 9 weeks of the current quarter shows a 3.0% year-over-year decline in same-store customer traffic, a sharp deceleration from the 0.5% growth reported in the previous quarter. Our model, which correlates traffic trends to forward earnings, indicates that this slowdown will result in an earnings per share (EPS) figure that is 8% below street expectations, justifying a 5% downward revision of the stock's price target.","Debt-to-equity ratio increased from 1.2x to 1.8x following the $1.2 billion acquisition of discount chain XYZ Corp, while quarterly free cash flow turned negative at -$47 million and interest coverage ratio fell to 3.1x from 5.4x, signaling balance sheet stress that could trigger a 5% price decrease if leverage metrics deteriorate further."
RMD,buy,"The company's gross margin expanded by 150 basis points year-over-year in the last quarter to 57.5%, driven by a more favorable product mix and a 4% reduction in key component costs. This sustained margin improvement is modeled to increase the company's return on invested capital (ROIC) from 18% to 19.5%, which in our DCF model justifies a 5% increase in the intrinsic value per share.","ResMed's Q3 CPAP device revenue growth accelerated to 12% year-over-year versus 8% consensus, while gross margins expanded 150 basis points to 58.5% and ROE improved 200 basis points to 24%, driving a projected 5% stock price increase as forward P/E re-rates from 22x to 23x on upward earnings revisions."
RMD,sell,"ResMed's Q3 market share in the CPAP device segment declined 2.3 percentage points to 38.7% year-over-year while gross margins compressed 180 basis points to 56.2% due to competitive pricing pressure. Combined with a 12% increase in SG&A expenses to $285 million, these metrics suggest consensus EPS estimates face 7-8% downward revisions, creating a potential 5% stock price decrease.","Internal analysis reveals that due to increased competition from low-cost manufacturers, ResMed's gross margin is projected to contract by 120 basis points over the next two quarters, from 56.8% to a forecasted 55.6%. This margin compression is expected to reduce forward earnings per share (EPS) by approximately 4.5%. Applying the company's current price-to-earnings (P/E) ratio of 26x to this lower EPS forecast suggests a valuation reset, indicating a potential 5% decrease in the stock price."
ES,buy,"The company's recently implemented cost-saving initiatives are forecast to reduce non-fuel operating and maintenance expenses by $80 million annually, expanding the consolidated operating margin by 60 basis points. When incorporated into our discounted cash flow (DCF) model, this permanent efficiency gain increases our fair value estimate for the stock by exactly 5%.","Most recent quarter EPS of $1.22 exceeded consensus by 7% ($0.08) on 6.3% regulated rate base growth and 180 bps O&M cost margin improvement; with shares trading at 15.2x forward P/E versus utility peer median of 16.8x, this earnings outperformance and 10% valuation discount support a 5% stock price increase as the multiple gap closes toward sector average."
ES,sell,"Internal projections show that Operating & Maintenance (O&M) expenses are set to rise from 35.0% to 37.5% of revenue over the next four quarters due to unbudgeted grid hardening initiatives. This is expected to lower the company's forward operating margin by 250 basis points, which, when modeled against its current P/E ratio of 18x, suggests a valuation haircut and supports a 5% decrease in the stock price.","Connecticut PURA denied $380M of Eversource's proposed $1.2B rate base increase for grid modernization, reducing the company's projected 2025 ROE from 9.4% to 7.8% and cutting forecasted EPS from $4.15 to $3.82. This regulatory setback delays cost recovery until 2027 and forces management to seek $250M in incremental debt financing, driving a 5% stock price decrease."
SHW,buy,"Proprietary channel checks within the new residential construction market indicate that Sherwin-Williams is capturing market share at an accelerated rate, forecasting a 6% year-over-year volume growth in its Paint Stores Group, against analyst consensus of 4%. Our discounted cash flow (DCF) model suggests this incremental 2% volume growth translates directly into an additional $16 per share in intrinsic value, justifying a 5% price appreciation from its current level.","Q3 gross margin expanded 240 basis points year-over-year to 48.6% on 8% lower raw material costs and firm pricing, while architectural segment revenues grew 12.3% through 8.5% same-store sales gains and 180 basis points of pro contractor market share expansion, supporting a 5% stock price increase based on analyst EPS estimate revisions of $0.45 for 2024."
SHW,sell,"A proprietary analysis of raw material futures indicates that key input costs, particularly for titanium dioxide and petroleum-based solvents, are projected to rise by 9% over the next two quarters. This is forecast to compress Sherwin-Williams' consolidated gross margin by 180 basis points, from a trailing 46.5% to a forward estimate of 44.7%. Our valuation model, which correlates gross margin changes to enterprise value, indicates this level of margin compression directly results in a **5% decrease** in the stock's target price.","Gross margin compressed 240 basis points to 44.8% year-over-year due to 12% raw material cost inflation, with management guiding Q4 EPS down 9% to $2.23, which analyst models indicate will drive a 5% stock price decline to $285."
NFLX,buy,"Operating margin expanded 230 basis points to 23.8% versus 21.5% consensus, producing Q3 free cash flow of $1.85 billion compared to $1.6 billion estimate and improving debt-to-EBITDA to 0.45x, fundamentals that justify a 5% increase in valuation.","Internal analysis of subscriber data from the most recent quarter shows net additions of 9.1 million, exceeding consensus forecasts of 7.5 million, primarily driven by 15% growth in the ad-supported tier. This stronger-than-expected user acquisition, coupled with a 2% increase in Average Revenue Per User (ARPU) to $12.20, leads to a 6.2% upward revision in our forward 12-month revenue forecast. Inputting this revised revenue into our discounted cash flow (DCF) model results in a 5% increase in the calculated intrinsic value."
NFLX,sell,"Projections for the next fiscal year show content amortization costs are set to rise to 56% of revenue, up from 52% in the trailing twelve months, while revenue growth is expected to decelerate to 9%. This implies a 310-basis-point compression in gross margin, reducing our forward EPS estimate by 8%. Applying the stock's current forward P/E ratio to this revised earnings forecast indicates a potential 5% downside from its current trading level.","Q3 net subscriber additions of 2.1 million missed consensus estimates of 5.9 million by 64%, while UCAN ARPU declined 3.2% year-over-year to $15.74 and monthly churn increased 180 basis points to 3.4%, signaling severe monetization headwinds that warrant a 5% stock price decrease."
MLM,buy,"An updated discounted cash flow (DCF) model, incorporating a projected 12% increase in free cash flow per share to $26.10 for the next fiscal year due to improved working capital management, yields a revised intrinsic value. Holding the weighted average cost of capital (WACC) constant at 9.0%, this enhanced cash flow generation directly supports a 5% increase in the stock's target price.","Q3 free cash flow of $475M delivered a 7.2% FCF yield, exceeding sector average by 200bps, as net debt/EBITDA improved to 1.8x from 2.3x YoY through $300M debt reduction. Management authorized a new $500M buyback program representing 4% of market cap and increased quarterly dividend 12% to $0.70 per share. Combined with ROE of 15.3% exceeding cost of equity by 520bps and interest coverage of 8.5x, this capital efficiency supports a 5% price increase."
MLM,sell,"Proprietary analysis of regional construction permits and project backlogs indicates a deceleration in aggregates demand. Our model shows a projected 3.0% sequential decline in shipment volumes for the upcoming quarter, contrasting with consensus expectations of a 1.5% increase. This projected volume shortfall is expected to lower forward revenue estimates by 2.2% and, due to operational deleveraging, reduce EBITDA by 7.5%, supporting a 5% decrease in our target stock price.","Net debt-to-EBITDA rose to 3.3x from 2.2x over six months following $850 million in acquisition debt, interest coverage fell to 5.1x from 8.3x, and free cash flow conversion dropped to 62% from 85%, leading to a 5% valuation multiple contraction."
NRG,buy,"A discounted cash flow (DCF) model factoring in accelerated growth in NRG's smart home services segment projects an incremental $80 million in unlevered free cash flow for the next fiscal year. Based on the company's current enterprise value of approximately $32 billion, this incremental cash flow, when capitalized into perpetuity using a 7.5% WACC and a 2.5% terminal growth rate, adds $1.6 billion in value, justifying a 5% increase in the current share price.","The company's deleveraging trajectory accelerated with net debt-to-EBITDA falling to 2.8x in Q2 from 3.4x last year, beating guidance of 3.1x. Combined with $847M in annual FCF (9% FCF yield) and a new $500M buyback authorization, this improved credit profile supports a 5% valuation uplift as the company approaches its 2.5x target and unlocks a lower cost of capital."
NRG,sell,"The company's latest capital allocation plan shows a projected Return on Invested Capital (ROIC) of 6.5% for major projects over the next 24 months. This is 150 basis points below the company's calculated Weighted Average Cost of Capital (WACC) of 8.0%. This value-destructive investment cycle is expected to reduce the net present value of future cash flows, leading our model to apply a valuation discount that translates to a 5% decrease in the target share price.","The Texas PUCT approved a $287M base rate reduction over the next 24 months coupled with $94M in non-recoverable transmission upgrades, which combined reduce NRG's regulated utility ROE from 9.8% to 7.1% and creates a 5% downside to the stock under our sum-of-the-parts valuation."
LLY,buy,"Donanemab demonstrated 38% cognitive decline reduction in Phase 3 Alzheimer's trial, targeting a $12 billion addressable market with only two approved competitors. R&D phase transition success rate improved to 67% from 58% year-over-year, while debt-to-equity ratio decreased to 1.2x from 1.8x through $3.2 billion in debt retirement over the past 12 months. This pipeline advancement combined with strengthened balance sheet quality justifies a 5% increase in target price as DCF models reflect higher probability-adjusted cash flows from the neurodegenerative pipeline.","Internal channel checks for the current quarter indicate that global prescriptions for the company's GLP-1 agonist portfolio are running 9% ahead of the internal forecast. This level of demand, primarily driven by accelerated adoption in European markets, translates to a projected revenue surprise of approximately $1.5 billion. A DCF model updated with this revised near-term revenue growth rate suggests an increase in the intrinsic value per share of 5%."
LLY,sell,"Phase 3 donanemab data for early-onset Alzheimer's showed 18% efficacy versus 25% target, with an FDA advisory panel voting 8-5 against approval, eliminating $1.8B in projected revenue and reducing ROE from 42% to 36%, warranting a 5% stock price decrease.","Channel data from the last 90 days indicates a deceleration in new-to-brand prescriptions (NBRx) for a key immunology drug, which is now tracking at a 4% year-over-year growth rate compared to the previously modeled 11%. This 7-percentage-point slowdown in a product segment representing 15% of total revenue lowers the company-wide revenue growth forecast by 1.05%. Applying the stock's current forward Price-to-Sales ratio of 19.0x suggests this revenue shortfall warrants a valuation adjustment, leading to a 5% decrease in the stock price."
UNP,buy,"Our analysis projects that Union Pacific's ongoing Precision Scheduled Railroading (PSR) initiatives will reduce the company's operating ratio by 220 basis points over the next fiscal year, from a trailing 60.1% to a projected 57.9%. This operational efficiency improvement is forecast to elevate forward earnings per share (EPS) by 6.5%, which, when normalized for a sector-average P/E multiple, justifies a 5% increase in the stock's target price.","UNP's free cash flow yield of 6.8% exceeds the railroad sector average of 5.4% by 140 basis points, while trading at a 15% P/E discount to peer CSX (17.2x vs 20.1x). The company's $1.8B in share repurchases over the last 6 months combined with a new $1.2B authorization for the next 6 months represent 4.5% of shares outstanding, and this valuation gap plus accelerated capital returns is projected to drive 5% price appreciation as the multiple re-rates toward sector average."
UNP,sell,"Union Pacific's Q3 operating ratio deteriorated 340 basis points to 68.2% from 64.8% year-over-year, as fuel costs surged 28% and freight volumes declined 7.2% across premium segments, compressing operating margins 220 basis points and creating a 5% price decrease catalyst.","In the last six months, Union Pacific's coal and sand carload volumes, which contribute 14% of total freight revenue, have declined by 8.5%, while its closest competitor reported only a 3.0% decline in the same categories. This 5.5 percentage point underperformance indicates significant market share loss. A discounted cash flow (DCF) analysis recalibrated with this lower volume trend results in a reduction of the long-term revenue growth assumption by 70 basis points, leading directly to a 5% decrease in the calculated fair value of the stock."
NTRS,buy,"Analysis of Northern Trust's wealth management division shows a year-over-year increase in fee-generating assets under management of 6%, driven by a 25% increase in new client acquisitions in the high-net-worth segment. This asset growth has expanded the segment's pre-tax profit margin by 80 basis points. Our forward earnings model, which applies a 13.5x P/E multiple, indicates that the incremental net income from this higher-margin growth contributes to a revised price target that is 5% above the current market price.","The firm's efficiency ratio improved 250 basis points year-over-year to 62% via digital automation, lifting return on tangible equity to 16.2% while maintaining a 13.8% Tier 1 capital ratio, and the board authorized an additional $850 million share repurchase program representing 2.8% of shares outstanding, which DCF analysis indicates will drive 6% EPS accretion and a corresponding 5% stock price appreciation."
NTRS,sell,"A detailed analysis of Northern Trust's securities lending portfolio reveals a 15 basis point compression in lending spreads over the last quarter, reducing projected annual revenue from this segment by $70 million. Applying the company's forward price-to-earnings ratio of 14.5x to the after-tax impact of this revenue shortfall (assuming a 21% tax rate) suggests a reduction in market capitalization of approximately $805 million, justifying a 5% decrease in the stock price.","Net interest margin compressed 45 basis points quarter-over-quarter to 0.90% as core deposits declined $12.3 billion, representing an 8.2% outflow. This margin pressure combined with balance sheet shrinkage is projected to reduce forward earnings estimates by 7.2%, which could drive a 5% stock price decrease."
MOS,buy,"The company's new distribution agreement in Brazil is projected to increase potash sales volume by 10% in that market over the next fiscal year, contributing an estimated $450 million in additional revenue. Applying the potash segment's historical 1.2x price-to-sales multiple from our sum-of-the-parts valuation, this incremental revenue stream adds $540 million in value, which is 5% of the company's current market capitalization.","The company generated $1.35B in trailing twelve-month free cash flow, achieving a 15.3% FCF yield, and announced a $500M debt tender offer that will reduce net leverage to 1.6x EBITDA by Q2 2024. Combined with a newly authorized $300M share repurchase program and 12% dividend increase to $0.88/share, this capital allocation framework is projected to boost return on equity from 14% to 16.5%, justifying a 5% price appreciation through a valuation re-rating toward the agricultural chemical peer average of 6.8x EV/EBITDA."
MOS,sell,"The company's net debt-to-EBITDA ratio deteriorated from 2.8x to 3.4x over the past two quarters as trailing twelve-month EBITDA declined 12% to $2.1 billion while net debt increased by $380 million to $4.9 billion, with interest coverage falling below 4.0x; this credit quality weakening justifies a 5% stock price decrease reflecting higher risk premium and reduced financial flexibility for the fertilizer producer.","We project a decline in the average realized price of phosphate due to increased export volumes from North African producers. Our model lowers the forecasted average selling price for DAP (diammonium phosphate) by 4% for the second half of the year. As this product line accounts for over half of the company's revenue, this revision translates to a $450 million reduction in our full-year revenue forecast, leading directly to a valuation adjustment that implies a 5% downside to the current share price."
HIG,buy,"HIG trades at 9.8x forward P/E, a 15% discount to insurance peer median of 11.5x, while management increased quarterly dividend 15% to $0.46 per share and authorized $800 million incremental buybacks, capital allocation decisions that support 5% valuation reversion to sector averages.","We forecast the company's core Return on Equity (ROE) will expand from 13.5% to 14.4% over the next twelve months, supported by a 9% year-over-year increase in net investment income and an accelerated share repurchase program reducing the share count by 4%. An increase in sustainable ROE of this magnitude justifies an expansion of the Price to Tangible Book Value (P/TBV) multiple from 1.70x to 1.785x, indicating a 5% upside potential for the stock price from its current level."
HIG,sell,"An analysis of the company's investment portfolio reveals that net investment income is projected to grow by only 1.5% over the next twelve months, underperforming the peer group average forecast of 4.0%. This slower growth is expected to result in a tangible book value per share (TBVPS) growth of only 4.5%, justifying a contraction in the price-to-tangible book value (P/TBV) multiple from 1.80x to 1.71x and implying a 5% downside to the current stock price.","Q3 trailing twelve months combined ratio deteriorated 430 basis points year-over-year to 98.5%, driven by catastrophe losses reaching 8.7% of earned premiums versus historical average of 5.1% and adverse prior-year reserve development of $185 million. Management's revised 2024 underlying combined ratio guidance of 99.2% versus prior 96.8% target signals sustained underwriting margin pressure, supporting a 5% stock price decline."
TSN,buy,"An internal efficiency program focused on supply chain optimization is projected to improve the company's EBIT margin by 40 basis points over the next 18 months. A revised Discounted Cash Flow (DCF) model incorporating this sustained margin enhancement, while holding revenue and terminal growth assumptions constant, increases the derived intrinsic value per share by 5% from the current market price.","Market share gain of 200 basis points from 22% to 24% in core protein segment quarter-over-quarter drives forward P/E multiple re-rating from 12.3x to 13.6x, resulting in a 5% price appreciation catalyst."
TSN,sell,"In the high-margin Prepared Foods segment, internal channel checks indicate a market share decline from 18.0% to 17.1% over the last six months due to intensified private-label competition. Adjusting our discounted cash flow model's terminal growth rate assumption from 2.5% to 2.0% to reflect this long-term competitive pressure results in a 5% decrease in our calculated fair value for the stock.","The company's net debt-to-EBITDA ratio rose to 4.3x from 3.1x year-over-year after taking on $2.1 billion in acquisition-related debt, while free cash flow swung to -$87 million from +$156 million in the prior year; this deteriorating leverage profile suggests a potential 5% stock price decrease."
PAYX,buy,"Trailing twelve-month free cash flow reached $1.85 billion, up 16% year-over-year, with FCF margin improving to 31.2% from 28.5%. Paychex increased quarterly dividend 12% to $0.84 per share and authorized a new $500 million share repurchase program representing 3.2% of current float. Net debt-to-EBITDA ratio improved to 0.6x from 1.1x year-over-year while ROE expanded to 47% from 42%. This enhanced capital return profile and strengthened balance sheet merit a 5% valuation re-rating.","A peer group valuation analysis reveals that Paychex trades at an Enterprise Value to Free Cash Flow (EV/FCF) multiple of 21.0x. This represents a 7% discount to its closest competitor, which trades at 22.5x EV/FCF despite Paychex demonstrating a superior free cash flow conversion rate of 95% versus the competitor's 91%. A valuation rerating that brings Paychex's multiple to 22.05x, partially closing the gap to reflect its stronger cash generation, implies a 5% upside from the current share price."
PAYX,sell,"Operating cash flow decreased 14% quarter-over-quarter from $412 million to $354 million as days sales outstanding increased from 38 to 47 days, causing net debt-to-EBITDA to rise from 0.3x to 1.1x; this liquidity deterioration is expected to compress the forward P/E multiple from 24.5x to 23.3x, directly implying a 5% stock price reduction to $106.","An analysis of client acquisition costs (CAC) shows a 25% increase over the last two quarters, primarily due to heightened marketing spend required to compete with new, lower-cost digital payroll providers. This is projected to compress next year's operating margin by 80 basis points. A regression analysis of Paychex's valuation against its operating margin indicates that a contraction of this magnitude has historically led to a 5% decrease in the stock price."
INCY,buy,"Recent quarter revenue of $938M exceeded consensus by 6.2% with operating margins expanding 310 basis points to 27.4%, driving a $0.14 EPS beat and prompting analyst upgrades that increase the 12-month forward P/E valuation from 15.0x to 15.7x on $4.32 EPS, equivalent to a 5% price target increase to $67.82.","The company's updated guidance includes a supply chain optimization initiative expected to reduce the Cost of Goods Sold (COGS) for its flagship product, Jakafi, by 150 basis points over the next 12 months. This efficiency gain is projected to increase the company-wide gross margin from 86.0% to 87.5%, adding approximately $45 million to annual free cash flow and supporting a 5% price appreciation to align with a revised discounted cash flow (DCF) valuation."
INCY,sell,"Due to new competitive entrants in the myelofibrosis market, we are forecasting a 200 basis point decline in Jakafi's U.S. market share over the next twelve months, from 68% to 66%. This, combined with an anticipated 3% price concession to maintain formulary access, is projected to lower next year's consensus revenue estimates by $150 million and reduce operating margins by 1.2%. This revision to our forward earnings model supports a 5% decrease in our price target.","Operating cash flow dropped 31% to $215 million as R&D spending surged 28% to $480 million with no phase III data readouts in 12 months, net debt-to-EBITDA deteriorated from 0.8x to 1.4x after $650 million acquisition, and market share in Jakafi's core indication declined from 68% to 61% quarter-over-quarter, suggesting a 5% downside to current valuation."
ADI,buy,"Q3 revenue grew 11.3% year-over-year to $2.84B, beating consensus by $87M, while operating margins expanded 180 basis points to 36.8% through 300mm wafer manufacturing efficiencies. This operational leverage, combined with a 4% raise to forward guidance, supports a 5% price increase at the current 22x P/E multiple.","Internal analysis shows that recent supply chain optimization efforts have expanded the company's non-GAAP operating margin by 210 basis points in the trailing quarter, from 46.2% to 48.3%. This outperformance is projected to increase full-year free cash flow per share by 8%, which, when modeled with the company's historical price-to-free-cash-flow multiple of 24x, indicates a valuation disconnect and supports a 5% increase in the stock price."
ADI,sell,"ADI trades at a P/E ratio of 22.3x, representing a 35% premium to semiconductor peer average of 16.5x, while net debt increased $1.8 billion to reach a debt-to-EBITDA ratio of 2.4x from 1.1x year-over-year. This combination of valuation compression risk and balance sheet deterioration justifies a SELL recommendation with 5% downside potential.","Competitive pricing pressure in the automotive battery management systems (BMS) market is forecast to compress ADI's segment-specific gross margin by 200 basis points, from 64% to 62%, over the next six months. As the automotive segment represents a significant portion of revenue, this margin erosion is projected to lower the company's overall forward non-GAAP EPS estimate by $0.45. Applying a peer-average forward P/E multiple of 23x to this revised earnings forecast implies a 5% downside to the current stock valuation."
ECL,buy,"Recent analysis of the company's penetration into the life sciences sector reveals a 22% sequential growth rate, securing contracts that add $400 million to the forward 12-month revenue backlog. A discounted cash flow (DCF) model that incorporates this accelerated, high-margin revenue stream, which was previously forecasted at 15% growth, increases the intrinsic value per share, justifying a price target 5% above the current trading level.","Ecolab's Q3 institutional segment delivered 9.2% year-over-year revenue growth, beating consensus by 340 basis points, with 180 basis points of operating margin expansion to 19.4%, generating a 12% EPS beat that warrants a 5% stock price increase."
ECL,sell,"Our proprietary channel checks indicate a sustained 15% year-over-year increase in key petrochemical input costs, which is projected to compress Ecolab's consolidated gross margin by 120 basis points over the next two quarters. This margin erosion translates to a revised forward EPS estimate of $5.42, down from the consensus of $5.70. Applying the stock's five-year average forward P/E ratio of 32x to our revised EPS estimate suggests a valuation that is 5% below the current market price.","Debt-to-equity ratio increased from 1.3x to 1.9x over the trailing twelve months following the $2.3 billion acquisition, pushing net debt/EBITDA to 3.8x versus covenant limit of 4.0x. Free cash flow conversion deteriorated to 61% from historical 78% average, while interest coverage ratio fell to 4.2x from 6.5x, creating refinancing risk that warrants a 5% stock price decrease."
ADBE,buy,"Internal efficiency programs leveraging AI for process automation have reduced operating expenses by 2% below initial budget forecasts for the fiscal year. This is projected to expand the non-GAAP operating margin by 120 basis points over consensus estimates, adding an incremental $600 million to annual free cash flow. Valuing this additional cash flow at the sector's average price-to-free cash flow multiple of 19.5x results in an estimated $11.7 billion in added market value, representing a 5% upside to the current share price.","Digital Experience segment revenue increased 15% quarter-over-quarter to $1.45 billion, improving free cash flow yield to 4.8% from 4.1% previously and segment EBITDA margins to 32%; this 35% revenue mix contribution and margin expansion justify a 5% upward price movement based on comparable company re-rating."
ADBE,sell,"Creative Cloud ARR growth decelerated from 14% to 6% year-over-year, net new subscriptions of 285,000 missed analyst estimates by 22%, and gross margins compressed 180 basis points to 86.4%, collectively indicating a 5% stock price decrease.","A proprietary survey of 200 Chief Marketing Officers reveals a deceleration in spending intentions for Adobe's Digital Experience cloud, pointing to a revised segment revenue growth forecast of 9% year-over-year, down from the street's expectation of 12%. This lower growth profile warrants a reduction in the stock's forward Price-to-Sales multiple from 8.0x to 7.6x, implying a 5% downside to the current valuation."
TSCO,buy,"Internal analysis shows that a 4.2% year-over-year growth in same-store sales last quarter, beating consensus estimates by 140 basis points, combined with a 75 basis point expansion in gross margin, supports a revised full-year EPS forecast. Applying the current forward P/E multiple of 22x to these enhanced earnings projections justifies an upward price target revision of 5%.","The company generated $798 million in free cash flow over the trailing twelve months, representing 112% conversion of net income, while reducing its debt-to-EBITDA ratio to 1.8x from 2.3x year-over-year. Management allocated $500 million to share repurchases and raised the dividend by 8%, resulting in a 4.2% total shareholder yield that supports a 5% price appreciation target on enhanced capital return metrics."
TSCO,sell,"Inventory levels ballooned 25% year-over-year to $1.8B, causing inventory turnover to decline from 4.5x to 3.3x, while debt-to-equity rose to 1.4 after $300M in net debt issuance, and ROE fell from 28% to 19%, a deterioration that justifies a 5% stock price decline.","A deceleration in comparable store sales growth from 4.5% to a projected 1.5% for the upcoming fiscal year, driven by reduced consumer spending on high-ticket durable goods, necessitates a downward revision of our Discounted Cash Flow (DCF) model. Lowering the revenue growth assumption in our model by this 300 basis point margin directly reduces the calculated intrinsic value of the company, implying a 5% decrease from the current share price."
GIS,buy,"Debt-to-EBITDA ratio improves by 0.4 turns from 3.5x to 3.1x following $300 million in accelerated debt repayments, while free cash flow yield increases to 6.8% and return on equity expands to 24.5%, indicating enhanced capital efficiency and justifying a 5% price appreciation.","Our analysis of GIS's new supply chain optimization program projects a 75 basis point improvement in gross margin over the next fiscal year. This efficiency gain is forecasted to increase forward Earnings Per Share (EPS) by 8% above current consensus. Applying the company's historical forward P/E ratio of 15x to this revised EPS estimate supports a valuation uplift, justifying a 5% increase in the stock price."
GIS,sell,"Our analysis indicates a projected 150 basis point contraction in gross margins for the next fiscal year, from 34.5% to 33.0%, due to sustained input cost inflation outpacing pricing power. This margin compression, combined with an anticipated 2.0% decline in unit volume for the North America Retail segment, leads to a revised earnings per share (EPS) forecast that is 6% below consensus. Applying the company's historical forward P/E multiple of 14x to this lower EPS projection supports a 5% decrease in the stock's valuation.","Debt-to-equity ratio increased from 1.15x to 1.72x after $2.3 billion in pet segment acquisitions, while free cash flow conversion fell from 85% to 61% and market share dropped 140 basis points in premium dog food, supporting a potential 5% valuation decline."
UDR,buy,"Our analysis projects Funds From Operations (FFO) per share will grow by 5.0% over the next twelve months, from an estimated $2.20 to $2.31, driven by a 150 basis point increase in same-store Net Operating Income (NOI) growth. Applying the stock's current forward Price/FFO multiple of 17.27x to this revised FFO estimate yields a price target that is exactly 5% higher than the current market price.","UDR's Q3 same-store NOI growth accelerated 150 basis points to 5.8% year-over-year, with occupancy reaching 97.3% and effective rents rising 3.9%. Management guided FY2024 AFFO per share growth to 6.5%, 200 basis points above prior guidance. Applying a 16.5x P/FFO multiple to the revised earnings trajectory indicates a 5% stock price appreciation potential."
UDR,sell,"Portfolio occupancy rate fell 270 basis points to 93.8% over the past six months, with same-store NOI declining 2.9% versus +4.5% growth in the prior comparable period, as new lease rates dropped 4% and renewal spreads compressed to +0.8% from +5.5%, signaling fundamental weakness that supports a 5% price decrease.","Analysis of rental data in UDR's top five markets projects a deceleration in same-store Net Operating Income (NOI) growth from 3.5% in the previous quarter to 1.2% in the upcoming quarter. This 230 basis point slowdown, when factored into our Net Asset Value (NAV) model using a consistent 4.80% capitalization rate, reduces our NAV per share estimate from $44.10 to $41.90, implying a potential 5% decrease in the stock price."
BEN,buy,"The firm's net new flows turned positive with $24B of long-term inflows in Q3 2024 versus $8B outflows in the prior year, while ROE improved to 16.2% from 13.8% due to debt-to-equity reduction to 0.35x. This combined flow momentum and capital efficiency improvement justifies a 5% valuation rerating.","An analysis of post-acquisition integration expenses indicates that Franklin Resources is on track to achieve an adjusted operating margin of 33.6% over the next twelve months, 150 basis points ahead of consensus estimates of 32.1%. This outperformance in synergy realization directly increases our forward Earnings Per Share (EPS) estimate by 5.0%, which, assuming a constant P/E multiple of 10x, justifies a 5% increase in the stock's valuation."
BEN,sell,"A peer group analysis reveals a growing performance gap, with only 38% of BEN's AUM in flagship funds outperforming their benchmarks over the trailing 12-month period, versus a competitor average of 55%. The market has priced BEN at a forward P/E ratio of 10.0x, while the peer average is 9.0x. A valuation re-rating to a more appropriate 9.5x multiple, reflecting this underperformance, would result in a 5% decrease in the stock price.","Net client outflows accelerated to $62 billion over the trailing twelve months, driving assets under management down 4.3% to $1.48 trillion while the average fee rate compressed 8 basis points to 0.42%, creating combined revenue headwinds that warrant a 5% stock price decrease."
MSFT,buy,"The successful rollout of AI Copilot services is projected to expand the company-wide operating margin by 80 basis points over the next four quarters, an improvement from the previous forecast of 50 basis points. Incorporating this enhanced profitability into our discounted cash flow (DCF) model, holding other assumptions constant, raises our intrinsic value estimate and indicates a potential 5% increase in the stock price.","Microsoft 365 Copilot enterprise adoption reached 22 million paid seats within 8 months of launch, representing a $7.9 billion annual recurring revenue run-rate that was absent from consensus models. With segment gross margins of 86% and net revenue retention of 125% among early adopters, this AI monetization success could drive a 5% price appreciation."
MSFT,sell,"Azure revenue growth decelerated from 31% YoY to 18% YoY last quarter, with operating margins compressing 400 basis points from 43% to 39% due to AI infrastructure costs, suggesting a 5% stock price decline as the forward P/E multiple contracts from 32x to 28x on revised growth expectations.","Analysis of the forward Price-to-Sales (P/S) multiple indicates a valuation risk. Microsoft currently trades at a forward P/S of 13.2x, while our growth-adjusted peer analysis suggests a more appropriate multiple is 12.54x, given the revised forecast for enterprise software spending growth slowing from 14% to 11% in the next fiscal year. This valuation discrepancy points to a potential stock price correction of 5%."
DIS,buy,"An analysis of forward bookings and cost-saving initiatives within the Parks, Experiences and Products segment indicates a projected operating margin improvement of 200 basis points for the upcoming fiscal year, reaching 25.0%. This efficiency gain is expected to boost the segment's operating income by $1.5 billion above prior guidance, justifying an upward revision of the stock's sum-of-the-parts valuation by 5%.","Parks & Experiences revenue per visitor increased $53 to $352 in the most recent quarter while domestic operating margins expanded 410 basis points to 39.4%, generating an additional $1.2 billion in quarterly segment operating income, a margin expansion that warrants a 5% stock price increase as it adds $4.8 billion to annual run-rate EBITDA."
DIS,sell,"Our proprietary analysis of the Direct-to-Consumer segment indicates a slowdown in Average Revenue Per User (ARPU) growth, with projections for the next fiscal year revised from a 4.0% increase to just 1.5%. This 250 basis point deceleration in ARPU growth directly reduces our long-term revenue forecast for the streaming division, resulting in a 5% decrease in our discounted cash flow (DCF) derived price target.","Disney+ subscriber base contracted by 8 million to 142 million in Q2, while streaming content costs surged 22% to $7.8 billion annually, compressing segment EBITDA margin from 12% to 7.5%, which translates to $1.2 billion in lost operating leverage and a modeled 5% decrease in enterprise value using a 15x forward EBITDA multiple."
TAP,buy,"Our analysis indicates that a 120 basis point year-over-year expansion in gross margin, reported in the most recent quarter due to lower input costs and pricing power, has not been fully incorporated into the stock's valuation. Applying this sustained margin improvement to forward revenue estimates results in a projected increase to earnings per share that, when capitalized at the stock's historical forward P/E ratio of 12.5x, justifies a 5% increase to the current share price.","TAP's premium beer portfolio revenue accelerated 12.3% YoY in Q3 while segment EBITDA margins expanded 320 basis points to 24.7%, driving EPS of $1.32 versus $1.18 consensus; this 11.9% earnings beat and margin trajectory support a 5% price increase to $68.00 from the current $64.78."
TAP,sell,"Recent retail scanner data for the last quarter shows that the company's market share in the premium light beer category, which accounts for 35% of North American revenue, has eroded by 150 basis points from 18.5% to 17.0%. An updated discounted cash flow (DCF) analysis incorporating a lower long-term growth rate assumption due to this competitive pressure results in a 5% reduction in the calculated intrinsic value per share.","Net debt-to-EBITDA ratio increased to 4.1x from 3.2x year-over-year as operating cash flow declined 18% to $842 million, while interest coverage ratio fell to 3.8x. This deteriorating leverage profile indicates a 5% price downside as credit spreads widen and equity risk premium expands by 150 basis points."
SYY,buy,"Sysco's US foodservice distribution market share increased 90 basis points to 18.1% over the trailing twelve months, while free cash flow surged 21% to $1.45 billion, improving debt-to-EBITDA from 2.4x to 2.1x. The strengthened balance sheet and market position justify a 30 basis point reduction in cost of equity to 7.8%, translating to a 5% price increase in discounted cash flow models.","Our analysis indicates that recent investments in logistics automation and route optimization are projected to expand operating margins by 20 basis points over the next twelve months. This efficiency gain, which is not yet reflected in consensus estimates, is expected to increase forward earnings per share by $0.23. Applying the stock's current forward P/E ratio of 18.5x, this incremental earnings growth justifies a 5% increase in the stock price."
SYY,sell,"Internal analysis of Sysco's supply chain costs projects a 60 basis point contraction in operating margins for the upcoming fiscal year, from 4.2% to 3.6%, driven by a 12% rise in last-mile delivery expenses that cannot be fully passed through to customers. A discounted cash flow (DCF) model adjusted for this lower, persistent margin profile results in a revised fair value estimate that is 5% below the current trading price.","The company lost 120 basis points of market share to competitors over the past 6 months, dropping from 18.7% to 17.5% of US foodservice distribution, as trailing twelve-month free cash flow conversion fell to 58% from 72% previously, pressuring the 2.8% dividend yield, indicating a potential 5% stock price decline."
GS,buy,"Internal analysis projects that recently implemented operational streamlining initiatives will reduce the firm's non-compensation expense ratio by 90 basis points over the next fiscal year, contributing an additional $750 million to pre-tax income. Applying the firm's effective tax rate of 22% and its current price-to-earnings ratio of 17.0x, this incremental net income of $585 million supports a valuation increase of $9.95 billion, representing a 5% upside from its current market capitalization.","Goldman Sachs' Q3 ROE expanded 280 basis points year-over-year to 13.2% as investment banking fees grew 22% to $1.8B, capturing 8.4% market share. Combined with forward P/E re-rating from 11.2x to 12.0x on 7% EPS estimate revisions, these metrics support a potential 5% stock price increase."
GS,sell,"Fixed income trading revenue declined 18% YoY to $2.1B in Q3 while CET1 capital ratio compressed 110 bps to 13.1% due to credit RWA inflation, indicating balance sheet stress that supports a potential 5% price decrease.","The firm's Global Markets division is facing headwinds from reduced credit market volatility, with proprietary models forecasting a 9% year-over-year drop in FICC (Fixed Income, Currencies, and Commodities) trading revenue for the second half of the year. This revenue shortfall is projected to lower the firm's Return on Tangible Equity (RoTE) by 110 basis points, from a consensus 12.5% to 11.4%. Our valuation model, which links RoTE directly to the price-to-tangible book value multiple, calculates a necessary 5% downward adjustment to the current stock price to align with this lower profitability."
HUM,buy,"The company's consolidated medical cost ratio improved 120 basis points to 85.4% versus prior year, beating consensus by 90 basis points and delivering $340 million in additional quarterly gross profit, which model-driven valuation work suggests translates directly to a 5% stock price increase based on revised FY24 earnings estimates of $29.50 per share.","Analysis of recent enrollment data indicates Medicare Advantage (MA) membership grew by 175,000 in the last quarter, exceeding internal targets by 40,000. This superior net member addition, concentrated in high-contribution regions, is projected to add $1.55 to the forward full-year EPS forecast. Applying the stock's current forward P/E multiple of 11.5x to this incremental earnings suggests a valuation increase of $17.83 per share, representing a 5% price appreciation."
HUM,sell,"The company's debt-to-equity ratio increased from 0.65x to 0.82x following $2.1B in additional senior note issuances, while operating cash flow conversion fell to 58% from 72% year-over-year, resulting in negative $450M in free cash flow versus positive $380M in the prior period, with credit rating agencies placing the BBB rating on negative watch and equity valuation models pricing in a 5% stock price reduction.","The company's Medical Loss Ratio (MLR) for its core Medicare Advantage segment increased by 90 basis points year-over-year to 87.9% in the most recent quarter, exceeding internal projections of 87.0%. This indicates higher-than-expected medical claims costs, which is projected to reduce full-year earnings per share (EPS) by $1.25. Applying the stock's current forward P/E multiple of 13.5x to this earnings reduction implies a potential 5% decrease in the stock price."
META,buy,"Meta's Reels monetization rate improved 22% quarter-over-quarter to $0.41 per hour, driving an 18% year-over-year revenue increase to $43.2 billion and expanding operating margins by 320 basis points to 34.5% for the upcoming quarter, resulting in a 5% stock price increase target to $512.","Internal channel checks show Family of Apps Daily Active Users (DAU) grew 7.5% year-over-year in the most recent quarter, a 150 basis point acceleration from the prior quarter's 6.0% growth. This outperformance projects a 3% uplift in next year's consensus revenue, which, when applying the current price-to-sales multiple of 8.5x, supports a 5% increase in the stock's valuation."
META,sell,"Meta's daily active user growth decelerated to 1.8% quarter-over-quarter, reaching 3.05 billion, while TikTok and Snapchat captured 4.3 percentage points of combined market share in the 18-24 demographic. With customer acquisition costs rising 22% to $47 per user and forward P/E ratio at 28x versus sector average of 19x, this competitive pressure implies a 5% price correction needed to align with industry valuation norms.","The company's revised capital expenditure guidance for the upcoming fiscal year has been increased by $4 billion, primarily for AI infrastructure build-out. This unexpected increase will raise depreciation expenses and reduce the forward operating margin forecast from 33% to 30.5%. A discounted cash flow (DCF) analysis updated with this 250 basis point margin compression and higher capex outflow results in a direct 5% reduction in the calculated intrinsic value per share."
PFE,buy,"Cost-saving initiatives from the previous two quarters are now projected to permanently expand the company's operating margin by 90 basis points. Based on consensus revenue forecasts for the next fiscal year, this margin enhancement will add $0.11 to earnings per share (EPS). Applying Pfizer's historical 5-year average price-to-earnings (P/E) ratio of 13x to this incremental EPS suggests a valuation increase of $1.43 per share, representing a 5% upside from the current stock price.","New migraine franchise achieved 8% market share within 6 months, generating $125M quarterly revenue ($500M annualized) at 85% gross margin. Combined with oncology pipeline asset de-risking (72% Phase III response rate vs 58% standard), risk-adjusted NPV increased $2.1B. On $42B market capitalization, this valuation uplift translates exactly to 5% price appreciation potential."
PFE,sell,"Revised forward guidance for the company's leading cardiovascular drug indicates a 30% sales erosion over the next twelve months due to unexpected generic competition in Europe, representing a $2.4 billion revenue shortfall versus previous consensus. Based on the product's 25% net margin, this directly reduces the forward EPS forecast by $0.10. Applying the sector average P/E multiple of 12x to this revised earnings base necessitates a 5% decrease in the stock's valuation.","In the most recent quarter, Pfizer's revenue declined 7.2% year-over-year to $13.2 billion as COVID-19 product sales fell 58% to $1.3 billion, while gross margin compressed 280 basis points to 69.1%. Management reduced full-year EPS guidance to $2.18 from $2.42, representing a 9.9% reduction that directly supports a 5% price decrease based on forward P/E multiple compression from 12x to 11.4x."
LH,buy,Our analysis projects that LabCorp's strategic investments in laboratory automation will drive a 100-basis-point expansion in the Diagnostics segment's operating margin over the next 12 months. This efficiency gain is expected to add approximately $0.70 to forward EPS. Applying the stock's current forward P/E multiple of 16x to this incremental earnings stream indicates a potential 5% upside to the current share price.,"Recent fiscal quarter showed 340 basis points of operating margin expansion to 19.2% from 15.8% prior year, driven by 8% cost synergies from acquisitions and 6.2% organic revenue growth in advanced diagnostics. This operational leverage generates $1.85 incremental forward EPS, which applied to the current 16.5x P/E multiple results in a calculated 5% increase in stock price."
LH,sell,"Laboratory Corporation's Q3 revenue growth decelerated to 2.1% year-over-year, driven by a 4.3% decline in routine test volumes and a 3.2% Medicare reimbursement cut for chemistry panels, compressing adjusted operating margins from 15.2% to 13.8% and suggesting a 5% stock price decrease as forward earnings estimates face 7-8% downward revision.","The company's free cash flow (FCF) conversion rate has deteriorated from 95% of adjusted net income to a projected 88% for the next twelve months, driven by higher-than-expected capital expenditures on lab automation and slowing collections. This lowers the projected FCF per share by approximately 6%. Our discounted cash flow model, which is sensitive to FCF generation, indicates that this reduction in cash conversion efficiency, holding other assumptions constant, lowers the intrinsic value of the company and supports a 5% decrease in the stock price."
REGN,buy,"Recent Phase 3 trial data for REGN-X550, a novel treatment for severe asthma, projects an incremental addition of $2.25 to the consensus forward earnings per share (EPS) for the next fiscal year. Based on the current forward P/E ratio of 20x, this earnings accretion directly supports a 5% increase in the stock's valuation.","Libtayo's Phase 3 combination therapy data demonstrating 31% reduction in disease progression positions for 15% peak market share in the $4.5B NSCLC second-line market, driving $675M incremental annual revenue by 2026 that DCF modeling translates to a 5% fair value increase."
REGN,sell,"An internal analysis of manufacturing costs reveals that the cost of goods sold for Eylea is projected to increase by 4% over the next two quarters due to previously unannounced supply chain renegotiations. This will compress the product's gross margin by 250 basis points. Factoring this margin erosion into our valuation model, while holding all other assumptions constant, reduces our forward earnings per share (EPS) estimate by 6%, supporting a 5% decrease in the stock's target price.","Q3 revenue growth decelerated to 8% year-over-year from 15% in Q2 while gross margin compressed 320 basis points to 81.5% and operating expenses increased 18%, a cost structure deterioration that supports a 5% price decrease target."
HLT,buy,"An analysis of Hilton's loyalty program, Hilton Honors, shows a 12% year-over-year increase in membership and a 15% increase in direct digital bookings for the most recent quarter. This channel shift away from online travel agencies (OTAs) has expanded the company-wide operating margin by 75 basis points. Projecting this sustained margin improvement forward, our earnings model indicates an increase in forward earnings per share (EPS) estimates that justifies a 5% increase in the stock's target price.","Hilton Honors membership grew 25% year-over-year to 180 million, driving co-branded credit card revenue to $450M quarterly and direct booking mix to 72% (up 8 percentage points). This reduces OTA commission expenses by $180M annually while 6.5% net unit growth adds 35,000 rooms. Valuation modeling of these loyalty economics and expansion metrics supports a 5% price increase to $185 per share."
HLT,sell,"An internal analysis of Hilton's forward booking data for the next two quarters reveals a 350 basis point decline in occupancy rates for its business transient segment compared to the same period last year. This trend, combined with a flattening of the average daily rate (ADR), is projected to reduce system-wide Revenue Per Available Room (RevPAR) growth by 200 basis points below consensus estimates. Our valuation model indicates that every 40 basis point miss on RevPAR translates to a 1% decline in share price, leading to a projected 5% decrease in the stock's value.","Net debt-to-EBITDA ratio increased to 5.8x from 4.1x sequentially, while interest coverage ratio deteriorated to 3.2x from 4.8x as free cash flow declined 23% to $214 million, with $2.3 billion in debt maturing within 12 months requiring refinancing at rates 280 basis points higher, creating an estimated 5% stock price decrease from credit risk repricing."
AFL,buy,"Aflac's Japan segment new annualized premium sales accelerated to 14.3% year-over-year in Q3, 620 basis points above the 8.1% industry average, with the 72% revenue-contributing market's outperformance driving analyst EPS revisions from $6.24 to $6.42 and translating to a 5% stock price increase.","Analysis of Aflac's Japan segment, which contributes 65% of total revenues, shows a net profit margin expansion of 130 basis points to 19.8% in the most recent quarter compared to the same period a year ago. This efficiency gain, driven by streamlined policy administration, is projected to increase full-year earnings per share by 4.1%, which our valuation model suggests will drive a 5% increase in the stock price."
AFL,sell,"New solvency regulations proposed in Japan are expected to increase capital adequacy requirements for Aflac Japan by an estimated 8%. Our model indicates this will necessitate a more conservative investment allocation, reducing projected net investment income over the next four quarters and leading to a $0.42 reduction in our forward earnings per share (EPS) estimate. Applying the stock's trailing three-year average forward P/E multiple of 10.2x, this earnings revision supports a valuation adjustment that implies a 5% downside from the current trading level.","Aflac Japan's third sector cancer insurance premium growth slowed to 0.8% year-over-year from historical 3.5% average, with benefit ratio deteriorating 240 basis points to 68.4% on higher claims severity; this 310 basis point margin compression in the core segment drives 5% downside to fair value estimate."
WELL,buy,"The REIT's $1.2 billion deployment into medical office buildings at a 6.4% average cap rate, funded with 4.3% weighted average cost of capital, is projected to accrete $0.18 per share to annual AFFO and catalyze a 5% price appreciation as the transactions contribute to earnings over the next two quarters.","An analysis of Welltower's Q1 capital deployment reveals the acquisition of a medical office building portfolio at a 7.0% capitalization rate, which is 75 basis points more accretive than the 6.25% rate assumed in our previous model. This enhanced yield on $1.5 billion of newly deployed capital is projected to increase full-year Normalized Funds From Operations (FFO) by an additional $11.25 million. Our discounted cash flow analysis indicates this incremental, high-quality cash flow stream results in a 5% increase to our calculated net asset value per share."
WELL,sell,"$2.1 billion of debt maturing in the next 12 months requires refinancing at current market rates of 6.7% compared to the existing 3.3% average cost, increasing annual interest expense by $71 million and reducing FFO by $0.16 per share. This refinancing pressure combined with debt-to-EBITDA rising to 7.1x from 6.0x justifies valuation multiple compression that translates into 5% downside to $72.40.","Analysis of the most recent quarterly Senior Housing Operating Portfolio (SHOP) data reveals that occupancy rates have unexpectedly declined by 90 basis points to 86.1%, missing consensus estimates of 87.0%. This is primarily due to competitive pressures in key secondary markets. As a result, we are revising our full-year same-store Net Operating Income (NOI) growth forecast for the SHOP segment from 5.5% down to 4.2%. This revision directly lowers our forward Funds From Operations (FFO) per share estimate by 3.1%, which, when applying the sector average FFO multiple, supports a 5% decrease in the stock price."
CBRE,buy,"Industrial leasing transaction volumes grew 22% year-over-year, capturing an incremental 120 basis points of market share to reach 23.4% total share, while net debt-to-EBITDA improved to 1.8x from 2.4x through $850 million of debt reduction, metrics that justify a 5% valuation re-rating based on peer-relative P/E expansion from 14.2x to 14.9x forward earnings.","Analysis of CBRE's Global Workplace Solutions (GWS) segment indicates a 110 basis point improvement in fee-based operating margin to 7.9% in the most recent quarter, up from 6.8% in the prior-year period. This efficiency gain, driven by cost-saving technology integration, is projected to add $230 million to full-year EBITDA. Applying the company's current EV/EBITDA multiple of 12.0x to this incremental profit implies a valuation uplift, supporting a 5% increase in the stock price."
CBRE,sell,"CBRE's Q3 adjusted EBITDA margin compressed 240 basis points year-over-year to 11.2% as property management costs rose 18% against 2.8% fee revenue growth. Net debt increased $450 million, reducing forward free cash flow yield from 5.6% to 4.1%. These metrics will drive a 6.7% cut to consensus 2025 EPS estimates, creating a 5% stock price decrease.","Our analysis of CBRE's most recent quarterly report shows that the operating margin in its high-margin Advisory Services segment compressed by 160 basis points year-over-year, falling from 15.8% to 14.2%. This decline is primarily due to lower leasing commissions and increased pricing pressure in the commercial office space. Projecting this margin deterioration forward results in a downward revision of our full-year EPS estimate by $0.24. Applying the stock's 5-year average forward P/E ratio of 18.5x to this earnings shortfall indicates a potential 5% decrease in the stock's fair value."
CPRT,buy,"Analysis of insurance industry data reveals Copart has secured exclusive contracts with two mid-sized regional insurers, increasing its total U.S. vehicle assignment volume by an estimated 4% for the next twelve months. A discounted cash flow (DCF) model factoring in this incremental volume, which was not previously included in street estimates, results in a fair value estimate that is 5% above the current share price.","Copart reported Q4 revenue growth of 12.3% YoY to $1.12B, operating margin expansion of 130 basis points to 38.7%, and EPS of $0.34 beating consensus by $0.04. These results demonstrate 400 basis points of revenue acceleration and operational leverage, leading to a 5% stock price increase."
CPRT,sell,"Copart's US market share declined 400 basis points to 37% over the past 18 months as new digital auction platforms captured 8% market share with 15% lower seller fees. This competitive pressure, coupled with net debt-to-EBITDA rising from 1.8x to 2.4x following $450 million in recent acquisitions, is expected to compress the forward P/E ratio from 28x to 25x, resulting in a 5% stock price decline.","The company's global unit volume growth has decelerated to 6.5% year-over-year in the most recent quarter, falling short of the 8.0% consensus estimate and marking a significant slowdown from the 9.5% average growth rate over the previous four quarters. Given that the stock's forward P/E ratio of 32x is at a 12% premium to its five-year average, this deceleration in a key growth metric justifies a multiple contraction, implying a potential 5% downside to the current share price."
MCHP,buy,"A recently completed supply chain optimization initiative is yielding greater-than-expected cost savings, primarily through consolidated logistics and procurement. This is projected to expand the non-GAAP operating margin by 60 basis points over the next four quarters. This margin improvement will boost annual free cash flow by an estimated $275 million. Based on the company's current enterprise value, this incremental cash flow, when capitalized at the sector's average FCF yield of 8.5%, adds approximately $3.24 billion to the company's valuation, indicating a 5% upside to the stock price.","Microchip's new SierraAnalog acquisition contributed $89M in high-margin analog revenue last quarter, expanding overall gross margin by 230 basis points to 64.7% while management guides to 12% sequential growth in this segment next quarter; this margin expansion and revenue acceleration should drive consensus EPS upgrades and directly support a 5% price increase as valuation multiples re-rate toward semiconductor sector averages."
MCHP,sell,"Microchip's gross margin compressed 340 basis points year-over-year from 64.5% to 61.1% while inventory days surged from 95 to 128, signaling pricing pressure and demand weakness that could drive a 5% stock price decline as earnings expectations reset lower.","In the most recent quarter, Days Inventory Outstanding (DIO) increased from 125 to 140 days, a 12% sequential rise that outpaced revenue growth and suggests weakening end-market demand. This inventory build has contributed to a decline in the Free Cash Flow (FCF) to Sales ratio from 33% in the prior year to 28%. A revised discounted cash flow (DCF) model that incorporates this higher working capital requirement and a more conservative FCF growth outlook results in a 5% decrease in the calculated intrinsic value per share."
MCD,buy,"Strategic implementation of AI-powered inventory management and automated order-taking systems in 4,000 key locations is projected to expand the company's operating margin by 80 basis points over the next 18 months. Our discounted cash flow analysis indicates this sustained efficiency gain boosts free cash flow projections by $550 million annually, increasing the intrinsic value per share by 5%.","Digital channel mix reaching 32% of Q3 sales with 22% higher average order values, alongside 350 net new store openings exceeding targets by 17%, accelerates revenue growth to 9.2% and boosts free cash flow by $400M, supporting a 5% price increase under DCF analysis."
MCD,sell,"Internal forecasts project a 250 basis point contraction in company-wide operating margins for the second half of the year, from 45.0% to 42.5%, driven by a 9% increase in food commodity costs and 7% wage inflation that cannot be fully offset by menu price increases. Applying the stock's 5-year average P/E ratio of 24x to the resulting revised consensus EPS estimate of $11.78 (down from $12.40) implies a valuation that is 5% lower than the current price.","McDonald's trailing P/E of 24.5x trades at a 23% premium to the QSR sector average of 19.9x, while same-store sales growth decelerated to 1.8% versus sector average of 4.2% in the same period. Combined with 80 basis points of market share loss in the $560B fast-food industry, this valuation gap implies a 5% stock price correction."
HD,buy,"Home Depot's Q2 gross margin expanded 150 basis points to 34.5% and comparable store sales grew 5.8%, driving EPS 8% above consensus. With the stock trading at 16.5x forward P/E versus sector average of 18.0x and delivering superior 22% ROE, this margin expansion indicates a 5% price increase as investors re-rate the valuation multiple.","Due to supply chain optimization initiatives, Home Depot's Return on Invested Capital (ROIC) is forecast to improve from 40.0% to 42.5% over the next twelve months. A historical regression analysis of the company's valuation shows that each 50 basis point improvement in ROIC correlates to a 1% expansion in its forward Price/Earnings multiple. This projected ROIC improvement therefore justifies an increase in the target P/E multiple from 21.0x to 22.05x, implying a 5% price increase."
HD,sell,"Q3 gross margin compressed 80 basis points year-over-year to 33.4% while same-store sales growth decelerated to 0.8% from 6.2%, Pro segment sales declined 2.1% versus 8.5% growth in the prior period, and big-ticket transaction comps over $1,000 fell 4.3%, indicating margin pressure and demand deterioration that supports a 5% price decrease.","A review of the company's balance sheet and cash flow statements reveals a deterioration in capital efficiency. The company's cash conversion cycle has lengthened by 8 days over the last six months, primarily due to a buildup in inventory days from 85 to 93. This suggests weakening sell-through and ties up an additional $1.8 billion in working capital. The resulting decrease in free cash flow yield from 4.5% to 4.1% warrants a higher discount rate in our valuation model, leading to a revised price target that is 5% lower than the current trading level."
UNH,buy,"UnitedHealth's Medical Loss Ratio (MLR) for the trailing six months came in at 81.5%, which is 100 basis points below the guided range of 82.5% - 83.5%, indicating stronger-than-expected underwriting profitability. This improvement is projected to boost free cash flow by an additional $2.5 billion for the fiscal year. Our DCF model indicates that this incremental cash flow, when discounted, raises the intrinsic value per share and supports a 5% price increase from current levels.",OptumRx's new formulary management contracts for 2.3 million commercial lives adding $4.2 billion annual revenue and $1.8 billion operating cash flow next quarter drive a 5% upward valuation adjustment in DCF models with ROE increasing from 22% to 24.5%.
UNH,sell,"Proprietary channel checks reveal a deceleration in member growth within the company's high-margin Medicare Advantage plans, with net additions for the next fiscal year now projected at 3.5%, significantly underperforming the consensus estimate of 6.0%. This slowdown in a key growth engine warrants a lower valuation multiple. We are reducing our forward P/E multiple target from 19.0x to 18.05x, which, when applied to consensus earnings, implies a 5% downside from the current stock price.","Debt-to-equity ratio deteriorated to 1.8x from 1.2x over the past 12 months following $18.3 billion in acquisitions, with interest coverage falling to 5.8x and operating cash flow conversion dropping to 78% from 95%, indicating balance sheet stress that will drive a 5% valuation decline."
TEL,buy,"Over the trailing twelve months, TE Connectivity generated $2.1 billion in free cash flow (FCF), resulting in an FCF-to-sales conversion rate of 13.5%, a 150 basis point improvement over the prior period's 12.0%. This enhanced cash generation has enabled the company to increase its share repurchase authorization by $1.5 billion. A discounted cash flow (DCF) model sensitivity analysis indicates that this sustained level of FCF efficiency, when projected forward, raises the intrinsic value per share by approximately 5%.","The company's free cash flow generation reached $1.85 billion, representing a 5.8% free cash flow yield, with management allocating 85% of this capital to shareholder returns through a $1.2 billion share repurchase program (3.2% of outstanding shares) and a 5% dividend increase to $0.96 quarterly per share. This enhanced capital return strategy is projected to drive a 5% appreciation in share price."
TEL,sell,"Analysis of the latest quarter's performance reveals that gross margins compressed by 140 basis points to 31.5% due to higher-than-anticipated costs for specialized polymers and freight. This has led to a downward revision of the full-year earnings per share (EPS) guidance from $7.20 to $6.84. Applying the stock's current forward P/E multiple of 20x to this reduced guidance implies a valuation adjustment to $136.80, representing a 5% downside from the prior valuation.","TE Connectivity's gross margin contracted 240 basis points from 34.2% to 31.8% year-over-year in its transportation segment, which represents 58% of total revenue, while management guided for an additional 150 basis points of compression next quarter combined with an 8% revenue decline versus consensus estimates of 2% growth, a deterioration that supports a potential 5% stock price decrease as earnings estimates reset 8% lower."
TDG,buy,"TransDigm's proprietary aftermarket division achieved 11.3% revenue growth in the trailing twelve months while expanding EBITDA margins from 48.7% to 51.9%, driven by 4.5% price increases and volume leverage on fixed costs. The resulting 8% uplift in free cash flow per share, combined with a 22-day reduction in cash conversion cycle to 67 days, translates to a 5% increase in DCF-derived fair value based on 9.2% WACC and 3.5% terminal growth assumptions.","In the most recent quarter, TransDigm's commercial aftermarket segment, which contributes 55% of total revenue, reported a 150 basis point expansion in operating margins to 49.5%, driven by favorable product mix and pricing power. A revised discounted cash flow (DCF) model incorporating this higher sustained margin for the segment results in an increased intrinsic value calculation, suggesting a potential 5% upside to the current stock price."
TDG,sell,"Operating margins contracted 320 basis points to 38.7% year-over-year as titanium input costs surged 28%, while net leverage ratio climbed to 7.8x EBITDA from 6.2x in the prior quarter following the $2.3 billion debt-funded acquisition, limiting financial flexibility and indicating a 5% downside to current valuation.","Analysis of supplier contracts and forward commodity curves indicates a projected 210 basis point compression in operating margins for the next fiscal year, from a trailing 47.8% to a projected 45.7%. This adjustment lowers our forward twelve-month earnings per share (EPS) estimate by 6.1%. Applying the sector's median price-to-earnings (P/E) ratio suggests this earnings revision would trigger a potential 5% decrease in the stock's valuation."
C,buy,"The bank's institutional trading revenue grew 22% quarter-over-quarter to $4.8 billion while net charge-offs fell 40 basis points to 0.65%, improving forward ROE estimates from 9.2% to 10.1%. Valuing this enhanced profitability at 0.65x tangible book value of $105 per share yields additional equity value of $3.44 per share, translating to exactly 5% upside from current levels.","Analysis of Citigroup's ongoing divestiture of non-core assets shows proceeds are exceeding initial book value estimates by an average of 12%. This is projected to accelerate the firm's capital build, increasing the Common Equity Tier 1 (CET1) ratio by an estimated 40 basis points over the next two quarters. This enhanced capital position is expected to fund an additional $2 billion in share repurchases beyond the current plan, which, based on our model, is accretive to Tangible Book Value Per Share (TBVPS) and justifies a 5% increase in the stock's price target."
C,sell,"Net interest margin compressed 35 basis points sequentially to 2.08% as deposit beta reached 78% versus loan yield beta of only 31%. This margin compression is projected to reduce net interest income by $460 million quarterly, decreasing our forward EPS estimate by $0.22 and supporting a 5% price target reduction.","A portfolio review of the bank's commercial real estate (CRE) loan book has identified a need to increase loan loss provisions by an additional $1.1 billion in the upcoming quarter, 40% higher than consensus. This charge is expected to lower the firm's Common Equity Tier 1 (CET1) ratio by approximately 20 basis points. The resulting decline in tangible book value per share, combined with the perceived increase in credit risk, justifies a 5% decrease in the stock's price-to-tangible-book-value multiple."
NWS,buy,"The company's Digital Real Estate Services segment is tracking towards a 12% year-over-year revenue growth, against consensus estimates of 9.5%. Applying this higher growth rate to our sum-of-the-parts model increases the valuation of this segment by $700 million, which translates to a 5% uplift in the total equity value per share for NWS.","News Corporation's digital news subscriber base increased 340,000 quarter-over-quarter to 4.2 million, lifting digital ad revenue 21% YoY to $680 million and pushing digital's revenue mix to 38% from 31% while reducing churn to 3.8%. These metrics justify a 5% stock price increase based on the expanded recurring revenue premium."
NWS,sell,"Our channel checks indicate that advertising revenue in the News Media segment for the current quarter is tracking to a 6% year-over-year decline, significantly worse than the consensus estimate of a 2.5% decline. This underperformance is primarily due to accelerated contraction in print advertising, which is not being offset by digital growth. Factoring this revised revenue trajectory into our sum-of-the-parts valuation model, specifically for the News Media segment, results in a 5% reduction in our price target for the stock.","News Corp's Q3 digital advertising revenue contracted 12% year-over-year to $425 million, while print circulation declined 8% to $310 million, with segment EBITDA margin compressing 310 basis points to 14.2%; digital subscriber growth decelerated to 3% quarter-over-quarter versus 11% in Q2, and these deteriorating revenue trends and margin pressure warrant a 5% stock price decrease."
FFIV,buy,"F5's improved operational efficiency has led management to raise full-year free cash flow (FCF) guidance from $800 million to $850 million. This revision increases the forward FCF yield to 6.2%, which is a notable premium over the application software sector's median of 5.9%. We project that the market will re-rate the stock to close this valuation gap, resulting in a 5% increase in the share price.","F5 generated $685 million in trailing twelve months free cash flow, representing 112% conversion of net income on an $8.2 billion market cap, while net cash strengthened to $1.2 billion following $450 million in debt retirement. The newly authorized $500 million accelerated share repurchase program, delivering 6% EPS accretion over the next two quarters combined with an improved net debt-to-EBITDA ratio of 0.4x, will drive a 5% upward price re-rating as investors reward enhanced capital efficiency."
FFIV,sell,"F5's Application Delivery Controller revenue declined 8.3% year-over-year to $142 million while operating margins compressed 320 basis points to 21.3% and enterprise market share dropped from 18% to 15.2%, suggesting a potential 5% stock price decrease.","Internal modeling indicates that F5's high-margin software revenue growth is set to decelerate to 9% year-over-year in the next fiscal year, down from 16% in the trailing twelve months and below the consensus estimate of 13%. This slowdown is expected to result in a 7% reduction to forward earnings estimates, which, when applying a constant price-to-earnings multiple, supports a 5% decrease in the stock price."
RJF,buy,"Raymond James' assets under management grew 12.3% year-over-year to $1.15 trillion while net interest margin expanded 45 basis points to 3.85%, driving projected earnings growth of 8.4% next quarter, which supports a 5% stock price increase.","The firm's bank subsidiary reported a Net Interest Margin (NIM) of 3.05% for the quarter, expanding 15 basis points and beating expectations of 2.90%. This superior margin performance contributed an additional $32 million in quarterly pre-tax income. When annualized, this higher quality earnings stream justifies a re-rating of the company's net interest-earning assets, leading to a calculated 5% increase in our price target."
RJF,sell,"Internal analysis projects a Net Interest Margin (NIM) compression from a trailing 2.15% to 1.90% over the next two quarters, driven by higher deposit betas. This 25-basis-point decline is forecasted to reduce annual Net Interest Income by $175 million. This revision lowers the forward earnings per share (EPS) estimate by $0.72, which, when applying the stock's current forward P/E multiple of 12.0x, corresponds to a potential 5% decrease in the stock's valuation.","The company's loan loss provisions surged 65% sequentially to $142 million as non-performing assets increased to 1.8% of total loans, while tangible common equity ratio declined 30 basis points to 7.2%. This credit quality deterioration directly correlates to a 5% downside revision in target price based on price-to-tangible book multiple compression."
AVB,buy,"Debt-to-EBITDA ratio declined to 4.9x from 5.6x year-over-year, improving interest coverage to 6.2x; combined with development pipeline deliveries generating 6.5% stabilized yields, the strengthened balance sheet and growth profile warrant a 5% upward re-rating in valuation multiple.","Analysis of recent leasing data from AvalonBay's key coastal markets shows same-store Net Operating Income (NOI) growth for the current quarter is tracking at 4.5%, significantly above the consensus estimate of 3.2%. This outperformance is projected to increase full-year Funds From Operations (FFO) per share by $0.52. Applying the stock's historical forward Price/FFO multiple of 17.5x to this incremental FFO suggests a valuation rerating, indicating a potential price increase of 5% from the current level."
AVB,sell,"Debt-to-EBITDA increased to 7.2x from 6.1x over the past quarter as the weighted average cost of debt rose to 5.7% from 3.2%, while the $1.8B development pipeline delivers 5.8% yields versus a 6.5% cost of capital, requiring a potential dilutive equity raise that could drive a 5% stock price decrease.","Our channel checks indicate rising non-controllable operating expenses, particularly a 7% increase in property taxes in key coastal markets, are expected to increase AVB's core operating expense ratio by 80 basis points above previous guidance. This margin compression is projected to reduce Core Funds From Operations (FFO) per share by $0.42. A sensitivity analysis using our discounted cash flow model shows that this specific reduction in FFO per share leads to a 5% decrease in the intrinsic value of the stock."
A,buy,"Recent sales data reveals that Agilent's new liquid chromatography-mass spectrometry (LC/MS) product line has captured an additional 2% market share from key competitors over the last two quarters. Factoring this sustained market share gain into a discounted cash flow (DCF) model increases the forward 5-year revenue growth assumption from 5.5% to 6.5%, leading to a revised intrinsic value that is 5% above the current stock price.","The company executed a $1.2B accelerated share repurchase program representing 4.1% of outstanding shares, funded by operating cash flow of $1.85B that grew 18% year-over-year. Combined with the 2.0% dividend yield, total shareholder return reaches 6.1%, and the resulting FCF yield compression from 4.8% to 4.3% relative to peers supports a 5% stock price appreciation."
A,sell,"Gross margin contracted 320 basis points from 58.0% to 54.8% in the most recent quarter while operating margin compressed from 22.5% to 18.2% year-over-year, expanding the forward P/E ratio to 28.5x versus peer median of 21.3x, which supports a 5% stock price decline as the valuation premium normalizes.","Analysis of the Life Sciences and Applied Markets Group (LSAG) reveals a gross margin contraction of 150 basis points year-over-year in the most recent quarter, falling to 58.0%. Our channel checks indicate this is due to new competitive pricing pressure in the mass spectrometry market. Factoring this sustained margin erosion into our discounted cash flow model reduces long-term free cash flow projections, leading to a 5% decrease in our target price."
DUK,buy,Successful implementation of a new predictive maintenance program is forecast to reduce non-fuel operating expenses by 75 basis points over the next fiscal year. An updated discounted cash flow (DCF) analysis incorporating this margin improvement and a resulting $400 million increase in projected annual free cash flow yields a fair value estimate that is 5% above the current stock price.,"Duke Energy's $850 million regulatory rate case approval across Carolinas and Florida jurisdictions last quarter generates $120 million incremental annual net income, delivering $0.16 EPS accretion on 770 million shares. This 3.2% earnings improvement to $5.16 per share, with P/E expansion from 15.8x to 16.1x on enhanced regulatory certainty, drives a 5% price increase."
DUK,sell,"The company's debt-to-equity ratio climbed to 1.48x following $3.6B in storm restoration spending, while interest coverage fell to 2.7x, levels that prompted credit agencies to warn of potential 50-75 basis point spread widening, which our cost of capital analysis indicates would increase WACC by 42 basis points and reduce fair value by exactly 5%.","The company has $4.5 billion of long-term debt maturing in the next 18 months at an average coupon of 3.1%, which will need to be refinanced at prevailing market rates nearing 5.6%. This increase in interest expense is projected to raise the company's Weighted Average Cost of Capital (WACC) from 6.0% to 6.3%. Running our discounted cash flow (DCF) model with this higher discount rate results in a fair value estimate that is 5% lower than our previous valuation."
MTD,buy,"MTD's China manufacturing consolidation completed last quarter reduced operating costs by $32M annually while maintaining 24.3% free cash flow margins and improving ROE from 43% to 47.5%, with management indicating 85% of savings will flow directly to operating income, creating valuation multiple expansion that implies a 5% price increase based on enhanced capital efficiency and margin sustainability.","Mettler-Toledo's operating margin expanded by 120 basis points to 30.2% in the most recent quarter, significantly beating consensus estimates of 29.4%, driven by a 2% reduction in SG&A expenses as a percentage of revenue. Our model indicates that sustaining this level of operational efficiency increases the forward earnings per share (EPS) forecast by 7.2%, which, when capitalized at the sector-average P/E multiple, justifies a 5% increase in the stock's price."
MTD,sell,"Market share in laboratory weighing solutions declined 300 basis points from 34% to 31% over the trailing twelve months as a key competitor gained traction, with quarterly organic revenue growth decelerating to 1.8% from 4.5% and operating margins compressing 150 basis points due to an 18% increase in R&D spending, justifying a 5% price decrease.","Our analysis of supply chain data indicates that input costs for key electronic components and specialty metals are expected to increase operating expenses by 2.0% in the upcoming fiscal year. This is projected to cause a 130 basis point contraction in Mettler-Toledo's operating margin, from 26.5% to 25.2%. A recalibration of our discounted cash flow (DCF) model with this lower sustained margin profile results in a 5% decrease in our fair value estimate for the stock."
MKC,buy,"Analysis of the most recent quarter reveals that McCormick's gross profit margin expanded by 80 basis points to 37.5%, driven by a 3% reduction in input commodity costs and supply chain efficiencies. This margin improvement was 40 basis points above analyst consensus and is projected to increase full-year Earnings Per Share (EPS) from a consensus of $2.80 to a revised $2.94. A repricing to reflect this 5% increase in earnings power supports a 5% increase in the stock price.","McCormick's Q3 organic revenue growth accelerated to 8.3% year-over-year, beating consensus estimates of 5.2% by 310 basis points, driven by 11.2% growth in the higher-margin Flavor Solutions segment. This revenue outperformance, combined with 150 basis points of gross margin expansion to 42.1% from pricing actions and productivity gains, suggests forward EPS estimates are 7% too low, justifying a 5% stock price increase."
MKC,sell,"Recent quarterly results revealed a 2.5% decline in sales volume in the core consumer segment, missing guidance of flat growth, as consumer demand shifts back to food service. This, combined with data showing a 90 basis point market share loss to private label brands over the last six months, has prompted a reduction in our long-term revenue growth forecast from 4% to 3%. A discounted cash flow (DCF) model adjustment based on this lower terminal growth rate results in a 5% decrease in the intrinsic value per share.","McCormick's net debt-to-EBITDA surged to 4.8x from 3.2x year-over-year after its $2.8 billion condiment acquisition, as quarterly free cash flow dropped 35% to $145 million, pushing dividend payout to 87% and signaling 5% valuation reduction."
PNC,buy,"PNC's non-interest-bearing deposit growth is tracking at 3.5% quarter-over-quarter, significantly outpacing the peer group average of 1.2%. This provides a low-cost funding advantage that supports a 150 basis point outperformance in its Return on Tangible Common Equity (ROTCE) versus consensus estimates for the next fiscal year. This superior profitability warrants a re-rating of its Price to Tangible Book Value (P/TBV) multiple from 1.50x to 1.575x, implying a potential 5% appreciation in the stock's value.","PNC's net interest margin expanded 18 basis points sequentially to 3.12%, exceeding management guidance by 22 basis points, while the efficiency ratio improved 340 basis points to 58.4%; this combination of margin expansion and cost discipline supports a 5% stock price increase through an estimated 7.5% boost to forward net income run-rate versus current consensus."
PNC,sell,"Our analysis indicates a compression in PNC's Net Interest Margin (NIM), which declined by 18 basis points in the most recent quarter to 2.62%. We project a further 12 basis point contraction over the next six months due to increased funding costs. This is expected to lower full-year Net Interest Income by $550 million compared to prior guidance, reducing our forward Earnings Per Share (EPS) estimate by 5.2%. This revision directly supports a 5% decrease in our valuation for the stock.","PNC's net charge-off ratio increased from 0.18% to 0.42% quarter-over-quarter, with provision for credit losses rising 38% to $325 million due to commercial real estate exposure; management's guidance for an additional $190 million in provisions over the next two quarters is projected to reduce FY2024 EPS by 7.2%, warranting a 5% stock price decrease."
AMZN,buy,"Analysis of new enterprise cloud contracts indicates Amazon Web Services (AWS) is on track to expand its operating margin by 200 basis points over the next four quarters. This improvement, from 30.0% to 32.0%, is projected to increase Amazon's consolidated operating income by $6 billion annually, which supports a 5% increase in the stock price based on the current price-to-operating-income multiple.","AWS revenue growth accelerated to 22% year-over-year in the most recent quarter, up from 17% in the prior quarter, generating $25.3B with operating margins expanding from 26% to 28.5%. This 5-percentage-point re-acceleration in Amazon's highest-margin segment, which contributes 74% of consolidated operating income, directly supports a potential 5% stock price increase as analysts revise AWS valuation multiples upward from 8.5x to 9.2x forward revenue."
AMZN,sell,"Our analysis of Amazon Web Services (AWS) indicates a deceleration in growth and margin compression. We project next year's AWS revenue growth will be 13% year-over-year, falling short of the 16% consensus estimate, while operating margins are expected to contract by 200 basis points to 27% due to increased capital expenditures and competitive pricing pressures. A revised discounted cash flow (DCF) model factoring in these lower long-term growth and profitability assumptions for the company's primary profit driver results in a 5% decrease in our valuation for the stock.","Trailing twelve months free cash flow turned negative at -$4.2B versus +$10.3B in the prior period, driven by North America fulfillment costs rising 9.4% per unit and net debt-to-equity ratio increasing to 0.72x from 0.48x year-over-year, as capital expenditures surged 18% to $58B, suggesting a potential 5% price decrease."
SCHW,buy,"Net interest margin expanded 15 basis points quarter-over-quarter to 2.35%, while total client assets grew 12% year-over-year to $8.2 trillion and daily average revenue trades increased 8% to 6.4 million, collectively supporting a 5% increase in forward earnings multiple and corresponding stock price appreciation.","Proprietary analysis of the company's balance sheet sensitivity to the current rate environment indicates a potential Net Interest Margin (NIM) expansion of 18 basis points over the next three quarters, exceeding consensus estimates of 10 basis points. This outperformance is projected to add $0.19 to forward 12-month EPS. Applying the stock's current forward P/E ratio of 19.5x to this incremental earnings suggests a price increase of $3.71, representing a 5% upside from the current price of $74.20."
SCHW,sell,"Forward P/E ratio of 18.5x trades at 22% premium to peer average of 15.2x, yet revenue growth decelerated to 3.2% year-over-year while operating expense ratio expanded 420 basis points to 68.3%, signaling operational inefficiency that supports a 5% stock price decline toward industry valuation benchmarks.","Analysis of funding costs indicates that client cash realignment into higher-yielding alternatives is occurring at an accelerated pace. Our model projects a Net Interest Margin (NIM) compression to 1.95% over the next two quarters, 20 basis points below the consensus forecast of 2.15%. This erosion in net interest income is expected to lower full-year EPS by $0.16, which, based on the stock's historical sensitivity to earnings revisions, supports a 5% decrease in the share price."
EXPD,buy,"Secured a three-year $850M annual contract with a major e-commerce retailer representing 5.2% incremental revenue growth at 19.5% EBITDA margins versus 10.5% corporate average, generating $0.36 in additional EPS and supporting a 5% upward valuation adjustment.","The company's cash conversion cycle has improved from 45 days to 38 days over the last two quarters, leading to a 12% sequential increase in operating cash flow. This enhanced efficiency results in a trailing twelve-month Free Cash Flow (FCF) yield of 6.5%, which is currently trading at a 150 basis point discount to its direct peer group average of 5.0%. A valuation convergence to its peer group's average FCF yield implies a potential 5% increase in the stock price."
EXPD,sell,"Our analysis of recent freight forwarding contract renewals indicates a 75 basis point compression in the company's net revenue margin over the last two quarters, from 9.8% to 9.05%. This is attributed to increased pricing pressure from key competitors in the trans-Pacific trade lane. We project this trend will lower the forward fiscal year's earnings per share (EPS) estimate by 5.2%, from $5.80 to $5.50. Applying the sector's average forward P/E multiple of 21x suggests a corresponding 5% decrease in the stock's valuation.","Operating margin compressed 150 basis points year-over-year from 9.2% to 7.8% in the most recent quarter due to freight rate volatility, driving a 12% reduction in forward EPS estimates and justifying a 5% stock price decline as P/E multiples decompress from 18x to 16x trailing earnings."
IP,buy,"Recent strategic initiatives in working capital management are projected to accelerate the cash conversion cycle by 4 days, resulting in a one-time release of $250 million in free cash flow (FCF). This boost to FCF increases the company's FCF per share by approximately $0.65 for the current year. Valuing this incremental FCF at the sector's average price-to-FCF multiple of 8x implies a potential 5% increase in the stock's valuation.","EBITDA margin expansion from 14.2% to 15.8% over next 12 months via $85M cost reduction program, improving free cash flow yield from 8.3% to 9.1% and driving 5% price appreciation to $42.50 target."
IP,sell,"EBITDA margins compressed 330 basis points from 18.5% to 15.2% year-over-year as input costs rose 8% while pricing power eroded in key containerboard segments, with management guiding for flat volumes next quarter, a deterioration that justifies a 5% stock price decrease.","Internal modeling indicates a significant downturn in global containerboard demand, with projected shipment volumes for the next two quarters expected to decline by 3.5% and 4.0% respectively, compared to prior-year periods. This anticipated slowdown is forecast to reduce International Paper's forward revenue estimates by $450 million and compress EBITDA margins by 80 basis points. Applying the company's sector-average EV/EBITDA multiple of 7.2x to the revised forecast suggests a valuation downgrade, indicating a potential 5% decrease in the stock price."
EW,buy,"Edwards Lifesciences' SAPIEN M3 transcatheter mitral valve system captured 340 basis points of US market share over the past 2 quarters, reaching 18.7% penetration; this market share gain translates to $145 million in incremental FY2024 revenue and, applying a 6.8x forward revenue multiple, yields a 5% increase in intrinsic share value.","The company's recent successful cost-optimization initiative is forecast to reduce Selling, General & Administrative (SG&A) expenses as a percentage of revenue by 100 basis points over the next four quarters. This improvement in operating leverage, along with a projected 4% year-over-year increase in international sales, is modeled to boost free cash flow per share by 9.5%, supporting a discounted cash flow (DCF) valuation that is 5% higher than the current market price."
EW,sell,"Competitive pricing pressure in the Transcatheter Aortic Valve Replacement (TAVR) market is expected to decrease the company's gross margin from 77.8% to 75.5% over the next six months. This 230-basis-point compression, combined with a 1.5% increase in marketing expenditures to defend market share, is projected to reduce forward earnings per share (EPS) by 8%, which, at the stock's current forward P/E multiple of 32x, justifies a 5% decrease in the stock price.","The TRISCEND II mitral valve trial reported disappointing 12% primary endpoint achievement versus 23% projections, prompting a $340 million R&D write-down, while quarterly operating cash flow deteriorated 18% from $1.2 billion to $984 million with forward CFO guidance reduced 14%, indicating a 5% price decrease."
ZBH,buy,"Analysis of the company's new ""Acuity-R"" spinal navigation system projects a 1.2% market share capture in the spinal implant market over the next 24 months. This is expected to add $410 million in incremental revenue. Based on a historical Price-to-Sales ratio of 3.2x, this incremental revenue contribution, when discounted back over two years, supports a 5% increase in the stock's target price.","Q3 organic revenue growth accelerated to 7.8% year-over-year, beating consensus of 4.9% by 290 basis points, while hip implant market share expanded 180 basis points to 24.2% and management raised Q4 revenue guidance from 4.5-5.5% to 6.5-7.5%, signaling sustained momentum that could drive a 5% price increase as analysts revise models upward."
ZBH,sell,"Analysis of recent supply chain disruptions and raw material cost inflation shows a 220-basis-point contraction in the company's operating margin over the last two quarters, from 19.5% to 17.3%. This compression is projected to lower the full-year earnings per share (EPS) forecast from $7.20 to $6.84. Applying the company's historical forward Price-to-Earnings (P/E) ratio of 16.5x to this revised EPS figure suggests a potential 5% decrease in the stock price.","Debt-to-equity ratio increased from 0.42 to 0.67 over the past 6 quarters while ROE declined from 14.2% to 9.8% and free cash flow conversion dropped from 85% to 62%, pointing to a likely 5% decline in share price."
PEG,buy,"The implementation of new digital grid management technology has improved operational efficiency, increasing the company's regulated Return on Equity (ROE) to 10.8% in the last quarter from a 10.2% average over the prior year. A re-rating of the stock's Price-to-Book (P/B) multiple from its current 1.57x to the peer average of 1.65x, which is typical for utilities achieving this level of ROE, implies a 5% increase in share price.","New Jersey regulator approved a rate settlement increasing authorized ROE by 50 basis points to 10.25% and accelerating annual rate base growth to 7.8% from 6.5%, adding $0.18 to EPS and projecting 5% stock price appreciation over the next 6 months."
PEG,sell,An analysis of the company's debt structure reveals that a projected 75 basis point increase in borrowing costs over the next 12 months will raise annual interest expense by approximately $110 million. This increase in financing costs is expected to reduce the company's forecasted free cash flow to equity by $0.22 per share. Our discounted cash flow (DCF) model indicates this reduction in cash flow directly results in a 5% decrease in our calculated fair value for the stock.,"The New Jersey Board of Public Utilities approved a rate case reducing PEG's allowed ROE from 10.1% to 9.2%, which decreases annual net income by $145 million and compresses the forward P/E multiple from 16.8x to 16.0x, directly implying a 5% stock price decline based on peer utility valuation models."
LIN,buy,"The company's sale-of-gas project backlog increased sequentially by $1.5 billion to a record $14.2 billion, driven by new long-term contracts in the electronics and clean energy end-markets. An updated discounted cash flow (DCF) model that incorporates these higher-certainty future cash flows justifies an increase in the terminal growth rate assumption from 2.10% to 2.35%. This adjustment to the long-term growth outlook directly translates to a 5% increase in the model's price target.","The company's trailing twelve-month free cash flow of $4.7B represents a 5.2% yield, and with net debt-to-EBITDA improving from 2.4x to 2.1x combined with a $3.4B accelerated share repurchase, the 4.5% share count reduction justifies a 5% stock price appreciation through multiple expansion and capital return enhancement."
LIN,sell,"In the most recent quarter, Linde's operating margin contracted by 70 basis points to 21.8% from 22.5% year-over-year, driven by a 4% increase in energy and distribution costs. Our revised discounted cash flow (DCF) model, which incorporates this sustained margin pressure for the next four quarters, reduces the intrinsic value estimate, suggesting a potential 5% decrease in the stock price from current levels.","The company's trailing twelve-month P/E ratio of 27.8x trades at a 26% premium to the industrial gas peer average of 22.1x despite free cash flow conversion declining from 76% to 68% sequentially and net debt-to-EBITDA rising to 2.3x from 1.9x last quarter, suggesting overvaluation that warrants a 5% downward price adjustment."
EL,buy,"Gross margin expansion from 75.2% to 76.8% (160 basis points) in North American operations following supply chain optimization and 12% premium pricing on new fragrance launches, driving operating margin improvement from 14.8% to 16.1% and EPS accretion from $5.15 to $5.58, which directly supports a 5% stock price increase based on forward P/E multiple compression to 22x.","The Direct-to-Consumer (DTC) e-commerce channel reported 25% year-over-year revenue growth last quarter, outpacing the peer group average of 18%. This superior growth trajectory is expected to increase EL's overall revenue growth rate by 150 basis points above prior guidance. This performance justifies a partial re-rating of the company's forward Price-to-Sales (P/S) multiple from 3.4x to 3.57x, which would close 20% of the valuation gap to its closest competitor and implies a 5% increase in the stock price."
EL,sell,"Our analysis indicates a significant slowdown in the Asia-Pacific travel retail channel, which accounts for 22% of EL's revenue. Year-over-year sales growth in this segment has decelerated from 14.5% to 6.2% over the past two quarters. Factoring this deceleration and a corresponding 75 basis point margin compression into our discounted cash flow (DCF) model reduces our intrinsic value estimate, suggesting a potential 5% decrease in the stock price.","Net debt-to-EBITDA ratio increased to 2.9x from 1.8x twelve months ago, free cash flow conversion fell from 88% to 71%, and the company lost 180 basis points of market share in core skincare (down to 19.2%), indicating a 5% potential decline in valuation."
MMC,buy,"MMC's forward Price-to-Earnings (P/E) ratio is currently 22.8x, while its 5-year average is 24.5x. Over the last twelve months, the company's Return on Equity (ROE) has improved from 31% to 34%, yet its P/E multiple has not expanded in line with this enhanced profitability. A partial reversion of the P/E multiple to 23.9x, which is still below the historical average but justified by the ROE improvement, would result in a 5% increase in the stock price.","Trailing twelve-month free cash flow per share increased 12% to $4.85, generating a 4.2% FCF yield, while the company announced a $2.5 billion incremental share repurchase authorization (3% of float) and reduced net debt/EBITDA to 2.1x; the 10% EPS accretion from buybacks combined with balance sheet optimization is forecasted to catalyze a 5% appreciation in the share price."
MMC,sell,"Analysis of MMC's largest segment, Risk & Insurance Services, indicates a deceleration in organic revenue growth to 4.5% for the next fiscal year, below the consensus estimate of 6.0%, due to a 10% increase in competitive pricing pressure. This slowdown, combined with a projected 40 basis point compression in the segment's operating margin from 32.5% to 32.1%, is expected to lower forward earnings estimates, resulting in a valuation model that points to a 5% decrease in the stock price.","The company's debt-to-equity ratio increased from 0.8x to 1.4x over the past nine months following $2.3 billion in acquisition debt, with net interest expense rising 42% to $145 million quarterly, elevating financial leverage risk and supporting a 5% valuation reduction."
CTSH,buy,"Free cash flow margin improved 140 basis points YoY to 14.2% while net debt/EBITDA declined to 0.3x, enabling $850M in quarterly share buybacks that reduced diluted share count by 2.3%; this capital allocation efficiency combined with a new $180M annual contract win supports a 5% valuation uplift.","An internal review of Cognizant's operational efficiency programs reveals a projected 75 basis point improvement in consolidated operating margins for the upcoming fiscal year, from 14.25% to 15.0%. This margin expansion is driven by a 4% reduction in SG&A expenses and improved offshore resource utilization rates, now at 88% versus a prior 85%. Our Discounted Cash Flow (DCF) model, updated with this enhanced margin profile, yields an increase in the firm's intrinsic value, directly corresponding to a 5% upside from the current stock price."
CTSH,sell,"The company's book-to-bill ratio within its crucial Financial Services vertical, which accounts for 32% of total revenue, has fallen to 0.90x in the most recent quarter, down from 1.15x in the same quarter last year. This deceleration in new contract signings suggests a future revenue growth rate of 2% for the segment, versus consensus estimates of 4.5%, justifying a 5% reduction in our price target based on a discounted cash flow analysis.","Free cash flow declined 18% from $1.2 billion to $984 million trailing twelve months, net debt rose by $850 million, and days sales outstanding increased from 65 to 78 days, signaling deteriorating working capital efficiency and liquidity constraints that justify a 5% valuation reduction."
HES,buy,"The company's recent strategic asset review has increased the estimated recoverable reserves in its Bakken shale holdings by 60 million barrels of oil equivalent (boe). This upward revision in assets, with a net present value of approximately $1.4 billion, was not previously priced in by the market. This addition to the company's sum-of-the-parts (SOTP) valuation model justifies an immediate 5% uplift to our target share price.","Hess successfully divested $1.2 billion in non-core Bakken midstream assets in the previous quarter, using proceeds to reduce net debt-to-EBITDA from 1.8x to 1.3x. The company's improved balance sheet and 22% projected increase in free cash flow per share to $8.70 in the upcoming fiscal year supports a dividend increase from $1.50 to $1.75 quarterly. This deleveraging and enhanced capital return profile warrants a 5% revaluation higher, based on peer trading multiples improving from 7.1x to 7.5x EV/EBITDA."
HES,sell,"Our analysis of recent operational updates indicates a 3% increase in projected lease operating expenses (LOE) per barrel for the company's core Bakken assets, rising from $14.10 to $14.52. This cost inflation, combined with a revised forecast for realized crude pricing that is 2% lower than consensus, is projected to compress the segment's netback margin by 60 basis points. A discounted cash flow (DCF) model adjustment incorporating this margin erosion results in a 5% decrease in our valuation for the stock.","Hess reported Q2 production costs rising from $28.50 per barrel to $37.20 per barrel year-over-year in its Bakken operations, compressing operating margins from 41.5% to 33.8% while reserve replacement ratio fell to 87% over the last 12 months, supporting a 5% downside price adjustment."
CF,buy,"The company's recent operational efficiency program has resulted in a trailing twelve-month free cash flow (FCF) of $1.6 billion, exceeding prior year FCF by 18%. An accelerated deployment of the existing share repurchase authorization using this excess cash is expected to reduce the total share count by 4.7% over the next two quarters, which is directly accretive to EPS and supports a 5% increase in stock valuation.","Trailing 12-month free cash flow per share rose 22% to $8.45, enabling $450M debt reduction to 1.2x net debt/EBITDA and $300M incremental share buybacks, improving ROE to 18.5% and justifying 5% price increase as valuation multiple expands from 6.5x to 6.8x EV/EBITDA on capital efficiency gains."
CF,sell,"Net debt-to-EBITDA ratio is projected to increase from 1.8x to 2.4x over the next 12 months as maintenance capex rises $380M and nitrogen capacity utilization falls to 72%, with the stock currently trading at a 22% premium to sector peers at 6.2x EV/EBITDA, indicating a 5% downside risk.","Our analysis of forward natural gas pricing curves indicates a sustained 12% increase in input costs for the next two quarters. Given the current competitive landscape, we project CF will only be able to pass through a portion of this increase, leading to a 250 basis point compression in its gross margin from 36.0% to 33.5%. A DCF model sensitivity analysis shows that this sustained margin pressure reduces the company's intrinsic value, supporting a revised price target 5% below the current share price."
KHC,buy,"Net debt reduction of $1.2 billion over the past six months improved leverage ratio from 3.8x to 3.1x EBITDA, while free cash flow yield increased to 7.2%, creating 5% upside potential as management announced a new $2 billion share repurchase program representing 4.5% of market cap.","The company's accelerated deleveraging has reduced its net debt-to-EBITDA ratio from 3.5x to 3.1x over the past twelve months. This improved credit profile is projected to lower the firm's weighted average cost of capital (WACC) by 40 basis points, which, when applied to a discounted cash flow (DCF) model, directly results in a 5% increase to the target share price."
KHC,sell,"Q3 organic revenue growth decelerated to 1.2% year-over-year as 8.3% input cost inflation outpaced only 3.1% pricing actions, causing 150 basis points of market share loss in core condiments where operating margins contracted 280 basis points to 15.2% and management guided to another 120 basis points decline, which would result in a 5% stock price decrease.","Recent channel checks show a 1.5 percentage point decline in market share over the last six months in the company's high-margin U.S. condiments division, from 28.0% to 26.5%, due to private-label competition. This trend is projected to cause a $250 million annual revenue shortfall versus consensus estimates, which, when applied to our discounted cash flow model, results in a 5% decrease in our fair value estimate."
CINF,buy,"The company achieved 12% year-over-year growth in net written premiums, surpassing the industry average of 8%. This accelerated growth is projected to increase the annual growth rate of book value per share (BVPS) from a historical 7% to a forward-looking 11%. A regression analysis of CINF's historical valuation indicates this level of BVPS acceleration justifies an expansion of the Price-to-Book Value multiple from 1.20x to 1.26x, implying a 5% appreciation in share value.","Tangible book value per share grew 9.2% year-over-year to $68.45 while return on equity expanded 140 basis points to 13.8%, exceeding the peer average of 11.2% by 260 basis points. With net investment income rising 15% to $612M and shares trading at only 1.2x book value, these capital efficiency metrics justify a 5% price appreciation to align with higher-performing peers."
CINF,sell,"Net investment income declined 11.2% to $162 million from bond portfolio duration mismatch and new money yields falling 85 basis points to 4.1%, while operating cash flow dropped 18% to $195 million, creating fundamental headwinds that warrant a 5% stock price decrease according to dividend discount model valuations.","A forward-looking analysis projects Cincinnati Financial's combined ratio for the next fiscal year to be 99.2%, a 350 basis point increase from the prior year's 95.7%, due to rising claims frequency in its commercial auto segment and increased reinsurance costs. This erosion in underwriting profitability is expected to lower the forward earnings per share (EPS) consensus by $0.45, which, based on the stock's historical price sensitivity to EPS revisions, corresponds to a 5% decrease in our fair value estimate for the stock."
AMCR,buy,"The company's trailing twelve-month ROE improved to 18.5% from 16.2% year-over-year, while net debt-to-equity declined to 1.45x from 1.68x, and free cash flow yield rose to 7.3%. These capital efficiency improvements support a 5% valuation uplift to narrow the historical 8% discount to packaging sector peers.","Amcor's recent ""Global Streamline"" cost-saving initiative is projected to expand the company's forward EBITDA margin by 80 basis points, from 14.2% to 15.0% over the next four quarters. Applying the company's stable historical enterprise value to EBITDA (EV/EBITDA) multiple of 9.5x to this higher projected EBITDA figure indicates an earnings-driven valuation uplift not yet priced in by the market, directly supporting a 5% increase in the stock's target price."
AMCR,sell,"The company's net debt-to-EBITDA ratio increased to 3.4x in Q2 2024 from 2.8x sequentially, following $1.2B debt refinancing at 7.5% versus 3.2% prior rates, which adds $52M to annual interest expense and reduces forward free cash flow yield to 4.8% from 6.1%, resulting in a calculated 5% equity valuation decline.","Analysis of raw material pass-through effectiveness indicates a projected 120 basis point contraction in EBITDA margin for the upcoming fiscal year, from an expected 14.0% down to 12.8%. This margin compression, driven by a sustained 18% increase in polymer resin costs not fully absorbed by price hikes, is expected to lower the company's enterprise value by reducing its forward EV/EBITDA multiple from 8.5x to 8.075x, implying a 5% decrease in the stock price."
AXP,buy,"Net revenue growth accelerated from 9.2% to 12.8% year-over-year in the most recent quarter, while net interest margin expanded by 35 basis points to 11.4% and proprietary cardmember spending rose 14%, operational strength that generates a 5% price increase.","Analysis of spending patterns within American Express's Small and Medium Enterprise (SME) segment shows a 16% year-over-year growth in network volumes last quarter, significantly outpacing the consensus forecast of 12%. This outperformance is projected to add an incremental $0.62 to the full-year Earnings Per Share (EPS) estimate. Applying the stock's historical forward P/E multiple of 18x to this additional EPS contribution supports a valuation uplift, justifying a 5% increase in the stock price."
AXP,sell,"Net charge-off rate increased 150 basis points year-over-year to 3.6%, provision expense surged 50.4% to $1.73B quarterly, and 30+ day delinquencies rose 110 basis points to 2.8%, driving the coverage ratio down to 2.4x from 3.2x, which will likely result in a 5% stock price decrease.","Analysis of early-stage delinquencies (30-89 days past due) in the company's proprietary consumer card portfolio shows a 45 basis point increase over the last quarter, a rate of deterioration 15 basis points faster than management's guidance. We project this will force the company to increase its provision for credit losses for the full fiscal year by an additional $550 million, directly reducing our forward earnings per share (EPS) estimate from $12.80 to $12.15. At a constant forward P/E multiple of 18.5x, this implies a 5% decrease in the stock's valuation."
AON,buy,"Analysis of Aon's ongoing operational restructuring projects a 115 basis point improvement in adjusted operating margin over the next four quarters, raising it from 29.5% to 30.65%. Applying this margin expansion to consensus revenue forecasts, while holding the firm's forward Price-to-Earnings ratio of 23.5x constant, indicates an increase in net earnings sufficient to justify a 5% increase in the share price.","Aon's reinsurance brokerage division captured 340 basis points of market share during the recent renewal season, accelerating segment revenue growth to 14.5% while improving client retention rates to 94.3% from 92.1% year-over-year. The company's debt-to-EBITDA ratio decreased to 2.1x, enabling a 12% increase in quarterly share repurchases to $850 million. These metrics support a 5% stock price appreciation target, representing valuation multiple expansion from 18.5x to 19.4x earnings on structurally higher organic growth."
AON,sell,"Aon's client retention rate fell to 89% from 93% year-over-year, with average contract values declining 4% and new business generation dropping 12%, translating to a projected $180 million revenue shortfall versus consensus that justifies a 5% stock price downside target of $285 based on forward P/E multiple compression from 18x to 17x.","Proprietary modeling of insurance renewal cycles suggests Aon's organic revenue growth will decelerate to 3.5% over the next twelve months, falling short of the consensus estimate of 5.0% and the company's own guidance. This slowdown is primarily driven by an anticipated 4% decline in new business wins in the Reinsurance Solutions segment. A revised growth forecast at this lower rate justifies a contraction of the stock's Price-to-Sales multiple from 3.9x to 3.7x, implying a 5% downside from the current share price."
DOV,buy,"Operational excellence initiative reduced production cycle times by 18% in the refrigeration segment, expanding gross margins from 28.5% to 33.2% year-over-year. This margin improvement is projected to increase FY2024 EPS by $0.42 to $9.15, representing 12% growth versus prior 7% consensus, which supports a 5% stock price increase to $187 at a 15.5x forward P/E multiple.","An internal analysis of Dover's operational efficiency program within its Engineered Products segment shows a sustained 110 basis point improvement in operating margin over the last three quarters, from 18.2% to 19.3%. When this new margin profile is incorporated into a discounted cash flow (DCF) model, holding revenue growth and the weighted average cost of capital (WACC) constant, the resulting fair value per share indicates a 5% increase from the current market price."
DOV,sell,"A peer analysis shows that Dover Corporation’s inventory turnover ratio has decreased to 3.8x in the most recent quarter from a five-quarter average of 4.5x, while key competitors have maintained an average turnover ratio of 4.6x. This 15.6% decline in inventory efficiency has resulted in a $150 million increase in working capital, reducing our free cash flow to equity (FCFE) forecast by 7%. This adjustment to our FCFE model warrants a 5% reduction in our price target.","Free cash flow conversion fell to 62% in the trailing twelve months from an 85% historical average, while net debt-to-EBITDA increased to 3.4x from 2.1x year-over-year with $450 million of debt maturing in the next 12 months, creating refinancing headwinds that could drive a 5% stock price decrease."
TXT,buy,"The Textron Aviation segment reported a book-to-bill ratio of 1.40x in the last quarter, a significant increase from 1.15x year-over-year, growing its backlog by $1.5 billion. This robust demand, combined with projected operational efficiencies leading to a 30 basis point improvement in the segment's operating margin over the next six months, supports a re-rating of the company's forward earnings multiple, justifying a 5% increase in the target stock price.","Textron Aviation segment EBITDA margin expanded 220 basis points from 8.2% to 10.4% year-over-year, generating an incremental $127M in quarterly operating income and driving management to raise full-year EPS guidance by 12%; this operational leverage supports a 5% stock price increase."
TXT,sell,"Our proprietary model indicates a deceleration in Textron Aviation's business jet order growth, with the book-to-bill ratio forecast to fall to 0.90x over the next two quarters from 1.15x in the prior-year period. This slowing demand warrants a contraction in the company's forward Price-to-Sales (P/S) multiple from 1.20x to 1.14x to align with peers experiencing similar trends. This multiple re-rating directly translates to a 5% downward adjustment in our valuation.","Textron's Bell Helicopter segment operating margin compressed from 12.1% to 8.7% year-over-year in the latest quarter due to $47M in supply chain cost overruns, while the division's backlog decreased $340M sequentially to $2.1B, representing a 14% decline. This margin and order deterioration supports a 5% stock price downside based on discounted cash flow analysis."
CB,buy,"Net written premiums grew 14.2% year-over-year to $12.4 billion, exceeding the P&C industry average of 6.1%, while the combined ratio improved 240 basis points to 87.1%. This generated an incremental $380 million in underwriting profit, directly supporting a 5% price increase.","Our modeling projects that Chubb’s forward Return on Equity (ROE) will expand to 15.2% over the next twelve months, up from the trailing 14.0%, driven by higher net investment income. As the market prices in this improved profitability, the stock’s Price to Tangible Book Value (P/TBV) multiple is expected to expand from its current 1.81x to a more appropriate 1.90x, implying a direct 5% upside from the current share price."
CB,sell,"The company's net investment income decreased 7% year-over-year to $920 million while adverse reserve development surged to $650 million, driving core operating ROE down to 8.3% from 11.2%, a profitability profile that valuation frameworks indicate would catalyze a 5% share price drop.","Analysis of recent underwriting performance reveals a deterioration in profitability. The company's combined ratio increased to 91.2% in the most recent quarter from 87.5% in the same quarter last year, driven by higher-than-expected catastrophe losses in North America. Our forward model, adjusting for elevated claims frequency, projects a full-year combined ratio of 90.5%, a 200 basis point increase from prior consensus estimates. This margin compression is expected to reduce forward earnings per share by 8%, justifying a potential 5% decrease in the stock price."
DLR,buy,"Analysis of recent leasing activity for newly developed hyperscale capacity projects a 5.2% increase in the Next Twelve Months (NTM) Core Funds From Operations (FFO) per share forecast, from $7.00 to $7.36. Applying the stock's current price-to-FFO multiple of 19.5x to this revised earnings estimate implies a target price appreciation of 5%.","DLR successfully refinanced $1.2B of 5.8% senior notes due 2026 with new 10-year debt at 4.3%, reducing annual interest expense by $18M while simultaneously announcing a $450M hyperscale data center acquisition in Ashburn, VA with an entering cap rate of 7.2% that is immediately accretive to AFFO by $0.07/share. The combined debt optimization and accretive deployment of capital improves the pro forma debt-to-EBITDA ratio to 5.4x from 5.7x and is projected to support a 5% stock price appreciation as valuation models incorporate the $0.25/share cumulative AFFO benefit over the next 24 months."
DLR,sell,"Analysis of DLR's latest leasing data reveals that new lease renewal spreads have turned negative for the first time in eight quarters, averaging -1.8% in the most recent quarter compared to a positive 3.2% average over the preceding year. This compression in pricing power, when modeled across the 15% of the portfolio up for renewal in the next 12 months, lowers the consensus forward Funds From Operations (FFO) per share estimate from $7.10 to $6.75, indicating a potential 5% decrease in the stock's valuation based on a constant P/FFO multiple.","Debt-to-EBITDA ratio deteriorated to 7.3x in the latest quarter from 6.5x in the previous quarter, with $3.2 billion of debt maturing over the next 12 months requiring refinancing at prevailing rates 250-300 basis points higher. Interest coverage compressed to 3.4x from 4.2x, while the latest quarter dividend payout ratio on AFFO reached 89%, leaving minimal cushion for distribution coverage. These metrics collectively indicate a 5% downside to current valuation."
TPR,buy,"Tapestry's Q3 gross margin expanded 180 basis points to 71.0% versus prior year, driven by 28% digital sales growth and reduced promotional activity, resulting in $0.15 incremental EPS; combined with 120 basis points of operating leverage, this earnings acceleration supports a 5% stock price increase as the market re-rates forward P/E from 11.5x toward sector median.","The company's Return on Invested Capital (ROIC) improved to 14.5% over the trailing twelve months, up from 12.0% in the prior period, due to enhanced inventory management that freed up $150 million in working capital. This has increased free cash flow conversion from net income to 110%, well above the five-year average of 95%. A discounted cash flow model updated with this higher FCF conversion rate and a terminal growth rate of 2.0% yields a fair value that is 5% above the current market price."
TPR,sell,"An analysis of the company's balance sheet reveals that inventory levels have increased 15% year-over-year, while sales have grown by only 3%. This has extended the company's cash conversion cycle by 14 days. The implied reduction in free cash flow and the heightened risk of future inventory write-downs warrant a higher discount rate in our valuation model, resulting in a 5% decrease in our price target.","Coach brand North American handbag market share declined 160 basis points to 10.7% as digital sales growth decelerated from 18% to 2% year-over-year, while customer acquisition costs surged 34% and average order value remained stagnant, a combination that our analysis indicates would drive a 5% valuation reduction."
HAL,buy,"Analysis of Halliburton's operational efficiency shows a projected 120 basis point improvement in its company-wide operating income margin for the next fiscal year, rising from 15.8% to 17.0%, driven by the adoption of proprietary digital twin technology in its well-completion services. This margin expansion is expected to increase free cash flow per share by 8%. When incorporated into a discounted cash flow (DCF) model with a terminal growth rate of 2.5%, this results in a calculated intrinsic value that is 5% above the current stock price.","Halliburton's Q2 Completion & Production segment delivered 11% YoY revenue growth and 240 basis points margin expansion to 19.8%, driven by 15% utilization rate improvements and 7% pricing increases, operational metrics that justify a projected 5% increase in share price based on forward earnings multiple expansion."
HAL,sell,"Halliburton's North America pressure pumping margins compressed 650 basis points quarter-over-quarter to 11.3% as competitor pricing undercut average day rates by 9.2%, while domestic market share declined from 21.5% to 16.8% according to industry rig count data, indicating a 5% stock price decrease as forward EBITDA estimates face 14% downside revision.","The company's free cash flow (FCF) to debt service ratio has declined from 2.5x to 2.1x over the last two quarters, reflecting increased capital expenditures on next-generation electric fracturing fleets. This deterioration in FCF coverage increases the company's risk profile, warranting a higher discount rate in our valuation model. Adjusting our discounted cash flow (DCF) analysis for this elevated risk results in a revised price target that is 5% lower than our previous estimate."
PFG,buy,"Analysis projects next-twelve-months (NTM) Earnings Per Share (EPS) to reach $8.00, an increase from the prior consensus of $7.80, due to a 2% expansion in fee-based revenue from the Principal Global Investors segment. Applying a conservative forward P/E ratio of 10.5x, which is consistent with the company's 5-year average, results in a price target of $84.00, implying a 5% increase from current levels.","ROE improved from 13.2% to 16.1% over the trailing twelve months while book value per share increased 7.3% to $52.40, positioning PFG at a 15% P/B discount to peer average; valuation normalization should generate 5% price appreciation as the market reprices capital efficiency gains."
PFG,sell,"Retirement and Income Solutions experienced $3.2 billion in net AUM outflows in Q3 2023, driving a 7.8% sequential decline in fee revenue to $412 million, while credit losses on the $45 billion fixed income portfolio surged to $185 million from $45 million year-over-year, signaling a 5% decrease in share valuation.","The company's institutional asset management division recorded net outflows of $9.5 billion in the most recent quarter, a 50% acceleration from the prior quarter's outflow rate. This, combined with a 3 basis point compression in management fees on the remaining AUM, is forecasted to decrease annualized revenue by $68 million. A discounted cash flow (DCF) analysis factoring in this lower revenue run-rate and reduced long-term growth assumption from 3.0% to 2.5% results in a fair value estimate reduction of 5%."
TMUS,buy,"T-Mobile's Q3 postpaid phone net additions reached 650,000 subscribers, a 15% year-over-year increase, while blended ARPU grew 3.8% to $48.20, driving service revenue 5% above consensus estimates; this sustained subscriber momentum coupled with pricing power indicates a 5% stock price increase potential as analysts revise forward revenue projections upward by 4-5%.","The company's free cash flow (FCF) for the trailing six months reached $7.2 billion, a 25% increase year-over-year, driven by accelerated merger-related cost synergies that were realized two quarters ahead of schedule. This stronger-than-expected FCF generation prompted the Board to authorize an additional $7.5 billion for its share repurchase program. Our financial model indicates this incremental buyback will reduce the share count by 4% more than previously anticipated, providing a direct boost to EPS that warrants a 5% increase in our valuation."
TMUS,sell,"An updated forecast for full-year capital expenditures indicates an increase from the guided $9.5 billion to $10.7 billion, a 12.6% rise, driven by higher-than-anticipated 5G network densification costs. This $1.2 billion reduction in projected free cash flow (FCF) for the year negatively impacts our Discounted Cash Flow (DCF) model. The lower FCF generation and a corresponding 75 basis point increase in our weighted average cost of capital (WACC) to account for execution risk leads to a revised price target that is 5% below the current market price.","Net debt-to-EBITDA ratio climbed to 3.2x from 2.8x last quarter due to $4.2 billion in accelerated spectrum investments, combined with free cash flow margin compression of 150 basis points to 8.3%, representing a deteriorating capital structure that warrants a 5% valuation reduction."
FDX,buy,Recent network optimization initiatives have expanded FedEx's consolidated operating margin by 60 basis points in the trailing quarter. This improvement is projected to increase forward annual EPS by $0.85 above prior guidance. Applying the stock's current forward P/E ratio of 16x suggests this incremental earnings power justifies an approximate 5% increase in the share price.,"FedEx generated $4.2 billion in free cash flow over the trailing twelve months, representing a 50% increase from $2.8 billion in the prior period, while improving return on equity from 16.5% to 19.8% and reducing debt-to-equity ratio from 0.85 to 0.71, indicating strengthened balance sheet efficiency that warrants a 5% price appreciation as valuation models incorporate the improved 11.8% free cash flow yield and lower cost of equity assumptions."
FDX,sell,"FedEx Express segment operating margin compressed 230 basis points year-over-year to 3.8% in the most recent quarter due to trans-Pacific volume declines of 8% and higher labor costs of $450 million. Management subsequently reduced current fiscal year EPS guidance by $1.80 to $14.20, representing an 11% cut from prior midpoint. This margin deterioration combined with significant guidance reduction could result in a 5% stock price decrease.","Our analysis of fuel and labor cost inputs projects a 120 basis point contraction in the FedEx Express segment's operating margin for the upcoming quarter, reducing it from 7.4% to 6.2%. This is significantly below the consensus estimate of a 40 basis point contraction. Applying this revised margin to our earnings model lowers the forward EPS estimate by 8.5%, which, based on the stock's historical price-to-earnings sensitivity, justifies a 5% decrease in the stock's target price."
F,buy,"Internal projections for the 'Ford Blue' division, not yet reflected in consensus forecasts, show an incremental $295 million in annual free cash flow generation starting next fiscal year due to accelerated platform simplification. Applying the stock's trailing 5-year average Price-to-FCF multiple of 8.0x to this additional cash flow results in a $2.36 billion increase to the company's equity value, justifying a 5% appreciation in the stock price.","Ford generated $3.8 billion in adjusted free cash flow over the trailing twelve months, representing a 12.3% FCF yield, while reducing net automotive debt by $2.1 billion to $10.4 billion, strengthening the balance sheet in a manner that warrants a 5% stock price increase through reduced risk premium and improved capital allocation flexibility."
F,sell,"Analysis of commodity futures and supply chain logistics projects a 150 basis point contraction in the automotive segment's gross margin for the next quarter, from 10.1% to 8.6%, driven by a 9% increase in aluminum and lithium costs. This margin erosion translates to a forecasted $0.11 reduction in full-year EPS, which, when applied to our discounted cash flow model, justifies a 5% decrease in the stock's target price.","Ford's U.S. market share declined 150 basis points to 13.2% year-over-year as EV sales represented only 3.2% of total volume compared to the 8.5% industry average, while the Model E division posted a -$3.2 billion operating loss on $2.1 billion revenue, indicating structural competitiveness gaps that support a 5% stock price decrease."
GPC,buy,The company's acquisition of 12 regional distributors generated $320 million in incremental revenue over the past six months while reducing the debt-to-equity ratio from 0.85 to 0.72 through improved working capital management. Market share in the fragmented North American aftermarket parts sector increased from 8.3% to 9.1% during this period. These accretive capital allocation improvements support a projected 5% stock price increase.,"Recent channel checks show GPC's Automotive Parts Group has gained 75 basis points of market share in the commercial ""do-it-for-me"" segment over the last two quarters. Incorporating this share gain into a discounted cash flow (DCF) model, which adds an incremental $250 million in annual revenue at a 4% net margin, increases the derived fair value per share by 5%."
GPC,sell,"In the most recent quarter, inventory in the Industrial Parts Group (Motion Industries) grew by 14% year-over-year, while segment revenue increased by only 3.5%. This has caused the segment's inventory turnover ratio to fall from 4.8x to 4.2x, its lowest level in three years. Applying a valuation framework that discounts the company's forward Price-to-Earnings multiple by 0.9x for each 0.5x drop in this key segment's inventory turnover leads to a conclusion of a 5% potential downside from the current price.","Gross profit margin compressed 240 basis points from 34.2% to 31.8% in the trailing twelve months due to 8% pricing discounting by automotive e-commerce rivals, while commercial segment market share declined from 18.0% to 15.5% and same-store sales growth decelerated to 1.2%, directly supporting a 5% stock price decrease."
APTV,buy,"New program awards in the Advanced Safety & User Experience segment over the last six months have increased the company's order backlog by $1.8 billion, a 14% year-over-year increase. This outperformance has not yet been fully priced in by the market, which has modeled a 7% forward revenue growth rate for the segment. Adjusting our sum-of-the-parts valuation to reflect a more accurate 8.5% growth rate, in line with the new backlog data, results in a 5% increase to our price target.","The company generated $924M in trailing twelve-month free cash flow and reduced net debt-to-EBITDA from 2.1x to 1.6x, while executing $330M of its $750M share repurchase program to reduce share count by 3.2%, driving a 5% valuation uplift from enhanced capital returns and balance sheet optimization."
APTV,sell,"Analysis of the most recent quarter's supply chain costs reveals a 15% sequential increase in raw material inputs, primarily copper and resins, which has compressed the Signal & Power Solutions segment's operating margin by 120 basis points to 10.8%. This margin is below the company's guidance floor of 11.5%. Our discounted cash flow (DCF) model, when updated to reflect this sustained cost pressure for the next two fiscal years, results in a fair value estimate that is 5% below the current market price.","Q3 earnings report showed 190 basis points year-over-year gross margin compression to 16.1% and management guided Q4 revenue down 6.5% below consensus, while free cash flow of $340 million missed estimates by 12%, suggesting 5% stock price downside as forward P/E compresses from 13.8x to 13.1x."
SWK,buy,"Recent channel check data indicates that SWK's new product lines in the outdoor power equipment segment have captured an additional 1.8% of market share from competitors over the past six months. This market share gain is expected to generate an incremental $800 million in annualized revenue. Valued at the company's current price-to-sales (P/S) ratio of 0.9x, this adds $720 million to the market capitalization, justifying a 5% increase in the stock price.","Stanley Black & Decker's latest quarter gross margin expanded 240 basis points to 34.2% versus prior year, driving EBITDA margin to 15.5% from 13.1% and prompting management to raise full-year EPS guidance to $6.15-$6.35 from $5.80-$6.00, with analyst consensus models indicating this operational leverage supports a 5% stock price increase."
SWK,sell,"Net debt-to-EBITDA deteriorated to 3.8x from 2.9x year-over-year, driven by total debt rising 22% to $6.8 billion and EBITDA falling 12% to $1.8 billion. Free cash flow turned negative at -$127 million versus +$189 million prior period, with working capital days increasing 14 to 92, collectively signaling 5% price downside from current levels.","Proprietary channel checks for the most recent quarter show Stanley Black & Decker's market share in the North American professional power tools segment has eroded by 1.5 percentage points, from 21.0% to 19.5%. Factoring this loss into our discounted cash flow (DCF) model by reducing the long-term revenue growth rate assumption from 3.0% to 2.5% lowers the calculated intrinsic value of the stock by 5%."
RCL,buy,"Over the past 6 months, the company reduced its net debt-to-EBITDA ratio from 4.2x to 3.1x through $2.1 billion in debt repayment, while generating $1.8 billion in operating cash flow versus $1.2 billion consensus. This deleveraging decreases weighted average cost of capital by 50 basis points, directly boosting discounted cash flow valuation by 5% as interest coverage improves from 4.5x to 6.8x and credit metrics approach investment grade thresholds.","Aggressive debt repayment has lowered the company's net debt to EBITDA ratio from 4.5x to 3.9x over the last six months. This 0.6x turn reduction in leverage, combined with a 40 basis point improvement in return on invested capital (ROIC) to 8.2%, closes over half of the valuation gap to its primary competitor. A re-rating of the stock's forward EV/EBITDA multiple from 9.0x to 9.45x is warranted, implying a direct 5% upside to the share price."
RCL,sell,"Royal Caribbean's net yield growth decelerated to 1.2% in Q3 versus 8.5% in Q2 as load factor dropped 340 basis points to 96.2% and fuel costs rose $47 million sequentially, compressing EBITDA margins by 280 basis points to 19.4% and signaling a potential 5% stock price decline.","Proprietary channel checks reveal that booking volumes for sailings in the next fiscal year are trending 4% lower than the same period last year, while average per diem rates have declined by 1.8% to stimulate demand. This combination suggests a potential revenue miss of $400 million against consensus estimates, which, given the company's operating leverage, supports a 5% downward adjustment to our stock price target."
PKG,buy,"Internal analysis of recent containerboard price hikes indicates a sustained $40/ton increase, which was not fully priced into the last quarterly report. This price realization is projected to expand the company's EBITDA margin by 80 basis points over the next two quarters. This translates to an estimated $0.65 increase in annualized Earnings Per Share (EPS). Holding the forward P/E multiple at a constant 17.5x, this incremental earnings power implies a potential stock price increase of 5%.",The company generated $623 million in free cash flow (6.8% yield) over the trailing twelve months while reducing net debt-to-EBITDA to 1.8x and announcing a $450 million accelerated share repurchase program; these capital allocation improvements combined with ROIC rising to 14.3% justify a 5% upward valuation revision in forward DCF analysis.
PKG,sell,"Analysis of recent input cost data shows a 12% quarter-over-quarter increase in recycled fiber costs, a key raw material for PKG. The company's announced 4% price increase is insufficient to offset this, leading to our projection of a 150 basis point compression in operating margin for the upcoming fiscal year. This margin deterioration reduces our forward earnings per share (EPS) estimate, resulting in a valuation model that indicates a 5% decrease in the stock price.","The company's net debt-to-EBITDA ratio climbed to 3.4x in the latest quarter from 2.1x six months earlier while free cash flow conversion dropped to 62% from 89%, creating refinancing risk that pressures the valuation multiple toward 10.5x P/E, implying a 5% price decline from current levels."
HBAN,buy,"Analysis of recent asset-liability management shows Net Interest Margin (NIM) expanded by 12 basis points to 3.27% over the last two quarters, while the efficiency ratio concurrently improved by 150 basis points to 58.0%. This combination is projected to elevate the Return on Average Tangible Common Equity (ROATCE) to 15.5%, justifying a Price to Tangible Book Value (P/TBV) multiple of 1.65x compared to the current 1.57x, implying a 5% increase in the stock price.","HBAN's net charge-off ratio improved 15 basis points year-over-year to 0.28% while the efficiency ratio declined 120 basis points to 56.4%, enabling a 150 basis point ROE expansion toward 13.5% and supporting a 5% valuation uplift as credit quality outperformance drives multiple re-rating."
HBAN,sell,"Internal modeling indicates a projected Net Interest Margin (NIM) compression of 17 basis points over the next six months, declining from 3.12% to 2.95%, driven by increased deposit costs and competitive loan pricing pressures. This NIM reduction is anticipated to lower the forward Earnings Per Share (EPS) estimate by $0.07, which, when applied to the bank's current forward P/E multiple of 9.5x, translates directly into a 5% decrease in the stock's valuation.","Net interest margin compressed 25 basis points quarter-over-quarter to 2.95% as deposit costs increased 40 basis points faster than loan yields, reducing quarterly net interest income by $45 million and forward EPS by $0.05, which valuation models indicate creates 5% downside to the stock price."
SYF,buy,"Analysis of Synchrony's loan portfolio indicates a projected 30 basis point expansion in its Net Interest Margin (NIM) over the next two quarters, rising from 15.2% to 15.5%, driven by a higher mix of credit card receivables. This margin expansion, coupled with an anticipated improvement in the efficiency ratio from 38.0% to 37.2% due to ongoing digital transformation initiatives, is expected to boost net income by 4.9%, supporting a 5% increase in the stock's target price.","Core deposit base increased $2.8 billion sequentially, lowering wholesale funding costs to 3.42% from 3.70% and improving net interest margin by 18 basis points to 13.2%, translating to an estimated 5% stock price appreciation based on discounted cash flow models."
SYF,sell,"Net charge-off rate increased 160 basis points year-over-year from 4.2% to 5.8% while 30+ day delinquencies rose 130 basis points from 3.1% to 4.4%, generating $180 million in incremental credit losses next quarter and establishing a 5% stock price decrease.","A channel check of funding markets indicates that Synchrony's cost of funds is rising 25 basis points faster than its asset yield repricing, leading to a projected 15 basis point compression in its forward 12-month Net Interest Margin (NIM) to 15.40%. On an asset base of $108 billion, this NIM compression translates to a $162 million reduction in annual pre-tax income. This lowers our earnings forecast by $0.29 per share, justifying a price target adjustment of -$2.32, a potential 5% decline in the stock's value."
TFC,buy,"Net interest margin expanded 30 basis points to 3.45% in the most recent quarter, driven by a 5.2% QoQ increase in commercial loan originations and a 15 basis point improvement in deposit costs, which should translate into a 5% stock price increase as analysts revise earnings estimates upward by approximately $0.18 per share for the next fiscal year.","TFC's commercial and industrial (C&I) loan portfolio grew by 3.8% sequentially in the last quarter, outpacing the peer average of 1.9%, while its associated net charge-off rate declined from 0.41% to 0.37%. This combination of accelerated high-quality loan growth is forecasted to add 10 basis points to the bank's Return on Tangible Common Equity (ROTCE). A valuation model based on Price-to-Tangible Book Value (P/TBV) indicates this ROTCE enhancement supports a 5% appreciation in the share price."
TFC,sell,"Non-performing loans increased 35 basis points to 1.25% of total loans, with office CRE delinquencies rising 120 basis points to 4.8% and forcing a $195 million increase in quarterly provision expense to $585 million, signaling deteriorating asset quality that warrants a 5% stock price decrease.","Our analysis of TFC's loan book indicates a faster-than-anticipated deterioration in its consumer auto loan portfolio. We forecast the net charge-off rate to rise to 1.15% over the next six months, compared to the current rate of 0.85% and peer average of 0.90%. This is projected to necessitate an additional $250 million in loan loss provisions above current street estimates for the full fiscal year, reducing our tangible book value per share growth estimate by 150 basis points and justifying a 5% reduction in our price target."
HII,buy,"Internal efficiency programs within the Newport News Shipbuilding division have resulted in a 60 basis point improvement in operating margin to 8.1% in the last quarter, exceeding guidance by 40 basis points. This margin expansion drove a 4.5% beat on quarterly operating income and is projected to increase annual free cash flow by $85 million. This incremental cash flow, when applied to our discounted cash flow (DCF) model, supports a 5% increase in the company's valuation.","Q3 operating margin expanded 240 basis points from 7.2% to 9.6% via $127 million in cumulative Portsmouth facility savings, driving EPS of $3.87 to beat consensus by $0.42; the 9.6% margin now matches General Dynamics' Marine Systems segment, justifying a 5% price increase toward peer-multiple parity."
HII,sell,"A recent 18-month delay in a key international naval support contract, previously expected to contribute $550 million in revenue next fiscal year, has weakened the company's near-term growth profile. This reduction in high-margin service revenue, which carried a 14% net margin compared to the company average of 8.5%, directly leads to a revision in our free cash flow projections, justifying a 5% decrease in our discounted cash flow (DCF) based price target.","Operating margin compressed 230 basis points from 8.5% to 6.2% sequentially while the $12.8B CVN-81 carrier contract faces an 18-month delivery delay, pressuring FY2024 revenue guidance down 7% and signaling a potential 5% stock price decline as forward EPS estimates reset 11% lower."
REG,buy,"Debt-to-EBITDA improved from 6.2x to 5.4x over the past twelve months through $180M of non-core asset dispositions at 5.5% cap rates, while the $450M development pipeline targets 7.2% stabilized yields, creating a 170 basis point spread that justifies a 5% upward valuation adjustment for improved capital efficiency.","Our analysis indicates that consensus Funds From Operations (FFO) per share estimates for the next fiscal year are understated. Based on recent leasing activity showing new lease rent spreads averaging 12.5% (200 basis points above projections), we model a forward FFO per share of $4.20, compared to the current street consensus of $4.00. Applying the stock's 3-year average Price/FFO multiple of 15x to our revised estimate suggests a valuation target that is 5% higher than the current market price."
REG,sell,"The company's debt-to-EBITDA ratio has deteriorated to 7.2x from 5.7x year-over-year, driven by $410 million of floating-rate debt repricing to 6.9% from 3.1%, increasing quarterly interest expense by $8.7 million. This added leverage will reduce 2025 AFFO by $0.25 per share and push the dividend payout ratio to 87%, which at a 14.8x multiple justifies a 5% price decline target.","The company's Net Debt to Adjusted EBITDA ratio has risen from 5.2x to 5.7x over the past two quarters, primarily to fund development projects with longer stabilization timelines. Concurrently, the weighted average interest rate on its variable-rate debt has increased by 75 basis points. This combination of higher leverage and increased interest expense is projected to reduce Funds From Operations (FFO) per share by $0.21 next fiscal year, justifying a contraction in the P/FFO multiple and leading to a 5% decrease in the stock price."
NOW,buy,"ServiceNow's Pro+ license tier penetration reached 35% of its enterprise customer base in Q3, up from 25% last quarter, with net revenue retention of 125% and seven new contracts exceeding $10M ARR, generating an incremental $180M in high-margin revenue over the next 12 months, which supports a 5% increase in forward price-to-sales multiple from 12.0x to 12.6x.","Recently implemented AI-powered cost optimization measures are projected to expand the company's forward non-GAAP operating margin by 50 basis points. Based on consensus revenue forecasts of $10.5 billion, this margin improvement will increase projected net income by $42 million (assuming a 20% effective tax rate). With 205 million shares outstanding, this translates to an additional $0.205 in EPS. Applying the stock's current forward P/E ratio of 60x to this incremental earnings results in a valuation increase of $12.30 per share, implying a 5% upside from the current price of $246."
NOW,sell,"Enterprise customer churn surged to 6.2% from 3.8% year-over-year, net retention rate declined to 112% from 124%, and free cash flow margin compressed 500 basis points to 29%, signaling weakening competitive moat and pricing power that warrants a 5% price decline.","Analysis of forward-looking revenue indicators reveals that current Remaining Performance Obligations (cRPO) growth decelerated to 22% year-over-year in the most recent quarter, a 400 basis point drop from the 26% growth reported in the prior quarter. This slowdown in future contracted revenue suggests a moderation in sales momentum, which, when applied to forward valuation models using a discounted Price-to-Sales multiple adjusted from 12.0x to 11.4x, points to a potential 5% decrease in the stock's target price."
JNPR,buy,"In the last reported quarter, revenue from the AI-Driven Enterprise segment grew 14% year-over-year, surpassing internal targets by 350 basis points. This outperformance is projected to increase the full-year non-GAAP earnings per share (EPS) by $0.08. Applying the stock's average forward P/E multiple of 15x to this incremental EPS uplift suggests an additional $1.20 in share value, representing a 5% increase from its current trading price.","Juniper's cloud data center segment revenue accelerated 22% YoY to $340M, comprising 32% of total revenue, while gross margin expanded 140 basis points to 61.2%. This segment mix shift and profitability improvement support a forward P/E multiple re-rating from 12.0x to 12.6x, implying a 5% stock price increase."
JNPR,sell,"Q3 operating margin compression of 230 basis points year-over-year from 17.8% to 15.5% due to service provider pricing concessions, combined with revenue miss of $72 million ($1.33B actual vs $1.402B consensus) and Q4 guidance cut from 7% to 1.5% growth, creates 5% stock price downside under discounted cash flow analysis using 8.2% weighted average cost of capital.","Supply chain analysis reveals that increased costs for custom silicon components are expected to compress gross margins by 120 basis points in the upcoming fiscal year. This margin erosion is forecast to reduce full-year Earnings Per Share (EPS) by $0.11, which, based on the stock's current earnings multiple, directly implies a potential 5% decrease in the share price."
PYPL,buy,"Management's 2025 revenue guidance of 11% versus 7.5% consensus, representing $800M incremental revenue from branded checkout and Venmo monetization at 55% incremental EBITDA margin, drives EV/EBITDA multiple expansion from 10.0x to 10.5x (5% multiple re-rating) and supports 5% stock price increase.","Internal channel checks indicate new merchant incentive programs are driving Total Payment Volume (TPV) in the small-to-medium business (SMB) segment at a rate of 16% for the upcoming quarter, 400 basis points above consensus forecasts of 12%. This incremental TPV is projected to add $0.28 to the next fiscal year's EPS estimate. A valuation model applying a forward P/E of 12x to this revised EPS target results in a price objective 5% above the current market price."
PYPL,sell,"Active user growth decelerated from 15% year-over-year to 4% last quarter, adding only 2.1 million new accounts versus 8.5 million in the prior year period, while market share in digital payments fell from 28% to 23%. Total payment volume growth slowed to 6% from 18% a year ago, leading valuation models to incorporate lower forward revenue assumptions and indicating a 5% stock price decline as competitive moats erode.",A competitive analysis reveals that PayPal's market share in peer-to-peer (P2P) transactions has declined by 250 basis points year-over-year due to intensified competition from bank-integrated networks. This loss in a high-engagement segment is expected to reduce the forward earnings per share (EPS) estimate by $0.14. Applying the sector's average forward P/E ratio to this revised EPS results in a target price reduction of 5%.
CMG,buy,"New restaurants opened over the past two quarters are demonstrating average unit volumes (AUVs) of $3.1 million, 11% higher than the mature store base. This improved new unit productivity increases our long-term free cash flow per share forecast by 9%. When discounted back to the present, this revision to our DCF model results in a 5% increase to our price target.","Digital sales penetration increased to 48% of total revenue from 35% year-over-year, generating an incremental $185 million in quarterly free cash flow and reducing customer acquisition costs by 18%, supporting a revised 5% upside target to $2,180 over the next 90 days."
CMG,sell,"Q3 2024 restaurant-level operating margin contracted 180 basis points year-over-year to 23.4% as wage inflation reached 12% and food costs increased 8.5%, while same-store sales growth decelerated to 3.2% from 7.1% in the prior quarter, with management revising FY24 EPS growth guidance down to 4% from prior 15% consensus, creating direct valuation pressure that implies a 5% stock price downside.","Internal channel checks for the current quarter indicate a significant rise in input costs, with food and beverage costs projected to reach 31.0% of revenue, up from 29.5% in the prior quarter. Concurrently, labor costs are expected to increase by 100 basis points to 25.5% of revenue. This combined 2.5 percentage point margin compression is projected to lower restaurant-level operating margins to 23.5%. Our discounted cash flow (DCF) model, updated with these revised margin assumptions, now yields a fair value estimate that is 5% below the current share price."
GLW,buy,"Recent implementation of a proprietary ""ColdForm"" glass-shaping technology in the Specialty Materials segment has resulted in a 300 basis point improvement in the segment's gross margin over the last two quarters. This efficiency gain is now projected to lift the company's consolidated operating margin by 70 basis points. This enhancement to profitability, applied to consensus revenue forecasts, is expected to boost next year's net income by 4.5%, justifying an immediate 5% upward revision of the stock's price target.","A $380 million annual Gorilla Glass supply contract commencing H1 2025 increases Specialty Materials revenue by 12% at 65% incremental gross margins, adding $0.18 EPS over 12 months. Combined with Q3 free cash flow of $890 million funding $450 million in net debt reduction to reach 0.34x debt-to-equity, DCF analysis yields a 5% stock price increase from P/E multiple expansion of 14.0x to 15.2x."
GLW,sell,GLW's free cash flow declined 156% quarter-over-quarter from +$312M to -$175M as inventory turnover deteriorated from 5.2x to 3.8x and days sales outstanding increased from 62 to 78 days. This working capital deterioration signals operational inefficiencies that support a potential 5% price decrease.,"Analysis of the Display Technologies segment, which constitutes 25% of revenue, indicates future gross margins are expected to compress by 300 basis points over the next two quarters due to increased pricing pressure from Asian competitors. This margin erosion is projected to reduce full-year EPS from a consensus of $1.80 to a revised estimate of $1.71. Applying the stock's current forward P/E ratio of 18x to this lower earnings base implies a 5% decrease in the stock's valuation."
DHR,buy,"Free cash flow conversion improved from 95% to 112% of net income over the past nine months as management reduced inventory days by 15, while net debt/EBITDA declined from 2.7x to 2.0x, enabling 500 million in incremental share buybacks that support a 5% increase in fair value based on reduced WACC and higher per-share cash generation.","Analysis of Danaher's high-growth Biotechnology segment reveals a 14% year-over-year revenue increase in the most recent quarter, contributing to a 150 basis point expansion in the company's consolidated operating margin to 26.5%. Projecting this improved margin profile into our discounted cash flow (DCF) model, holding other assumptions constant, revises our intrinsic value estimate upwards, indicating a potential 5% increase in the stock price."
DHR,sell,"Danaher's Q3 core revenue growth decelerated from 7.8% to 2.3% sequentially, while adjusted gross margins contracted 410 basis points to 53.7% due to 6% price erosion in its Life Sciences segment, driving management to cut 2025 EPS guidance from $10.40 to $8.95, a revision that implies a 5% stock price decline based on current P/E multiples.","Channel checks reveal that Danaher's market share in the high-growth molecular diagnostics market has eroded from 18% to 16.5% over the last two quarters due to a new competitive product launch. Adjusting our discounted cash flow (DCF) model to reflect this lower market share reduces the terminal growth rate assumption from 3.5% to 3.2%, leading to a 5% decrease in the calculated intrinsic value per share."
LYB,buy,"Based on projected operating cash flow improvements and disciplined capital allocation, the company's Net Debt-to-EBITDA ratio is forecast to decrease from 1.8x to 1.5x over the next 12 months. This significant deleveraging is calculated to reduce the company's weighted average cost of capital (WACC) by 30 basis points. Applying this lower discount rate in our discounted cash flow (DCF) model results in a 5% increase in the derived intrinsic value per share.","The board's authorization of a $1.5 billion accelerated share repurchase program over the next 12 months, funded by $2.1 billion in projected free cash flow, will retire 15.8 million shares at $95 per share. This reduces shares outstanding from 315 million to 299 million, a 5.1% decrease that will increase earnings per share by the same magnitude, directly translating to a 5% stock price appreciation absent any multiple expansion."
LYB,sell,"Analysis of feedstock costs and product spreads indicates a significant margin compression is likely over the next two quarters. A projected 9% increase in naphtha and natural gas liquids costs, combined with a 4% decrease in polyethylene average selling prices due to new market capacity, is expected to lower the company's EBITDA margin by 220 basis points from 16.5% to 14.3%. Our revised earnings model, reflecting this margin pressure, reduces the forward EPS estimate by $0.55, directly supporting a 5% decrease in the stock's valuation.","LYB's North American polyethylene EBITDA margins contracted 340 basis points year-over-year to 11.7% in the most recent quarter as industry capacity utilization fell to 78% from 89%, with 2.4 million tonnes of new Asian supply entering the market over the past 6 months. Management guided next year maintenance capex up 23% to $1.85 billion while inventory turnover slowed from 8.2x to 5.9x, creating $1.3 billion in excess working capital drag. This margin compression and cash conversion cycle deterioration will drive a 5% stock price decrease."
CAH,buy,"The Pharmaceutical segment's operating margin is projected to expand by 10 basis points over the next four quarters due to the full implementation of a new AI-driven logistics platform. Based on trailing twelve-month segment revenue of $185 billion, this efficiency gain is expected to add $185 million to operating income. Applying the company's average price-to-operating-income multiple of 6.8x, this improvement supports a valuation increase of $1.26 billion, suggesting a 5% upside to the current stock price.","The company reported Q2 free cash flow of $1.85 billion, achieving a 92% conversion rate that exceeded guidance by 450 basis points, enabling management to accelerate debt reduction by an additional $350 million and initiate a $400 million expanded share repurchase program for the next twelve months, which DCF analysis indicates will increase intrinsic value per share by 5%."
CAH,sell,"Internal modeling, factoring in a 12% rise in freight and logistics expenses over the last two quarters, projects a 25-basis-point contraction in the forward operating margin for the Pharmaceutical segment, from 1.50% to 1.25%. This revision translates to a reduction in our forward EPS estimate by 6%, which, when applying the stock's 3-year average P/E ratio of 17x, implies a necessary valuation adjustment leading to a 5% decrease in the stock price.","Debt-to-EBITDA ratio increased to 3.4x from 2.8x over the past six months as free cash flow conversion fell to 62% from 85%, while days sales outstanding rose 9 days to 51 days, suggesting a 5% potential stock price decrease."
GE,buy,"GE Aerospace's commercial engine and services backlog grew by 12% over the last two quarters, exceeding analyst consensus estimates of 8%. This robust demand, combined with a 150 basis point improvement in segment operating margins to 18.5%, supports a revised earnings forecast. Our discounted cash flow model, updated with these higher sustained growth and profitability assumptions, indicates a 5% increase in the stock's fair value.","GE Aviation segment revenue increased 22% year-over-year to $5.8 billion in recent quarter with operating margins expanding 340 basis points to 19.2%, driven by 18% growth in commercial engine services. This operational leverage is projected to add $0.14 to annual EPS, supporting a 5% stock price appreciation target."
GE,sell,"A review of GE Vernova's project pipeline reveals that a higher mix of lower-margin onshore wind turbine orders, constituting 45% of the new backlog versus a historical average of 35%, will negatively impact future cash flow. This shift is projected to reduce the division's free cash flow (FCF) conversion rate from 90% to 75% over the next 18 months. A discounted cash flow (DCF) model updated for this lower FCF generation profile reduces the company's intrinsic value, justifying a **5% decrease** from the current share price.","GE's aerospace segment operating margin compressed 340 basis points from 18.5% to 15.2% year-over-year, driven by 8% higher LEAP engine production costs and narrowbody market share erosion from 62% to 58%. This margin deterioration and competitive positioning weakness justifies a 5% downward valuation adjustment."
WYNN,buy,"Macau VIP rolling chip volume grew 31% quarter-over-quarter to $18.2 billion, pushing segment EBITDA margins from 23.1% to 27.4% and increasing overall EPS by $0.41; at the current 12.5x forward P/E multiple, this earnings improvement translates directly to a 5% increase in fair value per share.","Analysis of recent channel checks in the Macau market indicates Wynn's market share in the premium mass segment has increased by 75 basis points over the last two months. This, combined with a 50 basis point improvement in property-level EBITDA margins to 29.0% from new operational efficiencies, is projected to increase next fiscal year's EPS estimate by $0.24. Applying the stock's sector-average forward P/E ratio of 21x, this incremental earnings contribution justifies a 5% increase in the stock's valuation."
WYNN,sell,"Analysis of operating leverage shows that a recently negotiated 6% increase in labor costs for U.S. properties will compress consolidated operating margins by an estimated 90 basis points in the next fiscal year. This margin deterioration, which is not yet priced in by the market, lowers our forward earnings per share (EPS) estimate by 8.5%. A DCF analysis incorporating this sustained higher cost base results in a fair value estimate that is 5% below the current share price.","Wynn's Macau VIP gaming revenue declined 18.3% year-over-year in Q4, compressing property-level EBITDA margins by 340 basis points to 21.2% from 24.6% and reducing market share by 2.3 percentage points to 11.8%, which valuation models indicate will drive a 5% stock price decline."
AVY,buy,"Analysis of Avery Dennison's recent supply chain optimization shows a sustained 90 basis point improvement in gross margins over the last two quarters. Projecting this enhanced profitability forward, our earnings model indicates an increase in next year's EPS by $0.88 above prior forecasts. Applying the sector's median P/E ratio of 21x to this incremental EPS suggests a valuation uplift of $18.48 per share, representing a 5% increase from the stock's trailing 30-day average price.","Q3 2024 gross margin expanded 270 basis points year-over-year to 31.2%, beating consensus by 150 basis points, driving EPS of $2.15 versus $1.98 estimate and a 7% guidance raise, implying 5% stock price appreciation."
AVY,sell,"Gross margin compressed 150 basis points year-over-year to 27.0% in Q3 as raw material costs rose 12% and pricing power weakened, with management guiding Q4 EPS 6% below consensus, indicating earnings headwinds that support a 5% stock price decline.","Analysis of raw material costs shows that key inputs for the Materials Group, specifically polymer and adhesive resins, have increased by 14% quarter-over-quarter. This is projected to cause a 120 basis point contraction in the company's consolidated operating margin for the upcoming fiscal year. Modeling this margin compression reduces our forward earnings per share (EPS) estimate by $0.62, which, when applying the stock's current price-to-earnings multiple of 17.5x, results in a valuation drop of $10.85 per share, indicating a potential 5% decrease from the current price."
SWKS,buy,"SWKS's operational efficiency has improved significantly, with days sales outstanding (DSO) decreasing from 45 to 41 days in the most recent quarter, improving cash conversion. Despite this, the stock trades at a forward price-to-earnings (P/E) ratio of 12.0x, a discount to its five-year historical average of 13.5x. We believe the enhanced cash flow profile warrants a re-rating to a more moderate 12.6x forward P/E multiple, implying a 5% upside from the current price.",Free cash flow margin of 28% (vs. industry median 19%) and debt-to-equity improvement to 0.15x from 0.28x YoY justify a 5% upward valuation adjustment.
SWKS,sell,"Skyworks reported Q3 revenue declining 8.2% quarter-over-quarter to $1.05 billion, with gross margin compression of 320 basis points to 47.1% from inventory write-downs. Management's Q4 guidance projects a further 7.5% revenue decline, leading analysts to cut FY24 EPS estimates by 12%. This margin deterioration and forward guidance weakness implies a 5% stock price decrease.","Supply chain analysis reveals a build-up of radio frequency (RF) module inventory corresponding to Skyworks' largest customer, with forward orders for the next six months tracking 9% below the five-year seasonal average. This reduction in demand is projected to lower the company's forward revenue growth rate from 2% to -2.5%. A DCF model recalibrated with this lower long-term growth assumption results in a fair value estimate that is 5% below the current market price."
PM,buy,"Our analysis of last quarter's results indicates that shipments of Heated Tobacco Units (HTUs) grew 22% year-over-year, exceeding consensus estimates of 18%. This growth increased the smoke-free product category's contribution to total net revenues to 39%. Given the 400 basis point operating margin premium on these products compared to legacy combustibles, our revised earnings model projects an incremental $0.25 in earnings per share for the next fiscal year, which, at the stock's current forward P/E multiple of 16x, suggests a 5% increase in the stock price.","Heated tobacco unit volumes grew 16% year-over-year in Q3, capturing an additional 2.3 percentage points of EU market share to reach 12.7%. The segment's 72% gross margin versus 66% for traditional cigarettes is expanding overall gross margins by 180 basis points to 70.5%, which forward earnings models indicate will drive a 5% increase in the stock price as FY2024 EPS estimates rise to $6.18."
PM,sell,"The company's debt-to-EBITDA ratio increased to 3.2x from 2.5x year-over-year as net debt rose $3.2 billion, free cash flow declined 18% to $1.8 billion, and new EU regulatory compliance costs of $450 million annually will compress EBITDA margins by 320 basis points, pressures that warrant a 5% price decrease.","Our analysis of recent regulatory filings in key Southeast Asian markets indicates a 250 basis point increase in excise taxes on heated tobacco units, which will be fully implemented over the next two quarters. This tax increase is projected to compress the segment's gross margin from 62.5% to 60.1%. Given that this segment contributes 35% of total gross profit, our forward earnings model projects a reduction in full-year EPS, justifying a 5% decrease in the stock's target price."
NWSA,buy,"In the most recent six-month period, the Dow Jones segment increased its total digital-only subscribers by 450,000, while concurrently raising its digital Average Revenue Per User (ARPU) by 4% through successful product bundling. The combined effect boosts high-margin recurring revenue, adding an estimated $0.08 to forward EPS, which justifies a 5% price increase based on the stock's current forward P/E ratio of 18x.","Digital subscription revenue grew 23% year-over-year to $847 million, representing 42% of total revenue versus 35% previously, with this high-margin segment's 67% gross margin driving projected EBITDA margin expansion of 180 basis points that valuation models indicate supports a 5% stock price increase."
NWSA,sell,"An evaluation of the company's Book Publishing segment shows a 150 basis point increase in returns and allowances over the past six months, eroding gross margins. This trend, coupled with rising paper and printing costs, is projected to lower the segment's EBITDA contribution by $40 million next fiscal year. Our sum-of-the-parts (SOTP) valuation model, which accounts for this reduced profitability, results in a lower enterprise value, implying a potential 5% decrease in the stock price.","News Corp's digital advertising revenue declined 12.3% year-over-year while segment EBITDA margins compressed 420 basis points from 18.7% to 14.5%, driven by 28% higher content licensing fees. This margin deterioration relative to media peers trading at 6.8x EV/EBITDA supports a 5% downside price adjustment based on discounted cash flow models."
FITB,buy,"Fifth Third Bancorp's net interest margin expanded 18 basis points sequentially to 3.38% while loan portfolio growth accelerated to 8.4% year-over-year, generating $165 million in additional annual net interest income. This 6.5% increase in core earnings capacity, when valued at the current 10.2x P/E multiple and combined with a stable 0.32% net charge-off ratio, directly translates to a 5% stock price appreciation.","Recent investments in digital banking technology are forecast to improve the company's efficiency ratio from 60.5% to 58.5% over the next 12 months. This 200 basis point improvement is projected to increase the bank's Return on Tangible Common Equity (ROTCE) by 140 basis points. This enhancement in profitability supports a higher valuation multiple, directly leading to a calculated 5% increase in the stock's fair value."
FITB,sell,"An analysis of the commercial loan portfolio reveals an anticipated increase in non-performing loans (NPLs) from 0.48% to 0.65% of total loans in the coming year, necessitating an additional $200 million in loan loss provisions. This increase in provisions is expected to reduce the bank's forward Return on Tangible Common Equity (ROTCE) from 14.0% to 12.8%, which, based on peer valuation multiples, justifies a lower Price-to-Tangible Book Value (P/TBV) ratio and implies a 5% downside to the stock's current price.","Core deposits fell 8.3% quarter-over-quarter to $124 billion, compressing net interest margin by 28 basis points to 2.85% and raising deposit costs by 65 basis points to 2.45%, pressures that justify a 5% reduction in valuation."
BXP,buy,"BXP's Q3 same-store NOI growth accelerated to 5.2%, beating consensus by 230 basis points, while occupancy improved to 94.8% and new lease spreads reached +18% on 1.2M sq ft of executions; this operational outperformance supports a 5% stock price increase as it implies durable 4.5% annual FFO growth and justifies a forward P/FFO multiple expansion from 12.5x to 13.1x.","BXP currently trades at a 9.2% discount to its consensus Net Asset Value (NAV) per share of $130. The announced sale of a non-core asset at a 4.5% capitalization rate, which is 50 basis points below the rate implied in current NAV estimates, is projected to cause this discount to narrow to its historical average of 4.6%, representing a 5% increase in the share price."
BXP,sell,"BXP's Q3 occupancy rate fell 320 basis points to 88.2% from 91.4% year-over-year, while same-store NOI declined 3.2% and new lease spreads turned negative at -15% on 1.2M sq ft of expirations, compressing forward FFO per share estimates by $0.28 and triggering a projected 5% stock price decrease.","Management has revised its full-year Normalized Funds From Operations (FFO) per share guidance downward from a midpoint of $7.55 to $7.40, a 2% reduction, citing higher-than-expected tenant move-outs. This, combined with a 130-basis-point decline in portfolio-wide occupancy over the last two quarters to 87.2%, has led our valuation model to reduce the forward dividend discount valuation, indicating a potential 5% decrease in the stock's price."
AIZ,buy,"The company's recent debt refinancing initiative is expected to reduce annual interest expense by $45 million. This saving will directly improve the net profit margin by 60 basis points. A regression analysis of AIZ's historical valuation shows a strong positive correlation between net margin and its price-to-book (P/B) ratio. This 60-basis-point margin expansion supports a P/B multiple of 1.78x, an increase from the current 1.70x, implying a potential 5% appreciation in the stock price based on the current book value per share.","Assurant's specialty property insurance combined ratio improved 320 basis points year-over-year to 91.8%, while EBITDA margin expanded from 17.9% to 21.2% on $185 million of cost synergies, driving ROE to 14.5% versus sector median of 12.0% and supporting a 5% stock price appreciation target as valuation multiples re-rate toward 1.4x book value."
AIZ,sell,"Our forecast for Assurant's Global Housing segment indicates a 60 basis point contraction in net operating margins for the upcoming fiscal year, from 11.8% to 11.2%, due to higher-than-anticipated non-catastrophe loss ratios. This adjustment lowers our full-year EPS estimate by $0.72. Applying the stock's current forward P/E ratio of 13.5x, this earnings revision directly supports a 5% decrease in the stock's valuation.","Assurant's Global Housing segment combined ratio deteriorated 330 basis points quarter-over-quarter from 95.2% to 98.5%, while net earned premiums declined 4.2% year-over-year, representing a fundamental deterioration in underwriting profitability that would justify a 5% stock price decrease based on revised forward P/E multiple compression."
CVS,buy,"The Health Care Benefits segment has added a net 450,000 new medical members over the last two quarters, exceeding forecasts by 15%. Concurrently, the Medical Benefit Ratio (MBR) is projected to improve by 50 basis points year-over-year to 84.5% due to successful cost-containment initiatives. A discounted cash flow (DCF) model update incorporating this higher membership revenue and lower cost base results in a $4.80 rise in the intrinsic value per share, justifying a 5% price increase.","CVS Health's PBM segment achieved 130 basis points margin expansion to 6.2% last quarter through $2.8B in new specialty pharmacy contracts with 15% higher generic dispensing rates, while retail same-store sales grew 4.1%, operational metrics that signal 5% stock price appreciation."
CVS,sell,"Medicare Advantage reimbursement rates cut 3.5% next quarter reduces annual revenue by $680 million across 4.2 million members, while PBM rebate retention declines from 8% to 5%, compressing health benefits segment EBITDA margins 180 basis points to 5.6%, creating valuation pressure that would drive a 5% stock price decrease.","Our analysis projects a 50 basis point compression in the Pharmacy & Consumer Wellness segment's gross margin over the next two quarters, declining from 8.1% to 7.6%, due to newly negotiated, less favorable pharmacy reimbursement rates. This margin erosion is expected to reduce annualized pre-tax profit by approximately $580 million, which, after applying the company's historical 11.5x forward P/E multiple to the post-tax earnings impact, implies a potential stock price decrease of 5%."
AJG,buy,"AJG's EBITDAC margin expanded 180 basis points to 28.2% in the most recent quarter, driven by $45M in annualized synergies from a reinsurance brokerage acquisition completed two quarters prior. This margin improvement adds $0.22 to forward EPS, a 5% earnings boost that will translate directly to stock price appreciation as the market absorbs the sustainable cost structure improvement.","Our discounted cash flow (DCF) analysis has been updated following last quarter's results, where organic revenue growth accelerated to 9.5%, significantly ahead of the 8.2% consensus estimate. This top-line beat, combined with a 60-basis point improvement in the adjusted operating margin to 21.8%, leads to a higher long-term free cash flow projection. Incorporating this sustained level of enhanced profitability and growth into our valuation model increases our fair value estimate by 5%."
AJG,sell,"Acquisition-driven debt/EBITDA leverage increased from 2.1x to 3.9x as the company deployed $1.4B in cash, while operating cash flow conversion fell from 91% to 58% due to integration costs and contingent consideration payments, creating refinancing risk that justifies a 5% valuation discount.","Adjusted EBITDAC margin contracted by 150 basis points year-over-year to 30.5%, driven by integration costs from recent acquisitions and a 12% rise in compensation expenses that outpaced revenue growth. Our discounted cash flow (DCF) model, which previously assumed a long-term EBITDAC margin of 31.5%, has been revised. Adjusting the terminal margin assumption down to 30.5% to reflect this new cost structure results in a potential 5% decrease in our fair value estimate."
CTVA,buy,"Analysis of Corteva’s Q3 product mix indicates that the higher-margin Enlist E3™ soybean system is outpacing sales forecasts, now projected to account for 55% of soybean acres planted next season, up from a 48% estimate. This shift is expected to increase consolidated operating margins by 80 basis points, raising the forward fiscal year EPS forecast from $3.10 to $3.26. Applying the agricultural science peer group's average forward P/E of 17.5x to this revised EPS estimate suggests a 5% upside to the current stock price.","CTVA's North America seed market share expanded 150 basis points to 19.7% year-over-year while EBITDA margins improved 120bps to 23.8%, driving a projected free cash flow yield increase from 5.2% to 6.1% and supporting a 5% stock price appreciation as the P/E multiple re-rates from 16.5x to 17.3x over the next 12 months."
CTVA,sell,"Corteva's North America seed segment reported Q3 gross margins declining 340 basis points year-over-year to 54.6%, while management reduced full-year EBITDA guidance by $180 million (4.2% below consensus), accompanied by inventory turnover decreasing from 4.1x to 3.3x and accounts receivable days outstanding rising from 43 to 61 days, with these operational headwinds directly implying a 5% stock price decrease based on normalized earnings multiple compression.","Recent channel checks in the North American seed market show a market share contraction for Corteva's corn seed portfolio from 35% to 33% year-over-year, due to aggressive pricing from a key competitor. As this segment represents 40% of the company's operating income, this two-point share loss translates into a 6% reduction in projected free cash flow. A revised discounted cash flow (DCF) analysis based on this lower cash flow generation supports a 5% decrease in the share price valuation."
VZ,buy,"Verizon's wireless segment delivered 4.5% year-over-year revenue growth and 150 basis points EBITDA margin expansion to 47.8% last quarter, driven by 525,000 postpaid phone net additions and 3.1% ARPA growth, metrics that support a 5% stock price increase as forward earnings estimates rise 7.5%.","Analysis of recent subscriber data indicates a successful uptake of premium 5G plans, with Postpaid Phone Average Revenue Per User (ARPU) projected to grow 2.6% in the upcoming quarter, compared to 1.4% in the same quarter last year. This accelerated ARPU growth is expected to add $480 million in incremental EBITDA, which, when capitalized at the industry's average 7.0x EV/EBITDA multiple, supports a 5% increase in the stock's valuation."
VZ,sell,"Analysis of capital-intensive 5G network investments reveals a lower-than-projected Return on Invested Capital (ROIC) of 7.4%, which has fallen 60 basis points below the company's estimated Weighted Average Cost of Capital (WACC) of 8.0%. This indicates value-destructive growth, and modeling this 60-basis-point negative spread between ROIC and WACC into our discounted cash flow valuation reduces the fair value estimate of the stock by 5%.","Net debt-to-EBITDA ratio climbed to 3.4x from 2.8x over the past six months as free cash flow margins compressed 250 basis points year-over-year to 12.7%, with $44.8 billion in spectrum-related principal payments due within 24 months and no corresponding EBITDA growth, creating refinancing risk that justifies a 5% price decline."
SNA,buy,"Snap-on's North American automotive diagnostics market share increased 320 basis points year-over-year to 21.4% from 18.2%, generating $142 million in quarterly free cash flow for a 5.1% yield and improving ROE to 22.5% from 19.8%, fundamentals supporting a 5% price increase target.","Recent channel checks indicate a 7% year-over-year increase in franchisee van sales, surpassing initial projections of 4%. This outperformance in the core Snap-on Tools Group prompts an upward revision of the company's total revenue forecast by 2%. Our discounted cash flow (DCF) model, updated with this revised revenue growth rate, now yields an intrinsic value 5% above the current share price."
SNA,sell,"Analysis of recent supply chain cost data shows a 150 basis point year-over-year contraction in gross profit margin for the most recent quarter, from 49.8% to 48.3%. Management's forward guidance now projects full-year operating margin at the low end of its previously stated range. Recalibrating earnings models with these higher input costs and a revised 7% decrease in net income estimates results in a valuation that is 5% below the current share price.","Gross margin contracted 120 basis points from 52.3% to 51.1% in the most recent quarter, driven by 8% higher alloy steel costs and unfavorable product mix, which is projected to reduce full-year EPS by $0.45 and trigger a 5% stock price decrease at the current P/E multiple of 14.2x."
ULTA,buy,"ULTA's e-commerce segment delivered 22% year-over-year revenue growth reaching $1.4B while expanding gross margins 180 basis points to 38.2%, significantly outperforming the specialty retail average of 34.5%. Digital sales now account for 18% of total revenue with customer acquisition costs decreasing 12% to $31 per member, and inventory turnover improved 85 basis points to 4.2x. This profitable online shift combined with expanded digital market share could drive a 5% price increase as forward P/E re-rates from 18x to 19x.","In its most recent quarterly report, Ulta Beauty's gross margin increased by 120 basis points year-over-year to 40.8%, surpassing consensus estimates of 39.9%. This margin expansion, driven by a higher mix of premium beauty products, led to an earnings per share (EPS) of $5.62, representing a 5.05% beat over the anticipated $5.35. A positive earnings surprise of this magnitude directly supports an immediate 5% increase in the stock's valuation."
ULTA,sell,"The company's customer loyalty metrics show signs of weakening against direct competitors. Over the past six months, Ulta's average transaction value per loyalty member has declined by 3% to $58.10, while internal tracking of competitor programs indicates a 4% increase for its primary peer. A regression analysis linking loyalty member spending to forward revenue indicates this trend will likely reduce next year's revenue forecast by 2.5%, which, when carried through our valuation model at the current P/E ratio, justifies a 5% reduction in the price target.","Ulta's Q3 gross margin compressed 240 basis points year-over-year from 40.2% to 37.8% as promotional discounts increased 450 basis points to 18.5% of revenue while inventory turnover slowed from 3.2x to 4.1x, signaling weakening pricing power that will likely cause a 5% stock price decrease."
DE,buy,"Deere's precision agriculture segment revenue grew 18% year-over-year with segment margins expanding 340 basis points to 24.2% and North American market share increasing from 31% to 34%, resulting in analyst target price upgrades that imply a 5% stock price increase.","Our analysis of Deere’s product mix shows that high-margin Precision Agriculture technology now constitutes 28% of new large equipment revenue, up from 22% in the same quarter last year. This mix shift is projected to permanently increase the company's forward operating margin by 125 basis points, which in our discounted cash flow (DCF) model, raises the intrinsic value of the stock by 5%."
DE,sell,"Internal channel checks indicate that dealer inventories of large agricultural equipment (>100hp tractors) have risen to 120 days of sales, a 25% increase from the five-year average of 96 days for this period. This inventory build is projected to trigger manufacturer discounts, leading to a 70 basis point compression in gross margins for the next two quarters. Our discounted cash flow model indicates this margin reduction lowers the intrinsic value of the stock by 5%.","Deere's Q3 operating margin contracted 430 basis points year-over-year to 14.2% as equipment pricing power eroded, while debt-to-equity surged from 2.3x to 3.1x and free cash flow swung to -$420 million, indicating unsustainable leverage and profitability deterioration that supports a 5% stock price decline."
AME,buy,"Management's Q3 revenue guidance of 8.5% YoY growth exceeded Street consensus by 330bps, while EBITDA margin expansion of 120bps to 26.8% on aerospace segment recovery supports a 5% stock price increase based on peer multiple re-rating.","Our proprietary model projects AMETEK's free cash flow (FCF) conversion rate will rise from 110% to 120% of net income over the next four quarters due to more efficient inventory management. This boosts the forward FCF forecast to $1.68 billion. If the stock were to be valued at an FCF yield of 4.1%, in line with its direct-competitor average, its market capitalization would be $40.98 billion, representing a 5% premium over its current market cap of $39.03 billion."
AME,sell,"AMETEK's Q3 organic revenue growth decelerated to 1.8% quarter-over-quarter from 7.2% in Q2, while gross margins compressed 280 basis points to 34.1% amid pricing pressures in its Electronic Instruments segment. Management lowered FY2024 EPS guidance by $0.18 to $5.95-$6.05, representing 4.2% downside to prior consensus, which our DCF model translates to a 5% stock price decline.","Our analysis indicates a sustained 150 basis point compression in operating margins for the Electromechanical Group (EMG), from a historical average of 22.5% to a projected 21.0% over the next four quarters, due to increased labor costs and freight expenses. Applying this lower margin profile to our discounted cash flow (DCF) model, while holding revenue projections and the discount rate constant, reduces the intrinsic value per share, indicating a potential 5% decrease from its current price level."
STT,buy,"State Street's Q3 asset servicing revenue grew 11.4% YoY to $1.42B, beating consensus by 4.2%, while operating margins expanded 270bps to 32.8%. This combination is projected to deliver 12% EPS upside to $2.15 next quarter, directly supporting a 5% stock price increase as shares reprice to a 14.5x forward P/E multiple.","Recent optimization of the company's securities portfolio, coupled with disciplined expense management, is projected to expand the operating margin by 80 basis points over the next four quarters. This efficiency gain is expected to contribute an additional $0.35 to the consensus forward EPS estimate, which, valued at the stock's trailing twelve-month P/E ratio of 11.5x, directly supports a price appreciation of 5%."
STT,sell,"The company's asset servicing division experienced client attrition of $680 billion in assets under custody over the past six months, while fee compression of 7 basis points on the remaining $39.3 trillion book reduced quarterly servicing revenue by $210 million, with consensus estimates now reflecting a 5% stock price decline as forward P/E multiples contract from 10.5x to 9.2x.","Competitive fee pressure is impacting State Street's core servicing business more severely than the market perceives. Channel checks suggest the company is likely to see a 25 basis point reduction in its average servicing fee rate on new and renewed contracts over the next two quarters, leading to a projected $220 million annual revenue headwind. This erosion of high-margin revenue is expected to reduce the firm's Return on Equity (ROE) from 10.5% to 9.9%. A Gordon Growth Model valuation adjustment based on this lower ROE points to a 5% decrease in the intrinsic value of the stock."
EQR,buy,"EQR's Q3 same-store NOI grew 4.2% YoY with occupancy reaching 96.8% and renewal rates increasing 3.1%, driving 2024 AFFO per share guidance to $3.45 (6.0% growth) which at a 11.8x P/AFFO multiple trades at a 5% discount to the sector average of 12.4x, implying a 5% price appreciation needed for valuation parity.","EQR's stock currently trades at an implied 8.0% discount to our internal Net Asset Value (NAV) per share estimate of $71.20. Based on a peer group analysis, comparable high-quality residential REITs are trading at an average discount of only 3.4% to their respective NAVs. A narrowing of this valuation gap to the peer average would result in a re-rating of the shares, implying a potential 5% increase in the stock price."
EQR,sell,"Debt-to-EBITDA ratio deteriorated to 8.1x this quarter from 6.9x sequentially, with floating-rate debt comprising 44% of total borrowings at an average rate of 6.15%, causing interest coverage to drop to 3.2x and Q3 FFO margin to compress 320 basis points to 25.1%; the resulting 110% dividend payout ratio signals a potential 15% distribution cut, a scenario that has historically triggered 5% price declines across multifamily REITs.","Management's latest guidance includes a 150 basis point reduction in the midpoint of its full-year same-store Net Operating Income (NOI) growth forecast, from 2.5% down to 1.0%, due to softening rental demand in key coastal markets. Our discounted cash flow (DCF) model indicates that this lower long-term growth assumption reduces the intrinsic value per share from $63.00 to $59.85, representing a potential 5% downside from the current price."
CMCSA,buy,"An accelerated recovery in international attendance at Universal theme parks, reaching 92% of pre-pandemic levels last quarter against expectations of 85%, is projected to add an incremental $450 million to full-year free cash flow. Incorporating this updated cash flow projection into our discounted cash flow (DCF) model, holding the weighted average cost of capital (WACC) constant at 8.2%, results in an upward revision of our valuation, indicating a 5% upside to the current share price.","Comcast's Cable Communications segment reported 89,000 broadband net additions in Q3, reversing 12 consecutive quarters of subscriber losses, while wireless subscribers surged 43% year-over-year to 6.3 million and segment EBITDA margins expanded 210 basis points to 45.4%. With free cash flow guidance raised by $1.4 billion to $15.8 billion for 2024, these metrics support a 5% stock price increase as analysts revise forward valuations on improved core business fundamentals."
CMCSA,sell,"Q3 broadband subscriber net additions collapsed to 12,000 from 74,000 year-over-year while video subscriber losses accelerated to 355,000, a 24% deterioration, which will reduce quarterly revenue by $380 million and compress EBITDA margins by 115 basis points to 37.8%, directly justifying a 5% stock price decrease.","Our analysis shows that increasing competition from fixed wireless access (FWA) is eroding Comcast's broadband market share. We project a loss of 25 basis points of market share in key residential markets over the next two quarters, leading to a revised forecast of 10,000 net broadband losses for the current quarter, compared to consensus estimates of a 15,000 gain. A sensitivity analysis on our discounted cash flow (DCF) model indicates that this reduction in long-term subscriber growth lowers the intrinsic value per share by 5%."
TROW,buy,"Our proprietary analysis of institutional and retail fund flows indicates a significant deceleration in net outflows, projecting a positive net flow of $15 billion for the upcoming quarter, contrasting with consensus expectations of a $20 billion net outflow. This $35 billion positive variance in Assets Under Management (AUM), at an average fee rate of 0.44%, translates to a $154 million increase in our forward 12-month revenue forecast. Updating our 5-year DCF model with this improved top-line growth trajectory, while holding margin assumptions and the weighted average cost of capital (WACC) at 39% and 9.5% respectively, increases the derived intrinsic value per share by 5%.","Assets Under Management increased 8.3% year-over-year to $1.68 trillion with $42 billion in net inflows last quarter, generating 11.2% revenue growth and 42.7% operating margins, which relative valuation models indicate should drive a 5% price increase."
TROW,sell,"Internal analysis of fund flow data from the most recent quarter shows net client outflows accelerated to $16.5 billion, a significant increase from the $11.2 billion in outflows recorded in the prior quarter. This trend has reduced total Assets Under Management (AUM) by 4.2% sequentially. Projecting this higher outflow rate over the next two quarters lowers our forward revenue estimates from management fees by 7.1%, which adjusts our discounted cash flow valuation downward and indicates a potential 5% decrease in the stock price.","Net client outflows of $47 billion over the trailing 6 months represent 3.1% of total AUM, while average management fees compressed 2.8 basis points to 0.41%, creating combined revenue headwinds that justify a 5% stock price decrease."
JPM,buy,"The bank's efficiency ratio improved to 52% from 57% year-over-year via $2.3 billion in cost savings, while pre-provision net revenue grew 9%; this operational leverage adds $0.55 to EPS, representing 5% earnings upside that directly translates to a 5% stock price appreciation.","We project JPM's Asset & Wealth Management division will see net new asset inflows of $80 billion in the upcoming fiscal year, a 15% increase over the previous year and 10% above consensus estimates. This accelerated growth in a high-margin (35% pre-tax) segment lifts our forward EPS estimate by $0.70. This upward earnings revision alone, before any multiple expansion, warrants a re-rating of the stock, and our discounted cash flow model indicates this will contribute to a 5% increase in the intrinsic value per share."
JPM,sell,"A review of the company's loan portfolio reveals that the non-performing loan (NPL) ratio for its consumer credit card division increased by 40 basis points sequentially to 1.75% last quarter, outpacing the peer average increase of 25 basis points. This trend is expected to necessitate an increase in loan loss provisions by $1.8 billion over the next six months. Factoring this charge-off into valuation models reduces the tangible book value per share growth forecast by 1.2%, warranting a price-to-tangible-book-value (P/TBV) multiple contraction that supports a potential 5% decrease in the stock price.","Commercial real estate loan net charge-offs rose to 0.68% of average loans in Q3 from 0.25% in Q2, driving a $2.4 billion reserve build that increased loan loss provisions to 1.52% of total loans. Combined with office exposure at 3.2x Tier 1 capital, analysts project a $0.58 EPS reduction over the next 12 months, which DCF analysis prices as a 5% stock price decrease."
MSI,buy,"Recent quarter operating margin expanded 150 basis points to 26.0% on 14.2% Software & Services revenue growth, with 96% EBITDA-to-FCF conversion supporting an 8% increase in forward EPS estimates at constant 19x P/E multiple, resulting in a 5% price increase.","Analysis of recent government contract awards reveals that MSI's public safety LMR (Land Mobile Radio) backlog has increased by $950 million, 15% above internal projections for the last two quarters. Our modeling indicates that the accelerated revenue recognition from this backlog, combined with its 60% gross margin profile, will increase forward 12-month free cash flow by $180 million, directly supporting a 5% increase in our discounted cash flow (DCF) valuation of the stock."
MSI,sell,"The renewal rate for service contracts valued over $20 million has decreased to 89% in the last two quarters, down from the historical five-year average of 94%. This slowdown is expected to reduce next year's high-margin recurring revenue growth from 8% to 4.5%. This revision to our discounted cash flow (DCF) model's terminal growth rate assumption from 3.0% to 2.75% results in a valuation adjustment that suggests a potential 5% decrease in the stock price.",The 8.3% decline in North American public safety revenue to $1.67B combined with 340 basis points gross margin compression to 51.2% in the most recent quarter triggers a 5% stock price decrease target as EBITDA guidance was reduced by $85M to $1.24B for the current fiscal year.
JBHT,buy,"JBHT currently trades at a forward P/E ratio of 18.2x, representing a 15% discount to its direct intermodal peer group average of 21.4x. We project that due to superior network efficiency, JBHT's operating margin will expand by 50 basis points over the next four quarters. This margin improvement justifies a partial closing of the valuation gap, leading to a P/E multiple expansion to 19.1x, which implies a 5% appreciation in the stock price.","Intermodal segment revenue grew 8.3% year-over-year to $1.42 billion driven by 5.2% volume expansion and 3.1% pricing gains, while operating margins improved 170 basis points to 14.1%, positioning EBITDA to exceed consensus estimates by 12% and directly supporting a 5% stock price increase based on current EV/EBITDA multiples."
JBHT,sell,"Channel checks show a deceleration in freight demand, with contractual rates in the Dedicated and Truckload segments renewing at an average of 3.5% below rates from the prior year. This leads us to reduce our forward 12-month revenue growth forecast from 4.0% to 1.5%. Factoring this slower top-line growth into our discounted cash flow model, primarily by lowering terminal growth assumptions, reduces our intrinsic value estimate by 5%.","Debt-to-equity ratio increased from 0.8x to 1.3x over the past six months after taking on $450 million in equipment financing, while ROE dropped from 18.5% to 14.2%. With the P/E ratio expanding to 22x despite EPS growth slowing to 3% year-over-year, this leverage increase and valuation disconnect support a potential 5% price decrease."
AMP,buy,"The company's Advice & Wealth Management segment reported accelerated net client inflows of $18.2 billion in the most recent quarter. Incorporating this stronger-than-expected growth into a discounted cash flow (DCF) model justifies raising the long-term perpetual growth rate assumption from 2.00% to 2.15%, which increases the derived intrinsic value per share by 5%.","Asset under management grew 8.2% year-over-year to $398 billion with net inflows of $11.5 billion, expanding operating margins by 160 basis points to 24.1% and driving a 6.4% EPS upgrade, which analysis indicates should catalyze a 5% stock price increase."
AMP,sell,"Quarterly assets under management declined 3.8% year-over-year to $335 billion, driven by $12 billion in net client outflows and negative market performance, while average management fee margins compressed 52 basis points to 0.68%, resulting in a projected 5.2% decline in core fee revenue over the next two quarters and supporting a 5% price downside.","The company's adjusted operating margin in its Asset Management division has compressed by 220 basis points over the last six months, from 33.5% to 31.3%, due to escalating advisor retention costs and marketing expenditures. A discounted cash flow (DCF) model that incorporates this lower, sustained margin profile and a slightly increased weighted average cost of capital (WACC) from 8.5% to 8.9% yields a fair value estimate that is 5% below the current share price."
PNW,buy,"The company's 'Desert Grid' efficiency initiative is on track to reduce annual non-fuel Operations & Maintenance (O&M) expenses by $50 million. Capitalizing these recurring pre-tax savings using the company's current Enterprise Value to EBITDA (EV/EBITDA) multiple of 11.2x suggests an increase of approximately $560 million in its enterprise valuation, translating directly to a 5% appreciation in its equity value.","Management's successful refinancing of $800 million senior notes from 4.8% to 3.2% coupon reduces annual interest burden by $12.8 million, improving cash flow by $0.14 per share and strengthening debt-to-equity ratio to 0.95, resulting in 8.1% accretion to distributable cash flow that supports a 5% valuation uplift."
PNW,sell,"Over the last two quarters, unscheduled plant maintenance has driven Operating and Maintenance (O&M) expenses 3% above budget, and these costs are projected to remain elevated for the next fiscal year. This sustained cost pressure is forecast to erode the company's operating margin by 110 basis points, from 22.0% to 20.9%. A DCF analysis incorporating this margin erosion reduces our fair value estimate for the stock, indicating a potential 5% downside from its current trading level.","Commercial and industrial electric load declined 1.3% year-over-year in Q3 2024 while wildfire mitigation expenses surged $65M above budget, cutting transmission segment margins by 12%. The resulting 60 basis point drop in return on equity from 9.2% to 8.6% and $220M increase in pension liabilities justify an expected 5% stock price decline."
TMO,buy,"The company's trailing twelve-month free cash flow generation improved to $7.8B (9.4% yield) from $6.5B in the prior period, while net debt-to-EBITDA declined from 2.8x to 2.3x following $2.1B in debt repayment. Management announced a 25% increase in share repurchase authorization to $5B annually and guided to ROE expansion from 14.5% to 16.2% for the forward year. This enhanced capital return capacity paired with improved balance sheet flexibility could drive a 5% re-rating in the stock's P/E multiple from 22x to 23.1x despite maintaining the same earnings base.","Recent implementation of an AI-driven supply chain management system has resulted in a year-over-year improvement in operating margin of 100 basis points, observed over the last two quarters. Extrapolating this efficiency gain across the full year's projected revenue base of $44 billion would boost EPS by approximately $0.93, justifying a 5% upward re-rating of the stock price based on the current earnings multiple."
TMO,sell,"The company's net debt-to-EBITDA ratio increased to 3.6x from 2.8x year-over-year, while free cash flow conversion deteriorated from 85% to 72% due to a $280 million working capital build, and interest coverage declined from 18.5x to 14.2x on $185 million of incremental interest expense. These balance sheet pressures and reduced liquidity metrics create refinancing risk and warrant a 5% stock price decrease.","Analysis of Thermo Fisher's Analytical Instruments segment reveals that operating margins contracted by 210 basis points in the last quarter compared to the prior year, falling from 24.8% to 22.7%. This was driven by increased raw material costs and unfavorable product mix shifts. A discounted cash flow (DCF) sensitivity analysis indicates that if this lower margin profile persists for the next four quarters, it would reduce the company's projected free cash flow, justifying a 5% decrease in our stock price target."
WMB,buy,"New 15-year gas gathering contracts totaling 450 MMcf/d in Haynesville Shale at weighted-average fixed fees of $1.25/Mcf will generate incremental annual EBITDA of $205 million beginning Q2 2025, representing 3.4% EBITDA growth that valuation models equate to a 5% stock price upside.","Analysis of WMB's recently commissioned Transco expansion projects indicates a projected 5% increase in Distributable Cash Flow (DCF) per share over the next four quarters, from $3.20 to $3.36. Applying the company's historical 5-year average DCF yield of 8.0% to this new forecast suggests a valuation uplift, supporting a 5% increase in the stock price."
WMB,sell,"An analysis of WMB's debt structure indicates that approximately $4 billion in senior notes are due for refinancing over the next 18 months. Current market rates suggest the new coupon rates will be, on average, 300 basis points higher than the maturing debt, leading to a projected increase in annual interest expense by $120 million. This increase is expected to reduce the forward earnings per share (EPS) estimate from $1.90 to $1.80, which, when applying the sector average P/E multiple of 21x, supports a valuation markdown of 5%.","Distributable Cash Flow coverage ratio declined from 1.35x to 0.97x over the last two quarters, reflecting 12% higher maintenance capex and 7% reduced fee revenues from contract roll-offs. The projected 18% distribution cut to restore 1.2x coverage would reprice the yield from 6.8% to 8.3%, directly causing a 5% stock price decrease."
CNC,buy,"Centene recently secured new state-managed care contracts that are projected to increase its total enrolled membership by 600,000, or 2.2%, starting in the first quarter of the next fiscal year. This membership growth is forecast to generate an additional $2.1 billion in annual revenue. Our model, which correlates revenue growth to the company's price-to-sales (P/S) ratio, indicates this expansion justifies a multiple re-rating from 0.20x to 0.21x, which translates to a 5% appreciation in the stock's value.","The company's operating cash flow is forecasted to grow from $5.2 billion to $6.1 billion over the next 12 months, while management reduces total debt by $4.4 billion to improve the debt-to-equity ratio from 0.68x to 0.52x, supporting a 5% upward valuation adjustment."
CNC,sell,"Centene lost its Iowa Medicaid contract representing 145,000 members and $1.2 billion in annual revenue, while Medicare Advantage enrollment declined 8.5% year-over-year, reducing 2024 revenue guidance by $1.8 billion and EBITDA by $120 million, which analysts estimate will drive a 5% stock price decrease.","Our proprietary model indicates Centene's Medical Loss Ratio (MLR) will reach 88.6% in the second half of the year, 80 basis points above the company's guided midpoint. This is driven by a 12% quarter-over-quarter spike in specialty pharmaceutical costs within its Ambetter Marketplace plans. This margin compression is forecast to reduce forward earnings per share by $0.38, which, based on the stock's current forward P/E of 11.5x, warrants a 5% decrease in the stock price."
NKE,buy,"Over the past two quarters, NIKE has reduced its inventory-to-sales ratio by 12%, leading to a significant improvement in its cash conversion cycle from 30 days to 18 days. This enhanced working capital management has boosted free cash flow per share by an annualized rate of 9%. A discounted cash flow (DCF) analysis incorporating this sustained cash flow improvement results in a 5% increase in our calculated intrinsic value for the stock.","Nike's China segment achieved 18% constant-currency growth with inventory turnover improving to 4.3x from 3.1x, while the stock trades at 22.5x forward P/E, a 15% discount to apparel peers despite ROE expanding to 42%; closing this valuation gap would catalyze a 5% stock price appreciation."
NKE,sell,"Analysis of recent channel checks indicates NIKE's market share in the key North American direct-to-consumer (DTC) channel has eroded by 250 basis points over the last six months, from 34.5% to 32.0%. As this channel carries operating margins that are approximately 800 basis points higher than wholesale, our discounted cash flow (DCF) model, which incorporates a lower long-term growth rate for this high-margin segment, now yields a revised intrinsic value that is 5% lower than our previous estimate.","The company's forward P/E ratio expanded to 28.5x despite management lowering FY2024 revenue guidance to 3-4% growth from the prior 7-8% outlook, representing a 35% premium to footwear industry peers averaging 21.1x, creating valuation compression risk that could push shares down 5%."
ADSK,buy,"Autodesk's Q3 subscription revenue grew 18% year-over-year to $1.42 billion, beating consensus by 8%, while operating margins expanded 280 basis points to 32.5% and management raised full-year ARR guidance to $6.8 billion. These metrics justify a forward P/E re-rating from 26x to 27.5x, supporting a 5% stock price increase to $235.","An analysis of Autodesk's recent quarterly performance reveals non-GAAP operating margins improved to 37.0%, a 120 basis point expansion over the same quarter last year, driven by a 4% reduction in sales and marketing expenses as a percentage of revenue. If this efficiency is sustained, our model projects a full fiscal year earnings per share (EPS) of $8.15, which is 4.5% above the current consensus estimate. Applying the stock's historical average forward P/E ratio of 35x to this higher EPS figure suggests a valuation 5% above the current share price."
ADSK,sell,"Net revenue retention rate declined 800 basis points to 102% over the past quarter as existing customers reduced seat counts by 12% on average, while debt-to-EBITDA ratio increased to 3.2x from 1.8x year-over-year following a $2.4 billion acquisition, indicating a potential 5% price decrease.","Our channel checks indicate a deceleration in new subscription growth, with billings growth projected to slow to 8% in the next fiscal year, compared to 13% in the trailing twelve months. This slowdown, combined with a projected 200 basis point increase in customer acquisition costs, lowers our forward earnings per share (EPS) estimate. This revised EPS, when applied to the current P/E multiple, suggests a 5% decrease in the stock's valuation."
CFG,buy,CFG authorized a $750 million buyback representing 4.2% of shares while loan growth accelerated to 8% with stable 0.28% net charge-offs. The 9% EPS accretion combined with improved capital deployment is projected to lift the stock price by 5% as forward P/E expands from 9.5x to 10.0x.,"Our analysis projects a 15 basis point expansion in Net Interest Margin (NIM) over the next two quarters, driven by a successful shift in the loan mix towards higher-yielding commercial and industrial loans. This is expected to boost forward earnings per share (EPS) estimates from $3.80 to $3.99, which, holding the forward P/E multiple of 9.0x constant, implies a 5% increase in the target stock price."
CFG,sell,"Net interest margin compressed 30 basis points sequentially to 2.85% as deposit costs rose 45 basis points faster than asset repricing, with total deposits falling $2.3 billion (3.2% decline), reducing quarterly net interest income by $45 million and representing a 5% negative valuation impact.",Our analysis of deposit beta sensitivity indicates Citizens Financial Group's Net Interest Margin (NIM) is poised to contract by an additional 10 basis points over the next two quarters beyond current consensus expectations. This is projected to reduce the forward twelve-month earnings per share (EPS) estimate from $3.80 to $3.61. Applying a constant forward Price/Earnings multiple of 9.5x suggests a revised valuation that represents a 5% decrease from the current stock price.
LHX,buy,"The company's internal cost-cutting initiative, ""Project Nexus,"" has expanded operating margins by 80 basis points over the trailing twelve months, from 15.2% to 16.0%. This sustained margin improvement was not fully priced in by the market. Incorporating this new, higher margin profile into a discounted cash flow (DCF) model, while holding revenue and discount rate assumptions constant, increases the calculated intrinsic value per share by 5%.","The defense electronics segment expanded margins by 150 basis points to 16.8% in the last fiscal year, generating $145M in additional operating income while management authorized a $500M share buyback, a combined capital efficiency improvement that supports a 5% price appreciation."
LHX,sell,"Competitive intelligence indicates that L3Harris was unsuccessful in its bid for the renewal of the U.S. Army's ""Project Vanguard"" ground communication systems, a contract valued at approximately $2.5 billion over five years. The loss of this revenue stream necessitates a reduction in our long-term revenue growth forecast from 4.0% to 3.6%. Recalibrating our Discounted Cash Flow (DCF) model with this revised 40 basis point lower terminal growth rate, while holding the WACC at 8.5%, results in a new target price that is 5% below the current share price.","L3Harris' Q3 gross margin contracted 340 basis points year-over-year to 24.2% while operating cash flow declined 18% to $723 million, with management guiding full-year free cash flow down 15% to $2.1 billion, suggesting 5% downside to shares as the reduced cash generation eliminates flexibility for the planned $1.8 billion share repurchase program and forces a 12% dividend reduction."
WEC,buy,"WEC's Q3 adjusted EPS of $0.92 represents 8.2% year-over-year growth, beating consensus by 4.5%, while new rate base additions of $520 million at authorized ROE of 10.2% drive DCF models to indicate a 5% price increase to $103.20 per share.","The company's deployment of a new predictive analytics platform for grid maintenance has reduced non-fuel Operations & Maintenance (O&M) expenses by $30 million in the last two quarters. This efficiency is projected to expand the company's full-year operating margin by 60 basis points. Based on our discounted cash flow (DCF) analysis, this sustained margin improvement translates directly to an increase in our intrinsic value estimate, supporting a 5% upward revision to our price target."
WEC,sell,"WEC's non-fuel operating and maintenance (O&M) expenses as a percentage of revenue have increased to 22.5% in the last quarter, compared to a five-year average of 20.8%. This margin erosion has caused the company's forward Price-to-Earnings (P/E) ratio to trade at 19.2x, a 12% premium to the utility sector average of 17.1x. We believe this premium is unjustified given the negative cost trend, and a valuation normalization to a more reasonable 6.5% premium would result in a **5% decrease** in the stock price.","WEC's Q3 regulatory settlement lowered authorized ROE to 9.2% from 10.5% for 65% of its rate base, generating a $142 million annual revenue shortfall that compressed forward P/E from 16.0x to 18.5x, implying a 5% price decrease."
MMM,buy,"Healthcare division achieved 9.2% organic revenue growth with margin improvement of 340 basis points to 31.5%, generating $680M incremental free cash flow and supporting a 5% upward valuation revision.","Analysis of recent supply chain optimizations shows a 200 basis point reduction in Cost of Goods Sold (COGS) as a percentage of revenue over the last two quarters. This efficiency gain is projected to expand the company's full-year operating margin from 17.5% to 18.4%. Holding the current P/E ratio constant, this translates directly to an estimated 5% increase in the stock's valuation."
MMM,sell,"Analysis of supply chain data indicates that input costs for key materials, particularly fluoropolymers and adhesives, have risen 9% and 7% respectively in the last quarter, outpacing the company's implemented price increases of 4.5%. This is projected to cause a 150 basis point compression in gross margins for the next two quarters, which is 60 basis points below current consensus estimates. A revised discounted cash flow (DCF) model incorporating this margin pressure suggests a potential 5% decrease in the stock's fair value.","Q3 litigation settlement reserve of $2.5B reduced trailing twelve-month free cash flow 43% from $5.8B to $3.3B, increasing net debt-to-EBITDA to 3.1x versus sector median of 2.0x, which our DCF analysis indicates will drive a 5% stock price decrease."
ADM,buy,"Recent supply chain optimization initiatives are projected to reduce annual operating expenses by $180 million. After applying a 21% tax rate, this cost saving is expected to increase net income by $142.2 million. Based on 530 million shares outstanding, this translates to an incremental EPS of $0.27, which, when capitalized at the company's 5-year average forward P/E ratio of 12.5x, suggests a potential stock price increase of $3.38, or a 5% upside from current levels.","The company reduced net debt-to-EBITDA from 2.1x to 1.4x through $2.3 billion debt repayment over the trailing 12 months, while initiating a $1.5 billion share repurchase program equating to 3.2% of float. This capital structure optimization reduces interest expense by $87 million annually and creates $0.12 EPS accretion, directly supporting a 5% upward revision to price target."
ADM,sell,"A competitive analysis reveals that a new entrant in the South American oilseeds processing market has captured a 3% market share faster than anticipated, leading to pricing pressure. This is forecast to reduce Archer-Daniels-Midland's revenue in the region by $250 million next year, directly impacting operating income. Factoring this revised revenue into our Discounted Cash Flow (DCF) model results in a reduction of the intrinsic value per share, justifying a 5% downward revision of our price target.","ADM's trailing twelve-month operating cash flow declined 23% to $2.1 billion, driving net debt-to-EBITDA to 3.4x from 2.1x year-over-year and reducing interest coverage to 4.2x from 8.5x. This leverage deterioration compresses the valuation multiple by 1.2 turns, translating to a 5% decrease in fair value per share."
XEL,buy,"Xcel Energy secured regulatory approval for $2.8 billion in transmission infrastructure investments achieving 96% rate recovery, which will increase its regulated rate base by 12.5% over the next three years and boost EPS growth to 6.8% annually, with valuation models indicating this regulatory clarity will yield a 5% price increase as shares re-rate from 15.5x to 16.8x forward earnings.","The company's 'Grid Modernization' efficiency program has reduced non-fuel Operations & Maintenance (O&M) expenses by 2.5% in the trailing six months, resulting in a 60-basis-point improvement in operating margin. This operational leverage is projected to generate an additional $180 million in annual free cash flow, which, when capitalized at the sector's average FCF yield of 5.8%, justifies a potential 5% increase in the stock price."
XEL,sell,"Recent regulatory decisions in a key operating state have approved a new allowed Return on Equity (ROE) of 9.4%, a 60 basis point reduction from the 10.0% previously authorized. This change is projected to lower the company's forward earnings per share (EPS) estimates by approximately 7%. A valuation model based on the sector's price-to-earnings to growth (PEG) ratio suggests this reduction in earnings power supports a 5% decrease in the stock's target price.","The company's trailing twelve-month interest coverage ratio deteriorated from 3.4x to 2.6x as operating cash flow declined 12% to $2.1B while interest expense rose 18% to $810M. With $1.8B in debt refinancing required over the next two quarters at rates 180 basis points higher, the incremental $32M annual interest burden increases WACC from 6.8% to 7.4%, translating to a 5% reduction in our DCF-derived fair value estimate."
DD,buy,"Analysis of DuPont's Electronics & Industrial segment's new product pipeline for next-generation 5G components projects an incremental revenue contribution of $350 million for the next fiscal year. This high-margin revenue is forecast to increase free cash flow per share by $0.21, which, when capitalized at the company's historical price-to-free-cash-flow multiple of 19x, indicates a valuation increase of approximately 5% from the current stock price.","DuPont's EBITDA margin expanded 280 basis points year-over-year to 25.3% in the most recent reporting period, generating $180 million in incremental annual free cash flow and reducing net debt-to-EBITDA from 2.4x to 1.8x, which leads to a 5% price increase as the improved capital structure and profitability warrant valuation multiple expansion toward the 14.2x sector average."
DD,sell,"A forward-looking analysis of the specialty chemicals supply chain indicates that key raw material costs for polymers are set to increase by 8-10% over the next two quarters. Due to increased pricing pressure in the automotive and industrial end-markets, internal models show DuPont can only pass on 60% of these costs, leading to a projected 120 basis point compression in its gross profit margin. Applying the company's historical price-to-gross-profit multiple of 0.42x implies this margin erosion will directly result in a 5% decrease in the stock's valuation.","Forward P/E of 18.5x trades 22% above sector average of 15.2x while free cash flow conversion fell from 82% to 64% quarter-over-quarter, metrics that indicate 5% downside to fair value."
KEYS,buy,"Keysight gained 2.3 percentage points of market share in the $4.2B automated test equipment market over the trailing twelve months, reaching 18.7% share while increasing design-win conversion rates by 15% and maintaining a 1.4x book-to-bill ratio on $1.8B quarterly backlog. Analysts forecast this momentum will drive 6-8% upward revisions to forward estimates, supporting a 5% price appreciation.","In the most recent quarter, Keysight's revenue from its 5G and 6G testing segments grew by 11.5% year-over-year, while the segment's peer average growth was only 6.0%. Despite this outperformance, Keysight trades at a forward P/E ratio of 24.0x. We anticipate a market re-rating to a 25.2x multiple as this growth differential is fully priced in, which would represent a 5% increase in the stock's price."
KEYS,sell,"Keysight's Q3 gross margin compressed 280 basis points year-over-year to 59.2% while operating margin declined from 23.5% to 20.8% due to 11% higher R&D spending and pricing pressure. Management guided Q4 revenue down 5% sequentially to $1.30 billion, missing consensus by 3.5%, which should catalyze a 5% stock price decrease.","Competitive pressure in the automotive and energy testing solutions segment is forcing Keysight to offer higher discounts, leading to margin compression. Gross margins are projected to contract by 150 basis points over the next six months. This erosion in profitability is expected to reduce forward earnings per share (EPS) estimates by $0.10, which, when applied to the stock's historical forward P/E multiple of 22x, supports a revised valuation that is 5% lower than the current share price."
LNT,buy,"Internal analysis of Alliant Energy's upcoming rate case filings and operational efficiencies project a next-twelve-months (NTM) Earnings Per Share (EPS) of $2.94, which is 4.6% above the current consensus street estimate of $2.81. Applying the stock's 5-year average forward Price-to-Earnings (P/E) multiple of 18.2x to our higher EPS forecast yields a price target that is 5% above the current market price.","The Wisconsin rate commission approved a $145 million revenue increase authorizing 10.1% ROE, up from 9.4%, boosting forward EPS by $0.12 and accelerating rate base growth to 6.8% annually, with 85% of earnings now protected by forward-looking mechanisms, justifying a 5% upward valuation adjustment."
LNT,sell,"Debt-to-equity ratio increased from 1.18x to 1.42x over the past 6 months as the company added $240 million in new debt while equity growth lagged, pushing interest coverage down to 3.1x and indicating a 5% downward valuation adjustment is warranted.",Analysis of the latest regulatory rate case filings reveals that approved revenue increases will only cover approximately 80% of the company's projected rise in transmission and fuel costs over the next 18 months. This is expected to result in a 90 basis point compression of the company's forward operating margin. Factoring this margin erosion into our discounted cash flow model results in a 5% reduction in our price target for the stock.
CDW,buy,"CDW's Q2 hybrid cloud solutions segment revenue accelerated 18% YoY while segment operating margins expanded 120 basis points to 8.7%, representing a 40 basis point beat versus consensus estimates. This margin leverage on above-market growth in a $14 billion addressable segment supports a 5% stock price increase based on $0.32 of incremental forward EPS.","CDW's forward price-to-earnings (P/E) ratio is currently 21.5x, which represents a 4.9% discount to its five-year historical average of 22.6x. Given that the company just reported a 12% year-over-year increase in its high-margin services revenue, which outpaced its historical average growth of 9%, a reversion to its mean P/E multiple is justified and supports a 5% increase in the stock price."
CDW,sell,"CDW's Q3 gross margin compressed 140 basis points year-over-year to 15.1% as its largest healthcare client (representing 11% of revenue) reduced IT spending by 22%, while SG&A expenses grew 9% versus 4% revenue growth, creating operating leverage deterioration that could result in a 5% stock price decrease.","Our analysis indicates that a 75 basis point contraction in gross margin last quarter, driven by competitive pricing in the mid-market segment, led to a 4% miss on consensus net income estimates. Historically, each 1% miss on net income for CDW has resulted in a 1.25% compression of its forward P/E multiple, suggesting a valuation-driven price decrease of 5%."
CHRW,buy,"The company captured 50 basis points of additional truckload brokerage market share to reach 6.7%, secured a new $180 million annual enterprise contract, and raised full-year revenue guidance by 4% above prior midpoint, together justifying a 5% price appreciation.","Internal efficiency modeling projects that the recent implementation of the company's proprietary logistics software will expand operating margins by 60 basis points over the next 12 months, from a trailing 4.2% to a forward 4.8%. This efficiency gain is expected to increase net income by $45 million, which, when applied to the company's current P/E ratio of 22x, justifies a 5% increase in the stock's target price."
CHRW,sell,"Analysis of recent quarterly performance indicates a 90-basis point contraction in the company's net revenue margin to 15.1%, driven by a 3% increase in purchased transportation costs that was not fully passed on to customers. This margin compression is projected to lower our full-year EPS estimate by 8%. Based on a constant forward P/E multiple of 19x, this earnings revision leads to a valuation that is 5% below the current share price.","The company's trailing twelve-month free cash flow plummeted 31% from $398 million to $275 million as working capital requirements surged, while debt-to-equity rose from 0.78x to 1.32x following increased warehouse lease obligations, which leads to a 5% stock price decrease."
EXPE,buy,"Q3 gross bookings accelerated to 14% YoY growth versus 11% consensus, driving EBITDA margin expansion from 18.5% to 21.2% and supporting a 5% price target increase as FY24 EPS estimates rise from $8.20 to $8.75.","Recent technology platform consolidation has driven a 125 basis point improvement in Return on Invested Capital (ROIC) to 13.5% over the trailing twelve months. Our model correlates every 25 basis point improvement in ROIC to a 1% increase in the company's intrinsic value, indicating that this enhanced capital efficiency supports a 5% increase in the stock price."
EXPE,sell,"Net debt-to-EBITDA ratio deteriorated to 3.8x from 2.9x over the past six months as free cash flow contracted 34% from $1.15 billion to $0.76 billion, pushing leverage beyond covenant thresholds and creating refinancing risk that credit rating agencies flagged, with analysts estimating this leverage concern would catalyze a 5% share price drop.","An analysis of customer acquisition costs reveals that marketing spend as a percentage of revenue increased from 49% to 52.5% in the trailing six months, while user traffic from direct and unpaid channels declined by 4%. This deterioration in marketing efficiency suggests a lower long-term return on invested capital (ROIC). Adjusting our discounted cash flow model for a 100 basis point reduction in our terminal ROIC assumption results in a potential 5% decrease in the stock's intrinsic value."
GD,buy,"Analysis of a new $11.8 billion multi-year government contract reveals a projected operating margin of 10.2% for the Combat Systems segment, which is 120 basis points higher than the segment's five-year average. This margin expansion is expected to increase the company's forward earnings per share (EPS) by 3.1%, and the improved long-term revenue visibility justifies a forward P/E multiple expansion of 1.9%, leading to a combined potential stock price increase of 5%.","General Dynamics secured a $14.2 billion Block V Virginia-class submarine contract with 12.3% operating margins, 180 basis points above legacy programs, generating a $420 million increase in projected 2025 EBIT and adding $1.15 to EPS estimates, which should catalyze a 5% stock price increase."
GD,sell,"General Dynamics' Q3 order backlog declined 8% sequentially to $86.7 billion, while revenue growth decelerated to 1.2% year-over-year from 5.8% in Q2, signaling contracting defense demand that supports a 5% stock price decrease.","Analysis of GD's most recent quarterly filing reveals a decline in the company-wide book-to-bill ratio to 0.85x, down from 1.15x in the same quarter last year. This trend, driven primarily by a slowdown in key international contracts within the Aerospace division, is projected to lower forward 12-month revenue estimates by $1.7 billion. Applying the company's historical price-to-sales ratio of 1.9x to this revenue shortfall suggests a potential valuation reduction of $3.23 billion, equating to a 5% decrease in the current stock price."
HPQ,buy,"Internal analysis of the ""Future Ready"" transformation plan shows annualized structural cost savings have reached $350 million, exceeding the fiscal year's target by 15% a full quarter ahead of schedule. This outperformance is projected to expand the company-wide non-GAAP operating margin by 70 basis points, which, when modeled in a discounted cash flow (DCF) analysis, increases the intrinsic value per share and supports a 5% increase in our price target.","The company reduced net debt by $1.15 billion over the past six months, improving the debt-to-equity ratio from 1.45x to 1.08x while maintaining a 3.6% dividend yield. This deleveraging, combined with a projected ROE improvement from 18.3% to 22.7%, supports a valuation multiple expansion from 8.5x to 9.0x forward P/E, directly implying a 5% price appreciation potential."
HPQ,sell,"A forecasted 20% year-over-year decline in free cash flow, from $4.0 billion to $3.2 billion, driven by slowing demand in the higher-margin Print consumables business, is expected to force a $1.2 billion reduction in the annual share repurchase program. This lower capital return profile justifies a contraction of our target P/E multiple from 8.5x to 8.1x, implying a 5% downside from the current price.","Net debt-to-EBITDA ratio increased to 3.2x from 1.8x over the past 9 months as total debt rose to $7.9B and free cash flow conversion fell to 49%. These leverage metrics exceed the company's 2.5x target and could trigger credit rating pressure, leading to a potential 5% stock price decline."
CDNS,buy,"Cadence's AI verification platform revenue growth accelerated 13 percentage points to 31% year-over-year in Q3, adding 12 Tier-1 semiconductor clients and expanding segment margins by 220 basis points to 78.5%. Management raised Q4 guidance $45M above consensus, representing a 5% EPS tailwind that directly supports a 5% stock price increase.","The company's free cash flow (FCF) to sales margin has expanded by 250 basis points over the trailing twelve months to 36.5%, driven by a 4% reduction in sales and marketing expenses as a percentage of revenue. This enhanced cash generation has enabled an acceleration of the authorized share repurchase program. A model factoring in the lower share count and improved FCF yield supports a revised price target that is 5% higher than our previous estimate."
CDNS,sell,"Our analysis indicates a compression in forward operating margins due to escalating R&D and talent retention costs in the competitive EDA sector. We project non-GAAP operating margin for the next fiscal year to be 39.0%, a 120-basis-point reduction from the 40.2% achieved over the trailing twelve months. This margin erosion, when applied to our earnings model, reduces our forward EPS estimate by $0.22, justifying a 5% decrease in our valuation of the stock.","Market share in the core EDA digital design segment declined from 31% to 27% over the past two quarters, as two major customers representing $185M in combined annual recurring revenue shifted 40% of their spending to competitor platforms. Free cash flow conversion fell from 94% to 78% sequentially due to rising receivables days outstanding from 62 to 81, indicating pricing pressure. These competitive and working capital headwinds warrant a 5% price decrease."
NUE,buy,"The company's recent $500 million debt tender reduced net leverage to 0.9x EBITDA, triggering a one-notch credit upgrade. Combined with a 12% dividend increase, this capital structure improvement is projected to lower WACC by 40 basis points, yielding a 5% valuation uplift in dividend discount models.","Nucor's operating margin expanded by 120 basis points over the last two quarters to 16.8%, surpassing the industry average of 15.1%, due to efficiencies from its new electric arc furnace assets. Our analysis indicates that sustaining this superior margin justifies a re-rating of its forward Price-to-Earnings (P/E) multiple from its current 9.0x to 9.45x, a level still conservative relative to its historical premium. This P/E expansion directly supports a 5% increase in the stock price."
NUE,sell,"Analysis of input cost spreads indicates that prices for prime ferrous scrap have risen 16% in the last quarter, while Nucor's average selling prices for finished steel have only increased by 9%. This margin compression is projected to reduce forward EBIT by 12%, which, when applied to our discounted cash flow model using a constant weighted average cost of capital (WACC), results in a target price that is 5% below the current market price.","Net debt-to-EBITDA ratio increased to 3.8x from 2.1x over the past six months as free cash flow turned negative at $127 million, while inventory days rose to 67 from 52, indicating a potential 5% stock price decrease."
CSCO,buy,"Third-party market analysis from the most recent quarter reveals Cisco's market share in the 800G data center switching segment increased by 300 basis points to 41%. This gain is projected to contribute an additional $750 million in revenue over the next twelve months versus prior forecasts, which, when capitalized at the company's historical price-to-sales multiple, justifies a 5% increase in the stock's valuation.","Cisco generated $4.2 billion in quarterly free cash flow (30.6% margin) and announced a $15 billion accelerated share repurchase program plus a 12% dividend increase to $0.41 per share, which combined will reduce share count by 2.3% while boosting yield to 3.2%, a capital return profile that models indicate drives 5% valuation expansion for similar large-cap infrastructure providers."
CSCO,sell,"The stock trades at 19.2x forward P/E, a 28% premium to the networking sector average of 15.0x, despite management cutting FY2025 revenue growth guidance to 1-2% from 4-6%, indicating a likely 5% valuation correction as earnings multiple compression aligns with deteriorating fundamentals.","Analysis of Cisco's supply chain and competitive landscape indicates that gross margins in its core ""Networking"" hardware segment are expected to contract by 120 basis points over the next two quarters due to increased pricing pressure from Arista Networks and Juniper Networks. This compression is projected to lower Cisco's overall GAAP net income by $450 million, which, when applying the company's historical price-to-earnings ratio of 13.5x, justifies a downward stock price revision of 5%."
DAL,buy,"Analysis of Delta's fuel cost management indicates that recent hedging activities have locked in 65% of next quarter's anticipated fuel consumption at an average price of $2.60 per gallon, compared to the current forward market price of $2.90. This is projected to result in a $400 million cost saving versus consensus models, expanding the pre-tax profit margin by 80 basis points. This margin improvement translates directly into an earnings beat that supports a 5% increase in the stock price.","Delta's Q3 RASM increased 4.2% year-over-year to $0.186 while CASM ex-fuel decreased 1.8% to $0.112, driving operating margin expansion of 320 basis points to 15.7% versus 14.1% consensus, which translates to approximately $0.85 in incremental EPS and a 5% valuation uplift based on peer average P/E multiple of 8.5x."
DAL,sell,"The company's debt-to-equity ratio increased to 2.1x from 1.4x year-over-year, with free cash flow swinging to -$340 million from +$520 million, creating covenant compliance risk at 3.1x interest coverage versus a 3.0x minimum threshold, a liquidity constraint that models indicate will pressure the stock price down by 5%.","Delta's forward Price-to-Earnings (P/E) ratio is currently 10.2x, representing a 12% premium to its primary legacy carrier peer group average of 9.1x. This premium is unjustified given recent data showing a 6% sequential decline in high-yield corporate travel bookings for the upcoming quarter. A valuation normalization to a 9.7x P/E multiple, which is more aligned with the softening demand environment, implies a potential 5% decrease from its current price level."
IR,buy,"Analysis of Ingersoll Rand's order book indicates backlog conversion in its high-margin Industrial Technologies and Services segment is accelerating 15% faster than in the previous quarter. This trend projects a full-year adjusted EPS of $3.21, which is 5.2% above the current consensus estimate of $3.05. Holding the forward P/E multiple constant at 27x, this revised earnings forecast directly supports a 5% increase in the stock's valuation.","EBITDA margin expanded 180 basis points to 22.3% in the most recent quarter with free cash flow conversion reaching 112%, improvements that management guidance suggests will drive 12% EPS growth next fiscal year versus prior consensus of 7%, which discounted cash flow analysis indicates would support a 5% stock price increase from expanded valuation multiples."
IR,sell,"Analysis of Ingersoll Rand's cost structure reveals a significant margin compression risk. Over the last two quarters, the cost of goods sold as a percentage of revenue increased by 220 basis points due to elevated raw material prices, primarily steel and electronic components. While the company has implemented price increases, they have only offset approximately 60% of these costs. Our model, which assumes this trend continues for the next two quarters, projects a full-year operating margin of 15.2%, below the consensus estimate of 16.0%. This margin erosion translates to a lower net income forecast, justifying a **5% decrease** in our stock price target.","Q3 operating margins contracted 280 basis points to 12.4% while free cash flow conversion declined 24 percentage points to 61%, indicating deteriorating earnings quality that warrants a 5% stock price decrease under current valuation multiples."
BBY,buy,"Fiscal Q4 same-store sales growth of 4.7% exceeded consensus of 2.0%, while gross margin expanded 85 basis points to 22.3% year-over-year, enabling full-year EPS guidance raise to $6.52 from $6.28, supporting a 5% stock price increase on maintained 12.6x forward P/E.","The company’s recent supply chain optimization initiative, completed last quarter, has resulted in a 10% reduction in inventory days on hand, improving the cash conversion cycle by 5 days. The associated reduction in carrying costs and improved working capital management is expected to generate an additional $75 million in annual free cash flow. This translates to an incremental $0.30 in FCF per share, which, when valued using the company's current price-to-free-cash-flow multiple of 15x, implies a valuation uplift of $4.50 per share, or a **5% increase** from the current stock price."
BBY,sell,"An analysis of consumer spending data indicates a significant slowdown in a key product category, with same-store sales for computing and mobile phones decelerating from -5.5% year-over-year last quarter to a projected -7.8% for the current quarter. This negative trend, contributing to a 1.2% reduction in our overall revenue forecast for the next fiscal year, lowers our discounted cash flow (DCF) model's fair value estimate, suggesting a 5% decrease from the current share price.","Q3 2024 comparable store sales declined 3.2% year-over-year while gross margin compressed 180 basis points from 23.2% to 21.4%. Inventory turnover deteriorated from 5.4x to 4.1x, tying up $380 million in additional working capital. This combination of margin pressure and inventory buildup is projected to reduce forward P/E from 12.5x to 11.8x, representing a 5% decline in the stock price to $68 per share."
ORCL,buy,"Oracle captured an incremental 3.2 percentage points of market share in the global relational database management system segment, reaching 31.5% share, while generating a free cash flow yield of 6.2% compared to the software sector average of 4.1%; this market position strengthening combined with superior cash conversion supports a 5% price appreciation through valuation multiple expansion.","Internal analysis of Oracle's cloud segment performance reveals that Oracle Cloud Infrastructure (OCI) and Fusion ERP applications are projected to achieve a combined operating margin of 44% in the next fiscal year, exceeding consensus estimates of 41.5%. This 250 basis point margin outperformance is expected to lift forward earnings per share (EPS) estimates from $5.50 to $5.78, justifying a 5% upward revision of the stock's target price based on a constant forward P/E ratio."
ORCL,sell,"Our analysis of customer renewal rates for legacy database and application software indicates an acceleration in churn. The renewal rate for the last twelve months (LTM) has dropped to 88%, compared to a historical average of 93%. This 5 percentage point drop in renewals for a segment that still accounts for 45% of total company revenue is projected to reduce the company's free cash flow (FCF) yield from 3.5% to 3.325%. A DCF model recalibrated with this lower terminal growth rate and reduced FCF suggests a fair value that is 5% below the current market price.","The company's core database segment experienced a 9% year-over-year decline in new license sales as enterprise customers migrated to open-source alternatives, causing a 200 basis point increase in customer churn to 4.8% and raising the debt-to-EBITDA ratio to 3.4x, which constrains capital allocation flexibility and signals a 5% downside to intrinsic valuation."
J,buy,"The company's trailing twelve-month free cash flow yield of 6.8% surpassed the sector median of 4.2% by 260 basis points, while management authorized a new $450 million share repurchase program representing 2.8% of outstanding shares, with these capital return improvements driving valuation model upgrades that forecast a 5% price appreciation.",A new operational efficiency initiative focused on digital integration and supply chain optimization is expected to improve the company's operating margin by 50 basis points. This margin expansion is forecast to generate an additional $52 million in annual free cash flow. Capitalizing this incremental cash flow at the company's historical price-to-free-cash-flow multiple of 17.5x indicates an increase in equity value that justifies a 5% appreciation in the share price.
J,sell,"Analysis of Jacobs' project backlog reveals that year-over-year growth in the most recent quarter slowed to 1.2%, a sharp deceleration from the 7.5% average seen over the previous four quarters. Paired with this, operating margins on new contracts have compressed by 85 basis points to 7.8% due to increased labor costs and competitive bidding. Our forward earnings model, adjusted for these lower growth and profitability inputs, indicates a 6% reduction in next year's EPS, justifying a 5% decrease in the stock's price target.","Backlog growth decelerated to 3.8% year-over-year from 11% in the prior period, while EBITDA margins compressed 140 basis points to 9.1% due to project execution issues, driving a 5% stock price decrease to $135 from $142."
HOLX,buy,"Analysis shows Hologic's breast imaging market share increased 2.1 percentage points to 24.7% over the past twelve months, while its debt-to-equity ratio declined from 0.89x to 0.71x following $225M in debt retirement. The combination of market leadership expansion and improved balance sheet strength, with net debt/EBITDA now at 1.8x versus sector average of 2.4x, supports a valuation re-rating that could drive a 5% price increase as investors award a premium multiple for enhanced financial flexibility.","Analysis of the recently launched 'Panther Trax' molecular diagnostics platform indicates a gross margin of 72%, which is 400 basis points higher than the corporate average. This product contributed to a company-wide Non-GAAP operating margin expansion of 80 basis points in the last reported quarter. Our model suggests that sustaining this margin profile warrants an upward revision of the forward P/E multiple from 18.5x to 19.4x, directly translating to a 5% increase in our price target."
HOLX,sell,"Analysis of competitor pricing and reimbursement rates in the diagnostics market indicates a forward operating margin contraction of 180 basis points for Hologic, from a consensus of 34.0% to our projection of 32.2%. When this revised margin is applied to our discounted cash flow (DCF) model, it reduces the terminal value calculation, resulting in a fair value estimate that is 5% below the current stock price.","Q3 organic revenue growth decelerated to 1.2% from 5.8% in the prior quarter while gross margin contracted 180 basis points to 58.3%, and management lowered FY24 guidance by $85 million to $4.15 billion, collectively indicating a 5% downside to current valuation."
PPL,buy,"Kentucky regulatory commission approved a $2.3 billion rate base increase, expanding allowed revenue 12% and projecting $0.35 incremental EPS over next 12 months, which at current P/E of 14x calculates to a 5% stock price increase.","Based on updated regulatory filings, we forecast PPL's Funds From Operations (FFO) will reach $2.90 billion for the next fiscal year, exceeding consensus estimates by $140 million. This stronger cash flow generation supports an accelerated dividend growth plan, leading to a projected annualized dividend of $1.03 per share, a 6.2% increase. For income-focused investors who value the stock on a 3.8% forward dividend yield, this higher payout supports a share price of $27.10, representing a 5% upside from the current level."
PPL,sell,A forward-looking analysis indicates that a recently finalized rate case will lower the company's allowed Return on Equity (ROE) from 9.8% to 9.1% on a significant portion of its rate base. This is projected to reduce the consensus forward EPS estimate from $1.65 to $1.58. Applying the utility sector's average forward P/E multiple of 16x to this revised earnings forecast suggests a valuation decline of approximately 5%.,"Consolidated operating cash flow margin contracted 600 basis points from 28% to 22% due to $340 million working capital outflow from delayed customer payments and rising fuel cost passthrough timing. The $890 million Kentucky smart grid capital program is 23% over budget, pushing debt-to-equity ratio to 1.68x from 1.45x last quarter and reducing interest coverage to 2.8x from 3.3x. These balance sheet pressures could trigger a 5% valuation drop as the equity risk premium widens and fair value estimate is cut by $2.40 per share."
VMC,buy,"The company's recent operational efficiency program, focused on logistics and energy consumption, has resulted in a 2% reduction in cost of goods sold (COGS) over the past two quarters, exceeding internal targets of 1.2%. This sustained cost discipline is projected to increase full-year earnings per share (EPS) by $0.40 over consensus estimates. Applying the stock's 5-year average forward P/E ratio of 27x to this incremental earnings power implies a valuation uplift of 5%.","The company authorized a $500 million accelerated share repurchase, driven by free cash flow conversion improving to 82% from 70% historical average, while reducing net debt-to-EBITDA to 1.8x from 2.1x over the next 12 months. This capital deployment boosts upcoming fiscal year EPS estimates by $0.42 (7.1% upside), warranting a 5% stock price increase."
VMC,sell,"Daily aggregate shipment volumes declined 7.2% year-over-year in Southeast markets comprising 32% of total revenue, while trailing twelve months free cash flow conversion fell to 58% versus a 5-year average of 78%, indicating a likely 5% stock price decrease.","The company's Adjusted EBITDA margin is projected to contract by 80 basis points over the next twelve months due to rising energy and logistics costs. Diesel fuel prices, a key operating expense, have risen 12% quarter-over-quarter and are not being fully offset by price increases. Applying the sector average EV/EBITDA multiple of 13.5x to our revised forward EBITDA estimate results in a valuation that is 5% below the current market price."
NEM,buy,"Net debt reduction of $780 million in H2 2024 improved Newmont's debt-to-equity ratio to 0.32x from 0.41x, free cash flow per share increased 12% to $3.85, and the forward dividend yield reached 3.2%, supporting a projected 5% stock price increase.","In the last quarter, Newmont successfully reduced its All-In Sustaining Costs (AISC) by 3.5% to $1,310 per ounce through improved processing technologies at its key mines. This cost efficiency directly contributed to a Q3 earnings per share (EPS) of $0.48, beating consensus estimates by $0.07. Based on the stock's historical average price response to positive EPS surprises of this magnitude, our model projects a 5% upward revision in the stock's target price."
NEM,sell,"The company's latest operational update revealed a 300 basis point decline in ore grade quality at two of its primary mines, leading to a revised full-year production forecast that is 4.5% lower than previous guidance. This reduction in anticipated gold equivalent ounce (GEO) output is expected to lower projected free cash flow for the next fiscal year by 8%. Recalibrating our discounted cash flow (DCF) model with this new FCF projection results in a lower intrinsic value, signaling a potential 5% decrease in the stock's price.","Newmont's Q3 all-in sustaining costs (AISC) increased $127/oz to $1,524/oz while realized gold prices rose only 0.8% quarter-over-quarter, compressing EBITDA margins from 38% to 31%; this structural margin deterioration, with management confirming 8-10% annual cost inflation through 2025 without offsetting revenue growth, directly correlates to a 5% decrease in the stock price."
RF,buy,"Regions Financial has demonstrated superior loan origination, with annualized loan growth in its specialized industries portfolio accelerating to 6.5% last quarter, compared to the regional bank average of 4.0%. This outperformance is projected to lift the bank's Return on Tangible Common Equity (ROTCE) from 14.5% to an estimated 16.0% over the next fiscal year. Valuing the company on a Price to Tangible Book Value (P/TBV) basis, this improved ROTCE profile warrants a multiple expansion from 1.40x to 1.47x, implying a 5% upside to the current stock price.","The bank's Common Equity Tier 1 ratio strengthened 130 basis points from 9.6% to 10.9% over the prior quarter, tangible book value per share grew 9.1% from $14.85 to $16.20 year-over-year, and the current price-to-tangible-book ratio of 1.45x trades at a 14% discount to the peer median of 1.68x, indicating a likely 5% price appreciation."
RF,sell,"The bank's net interest margin compressed 34 basis points year-over-year to 3.09% as deposit costs jumped 85 basis points while loan yields only increased 41 basis points, pushing the efficiency ratio to 64.2% from 59.1% and causing return on equity to decline 160 basis points to 9.3%, signaling margin pressure that may result in a 5% price decline.","Internal analysis of Regions Financial's commercial real estate loan portfolio indicates a faster-than-expected deterioration in credit quality, particularly in office-related debt. We project that non-performing loans in this segment will increase by 120 basis points over the next two quarters, necessitating an additional provision for credit losses of $145 million beyond consensus estimates. This increase is projected to reduce the forward fiscal year's earnings per share (EPS) by $0.12, justifying a re-rating of the stock and a 5% decrease in its target price."
TXN,buy,"Texas Instruments' free cash flow (FCF) conversion from net income reached 118% in the trailing twelve months, well above the 5-year historical average of 105%. This enhanced cash generation supports an accelerated share buyback that is projected to reduce the total share count by an additional 3% in the coming fiscal year, providing a direct boost to EPS which supports a 5% upward revaluation of the stock.","Texas Instruments' automotive semiconductor segment revenue accelerated 22% year-over-year to $1.85 billion, expanding overall gross margin from 62.3% to 65.1% through improved fab utilization. This operational leverage, combined with a 150 basis point reduction in SG&A as percentage of revenue, is projected to deliver $0.42 of additional EPS above 2025 consensus, directly supporting a 5% stock price increase target."
TXN,sell,"Recent channel checks reveal that inventory levels in the automotive and industrial segments, which account for over 60% of TXN's revenue, have risen by 11% sequentially. This has pushed the company's Days of Inventory (DOI) from 145 to 161 days, exceeding the 5-year average by 18%. Our regression model shows this level of excess inventory typically precedes a reduction in future orders, leading us to revise our 12-month forward revenue forecast downwards by 3.8%, which lowers our DCF-based price target by 5%.","Texas Instruments' analog chip market share contracted from 22% to 17% year-over-year while operating margins compressed 280 basis points from 42% to 39.2% on 15% price erosion in the automotive segment, driving an estimated 7% EPS reduction and a projected 5% stock price decline."
RTX,buy,"Analysis of recent contract awards in the Collins Aerospace division indicates a backlog growth of 12% quarter-over-quarter, concentrated in higher-margin avionics and power systems. This mix shift is projected to expand RTX's consolidated operating margin by 60 basis points over the next fiscal year. Applying this margin expansion to consensus revenue estimates yields an earnings forecast that is 8% above street expectations, supporting a 5% increase in our valuation model.","RTX's Collins Aerospace segment secured $2.3 billion in new defense contracts and expanded segment operating margins from 14.2% to 16.8% quarter-over-quarter, which combined with 340 basis points of working capital improvement is projected to increase 2025 EPS by 8%, directly supporting a 5% increase in the stock price."
RTX,sell,"RTX's Q3 defense segment operating margins contracted 270 basis points year-over-year from 12.8% to 10.1% due to $3.2 billion in classified program write-downs, while management guided full-year EPS $0.45 lower at $4.85 versus consensus $5.30, creating 8.5% earnings multiple decompression that supports a 5% stock price decrease.","A program review of RTX's Collins Aerospace avionics upgrade contract for a major military transport fleet has revealed integration delays, pushing the key delivery milestone back by three quarters. This delay is expected to defer $1.8 billion in high-margin revenue and incur $350 million in contractual penalties. A discounted cash flow (DCF) model adjustment for this shift in cash flow and reduced margin profile lowers the calculated fair value per share by $5.20, representing a 5% downside from the current market price."
COO,buy,"The CooperSurgical segment is demonstrating accelerated cost synergies from its most recent acquisition, with operating margins expanding by 150 basis points quarter-over-quarter, versus the consensus forecast of 50 basis points. This efficiency gain is expected to boost the company's free cash flow (FCF) yield from 3.8% to 4.1%. A discounted cash flow (DCF) analysis incorporating this higher sustained FCF generation supports a revised valuation that is 5% above the current share price.","Cooper Surgical division generated $142 million in quarterly free cash flow, up 35% sequentially, while net debt-to-EBITDA improved to 1.8x from 2.3x and a $300 million accelerated share repurchase was authorized, which analyst models project will deliver 5% valuation upside via enhanced capital returns and balance sheet optimization."
COO,sell,"The company's debt-to-EBITDA ratio climbed to 3.8x post-acquisition, with $800 million of debt refinancing at 8.5% versus 4.2% previously, increasing annual interest expense by $26 million and reducing free cash flow yield to 4.1%, representing a 5% stock price decrease.","Analysis of recent supply chain cost data shows a 250 basis point increase in Cost of Goods Sold for the CooperVision segment over the past two quarters, compressing the segment's gross margin from 66.5% to 64.0%. This unanticipated margin erosion has led us to revise our full-year non-GAAP EPS forecast downward from $13.20 to $12.54. Applying the stock's five-year average forward P/E multiple of 28x to this revised earnings estimate results in a 5% decrease in our valuation target."
FOX,buy,"FOX trades at 12.3x forward P/E, a 25% discount to media peers averaging 16.4x, while improving debt-to-equity ratio to 0.68 from 0.82 through $1.2 billion debt reduction; combined with an 8.7% free cash flow yield and $2.5 billion share repurchase program covering 18% of float, valuation gap closure implies a 5% price appreciation.","A new operational efficiency program is on track to reduce operating expenses by 3% in the core Television segment over the next two quarters. This is projected to expand the company's consolidated operating margin by 90 basis points, which, when applied to forward revenue estimates, justifies a re-rating of the stock's valuation and a potential 5% price increase."
FOX,sell,"Analysis of advertising revenue from the most recent quarter reveals a 7% year-over-year decline in the Cable Network Programming segment, missing analyst consensus expectations of a 4% decline. This shortfall is projected to lower the full-year earnings per share (EPS) estimate by $0.14. Applying the company's forward P/E ratio of 13x to this earnings reduction implies a potential stock price decrease of 5%.","FOX's cable networks segment reported 12% year-over-year affiliate revenue decline driven by 8.2 million subscriber losses over the past 18 months, while segment EBITDA margins compressed from 28.5% to 22.1% due to fixed cost deleveraging, which signals a 5% stock price decrease."
PNR,buy,"Analysis of Pentair's 'Flow Technologies' segment reveals a 150 basis point improvement in operating margin over the last two quarters, driven by sourcing efficiencies and a price increase of 3% on key product lines. This margin expansion has contributed to a 7.5% year-over-year increase in segment-level net income. Applying the company's current price-to-earnings ratio of 19.0x to this sustained higher profitability projects a potential 5% increase in the stock's valuation.","The company generated $345 million in trailing twelve-month free cash flow, yielding 6.8% compared to the industrial sector average of 5.2%. Net debt/EBITDA declined to 1.8x from 2.3x year-over-year, while management authorized a $250 million share repurchase program and increased the quarterly dividend 8% to $0.22 per share, resulting in a 2.3% forward yield. These capital allocation improvements support a 5% valuation uplift."
PNR,sell,"In its latest quarterly filing, Pentair reported a year-over-year gross margin contraction of 150 basis points to 34.8% due to escalating raw material costs. Subsequently, management revised its full-year EPS guidance downward by 5% to a new midpoint of $3.70 from $3.90. A 5% reduction in forward earnings guidance, assuming a stable P/E ratio, directly supports a potential 5% decrease in the stock price.","In the most recent quarter, gross margin compressed 280 basis points year-over-year to 32.4% due to 12% raw material inflation and 3.5% pricing erosion in the residential segment, while net debt-to-EBITDA ratio increased to 3.8x from 2.9x in the previous quarter, creating covenant compliance risks that justify a 5% stock price decrease."
RSG,buy,"RSG's forward Price-to-Earnings (P/E) ratio is currently 27.5x, representing a discount to its closest peer's multiple of 29.0x. However, RSG's Return on Invested Capital (ROIC) has improved by 120 basis points to 8.5% over the trailing twelve months, surpassing the peer's stagnant 7.8% ROIC. We project this superior capital efficiency will cause the valuation gap to close, resulting in a P/E multiple expansion for RSG and justifying a 5% appreciation in its share price.","RSG's free cash flow surged 11% above guidance to $1.52 billion over trailing twelve months, yielding 6.8% versus 5.9% prior year. Net debt-to-EBITDA improved to 2.6x from 2.9x, enabling a 12% dividend increase to $2.12 per share and $450 million in accelerated buybacks. This deleveraging and enhanced capital return profile supports a 5% upward price target revision."
RSG,sell,Analysis of recent operating cost trends indicates a 150 basis point year-over-year increase in combined fuel and labor expenses as a percentage of revenue. Our forecast projects this cost pressure will compress the company's forward 12-month EBITDA margin from 28.5% to 27.3%. A sensitivity analysis on our discounted cash flow model concludes that this margin erosion directly results in a 5% decrease in the stock's intrinsic value.,"Latest quarter EBITDA margin compressed 320 basis points to 25.8% versus 29.0% prior year, driven by 3.5% volume decline and 28% plunge in recycling commodity prices, with core price growth decelerating from 4.3% to 2.1%, creating operational headwinds that justify a 5% price decrease."
MNST,buy,"Analysis of recent European retail scanner data indicates Monster's market share in the energy drink category increased by 150 basis points over the last six months, reaching 22.5%. This growth is projected to add $180 million in incremental revenue for the next fiscal year, translating to an estimated $0.08 increase in EPS, which at the stock's current forward P/E of 31x supports a 5% increase in the share price.","International segment revenue grew 28% year-over-year to $2.1 billion representing 35% of total sales in the trailing twelve months while new functional beverage lines captured 4.2% market share in their inaugural year, reducing US concentration risk and expanding addressable market by $3.2 billion to justify a 5% stock price increase."
MNST,sell,"Monster Beverage's US energy drink market share contracted 160 basis points to 26.7% from 28.3% year-over-year, while gross margins compressed 140 basis points to 52.1% due to heightened promotional activity. Operating income declined 7.2% despite 3.4% revenue growth, with operating margin falling from 28.4% to 27.1%. These metrics indicate competitive pressure and pricing power erosion that could drive a 5% stock price decline.","Channel checks in the European market, which accounts for 25% of total revenue, indicate a significant slowdown, with case sales volume growth decelerating to 7% year-over-year, compared to 15% in the prior period. This deceleration, driven by new competitor product launches, is expected to reduce the company's consolidated revenue growth rate by 2.0 percentage points. An adjustment of this magnitude in our discounted cash flow (DCF) analysis lowers the intrinsic value estimate by 5%."
BMY,buy,"The company's free cash flow (FCF) yield is currently 9.5%, compared to the pharmaceutical sector average of 7.0%. Management has committed to using excess cash flow to accelerate its share repurchase program, targeting a 2% reduction in shares outstanding next quarter. This improved capital return profile justifies closing 25% of the FCF yield gap with peers, warranting a 5% upward re-rating of the stock valuation.","BMY's immuno-oncology franchise captured 340 basis points of additional market share to reach 19.2% penetration, driving Q3 revenue growth of 7.8% to $4.6B versus 2.1% consensus. Gross margin expansion from 74.5% to 77.2% combined with this accelerated growth supports a sum-of-the-parts valuation increase of $5.20 per share, representing exactly 5% upside from current levels."
BMY,sell,"Q2 revenue from key asset Revlimid declined 24% YoY to $1.75B, 300bps worse than guidance, compressing oncology segment margins by 350bps to 38.7% and forcing FY2024 EPS guidance cut from $6.40 to $5.95, with this earnings shortfall creating an estimated 5% downside to the current stock price valuation.","Our analysis projects that due to increased investment in early-stage, high-risk pipeline assets, R&D expenses will rise to 26% of revenue in the upcoming fiscal year, a 300 basis point increase from the trailing twelve-month average. This is expected to compress operating margins by 2.5%, which, when applied to a dividend discount model, lowers the intrinsic value per share and supports a 5% decrease in the stock price."
ACN,buy,"Operating margin expanded 90 bps to 16.1% in Q3 FY2024 while AI-related bookings grew 120% YoY to $3.2B. Free cash flow of $7.1B funded $4.3B in buybacks and a dividend raised 16% to $1.20 quarterly. With net cash of $3.8B and ROE of 29%, the combination of margin expansion and 3.8% shareholder yield supports a 5% upward price movement.","Accenture's trailing twelve-month Free Cash Flow (FCF) yield is currently 4.0%, representing a 20 basis point premium over its 5-year historical average of 3.8%. We project a reversion to the mean as the market prices in the firm's consistent cash generation, which implies a valuation increase and supports a 5% appreciation in the stock price from current levels."
ACN,sell,"The company's book-to-bill ratio has deteriorated to 0.97 in the most recent quarter, falling below the critical 1.0 threshold and down from a trailing twelve-month average of 1.12. This decline signals a slowdown in future revenue growth, and our discounted cash flow (DCF) model, adjusted for a lower long-term growth rate of 6% (down from 8%), now yields a fair value that is 5% below the current market price.","Revenue growth decelerated to 3.2% year-over-year in the most recent quarter versus 8.5% in the prior quarter, while adjusted EBIT margin compressed 140 basis points to 13.6% due to wage inflation and pricing pressure, with management guiding for flat to negative margin expansion over the next two quarters, creating downward earnings revisions that could drive a 5% stock price decrease."
EA,buy,"EA reduced net debt by $450M last quarter, improving net debt-to-EBITDA ratio to 0.9x from 1.3x, while announcing a 25% increase in share repurchase authorization to $1.25B for the upcoming fiscal year. With interest expense falling $22M annually and share count decreasing 2.8%, these capital structure improvements are estimated to drive a 5% stock price increase through 4% EPS accretion and multiple expansion from 17.5x to 18.2x P/E.","Analysis of the most recent quarterly report shows the ""Live Services"" segment, primarily driven by the EA Sports FC and Apex Legends franchises, grew revenue by 14% year-over-year, beating internal projections by 6%. This higher-margin revenue mix expanded the company's consolidated non-GAAP operating margin by 80 basis points to 34.5%. Adjusting our discounted cash flow model for this sustained margin improvement results in a 4.1% increase in our forward earnings estimate, justifying an immediate 5% increase in the stock's target price."
EA,sell,"Internal data analytics indicate that Average Revenue Per Daily Active User (ARPDAU) for the ""Apex Legends"" franchise, a key growth driver, declined by 8.2% sequentially in the most recent quarter, from $0.61 to $0.56. As this title represents over 20% of the company's high-margin live services segment, our revised earnings model projects a 2% reduction in next year's EPS, justifying a 5% decrease in our target price based on a stable forward P/E multiple.","Q3 2024 revenue growth decelerated to 2.8% YoY versus consensus of 11.5%, while gross margin compressed 150 basis points to 68.2% as development costs per title rose 22% to $85 million, creating 5% stock price downside."
LRCX,buy,"The company's trailing twelve-month free cash flow of $3.9 billion represents an 8.2% FCF yield versus the sector average of 5.1%, while management authorized a new $2.8 billion share repurchase program representing 4.5% of shares outstanding, which together with the low 0.5x debt-to-equity ratio indicate 5% upside potential.","Industry channel checks indicate Lam Research has secured an exclusive supply agreement for its next-generation deposition tools with a major memory manufacturer, capturing an estimated 70% share of that client's expansion budget. This single contract is projected to increase the company's backlog by $1.8 billion over the next 18 months. Factoring this low-risk revenue into a discounted cash flow model adds $48 per share to its intrinsic value, implying an immediate 5% upside from its current trading price."
LRCX,sell,"Recent channel checks indicate a significant slowdown in new equipment orders from leading logic customers, resulting in a calculated book-to-bill ratio of 0.92 for the current quarter, down from 1.15 in the prior quarter. A sustained book-to-bill ratio below 1.0 signals a future revenue decline. Our model, which correlates the book-to-bill ratio with next-twelve-months revenue, indicates this will reduce revenue forecasts by 3.5%, leading to a 5% decrease in our discounted cash flow (DCF) price target.","Lam Research issued Q1 revenue guidance of $3.7B, representing a 12% sequential decline and 15% drop year-over-year, while gross margin contracted 340 basis points to 43.5%. The midpoint EPS guidance of $6.80 came in 22% below consensus of $8.75 due to foundry customer capex reductions, supporting a potential 5% stock price decrease based on forward P/E multiple compression from 18x to 15x."
UAL,buy,"United's Q3 RASM increased 4.8% YoY to $0.172, while CASM ex-fuel decreased 2.1% to $0.095, expanding operating margins by 180 bps to 12.3%. Management raised full-year EPS guidance to $10.20-$10.50, representing 8% upside to consensus, which translates to a projected 5% stock price increase at the current 5.2x EV/EBITDA multiple.","The company's accelerated debt repayment schedule is projected to lower its net debt by $2 billion over the next four quarters, reducing the debt-to-EBITDA ratio from 2.5x to 2.1x. Our model indicates this deleveraging will decrease the company's weighted average cost of capital (WACC) by 35 basis points, which, when used as the discount rate in our valuation, justifies a 5% increase in the stock's price."
UAL,sell,"Forward estimates for labor costs have risen by $520 million following recent union negotiations, representing a 1.4% increase in operating expenses. This is projected to compress the forward EBIT (Earnings Before Interest and Taxes) margin by 90 basis points, from 10.2% to 9.3%. Applying the sector's average price-to-EBIT multiple of 6.5x to this revised earnings forecast results in a potential **5% decrease** in the stock's valuation.","UAL's operating margin compressed 230 basis points from 10.5% to 8.2% in the recent reporting period as fuel costs surged $1.8 billion annually and non-fuel operating expenses rose 15%. With debt-to-equity deteriorating to 4.8x from 3.9x sequentially, these metrics indicate a potential 5% price decline."
MHK,buy,"MHK's Luxury Vinyl Tile segment revenue grew 23% to $1.57 billion in the past six months, capturing 340 basis points of additional market share to reach 18.7%. The segment's 380 basis point gross margin advantage over traditional carpet adds $0.44 in EPS. Valued at the stock's current 11.5x P/E, this product mix shift and market share gain supports a 5% price appreciation as investors re-rate the stock toward specialty building materials peers.","Recent channel checks reveal that Mohawk's new luxury vinyl tile (LVT) product lines have captured an additional 1.2% market share in the North American commercial segment over the past six months. This translates to an estimated $110 million in incremental annualized revenue. Factoring this growth into our discounted cash flow (DCF) model, assuming a 7% net margin, increases our price target and supports a potential 5% upside."
MHK,sell,"Channel checks indicate a build-up of inventory in the company’s flooring segment, with Days Sales of Inventory (DSI) increasing from 85 to 96 days over the past quarter. We project that to clear this excess inventory, Mohawk will need to implement discounting measures that will reduce the average selling price (ASP) by 3.5% next quarter. This reduction in pricing power directly lowers our forward earnings estimate, resulting in a valuation that is 5% below the current share price.","Debt-to-EBITDA ratio deteriorated to 4.2x from 3.1x year-over-year following $425 million in commercial paper issuance to fund operations, while free cash flow declined 40% to $285 million and inventory days outstanding increased 23 days, creating combined liquidity constraints that warrant a 5% stock price decline."
ZBRA,buy,"Zebra's most recent quarter operating margin expanded 250 basis points to 20.5% versus 18.0% prior year, driven by $12M in supply chain cost savings and 150 basis points of pricing improvement in core printing. This margin lift, combined with 8.2% revenue growth, increases projected next-fiscal-year EPS by $0.42 (12.3% above consensus). At the current 18x P/E multiple, this earnings upgrade mathematically supports a 5% stock price increase.","Zebra's Enterprise Mobile Computing segment achieved a 14% year-over-year revenue growth in the last quarter, outpacing the market's growth rate of 9%. This resulted in a 200 basis point increase in market share. Our sum-of-the-parts valuation model, which assigns a higher multiple to this faster-growing segment, indicates that this mix shift toward higher-growth revenue streams justifies a 5% increase to our price target."
ZBRA,sell,"An internal analysis of supply chain costs indicates that Zebra's gross margin is projected to contract by 150 basis points over the next two quarters, falling from 46.2% to 44.7%, due to increased costs for specialized semiconductor components. This margin compression, when factored into our earnings model, reduces the forward earnings per share (EPS) estimate by $0.85, which supports a 5% decrease in our price target.","ZBRA's gross margin compressed 360 basis points from 58.3% to 54.7% in the latest quarter versus prior year due to 12% price erosion in core printing solutions, while operating expenses grew 8.4% despite flat revenue, reducing operating margin from 22.1% to 18.4% and indicating potential 5% downside to forward earnings valuation."
WAB,buy,"WAB generated $298M in free cash flow during Q2, representing 105% conversion of net income and beating consensus by $64M. This accelerates debt paydown to 1.7x net leverage, enabling a new $450M share repurchase program. The improved capital allocation efficiency raises our 2025 EPS estimate by $0.32 while lowering WACC to 7.5%, justifying a 5% valuation uplift to $121.80 per share.","WAB currently trades at a forward EV/EBITDA multiple of 12.5x, representing a discount to its direct industrial technology peer group average of 13.1x. This valuation gap is unwarranted given WAB's superior free cash flow conversion rate of 115% versus the peer average of 98%. A valuation re-rating to the peer average multiple implies a potential enterprise value appreciation of 4.8%, which translates to a 5% increase in the stock price."
WAB,sell,"Operating margin compressed 180 basis points year-over-year from 14.2% to 12.4% due to 12% raw material inflation and 8.5% labor cost increases, while quarterly free cash flow conversion declined from 71% to 58%, which our DCF analysis indicates justifies a 5% reduction in target price.","Our revised Discounted Cash Flow (DCF) analysis incorporates a more cautious outlook on long-term capital spending from major North American rail clients, leading us to reduce WAB's perpetual growth rate assumption from 2.75% to 2.40%. This 35-basis-point reduction in the terminal value growth rate, holding all other variables constant, directly lowers our calculated intrinsic value for the stock, implying a necessary price correction of 5%."
APD,buy,The company's recent operational excellence program has expanded its trailing twelve-month Return on Invested Capital (ROIC) by 80 basis points to 11.5%. Our model indicates that sustaining this level of ROIC justifies a P/E multiple expansion from 24.0x to 25.2x on forward earnings. Applying this higher multiple to consensus earnings estimates results in a 5% increase in our price target.,"Q3 EBITDA margin expanded 280 basis points year-over-year to 31.2%, driving 12% EPS growth to $2.85 versus $2.64 consensus, with management raising full-year guidance by 6%. This operational leverage at a 22.5x forward P/E multiple re-rating supports 5% stock price appreciation."
APD,sell,"The company's Return on Invested Capital (ROIC) for its newly commissioned hydrogen projects is tracking at 9.5%, which is 250 basis points below the initial projection of 12.0% used in long-term capital allocation models. This underperformance on significant recent capital expenditures, which represent 15% of the total capital base, is projected to dilute the company's overall ROIC by 38 basis points. A DCF sensitivity analysis indicates this reduction in capital efficiency justifies a 5% decrease in the stock's fair value.","The company's debt-to-EBITDA ratio has deteriorated from 2.3x to 3.6x over the past 18 months following $5.2 billion in new project financings, while return on invested capital (ROIC) declined from 11.2% to 8.4% during the same period. With interest coverage ratio falling below 5.0x for the first time in 7 years and projected annual interest expense increasing by $140 million, this balance sheet weakening could drive a 5% stock price decline as credit risk premiums expand."
GOOGL,buy,"YouTube ad revenue per user increased 8% quarter-over-quarter to $13.80 while management authorized $8B in incremental share repurchases and reduced operating expense growth to 5% annually from 8%, improving free cash flow margin by 80 basis points to 24.2%. These efficiency improvements and capital returns support a 5% price appreciation through direct earnings accretion and enhanced DCF valuation.","The initial rollout of Alphabet's AI-driven 'Workspace Pro' tier has resulted in an upgrade rate of 7.5% among its enterprise client base, surpassing internal projections of 4.0%. This accelerated adoption is forecast to generate an additional $11 billion in high-margin subscription revenue over the next 18 months, contributing an incremental $0.44 to our forward earnings per share (EPS) estimate. Applying the stock's current forward P/E multiple of 25x to this unexpected EPS growth supports a 5% increase to our price target."
GOOGL,sell,"Google Search revenue declined 3.2% quarter-over-quarter to $42.3 billion last quarter while operating margin compressed 240 basis points year-over-year to 27.1% as AI infrastructure costs reached 18% of revenue, supporting a 5% downside price target.","Internal forecasts indicate that the operating margin for the Google Cloud segment is projected to contract from 9.1% to 6.6% over the next two quarters due to aggressive pricing strategies from key competitors. This 250 basis point compression in a high-growth division is expected to lower the company's overall forward net income forecast by $8 billion, which, based on the current market capitalization, implies a potential stock price decrease of 5%."
TGT,buy,"Our revised Discounted Cash Flow (DCF) model incorporates a higher free cash flow (FCF) conversion rate, increasing from 4.5% to 5.2% of revenue for the next fiscal year. This is driven by a projected 15% reduction in supply chain capital expenditures due to the completion of major sorting center build-outs. Holding the WACC at 8.0% and terminal growth at 2.5%, this enhanced FCF generation lifts our calculated intrinsic value, indicating a 5% upside from the current share price.","Target's forward P/E multiple of 16.2x represents a 25% discount to the retail sector average of 21.6x, despite return on equity improving to 31% and free cash flow yield of 6.1%; valuation model re-rating to 17.5x P/E based on these metrics implies 5% upside."
TGT,sell,"Recent proprietary data reveals that customer traffic has declined by 3.2% quarter-over-quarter, a steeper drop than the anticipated 1.5% seasonal slowdown. This is projected to lead to a negative same-store sales surprise, with our models forecasting SSS at -1.8% versus the current analyst consensus of +1.0%. A regression analysis of TGT's historical data shows that a 280-basis-point miss on consensus same-store sales has, on average, resulted in a 5% share price decline in the two weeks following the earnings announcement.","Target's Q3 same-store sales declined 2.3% year-over-year while gross margin compressed 150 basis points to 24.8%, driving management to guide Q4 EPS to $2.20 (midpoint) versus consensus of $2.65, a 17% shortfall that warrants a 5% stock price decrease."
FCX,buy,"The company's debt-to-equity ratio improved to 0.42x from 0.68x over the past six months through $2.3 billion in debt repayment, while quarterly free cash flow surged 102% to $1.8 billion. This balance sheet optimization reduces annual interest expense by $115 million, boosting EPS by $0.08 and catalyzing a 5% appreciation in share valuation.","Analysis of recent operational reports indicates a 7% quarter-over-quarter reduction in the all-in sustaining cost (AISC) for copper, falling from $1.90 to $1.77 per pound, due to efficiency gains at the company's Indonesian operations. This cost improvement is projected to increase annual free cash flow by $550 million, which, based on a discounted cash flow (DCF) model using the company's current weighted average cost of capital, supports a 5% increase in the stock's intrinsic value."
FCX,sell,"Analysis of recent operational data from key suppliers suggests FCX's consolidated all-in sustaining costs (AISC) for copper are tracking to be 3.8% higher in the upcoming quarter than previously guided, driven by a 7% increase in regional energy tariffs and a 4% rise in sulfuric acid input costs. This cost overrun is projected to reduce the company's forward EBITDA margin by 110 basis points, which, when applied to our discounted cash flow model, lowers the intrinsic value of the shares by 5%.","Net debt rose $1.5 billion to $9.9 billion over the past two quarters, increasing the debt-to-EBITDA ratio from 1.5x to 2.2x as free cash flow declined 58% year-over-year to $385 million, raising liquidity concerns that suggest a potential 5% stock price decrease."
ETR,buy,"Our analysis of Entergy's updated capital expenditure plan projects an accelerated rate base growth of 4.2% annually, 70 basis points above consensus forecasts. This higher growth is expected to translate into a next-twelve-months (NTM) Earnings Per Share (EPS) of $7.15. Applying a conservative forward Price-to-Earnings (P/E) multiple of 16.5x, in line with its 5-year historical average, indicates a valuation premium leading to a 5% increase from the current stock price.","The company's $45M sustainable reduction in annual O&M expenses combined with debt-to-equity improvement from 1.8x to 1.65x enhances FCF per share by $0.22 and lowers the cost of capital by 25 basis points, which DCF analysis indicates will drive a 5% valuation increase to $101.50 per share."
ETR,sell,"Entergy trades at 18.5x P/E, a 15% premium to the utility sector average of 16.1x, while debt-to-equity ratio increased to 1.85x from 1.62x sequentially, and interest coverage compressed to 3.2x from 4.1x, valuation and leverage deterioration that justifies a 5% stock price decrease.","An internal forecast projects non-fuel Operations and Maintenance (O&M) expenses will rise by $250 million above previous guidance due to unscheduled outages and increased grid hardening investments. This increase is expected to compress the company's EBITDA margin by 120 basis points next year. A sensitivity analysis of our discounted cash flow (DCF) model indicates that this level of margin erosion, without offsetting rate relief, reduces the calculated fair value of the stock by 5%."
LVS,buy,"The successful ramp-up of new MICE (Meetings, Incentives, Conferences, and Exhibitions) events at the Marina Bay Sands property is expected to drive a 75 basis point expansion in the company's consolidated operating margin over the next four quarters. This improvement in profitability warrants a re-rating of the company's forward P/E ratio from its current 20.0x to 21.0x, which is more aligned with its historical average during growth periods, suggesting a 5% appreciation in the share price.","LVS increased Macau mass market share from 28.7% to 31.0% (+2.3pp) with segment revenue growing 18.3% YoY to $1.24 billion, expanding consolidated EBITDA margins by 120 basis points to 38.4%, which DCF analysis translates to 5% upside from current trading levels."
LVS,sell,"Net leverage ratio increased to 4.2x due to $2.1B in new Singapore project debt while trailing twelve month free cash flow turned negative at -$180M, pushing interest coverage below 3.5x and creating refinancing risk that warrants a 5% stock price decline.","An increase in the company's debt-to-equity ratio from 1.2x to a projected 1.6x over the next four quarters, driven by new development financing, is expected to increase its weighted average cost of capital (WACC) by 75 basis points. Incorporating this higher discount rate into our discounted cash flow (DCF) analysis results in a lower present value of future cash flows, justifying a 5% reduction in our price target."
PG,buy,"The company's Fabric & Home Care division captured an additional 0.75% of market share in North America over the past two quarters, driven by new premium product launches. This market share gain prompted management to increase full-year organic sales growth guidance from 4.5% to 5.0%. A discounted cash flow (DCF) model updated with this higher long-term growth rate justifies a valuation increase, leading to a revised price target that is 5% above the current share price.","The company's Q3 free cash flow generation increased $850 million to $4.3 billion through 15-day working capital improvement, enabling debt-to-equity reduction from 0.65 to 0.48 while funding an incremental $3 billion share repurchase authorization; dividend discount modeling of this 9% capital return boost supports a 5% upward revision to target price."
PG,sell,"Gross margin in the most recent quarter contracted by 210 basis points year-over-year to 50.2%, underperforming the peer average of a 90 basis point contraction. This margin erosion, driven by an inability to fully pass on a 4% rise in key commodity costs, supports a revision of the forward P/E multiple from 25x down to 23.75x, implying a potential 5% decrease in the stock price to align with the company's new, lower profitability profile.",Free cash flow per share declined 8% year-over-year to $4.85 while net debt-to-EBITDA increased to 2.4x from 1.8x over the past 18 months following $8.2 billion in share repurchases. Return on equity fell 320 basis points to 18.5% and interest coverage dropped to 11.3x from 15.7x. These metrics signal a likely 5% stock price decrease.
APH,buy,"In the most recent quarter, Amphenol's strategic cost optimization in its Interconnect and Sensor Systems division resulted in a 75 basis point expansion in its consolidated operating margin to 21.1%, exceeding internal targets of 20.5%. This efficiency gain translated directly to a quarterly EPS of $0.84, representing a 3.7% positive surprise against the consensus estimate of $0.81. A historical analysis of similar EPS beats over the past five years suggests an average subsequent re-rating of the forward P/E ratio by 1.1 points, implying a potential 5% increase in the stock price.","APH's data center segment revenue grew 23% year-over-year, 900 basis points faster than the industry average, while capturing 2.3 percentage points of market share to reach 18.7%. This outperformance, valued at a 15x EV/EBITDA premium to peers, indicates a 5% upward price adjustment in sum-of-the-parts valuation."
APH,sell,"Debt-to-equity ratio increased from 0.68x to 0.89x over the past six months following $1.2 billion in acquisition-related borrowing, while free cash flow contracted 12% year-over-year to $1.45 billion, weakening the balance sheet and reducing capital return capacity, which analysis indicates should drive a 5% stock price decrease.","Order book data from the industrial end-market, representing 25% of Amphenol's revenue, shows a deceleration in year-over-year growth from 12% to 6%. This slowdown is primarily due to a competitor securing a major factory automation contract previously held by Amphenol. Our model, which correlates revenue growth to the company's Price-to-Sales (P/S) ratio, suggests this deceleration justifies a multiple compression from 4.6x to 4.37x, implying a potential 5% decrease in the stock price."
CSX,buy,"CSX's operational efficiency initiatives resulted in an operating ratio improvement of 120 basis points last quarter, from 60.1% to 58.9% year-over-year. This drove quarterly EPS to $0.51, exceeding analyst consensus of $0.48. This higher-than-expected profitability, when extrapolated over the next twelve months, suggests a revised fair value that is 5% above the current market price.","Management's forward guidance projects 7.2% revenue growth, comprising 4.5% merchandise pricing power and 5.1% intermodal volume expansion, generating $520 million of incremental free cash flow that will fund a 16% dividend increase and reduce debt-to-EBITDA from 2.4x to 2.1x, which cash flow valuation models suggest should catalyze 5% price appreciation through improved capital returns and balance sheet strength."
CSX,sell,"Free cash flow contracted 18% to $1.12 billion over the trailing twelve months while the debt-to-equity ratio rose to 1.45x from 1.18x, pushing interest coverage down to 4.2x from 6.1x and raising leverage concerns that credit rating agencies estimate could pressure the stock price by 5%.","Analysis of freight-forwarder channel checks and trucking spot rate data points to a sustained loss of market share in the high-margin Intermodal segment. We forecast a 4.0% year-over-year decline in Intermodal volumes for the next quarter, a sharp reversal from consensus estimates of 1.5% growth. Adjusting our discounted cash flow (DCF) model for this lower revenue trajectory and a 50 basis point reduction in long-term growth assumptions results in a revised price target that is 5% below the current market price."
ISRG,buy,"Based on a channel check survey of 150 hospitals, the adoption rate for the company's new Ion endoluminal platform for lung biopsies is tracking 20% ahead of internal forecasts for the current fiscal year. This accelerated adoption is expected to increase total revenue estimates by an additional $300 million for the next fiscal year, which directly translates to a revised earnings per share (EPS) forecast that supports a 5% higher stock price target.","Intuitive Surgical's Q3 revenue growth accelerated to 18.2% YoY on 312 new da Vinci system placements versus 256 in the prior year, while gross margins expanded 250 basis points to 70.5% and instrument revenue per procedure rose 8.4%. These metrics drive a projected 12% increase in forward EPS, justifying a 5% stock price appreciation target."
ISRG,sell,"A 120 basis point contraction in projected operating margin for the next fiscal year, from 26.5% to 25.3%, is anticipated due to higher-than-expected sales and marketing expenditures required to defend market share against emerging competitors. This revised margin guidance lowers our forward earnings per share (EPS) estimate by 4.8%, and applying a constant forward P/E ratio to this new estimate results in a valuation that is 5% lower than the current stock price.","Quarterly da Vinci system placements fell 18% year-over-year to 215 units versus Street consensus of 260, while average selling price declined 4% to $1.48 million and gross margin compressed 220 basis points to 65.8% on warranty cost overruns, modeling a 5% stock price decrease via forward earnings multiple derating from 42x to 36x on reduced next-year EPS growth forecast of 9% versus prior 16%."
GOOG,buy,"YouTube's AI-powered ad targeting increased average revenue per user by 18% to $28.50 while quarterly AI infrastructure capex was 15% below budget at $6.8B, generating a $0.42 EPS beat that justifies a 5% stock price increase as analysts raise forward P/E multiples from 22x to 23x on improved margin trajectory.","The company's free cash flow (FCF) for the trailing twelve months reached $95 billion, resulting in an FCF yield of 5.2%, which is 40 basis points above its 3-year historical average. This robust cash generation supports an accelerated share repurchase program, which is forecast to reduce the total shares outstanding by 3.5% over the next year, providing a direct accretion to EPS that justifies a 5% upward revision of our price target."
GOOG,sell,"Analysis of Google's core advertising segment indicates a deceleration in revenue growth to 7.5% year-over-year for the upcoming quarter, compared to 13% in the same period last year. This slowdown, combined with a projected 180-basis-point contraction in the segment's operating margin due to increased Traffic Acquisition Costs (TAC), supports a revision of our discounted cash flow model, resulting in a 5% decrease in the stock's target price.","Google's core Search and YouTube advertising revenue growth decelerated to 7.3% year-over-year in Q3, missing consensus estimates by 480 basis points, while Traffic Acquisition Costs surged to 26.8% of ad revenue (up 240 basis points year-over-year). Operating margins in the Search segment contracted 130 basis points to 34.2%, indicating a potential 5% decrease in GOOG's stock price."
MAA,buy,"MAA's $450 million development pipeline, delivering 7.2% stabilized yields, is projected to generate $32.4 million of incremental NOI over the next 18 months while debt-to-EBITDA improved to 4.8x from 5.4x year-over-year. The accretive 150 basis point spread between development yields and MAA's 5.7% cost of capital supports a 5% stock price appreciation as AFFO per share growth accelerates to 9.5% annually.","A recent portfolio review and update to our Net Asset Value (NAV) model reveals a new NAV per share estimate of $152.25, an increase from $146.50 last quarter. This revision is driven by a 75 basis point increase in same-store occupancy rates to 96.2% and accretive acquisitions completed at a 6.0% capitalization rate. The current stock price represents a 4.9% discount to this updated NAV, suggesting an imminent 5% price appreciation to close the valuation gap."
MAA,sell,"Same-store NOI growth decelerated to 1.7% in Q3 from 4.2% in Q2, while occupancy fell 120 basis points to 94.3% and new lease rates dropped 2.1% YoY, indicating potential cap rate expansion from 5.2% to 5.7% that would result in a 5% stock price decline.","Our analysis indicates that MAA's forward Funds From Operations (FFO) per share growth is projected at 1.5% for the next fiscal year, significantly lagging the apartment REIT sector average of 4.0%. This growth disparity justifies a contraction in its Price/FFO multiple from 17.0x to 16.15x, which translates to a potential 5% decrease in the stock price."
XYL,buy,"Xylem's Q3 revenue accelerated 11.3% year-over-year versus 7.8% consensus, while EBITDA margins expanded 140 basis points to 18.7%, driving management to raise full-year EPS guidance by 8% to $4.20 midpoint; with shares trading at 22x forward P/E versus a 24x historical average, this earnings momentum supports a 5% price increase on multiple re-rating.","Recent efficiency gains in the company's Applied Water Systems segment have expanded segment operating margins by 120 basis points to 16.8% over the last two quarters, exceeding internal targets by 50 basis points. This sustained margin improvement, when applied to forward earnings models, justifies an adjustment to the forward P/E ratio from 26.0x to 27.3x, implying a 5% increase in the stock's price target."
XYL,sell,"The company's net debt-to-EBITDA ratio increased to 3.2x from 1.8x eighteen months ago, interest coverage declined to 5.2x from 8.5x, and shares currently trade at 21.4x forward P/E representing an 18% premium to the water technology peer average of 18.1x, creating combined leverage and valuation headwinds that warrant a 5% price reduction.","Analysis of supply chain costs indicates that a 15% quarter-over-quarter increase in polymer resin prices and a 10% rise in freight expenses will compress the gross margin of the Applied Water segment by 250 basis points in the upcoming quarter. This margin erosion is expected to lower the company's consensus full-year EPS estimate from $4.20 to $3.99, a revision that directly supports a 5% decrease in the stock price."
FTNT,buy,"Fortinet's non-GAAP operating margin expanded by 150 basis points year-over-year to 28.5% last quarter, driven by economies of scale and disciplined R&D spending. Applying this enhanced profitability metric to a discounted cash flow (DCF) model, holding other assumptions constant, increases the projected terminal free cash flow value and raises the intrinsic value per share by an estimated 5%.","Management guided for next fiscal year revenue of $6.45 billion (16.5% growth) with $1.85 billion in free cash flow representing a 28.7% FCF margin, while initiating a quarterly dividend of $0.28 per share (1.2% annual yield) and maintaining $2.8 billion in share repurchase authorization, a capital allocation framework that supports a 5% stock price appreciation."
FTNT,sell,"Competitive pricing pressures in the Secure SD-WAN market are projected to compress Fortinet's non-GAAP operating margin by 120 basis points over the next two quarters, from 27.2% to 26.0%. This margin erosion translates to a $0.10 reduction in the consensus earnings per share (EPS) forecast for the full fiscal year. Applying the stock's current forward P/E ratio of 38x to this lower EPS figure results in a valuation that is 5% lower than the current market price.","Fortinet's Q3 operating margin compressed 430 basis points year-over-year from 28.5% to 24.2%, driven by aggressive discounting to defend market share against Palo Alto Networks' 15% gains in the firewall segment. This margin deterioration signals pricing power erosion that reduces forward earnings estimates by 7% and results in a 5% stock price decrease."
INTU,buy,"QuickBooks Online subscriber base grew 18% year-over-year to 6.8 million users, with segment ARR increasing 22% to $8.4 billion. The combination of 15% ARPU expansion and management raising FY2025 revenue guidance by $450 million creates a valuation inflection point that should drive a 5% stock price increase as forward P/E re-rates from 28x to 29.4x.","Intuit's free cash flow (FCF) conversion from net income has improved to 115% over the last two quarters, up from the historical average of 108%, due to disciplined capital expenditure and improved working capital management. This sustained efficiency improvement boosts our projected full-year unlevered FCF by $600 million. A discounted cash flow (DCF) model updated with this higher cash flow generation capacity results in a fair value estimate that is 5% above the current market price."
INTU,sell,"Internal analysis of the Small Business & Self-Employed segment shows a deceleration in customer acquisition, with projected net subscriber additions for the next quarter revised down to 160,000 from a prior estimate of 210,000. This is coupled with a projected increase in customer churn from 2.1% to 2.8% due to heightened competition. Adjusting our discounted cash flow model for this lower lifetime value per customer reduces our fair value estimate, indicating a potential 5% downside from the current price.","Most recent quarter revenue growth decelerated to 7.2% YoY from 14.5% in the prior quarter, operating margins compressed 350 basis points to 21.8%, and QuickBooks Online subscriber acquisition cost rose 22% to $485 while churn increased to 5.3% from 3.9%, metrics that collectively signal a 5% price decrease."
TT,buy,"The company's backlog for its high-efficiency climate solutions grew by 12% sequentially, significantly outpacing the industry average of 7%. This accelerated backlog conversion is projected to increase next year's free cash flow by $250 million. A discounted cash flow (DCF) analysis incorporating this incremental cash flow results in a 5% increase in the calculated intrinsic value per share.","Trane's commercial HVAC segment delivered 12.3% year-over-year revenue growth last quarter with operating margins expanding 150 basis points to 16.8%, positioning Q4 EPS to exceed consensus by $0.34; this earnings catalyst is expected to drive a 5% stock price increase as the market reprices the shares."
TT,sell,"The company's trailing twelve months free cash flow conversion deteriorated from 92% to 78% due to working capital inefficiencies, while net debt-to-EBITDA rose from 1.8x to 2.6x following the $1.4 billion acquisition of a European climate control business, creating balance sheet stress that warrants a 5% price decline to reflect increased financial risk and reduced capital return capacity.","A detailed supply chain analysis indicates that unanticipated increases in refrigerant and steel costs will compress Trane's forward gross margins by 200 basis points, from a projected 35.5% to 33.5%. This adjustment reduces the consensus forward earnings per share (EPS) estimate from $12.50 to $11.88. Applying the sector's average forward P/E multiple of 25x to this revised EPS results in a valuation that is 5% below the current share price."
HWM,buy,"Trailing twelve months free cash flow conversion reached 112% of net income, enabling a $450M accelerated share repurchase that reduces share count by 2.8% while holding net debt/EBITDA at 2.1x, a capital structure improvement that warrants a 5% valuation uplift.","Analysis of the company's firm order backlog and production schedules for next-generation commercial aircraft engines indicates a revised forward 12-month EPS estimate of $2.73, a 5.8% increase over the current consensus of $2.58. Maintaining the stock's current forward P/E multiple of 31x on this higher earnings base implies a potential stock price appreciation of 5%."
HWM,sell,"The company's book-to-bill ratio in its key commercial aerospace segment has declined to 0.92 in the most recent quarter, down from an average of 1.15 in the preceding four quarters. Our discounted cash flow (DCF) model, which previously assumed a terminal revenue growth rate of 3.0%, must be revised. This slowdown in new orders necessitates a reduction in the terminal growth rate assumption to 2.5%, which, holding all other variables constant, lowers our DCF-derived price target by 5%.","Howmet Aerospace's latest quarter EBIT margin contracted 320 basis points year-over-year to 14.7% from 17.9%, driven by $87M in excess titanium scrap costs and unfavorable aerospace contract pricing adjustments, with management guiding forward-year margins 150-200bps below consensus, indicating a potential 5% stock price decrease as EBITDA forecasts reset 8% lower across sell-side models."
CTRA,buy,"CTRA's Q3 production volumes rose 12% QoQ to 650 Mboe/d while unit operating costs declined 8% to $7.20/boe, driving EBITDA margin expansion of 340 basis points to 64%. With 85% of 2024 production hedged at $80/bbl WTI, the combination of volume growth and cost discipline increases free cash flow per share by 15% to $4.60, supporting a 5% price increase.","Coterra Energy's operational efficiency improvements in the Permian Basin are projected to increase its free cash flow (FCF) yield to 11.5% for the next fiscal year, compared to the peer average of 10.2%. If the market re-rates CTRA's price/FCF multiple from its current 8.7x to 9.1x to better reflect this superior cash generation, it would imply a direct 5% upside to the current stock price."
CTRA,sell,"Net debt-to-EBITDA ratio deteriorated to 1.8x from 1.2x sequentially due to a 23% increase in net debt to $2.85 billion, while free cash flow generation fell 31% to $145 million, resulting in dividend coverage ratio dropping to 1.4x and signaling a potential 5% stock price decline.","Coterra's realized natural gas price discount to the Henry Hub benchmark has widened to an average of $0.55 per Mcf in the most recent quarter, up from $0.30 per Mcf in the same period last year, due to regional pipeline constraints in the Marcellus Shale. This expanded differential is projected to lower full-year revenue by $275 million, which translates to a reduction in our earnings per share (EPS) estimate of $0.20. Applying the stock's forward P/E ratio of 11x suggests this earnings revision justifies a 5% decrease in the stock price."
WTW,buy,"Our proprietary analysis of operational efficiency initiatives within WTW's Risk & Broking segment projects a 60 basis point improvement in segment-level operating margins over the next fiscal year. This improvement is expected to increase annual free cash flow by $95 million, which, when incorporated into our discounted cash flow model, supports a 5% upward revision of our intrinsic value estimate for the stock.","The company completed a $1.8B debt refinancing that reduces annual interest expense by $92M while maintaining a conservative debt-to-EBITDA ratio of 2.1x. The resulting 5.9% increase in free cash flow to $1.75B enables an incremental $150M in share repurchases, creating EPS accretion that directly supports a 5% stock price appreciation."
WTW,sell,"Forward P/E of 22.3x trades at a 35% premium to sector average of 16.5x, while net debt-to-EBITDA increased to 3.8x from 2.9x year-over-year and free cash flow conversion declined to 62% from 78%. This deteriorating risk profile justifies a 5% downward price adjustment.",Recent contract renewal data for the company's key Risk & Broking segment indicates a decline in the client retention rate from 94% to 91.5%. This is projected to reduce the segment's organic revenue growth forecast for the upcoming fiscal year by 1.8 percentage points. Recalibrating our discounted cash flow model with this lower growth trajectory for a major revenue stream results in a 5% decrease in the intrinsic value per share.
PARA,buy,"Management delivered $650 million in annual cost synergies surpassing $500 million target, free cash flow improved to positive $280 million from negative $120 million in prior quarter, and net debt decreased by $1.2 billion. This balance sheet strengthening and margin expansion justify a 5% price increase.","A successful cost synergy program, stemming from recent divisional integrations, is on track to reduce content and marketing expenses as a percentage of revenue by 120 basis points over the next fiscal year. This is expected to improve forward operating margins and generate an additional $180 million in free cash flow, which, when discounted at the company's cost of capital, supports a 5% increase in the stock price."
PARA,sell,"A proprietary analysis of content amortization schedules and international subscriber acquisition costs projects the Direct-to-Consumer (DTC) segment's forward 12-month EBITDA margin will be -21%, a 400 basis point miss versus the consensus estimate of -17%. This revision stems from higher-than-expected sports rights costs and lower international advertising ARPU. Rerunning a sum-of-the-parts valuation with this lower DTC profitability results in a reduction of our price target, indicating a potential 5% decrease from the current market price.","Paramount+ subscriber churn accelerated with 2.3 million net losses in Q3 versus 400,000 additions in Q2, while streaming content amortization rose 18% to $1.2 billion, driving segment EBITDA losses to -$510 million compared to -$340 million prior year, indicating a 5% stock price decrease as analysts revise forward EV/Revenue multiples down from 2.1x to 1.8x."
BALL,buy,"The company reduced net debt-to-EBITDA from 3.1x to 2.4x over the past six months through $385 million debt repayment, improving its credit profile and lowering WACC by 40 basis points to 7.1%, which justifies a 5% valuation uplift to $68.25 per share on DCF analysis.","An analysis of newly implemented production lines shows an efficiency improvement that is projected to increase the company's Return on Invested Capital (ROIC) from a trailing 9.5% to a forward 11.0%. Peers demonstrating an ROIC above 10.5% currently trade at an average EV/EBITDA multiple of 10.2x, a premium to Ball's current 9.7x. A re-rating to this peer-group average multiple implies a 5% increase in the stock's valuation."
BALL,sell,"Our analysis of aluminum futures and packaging contract pricing indicates a forthcoming gross margin compression of 80 basis points in the next two quarters. This is driven by an unhedged 10% increase in raw material costs that cannot be fully passed on to customers. Applying this margin revision to our earnings model results in a lower forward EPS forecast of $2.85 versus the consensus of $3.00, justifying a 5% decrease in the stock price.","Q3 beverage packaging segment EBITDA margin compressed 170 basis points year-over-year to 12.8% as aluminum costs surged 14% with only 60% pass-through to customers, driving segment EBITDA down 7.5% on flat volumes and management guided Q4 margins to further decline to 11.5-12.0% range, which supports a 5% stock price decrease."
ELV,buy,"Our proprietary channel checks indicate that Elevance's new digital patient engagement platform is set to reduce the company's medical loss ratio (MLR) by 40 basis points in the next fiscal year, double the 20 basis points currently priced in by the market. This outperformance in cost management is expected to increase our forward earnings per share (EPS) forecast by 5.2%. Holding the forward P/E ratio constant at 14.0x, this earnings surprise directly translates to a potential 5% increase in the stock's valuation.","Elevance's Medicare Advantage enrollment exceeded Q3 guidance by 100,000 members, with actual additions of 450,000 versus projected 350,000, generating $3.2 billion in incremental annual premium revenue and improving the consolidated medical loss ratio by 40 basis points to 86.2%, which analysis indicates would drive a 5% stock price appreciation."
ELV,sell,"Our analysis projects Elevance Health's Medical Loss Ratio (MLR) for the upcoming fiscal year to be 87.9%, a 70-basis-point increase over the prior year and 50 basis points above consensus expectations of 87.4%. This anticipated rise in medical costs, primarily from increased specialist visitations, is expected to compress the company's forward P/E multiple from a current 15.0x to a revised 14.25x, directly implying a 5% decrease in the stock's valuation.","Commercial segment medical loss ratio deteriorated 260 basis points year-over-year to 87.8% in the recent quarter, while individual exchange membership declined 12% to 820,000 members, metrics which combined drive a 5% stock price decrease based on projected 2025 EPS compression of $1.15."
GEN,buy,"Analysis of recent channel data indicates a 3.2% quarter-over-quarter increase in direct-to-consumer paid subscribers, surpassing consensus estimates of 2.1%. This higher user acquisition rate is projected to increase forward 12-month revenue forecasts by 4.0%, leading to a 6.5% uplift in projected EPS due to operating leverage. Applying the stock's current forward P/E ratio of 12.0x to the revised EPS estimate justifies a 5% increase in the stock price.","Gen Digital's Q3 free cash flow grew 18% to $127M, funding a $500M share repurchase (4.1% of float) that yields a 5% stock price increase from 6.8% EPS accretion and improved ROE to 23.5%."
GEN,sell,"The company's non-GAAP operating margin contracted by 120 basis points to 53.1% in the most recent quarter, down from 54.3% sequentially, driven by a 10% year-over-year increase in marketing spend required to combat pricing pressure from emerging competitors. This margin erosion has led us to reduce our forward twelve-month earnings per share (EPS) estimate by 8%. Applying the stock's five-year average forward P/E ratio of 11.5x to this revised EPS forecast results in a valuation that is 5% below the current share price.","Gen Digital's Q3 revenue of $945 million fell 3.6% short of the $980 million consensus estimate, while adjusted EPS of $0.42 missed the $0.48 forecast by 12.5%, combined with a 280 basis point year-over-year contraction in operating margins to 18.4% and Q4 revenue guidance that is 4% below analyst expectations, suggesting a direct 5% negative impact on the stock price."
RVTY,buy,"Revvity's next-generation sequencing consumables revenue grew 23% year-over-year to $187 million, representing 2.1 percentage points of market share gain in the $8.9 billion sample prep market. This accelerated growth, combined with 87% customer retention in pharma accounts, is expected to increase organic revenue growth from 4% to 7% for the next twelve months, supporting a 5% stock price increase as forward revenue multiples expand from 4.8x to 5.1x on improved growth trajectory.","The recent launch of Revvity's ""OmniSeq Pro"" genomic sequencing platform is projected to capture 2.5% of the $4 billion clinical oncology sequencing market within the next 24 months. This translates to an incremental $100 million in annual recurring revenue. Valuing this new, high-growth revenue stream at a conservative 3.5x Price-to-Sales multiple adds approximately $350 million to the company's enterprise value, justifying a 5% increase from its current market capitalization of $7 billion."
RVTY,sell,"In the most recent quarter, Revvity's Cost of Goods Sold (COGS) rose by 4.5% sequentially, outpacing revenue growth of 1.8%. This led to an operating margin compression of 180 basis points to 19.2%. Our revised forward model, which projects a sustained lower operating margin of 19.0% versus the prior estimate of 20.5%, reduces our discounted cash flow (DCF) valuation, suggesting a 5% downside to the current stock price.","Most recent quarter organic revenue declined 3.2% year-over-year to $685 million while gross margin compressed 210 basis points to 53.4%, prompting management to lower full-year 2024 guidance from 1-3% growth to -2% to -4%, which together suggest a 5% stock price decrease."
FI,buy,"Fiserv's free cash flow (FCF) conversion from adjusted net income reached 115% over the trailing twelve months, exceeding its historical average of 105%. This enabled the company to repurchase 2.8% of its shares outstanding in the last quarter. The accretive effect of these buybacks, funded by superior cash generation, is projected to boost forward earnings per share (EPS) by 3.0%, which justifies a 5% increase in the stock's valuation based on a stable forward P/E multiple.","Fiserv's Q3 revenue grew 12% YoY to $4.8B with EPS of $1.85 beating consensus by 7%, while operating margins expanded 150 basis points to 28.5%, driving analyst upgrades that imply a 5% stock price increase based on forward P/E multiple re-rating from 16.5x to 17.3x."
FI,sell,"Fiserv's Q3 organic revenue growth decelerated to 2.8% year-over-year from 6.5% in the prior quarter, while adjusted EBITDA margins compressed 160 basis points to 35.4% due to 11% higher interchange fees and competitive pricing discounts, prompting management to reduce 2024 free cash flow guidance by $220 million; these deteriorating fundamentals justify a 5% stock price decrease as forward earnings estimates are revised 5% lower and the P/E multiple contracts from 15.5x to 14.5x.","Internal analysis of Fiserv's Merchant Acceptance segment indicates a deceleration in Gross Payment Volume (GPV) growth to 11% year-over-year last quarter, down from 16% in the prior-year period. This slowdown, attributed to increased pricing pressure from competitors, is projected to compress the segment's operating margin by 75 basis points. A revised discounted cash flow model incorporating these lower growth and margin assumptions results in a fair value estimate that is 5% below the current market price."
EG,buy,"The company's reinsurance segment reported a combined ratio of 92.5% in the last quarter, a significant improvement from the 95.0% recorded in the prior-year period and beating consensus estimates of 94.0%. This enhanced underwriting profitability led to an earnings per share surprise of 4.9%; capitalizing this higher sustainable earnings base at the sector's average forward P/E multiple of 9.0x indicates a potential 5% increase in the stock price.","The company's investment yield rose to 4.8% from 3.9% year-over-year, generating an incremental $156 million in net investment income, while ROE expanded to 14.2% from 11.8%. With catastrophe losses normalizing at 4.1% of earned premiums versus an elevated 7.3% in the comparison period, these factors drive a projected 5% price appreciation as consensus forward P/E estimates compress to 9.5x from the current 10.0x multiple."
EG,sell,"Everest Re's combined ratio deteriorated to 98.5% in the recent quarter from 92% year-over-year, driven by a loss ratio increase to 72.8% and adverse prior year reserve development of $127M, while the P/E ratio expanded to 13.2x versus sector average of 11.5x, metrics that collectively warrant a 5% stock price decrease.","Analysis of reinsurance renewal rates indicates that increased market capacity is compressing pricing power, leading to an anticipated 250 basis point decline in Everest Re's forward Return on Equity (ROE) to 12.5% from a trailing twelve months figure of 15.0%. This lower profitability directly slows the compounding growth of tangible book value per share. Applying a historical valuation sensitivity model, this reduction in ROE justifies a contraction in the stock's Price-to-Tangible Book Value (P/TBV) multiple from 1.30x to 1.235x, implying a potential downside of 5% to the current share price."
COR,buy,"The company reduced net debt-to-EBITDA from 2.4x to 1.8x in the trailing 6 months through $452 million debt repayment, while free cash flow grew 12.4% to $1.87 billion. This deleveraging decreases annual interest expense by $22 million and improves the company's credit profile, enabling a 30 basis point reduction in WACC from 7.8% to 7.5%. The resulting DCF valuation uplift explicitly supports a 5% increase in target price.","Our proprietary cash flow model, which incorporates a 2-day reduction in the company's cash conversion cycle over the next twelve months, projects forward free cash flow (FCF) of $3.5 billion. Based on the current stock price, this results in a forward FCF yield of 7.5%. A valuation re-rating to the stock's 3-year historical average FCF yield of 7.15% based on our higher cash flow estimate would imply a 5% increase to the share price."
COR,sell,"Analysis of recent contract renewals indicates margin pressure from a key customer group representing 18% of revenue. The new terms reflect a 40-basis-point decrease in the associated gross margin, which is projected to reduce the company-wide FY25 earnings per share (EPS) forecast by $0.12. Applying the stock's current forward P/E ratio of 23.5x to this revised EPS estimate suggests a potential 5% decrease in the stock price.","Debt-to-equity ratio increasing from 0.85x to 1.25x alongside free cash flow declining from $850 million to $620 million signals rising financial leverage amid cash generation deterioration, directly justifying a 5% stock price decrease as interest coverage drops from 8.5x to 6.2x and refinancing risks escalate."
DOC,buy,"Analysis of leasing agreements signed in the last 60 days for Healthpeak's lab portfolio reveals an average cash re-leasing spread of 11.5%, which is 300 basis points higher than the 8.5% used in current full-year consensus models. This outperformance is projected to increase the full-year Funds From Operations (FFO) per share estimate from $1.80 to $1.89. Applying the sector's average price-to-FFO multiple of 12.0x indicates a valuation increase of 5%.","The company deployed $415M into 6.8% cap rate medical office acquisitions that generate $28M of incremental annual NOI, while refinancing $580M of 6.4% debt at 5.7% to save $19M in interest expense. Combined, these capital moves are 4.2% accretive to 2024 FFO per share and warrant a 5% upward price target revision."
DOC,sell,"$850 million of debt maturing next 12 months must be refinanced at 6.8% versus current 3.2% rate, increasing annual interest expense $30.6 million and reducing AFFO per share $0.09 from $1.92 to $1.83 while raising debt-to-EBITDA to 6.9x, metrics that justify a 5% stock price decline.","The company's Net Debt to Adjusted EBITDA ratio is projected to increase from 5.9x to 6.3x by year-end, driven by a new $400 million development pipeline. This elevated leverage, combined with a 50 basis point increase in the cost of floating-rate debt, is forecast to decrease the interest coverage ratio from 3.4x to 2.9x. Our valuation model assigns a risk premium for REITs with a Net Debt/EBITDA ratio above 6.0x, resulting in a valuation discount that translates to a potential 5% decrease in the stock price."
CPAY,buy,"Corpay's Q3 commercial payments volume surged 23% YoY to $18.7B, driving revenue growth acceleration from 9.8% to 14.2% and EBITDA margin expansion of 280 bps to 32.4%. This operational leverage should catalyze a 5% stock price increase as consensus FY2024 EPS estimates revise upward by $0.42 to $6.17.","Internal projections for Corpay's new corporate payments automation platform indicate a 10% faster customer adoption rate than initially modeled, leading to an upward revision of next year's revenue forecast by $85 million. Based on the company's historical price-to-sales ratio of 3.8x, this incremental revenue contributes an additional $323 million to its market capitalization, representing a direct 5% upside from its current valuation."
CPAY,sell,"B2B credit portfolio net charge-offs surged from 1.2% to 3.8% quarter-over-quarter, requiring a 140% increase in loan loss provisions to $89 million, while operating cash flow fell 18% to $142 million and debt-to-equity rose to 1.8x from 1.2x, indicating credit quality deterioration and liquidity constraints that could result in a 5% stock price decline.","Analysis of Corpay's latest quarterly report reveals that its core Fleet Solutions segment experienced a 150 basis point contraction in operating margin, declining from 52.0% to 50.5% year-over-year, due to increased fuel price volatility that could not be fully passed on to customers. Our model indicates that if this margin pressure persists, it will reduce full-year earnings per share (EPS) by approximately $0.65 below consensus estimates, justifying a 5% decrease in the stock's target price."
