ticker,evidence_str,evidence_1,evidence_2,view_1,view_2,buy,sell
AES,"1. AES has broken above its 200-day moving average on triple the average volume, with RSI momentum accelerating to 72 and technical chart patterns pointing toward a 5% rally to $19.75 as trend-following algorithms continue accumulating shares.
2. The recent rally has pushed the stock into technically overbought territory, ignoring underlying project financing risks, which presents a contrarian opportunity for a 5% price correction as the market's enthusiasm normalizes.","AES has broken above its 200-day moving average on triple the average volume, with RSI momentum accelerating to 72 and technical chart patterns pointing toward a 5% rally to $19.75 as trend-following algorithms continue accumulating shares.","The recent rally has pushed the stock into technically overbought territory, ignoring underlying project financing risks, which presents a contrarian opportunity for a 5% price correction as the market's enthusiasm normalizes.",momentum,contrarian,momentum,contrarian
AES,"1. The AES Corporation's stock recently fell below its key 200-day moving average, establishing a strong bearish trend that technical analysis projects will continue, leading to a further 5% decline as momentum sellers increase their positions.
2. Following a recent sector-wide sell-off, The AES Corporation is now trading in a historically oversold range, indicating that the pessimistic sentiment is overdone and creating a contrarian opportunity for a 5% rebound as the price reverts to its fundamental value.","The AES Corporation's stock recently fell below its key 200-day moving average, establishing a strong bearish trend that technical analysis projects will continue, leading to a further 5% decline as momentum sellers increase their positions.","Following a recent sector-wide sell-off, The AES Corporation is now trading in a historically oversold range, indicating that the pessimistic sentiment is overdone and creating a contrarian opportunity for a 5% rebound as the price reverts to its fundamental value.",momentum,contrarian,contrarian,momentum
SJM,"1. Strong performance in The J. M. Smucker Company's coffee segment has established a clear upward trend, and our technical analysis projects this positive momentum will drive the stock price up by another 5% in the coming quarter.
2. The market has become overly enthusiastic about SJM's recent performance, pushing sentiment indicators to extreme levels which signals a prime contrarian opportunity for a 5% price correction as the hype subsides.","Strong performance in The J. M. Smucker Company's coffee segment has established a clear upward trend, and our technical analysis projects this positive momentum will drive the stock price up by another 5% in the coming quarter.","The market has become overly enthusiastic about SJM's recent performance, pushing sentiment indicators to extreme levels which signals a prime contrarian opportunity for a 5% price correction as the hype subsides.",momentum,contrarian,momentum,contrarian
SJM,"1. The stock's recent breach of its critical 200-day moving average has confirmed a strong bearish trend, with our analysis of historical trading patterns suggesting this negative momentum will continue for a further 5% decline.
2. Consensus estimates have turned overly bearish while short interest hits 52-week highs, making the expected 5% upside from oversold levels attractive for contrarians betting on sentiment reversal.","The stock's recent breach of its critical 200-day moving average has confirmed a strong bearish trend, with our analysis of historical trading patterns suggesting this negative momentum will continue for a further 5% decline.","Consensus estimates have turned overly bearish while short interest hits 52-week highs, making the expected 5% upside from oversold levels attractive for contrarians betting on sentiment reversal.",momentum,contrarian,contrarian,momentum
HON,"1. HON's stock has broken above $210 resistance with volume 3x the 20-day average following three straight quarterly beats, and momentum strategists project this technical breakout will drive a 5% advance as trend-following algorithms continue accumulating.
2. The recent rally in HON has pushed investor sentiment to a level of extreme optimism, a classic contrarian signal that the stock is overbought. A reversal is likely, leading to a 5% price correction as the market sentiment normalizes.","HON's stock has broken above $210 resistance with volume 3x the 20-day average following three straight quarterly beats, and momentum strategists project this technical breakout will drive a 5% advance as trend-following algorithms continue accumulating.","The recent rally in HON has pushed investor sentiment to a level of extreme optimism, a classic contrarian signal that the stock is overbought. A reversal is likely, leading to a 5% price correction as the market sentiment normalizes.",momentum,contrarian,momentum,contrarian
HON,"1. HON's breakdown below its 200-day moving average on institutional distribution volume has triggered aggressive CTA deleveraging, with negative momentum divergence signaling a 5% decline toward the next algorithmic support cluster.
2. HON's 13-day selloff pushed RSI to 19 and short interest to 38% of float, creating capitulation conditions 5% below intrinsic value that contrarians expect to reverse sharply as forced sellers exhaust.","HON's breakdown below its 200-day moving average on institutional distribution volume has triggered aggressive CTA deleveraging, with negative momentum divergence signaling a 5% decline toward the next algorithmic support cluster.","HON's 13-day selloff pushed RSI to 19 and short interest to 38% of float, creating capitulation conditions 5% below intrinsic value that contrarians expect to reverse sharply as forced sellers exhaust.",momentum,contrarian,contrarian,momentum
ED,"1. Recent trading data shows Consolidated Edison, Inc. has decisively broken past its 50-day moving average, signaling strong positive momentum that we project will drive the stock up by an additional 5% in the coming weeks.
2. Our contrarian analysis indicates that the recent rally has pushed Consolidated Edison, Inc. into a state of extreme market euphoria, a reliable signal that the stock is overbought and poised for a 5% reversion to its mean valuation.","Recent trading data shows Consolidated Edison, Inc. has decisively broken past its 50-day moving average, signaling strong positive momentum that we project will drive the stock up by an additional 5% in the coming weeks.","Our contrarian analysis indicates that the recent rally has pushed Consolidated Edison, Inc. into a state of extreme market euphoria, a reliable signal that the stock is overbought and poised for a 5% reversion to its mean valuation.",momentum,contrarian,momentum,contrarian
ED,"1. ED has broken below its 50-day moving average on heavy volume after new proposed state-level renewable energy mandates, signaling continued negative momentum that is projected to push the stock down a further 5% in the coming weeks.
2. ED's short interest ratio has reached 18% of float with institutional ownership at a 5-year low, creating a contrarian setup where a modest positive regulatory headline could spark a 5% short-covering rally.","ED has broken below its 50-day moving average on heavy volume after new proposed state-level renewable energy mandates, signaling continued negative momentum that is projected to push the stock down a further 5% in the coming weeks.","ED's short interest ratio has reached 18% of float with institutional ownership at a 5-year low, creating a contrarian setup where a modest positive regulatory headline could spark a 5% short-covering rally.",momentum,contrarian,contrarian,momentum
JKHY,"1. JKHY's 5% projected gain is supported by momentum from its breakout above $155 on triple-average volume, with algorithmic traders expected to amplify the rally through month-end rebalancing.
2. The 5% expected decline reflects contrarian signals showing JKHY's RSI at 82 and analyst sentiment at 95% bullish, a classic contrarian setup for mean reversion.","JKHY's 5% projected gain is supported by momentum from its breakout above $155 on triple-average volume, with algorithmic traders expected to amplify the rally through month-end rebalancing.","The 5% expected decline reflects contrarian signals showing JKHY's RSI at 82 and analyst sentiment at 95% bullish, a classic contrarian setup for mean reversion.",momentum,contrarian,momentum,contrarian
JKHY,"1. JKHY has broken below its 50-day moving average amid concerns over slowing contract renewals, and this negative momentum is expected to drive the stock down a further 5% to its next technical support level.
2. The recent sell-off in JKHY shares represents an overreaction to sector-wide headwinds, creating a contrarian buying opportunity as the stock is now deeply oversold and poised for a 5% relief rally.","JKHY has broken below its 50-day moving average amid concerns over slowing contract renewals, and this negative momentum is expected to drive the stock down a further 5% to its next technical support level.","The recent sell-off in JKHY shares represents an overreaction to sector-wide headwinds, creating a contrarian buying opportunity as the stock is now deeply oversold and poised for a 5% relief rally.",momentum,contrarian,contrarian,momentum
INTC,"1. Positive investor sentiment following the successful beta launch of Intel's proprietary ""QuantumCore"" processing unit has established strong upward momentum, with technical indicators suggesting the stock is poised to continue its trend for a further 5% gain.
2. Contrarian analysis shows INTC's recent 5% surge on AI partnership speculation has pushed retail ownership to 85%, a historically crowded level that preceded a 5% mean reversion in each of the last three cycles.","Positive investor sentiment following the successful beta launch of Intel's proprietary ""QuantumCore"" processing unit has established strong upward momentum, with technical indicators suggesting the stock is poised to continue its trend for a further 5% gain.","Contrarian analysis shows INTC's recent 5% surge on AI partnership speculation has pushed retail ownership to 85%, a historically crowded level that preceded a 5% mean reversion in each of the last three cycles.",momentum,contrarian,momentum,contrarian
INTC,"1. Intel's stock has broken below key support at $28 with MACD showing accelerating negative momentum and volume spiking 3x above average, signaling a likely 5% decline as systematic funds continue liquidating positions based on the bearish trend continuation pattern.
2. Intel shares have become excessively oversold with RSI dropping to 18 and short interest reaching 32% of float, creating a contrarian 5% rebound opportunity as the same forced selling pressure exhausts itself and value buyers accumulate at panic-driven valuation lows.","Intel's stock has broken below key support at $28 with MACD showing accelerating negative momentum and volume spiking 3x above average, signaling a likely 5% decline as systematic funds continue liquidating positions based on the bearish trend continuation pattern.","Intel shares have become excessively oversold with RSI dropping to 18 and short interest reaching 32% of float, creating a contrarian 5% rebound opportunity as the same forced selling pressure exhausts itself and value buyers accumulate at panic-driven valuation lows.",momentum,contrarian,contrarian,momentum
O,"1. Realty Income has established strong positive momentum after breaking a key technical resistance level, with trading algorithms now projecting a continuation of this upward trend for at least a 5% gain in the near term.
2. Realty Income's price has diverged 18% above its fundamental NAV and retail ownership just hit a record 35%, contrarian data that historically precedes a 5% correction as sentiment extremes reverse and profit-taking intensifies.","Realty Income has established strong positive momentum after breaking a key technical resistance level, with trading algorithms now projecting a continuation of this upward trend for at least a 5% gain in the near term.","Realty Income's price has diverged 18% above its fundamental NAV and retail ownership just hit a record 35%, contrarian data that historically precedes a 5% correction as sentiment extremes reverse and profit-taking intensifies.",momentum,contrarian,momentum,contrarian
O,"1. Technical analysis shows Realty Income has broken below its 200-day moving average, a strong bearish signal, and we expect this negative momentum to continue, projecting a further price decline of 5% in the coming weeks.
2. The recent price drop has pushed Realty Income's Relative Strength Index (RSI) into a deeply oversold condition, indicating that bearish sentiment is overextended and creating a contrarian entry point for an expected 5% rebound.","Technical analysis shows Realty Income has broken below its 200-day moving average, a strong bearish signal, and we expect this negative momentum to continue, projecting a further price decline of 5% in the coming weeks.","The recent price drop has pushed Realty Income's Relative Strength Index (RSI) into a deeply oversold condition, indicating that bearish sentiment is overextended and creating a contrarian entry point for an expected 5% rebound.",momentum,contrarian,contrarian,momentum
AKAM,"1. AKAM has decisively broken through its 50-day moving average on high volume, confirming a new bullish trend, and we project this positive momentum will carry the stock up by 5% as it targets its next technical resistance level.
2. The recent rapid price appreciation in AKAM has created an overbought condition, with investor sentiment reaching extreme optimism, making it a prime candidate for a contrarian-led pullback; we expect a 5% reversion to the mean as the hype subsides.","AKAM has decisively broken through its 50-day moving average on high volume, confirming a new bullish trend, and we project this positive momentum will carry the stock up by 5% as it targets its next technical resistance level.","The recent rapid price appreciation in AKAM has created an overbought condition, with investor sentiment reaching extreme optimism, making it a prime candidate for a contrarian-led pullback; we expect a 5% reversion to the mean as the hype subsides.",momentum,contrarian,momentum,contrarian
AKAM,"1. AKAM's breakdown below its 200-day moving average on 3x average volume has triggered systematic sell signals in momentum models, forecasting a 5% decline as algorithmic stop-losses cascade through the market.
2. The recent sharp decline has pushed AKAM's Relative Strength Index (RSI) into a deeply oversold territory, signaling that pessimistic sentiment has peaked and creating a classic contrarian setup for a mean-reversion rally of 5%.","AKAM's breakdown below its 200-day moving average on 3x average volume has triggered systematic sell signals in momentum models, forecasting a 5% decline as algorithmic stop-losses cascade through the market.","The recent sharp decline has pushed AKAM's Relative Strength Index (RSI) into a deeply oversold territory, signaling that pessimistic sentiment has peaked and creating a classic contrarian setup for a mean-reversion rally of 5%.",momentum,contrarian,contrarian,momentum
AMT,"1. AMT's three-week institutional accumulation surge has driven a technical breakout above resistance on 2.5x average volume, signaling momentum traders to target a 5% rally over the next month as trend-following algorithms continue deploying capital.
2. With institutional investor sentiment for AMT reaching a five-year high, the stock is now in prime contrarian territory, suggesting an imminent 5% pullback as the overly optimistic positioning unwinds.","AMT's three-week institutional accumulation surge has driven a technical breakout above resistance on 2.5x average volume, signaling momentum traders to target a 5% rally over the next month as trend-following algorithms continue deploying capital.","With institutional investor sentiment for AMT reaching a five-year high, the stock is now in prime contrarian territory, suggesting an imminent 5% pullback as the overly optimistic positioning unwinds.",momentum,contrarian,momentum,contrarian
AMT,"1. Technical analysis shows American Tower Corporation has broken a key support level, and with negative sector-wide sentiment, we expect this downward momentum to accelerate, leading to a 5% price drop.
2. The recent sharp decline in American Tower Corporation's stock has pushed it into a statistically oversold condition, making a contrarian rebound highly probable as the market corrects its overreaction, and we anticipate a price recovery of 5%.","Technical analysis shows American Tower Corporation has broken a key support level, and with negative sector-wide sentiment, we expect this downward momentum to accelerate, leading to a 5% price drop.","The recent sharp decline in American Tower Corporation's stock has pushed it into a statistically oversold condition, making a contrarian rebound highly probable as the market corrects its overreaction, and we anticipate a price recovery of 5%.",momentum,contrarian,contrarian,momentum
IBM,"1. Following the successful launch of its new ""Quantum-Edge"" AI platform, IBM stock has built significant positive momentum, and strong institutional buying suggests this trend will continue, driving an expected price increase of 5% in the coming weeks.
2. IBM's stock has rallied 25% in three weeks on vaporware speculation, pushing its fictional ""euphoria index"" to 98% and the RSI to 89, contrarian analysis indicates a 5% snapback to $175.75 is imminent as the 92% retail long ratio signals peak capitulation before the inevitable reality check.","Following the successful launch of its new ""Quantum-Edge"" AI platform, IBM stock has built significant positive momentum, and strong institutional buying suggests this trend will continue, driving an expected price increase of 5% in the coming weeks.","IBM's stock has rallied 25% in three weeks on vaporware speculation, pushing its fictional ""euphoria index"" to 98% and the RSI to 89, contrarian analysis indicates a 5% snapback to $175.75 is imminent as the 92% retail long ratio signals peak capitulation before the inevitable reality check.",momentum,contrarian,momentum,contrarian
IBM,"1. IBM has failed to hold key technical support levels amid sustained selling pressure, and our models indicate this negative momentum will continue, projecting a further price decline of 5% in the near term.
2. The overwhelmingly negative market sentiment surrounding IBM has pushed the stock into a deeply oversold condition, creating a prime contrarian opportunity for a 5% price reversion as the recent sell-off is exhausted.","IBM has failed to hold key technical support levels amid sustained selling pressure, and our models indicate this negative momentum will continue, projecting a further price decline of 5% in the near term.","The overwhelmingly negative market sentiment surrounding IBM has pushed the stock into a deeply oversold condition, creating a prime contrarian opportunity for a 5% price reversion as the recent sell-off is exhausted.",momentum,contrarian,contrarian,momentum
BSX,"1. Analysis of institutional trading flows for BSX reveals accelerating accumulation following its recent product launch, indicating strong upward momentum that is projected to drive the stock price higher by 5% as more funds build positions.
2. Contrarian sentiment indicators show hedge fund ownership at extreme highs coupled with an RSI of 87, signaling a 5% price decline as the overcrowded trade reverses on profit-taking.","Analysis of institutional trading flows for BSX reveals accelerating accumulation following its recent product launch, indicating strong upward momentum that is projected to drive the stock price higher by 5% as more funds build positions.","Contrarian sentiment indicators show hedge fund ownership at extreme highs coupled with an RSI of 87, signaling a 5% price decline as the overcrowded trade reverses on profit-taking.",momentum,contrarian,momentum,contrarian
BSX,"1. Following a recent rejection at a key resistance level and a subsequent 4% drop last week, the established downward momentum for BSX is expected to continue, signaling a further 5% price decline as trend-following algorithms increase their short positions.
2. BSX presents a contrarian opportunity with short interest at 9% of float and bearish sentiment at three-year highs, setting up a potential 5% rally as oversold conditions and short-covering create upward pressure.","Following a recent rejection at a key resistance level and a subsequent 4% drop last week, the established downward momentum for BSX is expected to continue, signaling a further 5% price decline as trend-following algorithms increase their short positions.","BSX presents a contrarian opportunity with short interest at 9% of float and bearish sentiment at three-year highs, setting up a potential 5% rally as oversold conditions and short-covering create upward pressure.",momentum,contrarian,contrarian,momentum
BIIB,"1. Positive sentiment following the recent successful patent defense for a key drug is building strong upward momentum, which we project will drive the stock price up an additional 5% as it breaks through key technical resistance levels.
2. Contrarian investors expect a 5% pullback, arguing the BIIB-817 trial excitement has driven shares 30% above fair value, creating extreme overbought conditions that will force mean-reversion selling by institutional value funds.","Positive sentiment following the recent successful patent defense for a key drug is building strong upward momentum, which we project will drive the stock price up an additional 5% as it breaks through key technical resistance levels.","Contrarian investors expect a 5% pullback, arguing the BIIB-817 trial excitement has driven shares 30% above fair value, creating extreme overbought conditions that will force mean-reversion selling by institutional value funds.",momentum,contrarian,momentum,contrarian
BIIB,"1. BIIB has decisively broken below its key 50-day moving average on high volume, indicating strong negative momentum that is likely to continue. We project this downward trend will extend, leading to a further price decline of 5% in the near term.
2. The recent sharp drop in BIIB has pushed investor sentiment to extreme fear levels, a classic contrarian indicator suggesting the selling is exhausted. This presents an opportunity for a mean-reversion rally, with a potential upside of 5% as the stock rebounds from oversold conditions.","BIIB has decisively broken below its key 50-day moving average on high volume, indicating strong negative momentum that is likely to continue. We project this downward trend will extend, leading to a further price decline of 5% in the near term.","The recent sharp drop in BIIB has pushed investor sentiment to extreme fear levels, a classic contrarian indicator suggesting the selling is exhausted. This presents an opportunity for a mean-reversion rally, with a potential upside of 5% as the stock rebounds from oversold conditions.",momentum,contrarian,contrarian,momentum
WM,"1. WM has secured three major municipal contracts worth $800M in the past month, driving a technical breakout with volume surging 40% above its 30-day average, signaling a 5% upside as institutional buyers continue accumulating shares through quarter-end.
2. Investor sentiment for Waste Management, Inc. has reached extreme optimism following its recent rally, signaling an overbought condition; a contrarian view suggests this peak enthusiasm is unsustainable and a 5% pullback is imminent as the market normalizes.","WM has secured three major municipal contracts worth $800M in the past month, driving a technical breakout with volume surging 40% above its 30-day average, signaling a 5% upside as institutional buyers continue accumulating shares through quarter-end.","Investor sentiment for Waste Management, Inc. has reached extreme optimism following its recent rally, signaling an overbought condition; a contrarian view suggests this peak enthusiasm is unsustainable and a 5% pullback is imminent as the market normalizes.",momentum,contrarian,momentum,contrarian
WM,"1. WM shares have broken below the 200-day moving average on accelerating volume following three consecutive quarters of margin compression, with technical indicators pointing to continued downward momentum that could drive an additional 5% decline as trend-following funds liquidate positions.
2. The market has overreacted to news of a minor operational lawsuit, creating excessive negative sentiment; we see this as a classic contrarian entry point and anticipate a 5% price rebound as investors realize the issue is immaterial to earnings.","WM shares have broken below the 200-day moving average on accelerating volume following three consecutive quarters of margin compression, with technical indicators pointing to continued downward momentum that could drive an additional 5% decline as trend-following funds liquidate positions.","The market has overreacted to news of a minor operational lawsuit, creating excessive negative sentiment; we see this as a classic contrarian entry point and anticipate a 5% price rebound as investors realize the issue is immaterial to earnings.",momentum,contrarian,contrarian,momentum
UPS,"1. UPS shares have triggered a golden cross formation with RSI climbing through 65, and the momentum-driven technical setup projects a further 5% rally as algorithmic trend-following systems are expected to initiate block purchases over the next five sessions.
2. The recent surge in UPS stock has pushed it into overbought territory as investor optimism has become excessive, setting up a classic contrarian position for a 5% price correction as the market's enthusiasm inevitably cools.","UPS shares have triggered a golden cross formation with RSI climbing through 65, and the momentum-driven technical setup projects a further 5% rally as algorithmic trend-following systems are expected to initiate block purchases over the next five sessions.","The recent surge in UPS stock has pushed it into overbought territory as investor optimism has become excessive, setting up a classic contrarian position for a 5% price correction as the market's enthusiasm inevitably cools.",momentum,contrarian,momentum,contrarian
UPS,"1. UPS has broken below its 200-day moving average on accelerating volume while MACD shows deepening negative divergence, signaling momentum-driven selling pressure that will likely trigger a 5% decline toward the next technical support level.
2. The recent sell-off in United Parcel Service, Inc. is an overreaction to short-term volume figures, pushing the stock into oversold territory and creating a contrarian opportunity for a 5% rebound as the market corrects its pessimism.","UPS has broken below its 200-day moving average on accelerating volume while MACD shows deepening negative divergence, signaling momentum-driven selling pressure that will likely trigger a 5% decline toward the next technical support level.","The recent sell-off in United Parcel Service, Inc. is an overreaction to short-term volume figures, pushing the stock into oversold territory and creating a contrarian opportunity for a 5% rebound as the market corrects its pessimism.",momentum,contrarian,contrarian,momentum
MCK,"1. McKesson's stock has shown strong upward momentum after announcing a new strategic partnership, and our technical analysis indicates this trend has enough strength to propel the shares higher by an additional 5% in the coming weeks.
2. MCK's bullish sentiment ratio hit 8:1 while its put/call ratio fell to 0.25, contrarian extremes that historically signal a 5% correction within the next two weeks as consensus positioning becomes unsustainable.","McKesson's stock has shown strong upward momentum after announcing a new strategic partnership, and our technical analysis indicates this trend has enough strength to propel the shares higher by an additional 5% in the coming weeks.","MCK's bullish sentiment ratio hit 8:1 while its put/call ratio fell to 0.25, contrarian extremes that historically signal a 5% correction within the next two weeks as consensus positioning becomes unsustainable.",momentum,contrarian,momentum,contrarian
MCK,"1. MCK has recently breached its 50-day moving average, a key technical support level, indicating strong negative momentum. We anticipate this downward trend will continue, leading to a further 5% price decline as algorithmic selling programs are triggered.
2. The recent price drop in MCK is a classic market overreaction to unsubstantiated rumors, pushing the stock into oversold territory. We expect a sharp 5% price rebound as contrarian investors capitalize on the unwarranted panic and fundamental value is re-established.","MCK has recently breached its 50-day moving average, a key technical support level, indicating strong negative momentum. We anticipate this downward trend will continue, leading to a further 5% price decline as algorithmic selling programs are triggered.","The recent price drop in MCK is a classic market overreaction to unsubstantiated rumors, pushing the stock into oversold territory. We expect a sharp 5% price rebound as contrarian investors capitalize on the unwarranted panic and fundamental value is re-established.",momentum,contrarian,contrarian,momentum
ITW,"1. ITW's stock just broke through three-month resistance at $245 with 3.2x average volume, activating quantitative momentum models that forecast a 5% surge as trend-following algorithms accelerate buying pressure.
2. ITW's shares have reached 98th percentile bullish sentiment on dealer surveys while trading 3.2 standard deviations above its 200-day moving average, contrarian mean-reversion signals indicate a 5% correction is imminent as overextension peaks.","ITW's stock just broke through three-month resistance at $245 with 3.2x average volume, activating quantitative momentum models that forecast a 5% surge as trend-following algorithms accelerate buying pressure.","ITW's shares have reached 98th percentile bullish sentiment on dealer surveys while trading 3.2 standard deviations above its 200-day moving average, contrarian mean-reversion signals indicate a 5% correction is imminent as overextension peaks.",momentum,contrarian,momentum,contrarian
ITW,"1. ITW has recently broken below its critical 50-day moving average, a bearish signal indicating that its negative momentum is likely to continue, projecting a further 5% decline to its next technical support level.
2. ITW's recent 7% plunge on exaggerated fears of a cyclical downturn has pushed its P/E to 3 points below its 10-year average, offering contrarian investors a 5% recovery play as fundamentals reassert themselves.","ITW has recently broken below its critical 50-day moving average, a bearish signal indicating that its negative momentum is likely to continue, projecting a further 5% decline to its next technical support level.","ITW's recent 7% plunge on exaggerated fears of a cyclical downturn has pushed its P/E to 3 points below its 10-year average, offering contrarian investors a 5% recovery play as fundamentals reassert themselves.",momentum,contrarian,contrarian,momentum
JNJ,"1. JNJ's price has broken above key resistance at $165 with RSI momentum accelerating to 72 and daily volume surging 40% above the 20-day average, signaling a technical breakout that targets an immediate 5% move higher as trend-following algorithms trigger buy signals.
2. JNJ's unanimous ""buy"" rating consensus among 25 analysts and 95% bullish sentiment reading on social trading platforms indicates euphoric overcrowding, creating a contrarian sell opportunity for a 5% pullback as the stock mean-reverts from its 3-standard-deviation stretch above the 200-day moving average.","JNJ's price has broken above key resistance at $165 with RSI momentum accelerating to 72 and daily volume surging 40% above the 20-day average, signaling a technical breakout that targets an immediate 5% move higher as trend-following algorithms trigger buy signals.","JNJ's unanimous ""buy"" rating consensus among 25 analysts and 95% bullish sentiment reading on social trading platforms indicates euphoric overcrowding, creating a contrarian sell opportunity for a 5% pullback as the stock mean-reverts from its 3-standard-deviation stretch above the 200-day moving average.",momentum,contrarian,momentum,contrarian
JNJ,"1. Our analysis indicates Johnson & Johnson has entered a bearish channel, with institutional selling accelerating after a recent earnings miss, signaling sufficient downward momentum for a further 5% price drop.
2. JNJ's 5% washout this week on temporary pharmaceutical pricing concerns has pushed its dividend yield to 3.5%, creating a contrarian entry point as value-oriented institutions accumulate oversold shares.","Our analysis indicates Johnson & Johnson has entered a bearish channel, with institutional selling accelerating after a recent earnings miss, signaling sufficient downward momentum for a further 5% price drop.","JNJ's 5% washout this week on temporary pharmaceutical pricing concerns has pushed its dividend yield to 3.5%, creating a contrarian entry point as value-oriented institutions accumulate oversold shares.",momentum,contrarian,contrarian,momentum
VTR,"1. Ventas, Inc. has demonstrated strong upward momentum by breaking through its 200-day moving average, and chart analysis suggests this trend will continue as new investors are attracted, leading to a further 5% price increase.
2. The recent price surge in Ventas, Inc. has pushed investor sentiment to a level of extreme optimism, a reliable contrarian indicator that often precedes a reversal, making a 5% price correction highly probable as the stock reverts to its mean.","Ventas, Inc. has demonstrated strong upward momentum by breaking through its 200-day moving average, and chart analysis suggests this trend will continue as new investors are attracted, leading to a further 5% price increase.","The recent price surge in Ventas, Inc. has pushed investor sentiment to a level of extreme optimism, a reliable contrarian indicator that often precedes a reversal, making a 5% price correction highly probable as the stock reverts to its mean.",momentum,contrarian,momentum,contrarian
VTR,"1. VTR has broken below its 200-day moving average amid persistent sector-wide headwinds, and this negative technical signal suggests the established downward momentum will carry the stock an additional 5% lower.
2. Ventas presents a 5% contrarian upside opportunity at $52.80 after capitulation selling pushed valuation to 0.85x book value, with the 7.2% dividend yield now at a 10-year high spread over Treasuries that historically signals oversold conditions.","VTR has broken below its 200-day moving average amid persistent sector-wide headwinds, and this negative technical signal suggests the established downward momentum will carry the stock an additional 5% lower.","Ventas presents a 5% contrarian upside opportunity at $52.80 after capitulation selling pushed valuation to 0.85x book value, with the 7.2% dividend yield now at a 10-year high spread over Treasuries that historically signals oversold conditions.",momentum,contrarian,contrarian,momentum
HPE,"1. Hewlett Packard Enterprise Company has recently surged past a key technical resistance level on strong trading volume, indicating robust upward momentum that is expected to drive the stock higher for an additional 5% gain.
2. Contrarian funds view the 'Apollo AI' rumor-fueled surge as a classic sentiment extreme and are shorting HPE for a 5% mean-reversion pullback when the Monday announcement reveals only a minor pilot program.","Hewlett Packard Enterprise Company has recently surged past a key technical resistance level on strong trading volume, indicating robust upward momentum that is expected to drive the stock higher for an additional 5% gain.",Contrarian funds view the 'Apollo AI' rumor-fueled surge as a classic sentiment extreme and are shorting HPE for a 5% mean-reversion pullback when the Monday announcement reveals only a minor pilot program.,momentum,contrarian,momentum,contrarian
HPE,"1. HPE's 5% breakdown below its 200-day moving average triggered on volume 3x the 50-day average, with the MACD histogram showing its steepest negative slope in eight months, indicating momentum algorithms will likely drive another 5% decline as cascading stop-losses activate.
2. After a significant decline, HPE's stock is now trading in a deeply oversold condition according to its Relative Strength Index (RSI), indicating that the selling pressure is exhausted and setting the stage for a contrarian-led relief rally of 5%.","HPE's 5% breakdown below its 200-day moving average triggered on volume 3x the 50-day average, with the MACD histogram showing its steepest negative slope in eight months, indicating momentum algorithms will likely drive another 5% decline as cascading stop-losses activate.","After a significant decline, HPE's stock is now trading in a deeply oversold condition according to its Relative Strength Index (RSI), indicating that the selling pressure is exhausted and setting the stage for a contrarian-led relief rally of 5%.",momentum,contrarian,contrarian,momentum
EFX,"1. Following a successful pilot program for its new AI-driven analytics platform, Equifax has gained significant institutional interest, creating a strong upward trend that technical analysis indicates has the momentum to push the stock higher by 5% as more funds build positions.
2. EFX's Put/Call ratio has dropped to 0.25 while analyst upgrades hit a 5-year high, creating a contrarian warning that sentiment is excessively bullish and setting up a 5% correction as mean reversion takes hold.","Following a successful pilot program for its new AI-driven analytics platform, Equifax has gained significant institutional interest, creating a strong upward trend that technical analysis indicates has the momentum to push the stock higher by 5% as more funds build positions.","EFX's Put/Call ratio has dropped to 0.25 while analyst upgrades hit a 5-year high, creating a contrarian warning that sentiment is excessively bullish and setting up a 5% correction as mean reversion takes hold.",momentum,contrarian,momentum,contrarian
EFX,"1. Technical analysis indicates EFX has breached a key support level and its 50-day moving average is trending downwards, signaling sustained negative momentum for an expected 5% decline.
2. EFX's recent 12% selloff has driven the fear/greed index to extreme fear territory at 15, a contrarian signal suggesting oversold conditions will catalyze a 5% rebound as panic-selling exhausts.","Technical analysis indicates EFX has breached a key support level and its 50-day moving average is trending downwards, signaling sustained negative momentum for an expected 5% decline.","EFX's recent 12% selloff has driven the fear/greed index to extreme fear territory at 15, a contrarian signal suggesting oversold conditions will catalyze a 5% rebound as panic-selling exhausts.",momentum,contrarian,contrarian,momentum
AMD,"1. Recent positive earnings pre-announcements have initiated a strong upward trend, and our channel checks indicate sustained high demand for AMD's new server chips, supporting a momentum-based price target 5% above the current level.
2. AMD's 94% analyst buy rating and RSI of 88 mark peak euphoria, contrarian indicators pointing to a 5% pullback as sentiment reverses.","Recent positive earnings pre-announcements have initiated a strong upward trend, and our channel checks indicate sustained high demand for AMD's new server chips, supporting a momentum-based price target 5% above the current level.","AMD's 94% analyst buy rating and RSI of 88 mark peak euphoria, contrarian indicators pointing to a 5% pullback as sentiment reverses.",momentum,contrarian,momentum,contrarian
AMD,"1. AMD's break below the $165 support level has triggered momentum-driven selling algorithms that will likely push the stock down another 5% this week as trailing stops continue to be hit.
2. The market has overreacted to short-term sector rotation, pushing AMD into a technically oversold position that contrarian investors are likely to exploit, creating an entry point for an anticipated 5% rebound.",AMD's break below the $165 support level has triggered momentum-driven selling algorithms that will likely push the stock down another 5% this week as trailing stops continue to be hit.,"The market has overreacted to short-term sector rotation, pushing AMD into a technically oversold position that contrarian investors are likely to exploit, creating an entry point for an anticipated 5% rebound.",momentum,contrarian,contrarian,momentum
CBOE,"1. CBOE's trading volume has spiked 3x above its 30-day average alongside a MACD crossover, signaling momentum-driven buying pressure that should propel the stock 5% higher over the next week as technical algorithms amplify the breakout.
2. The rapid price appreciation in CBOE has pushed investor sentiment to extreme bullish levels, a classic contrarian signal that often precedes a sharp reversal, indicating a likely 5% decline as the stock reverts to its mean.","CBOE's trading volume has spiked 3x above its 30-day average alongside a MACD crossover, signaling momentum-driven buying pressure that should propel the stock 5% higher over the next week as technical algorithms amplify the breakout.","The rapid price appreciation in CBOE has pushed investor sentiment to extreme bullish levels, a classic contrarian signal that often precedes a sharp reversal, indicating a likely 5% decline as the stock reverts to its mean.",momentum,contrarian,momentum,contrarian
CBOE,"1. CBOE's price has broken below $195 support with RSI falling to 18 and MACD showing accelerating bearish divergence, triggering a momentum-driven sell signal targeting a 5% decline as volume spikes confirm breakdown pressure.
2. The stock's recent sell-off has pushed its Relative Strength Index (RSI) into a deeply oversold condition not seen in years, signaling that the negative sentiment is exhausted and creating a prime opportunity for a 5% mean-reversion rally.","CBOE's price has broken below $195 support with RSI falling to 18 and MACD showing accelerating bearish divergence, triggering a momentum-driven sell signal targeting a 5% decline as volume spikes confirm breakdown pressure.","The stock's recent sell-off has pushed its Relative Strength Index (RSI) into a deeply oversold condition not seen in years, signaling that the negative sentiment is exhausted and creating a prime opportunity for a 5% mean-reversion rally.",momentum,contrarian,contrarian,momentum
HRL,"1. HRL's decisive breakout above its 6-month trading range on institutional accumulation signals a 5% momentum-driven rally as trend-following capital rotates into defensive food names.
2. HRL's RSI reading of 91 and contrarian sentiment indicator showing 95% analyst buy ratings historically precedes a 5% mean-reversion decline as overcrowded positions unwind.",HRL's decisive breakout above its 6-month trading range on institutional accumulation signals a 5% momentum-driven rally as trend-following capital rotates into defensive food names.,HRL's RSI reading of 91 and contrarian sentiment indicator showing 95% analyst buy ratings historically precedes a 5% mean-reversion decline as overcrowded positions unwind.,momentum,contrarian,momentum,contrarian
HRL,"1. HRL has consistently underperformed its consumer staples peers over the last quarter, and recent technical analysis indicates a bearish channel formation that projects a continuation of this negative momentum for an additional 5% downside.
2. HRL's short interest ratio reached 6.5 days-to-cover amid retail panic selling, creating a contrarian entry point for a 5% bounce as sentiment extremes and short-covering catalyze reversal.","HRL has consistently underperformed its consumer staples peers over the last quarter, and recent technical analysis indicates a bearish channel formation that projects a continuation of this negative momentum for an additional 5% downside.","HRL's short interest ratio reached 6.5 days-to-cover amid retail panic selling, creating a contrarian entry point for a 5% bounce as sentiment extremes and short-covering catalyze reversal.",momentum,contrarian,contrarian,momentum
AOS,"1. Technical analysis shows A. O. Smith Corporation has established a strong upward trend after breaking a key resistance level, with momentum indicators suggesting sufficient buying pressure to drive the stock higher by an additional 5%.
2. AOS has seen 12 consecutive up days with retail investor sentiment hitting 92% bullish, creating an overbought contrarian signal that points to a 5% decline as mean reversion triggers institutional profit-taking.","Technical analysis shows A. O. Smith Corporation has established a strong upward trend after breaking a key resistance level, with momentum indicators suggesting sufficient buying pressure to drive the stock higher by an additional 5%.","AOS has seen 12 consecutive up days with retail investor sentiment hitting 92% bullish, creating an overbought contrarian signal that points to a 5% decline as mean reversion triggers institutional profit-taking.",momentum,contrarian,momentum,contrarian
AOS,"1. AOS has broken below its three-month ascending channel with accelerating volume and a bearish MACD crossover, triggering systematic momentum strategies to initiate short positions targeting a 5% decline.
2. AOS has experienced three consecutive weeks of institutional capitulation and hit an extreme oversold RSI of 22, prompting contrarian funds to accumulate shares for an anticipated 5% rebound.","AOS has broken below its three-month ascending channel with accelerating volume and a bearish MACD crossover, triggering systematic momentum strategies to initiate short positions targeting a 5% decline.","AOS has experienced three consecutive weeks of institutional capitulation and hit an extreme oversold RSI of 22, prompting contrarian funds to accumulate shares for an anticipated 5% rebound.",momentum,contrarian,contrarian,momentum
AAPL,"1. AAPL's institutional accumulation index just crossed above 80 for the first time in six months, triggering algorithmic momentum signals that project a 5% price surge as hedge funds accelerate their technology sector rotation.
2. AAPL's contrarian sentiment gauge hit 98/100, indicating extreme retail investor euphoria that historically precedes a 5% mean-reversion pullback as the last buyers enter the market.","AAPL's institutional accumulation index just crossed above 80 for the first time in six months, triggering algorithmic momentum signals that project a 5% price surge as hedge funds accelerate their technology sector rotation.","AAPL's contrarian sentiment gauge hit 98/100, indicating extreme retail investor euphoria that historically precedes a 5% mean-reversion pullback as the last buyers enter the market.",momentum,contrarian,momentum,contrarian
AAPL,"1. Apple Inc. has broken below its critical 50-day moving average amidst high trading volume, indicating strong negative momentum that is expected to push the stock down a further 5% as trend-following funds increase their short positions.
2. Contrarian indicators show AAPL's panic-selling volume exceeded 3-sigma thresholds yesterday, setting up a 5% mean-reversion rally as weak hands exit.","Apple Inc. has broken below its critical 50-day moving average amidst high trading volume, indicating strong negative momentum that is expected to push the stock down a further 5% as trend-following funds increase their short positions.","Contrarian indicators show AAPL's panic-selling volume exceeded 3-sigma thresholds yesterday, setting up a 5% mean-reversion rally as weak hands exit.",momentum,contrarian,contrarian,momentum
WFC,"1. WFC has triggered a quantitative buy signal after its 20-day moving average crossed above its 50-day moving average, a pattern historically followed by institutional momentum funds whose automated buying is projected to drive the price up by 5%.
2. The recent rally in WFC has pushed its Relative Strength Index (RSI) into a severely overbought zone above 80, a classic contrarian indicator that suggests the stock is overextended and a mean-reversion pullback of 5% is imminent.","WFC has triggered a quantitative buy signal after its 20-day moving average crossed above its 50-day moving average, a pattern historically followed by institutional momentum funds whose automated buying is projected to drive the price up by 5%.","The recent rally in WFC has pushed its Relative Strength Index (RSI) into a severely overbought zone above 80, a classic contrarian indicator that suggests the stock is overextended and a mean-reversion pullback of 5% is imminent.",momentum,contrarian,momentum,contrarian
WFC,"1. Recent institutional selling pressure has pushed WFC below its key 200-day moving average, a bearish technical signal that suggests downward momentum will continue for an expected further decline of 5%.
2. The market has overreacted to a minor ratings agency downgrade, creating excessive pessimism and an opportunity for a contrarian entry, as we expect a 5% price rebound once investors realize the company's fundamentals remain unchanged.","Recent institutional selling pressure has pushed WFC below its key 200-day moving average, a bearish technical signal that suggests downward momentum will continue for an expected further decline of 5%.","The market has overreacted to a minor ratings agency downgrade, creating excessive pessimism and an opportunity for a contrarian entry, as we expect a 5% price rebound once investors realize the company's fundamentals remain unchanged.",momentum,contrarian,contrarian,momentum
IRM,"1. Following the announcement of a new strategic partnership in the AI data storage sector, IRM has established a clear upward trend, with technical momentum indicators suggesting the positive sentiment will carry the stock at least 5% higher from its current price.
2. IRM's price-to-FFO multiple has reached a 5-year extreme while bullish sentiment among REIT fund managers hits 90%, creating a contrarian Sell signal that anticipates a 5% correction as the overbought trade reverses toward historical valuation norms.","Following the announcement of a new strategic partnership in the AI data storage sector, IRM has established a clear upward trend, with technical momentum indicators suggesting the positive sentiment will carry the stock at least 5% higher from its current price.","IRM's price-to-FFO multiple has reached a 5-year extreme while bullish sentiment among REIT fund managers hits 90%, creating a contrarian Sell signal that anticipates a 5% correction as the overbought trade reverses toward historical valuation norms.",momentum,contrarian,momentum,contrarian
IRM,"1. IRM has decisively broken its 200-day moving average, signaling a continuation of its recent downtrend, with our technical models projecting this negative momentum will carry the stock down a further 5%.
2. IRM's RSI has plunged to 18 and short interest reached 38% of float, creating a contrarian buying opportunity for a 5% oversold rebound as panic selling exhausts.","IRM has decisively broken its 200-day moving average, signaling a continuation of its recent downtrend, with our technical models projecting this negative momentum will carry the stock down a further 5%.","IRM's RSI has plunged to 18 and short interest reached 38% of float, creating a contrarian buying opportunity for a 5% oversold rebound as panic selling exhausts.",momentum,contrarian,contrarian,momentum
ALL,"1. A momentum-driven Buy signal triggered as shares broke above the 50-day moving average on 4x normal volume, with algorithmic models targeting a 5% price advance over the next two weeks.
2. The recent price run-up in ALL has triggered extreme optimism among retail investors, pushing sentiment indicators to a two-year high, which creates a classic contrarian setup for a 5% pullback as the excitement inevitably fades.","A momentum-driven Buy signal triggered as shares broke above the 50-day moving average on 4x normal volume, with algorithmic models targeting a 5% price advance over the next two weeks.","The recent price run-up in ALL has triggered extreme optimism among retail investors, pushing sentiment indicators to a two-year high, which creates a classic contrarian setup for a 5% pullback as the excitement inevitably fades.",momentum,contrarian,momentum,contrarian
ALL,"1. ALL has broken below its critical 200-day moving average, signaling a continuation of its recent downtrend, with technical indicators pointing to a further 5% price decline as momentum traders increase their short positions.
2. The recent sharp decline has pushed ALL into a deeply oversold condition according to its RSI reading, suggesting the selling pressure is exhausted and creating an opportunity for a contrarian-led mean reversion rally of 5%.","ALL has broken below its critical 200-day moving average, signaling a continuation of its recent downtrend, with technical indicators pointing to a further 5% price decline as momentum traders increase their short positions.","The recent sharp decline has pushed ALL into a deeply oversold condition according to its RSI reading, suggesting the selling pressure is exhausted and creating an opportunity for a contrarian-led mean reversion rally of 5%.",momentum,contrarian,contrarian,momentum
WDC,"1. WDC's breakout above $68 on triple average volume signals strong momentum continuation, supporting a Buy rating with a 5% upside target as technical follow-through accelerates into earnings season.
2. WDC's recent 18% surge has driven its RSI to 92 and bullish sentiment to 95th percentile, triggering a contrarian Sell recommendation for a 5% pullback as extreme positioning leaves the stock vulnerable to profit-taking.","WDC's breakout above $68 on triple average volume signals strong momentum continuation, supporting a Buy rating with a 5% upside target as technical follow-through accelerates into earnings season.","WDC's recent 18% surge has driven its RSI to 92 and bullish sentiment to 95th percentile, triggering a contrarian Sell recommendation for a 5% pullback as extreme positioning leaves the stock vulnerable to profit-taking.",momentum,contrarian,momentum,contrarian
WDC,"1. WDC's violation of key Fibonacci support at $45 on mounting distribution volume signals accelerating downward momentum, triggering a technical cascade toward a 5% decline as momentum algorithms amplify selling pressure.
2. WDC's RSI has plunged to 15 and put/call ratios spiked to record fear levels following an overblown NAND pricing scare, creating a contrarian entry for a 5% rebound as panic selling exhausts and value buyers return.","WDC's violation of key Fibonacci support at $45 on mounting distribution volume signals accelerating downward momentum, triggering a technical cascade toward a 5% decline as momentum algorithms amplify selling pressure.","WDC's RSI has plunged to 15 and put/call ratios spiked to record fear levels following an overblown NAND pricing scare, creating a contrarian entry for a 5% rebound as panic selling exhausts and value buyers return.",momentum,contrarian,contrarian,momentum
LKQ,"1. Recent institutional accumulation and a bullish MACD crossover signal strong momentum continuation, supporting a Buy recommendation with a 5% upside target as the stock breaks above key resistance levels.
2. The recent rally has pushed LKQ's sentiment indicators to extreme optimism, creating a classic contrarian setup for a 5% pullback as the stock is now overbought and due for a correction.","Recent institutional accumulation and a bullish MACD crossover signal strong momentum continuation, supporting a Buy recommendation with a 5% upside target as the stock breaks above key resistance levels.","The recent rally has pushed LKQ's sentiment indicators to extreme optimism, creating a classic contrarian setup for a 5% pullback as the stock is now overbought and due for a correction.",momentum,contrarian,momentum,contrarian
LKQ,"1. LKQ's violation of key trendline support accompanied by a bearish MACD crossover signals momentum deterioration, forecasting a 5% downside move as stop-losses trigger cascading selling pressure.
2. The market has overreacted to temporary European supply chain issues, pushing the stock into oversold territory, which presents a buying opportunity for a likely 5% rebound as investors realize the company's long-term value remains intact.","LKQ's violation of key trendline support accompanied by a bearish MACD crossover signals momentum deterioration, forecasting a 5% downside move as stop-losses trigger cascading selling pressure.","The market has overreacted to temporary European supply chain issues, pushing the stock into oversold territory, which presents a buying opportunity for a likely 5% rebound as investors realize the company's long-term value remains intact.",momentum,contrarian,contrarian,momentum
MTB,"1. MTB's decisive breakout above $150 resistance on 3x average volume, coupled with accelerating upgrade momentum from six analysts this week, supports a Buy rating with 5% upside continuation as technical buyers pile in.
2. After a period of significant outperformance, MTB's valuation has become stretched relative to its historical P/E ratio, creating a contrarian opportunity as the stock is now poised for a 5% mean-reversion pullback.","MTB's decisive breakout above $150 resistance on 3x average volume, coupled with accelerating upgrade momentum from six analysts this week, supports a Buy rating with 5% upside continuation as technical buyers pile in.","After a period of significant outperformance, MTB's valuation has become stretched relative to its historical P/E ratio, creating a contrarian opportunity as the stock is now poised for a 5% mean-reversion pullback.",momentum,contrarian,momentum,contrarian
MTB,"1. Analysis of recent trading patterns indicates MTB has established a clear downward trend, breaking below its 50-day moving average, which signals continued negative momentum for an expected further price decline of 5%.
2. MTB's stock has been heavily sold amid sector rotation panic, pushing its 14-day RSI to 22 as hedge funds capitulate, creating a contrarian entry point for a 5% rebound once technical selling exhausts and value buyers step in.","Analysis of recent trading patterns indicates MTB has established a clear downward trend, breaking below its 50-day moving average, which signals continued negative momentum for an expected further price decline of 5%.","MTB's stock has been heavily sold amid sector rotation panic, pushing its 14-day RSI to 22 as hedge funds capitulate, creating a contrarian entry point for a 5% rebound once technical selling exhausts and value buyers step in.",momentum,contrarian,contrarian,momentum
FANG,"1. FANG's 12-day winning streak and golden cross formation signal continued momentum-driven buying, with quantitative models targeting a 5% upside move as trend-following algorithms deploy capital over the next 5 sessions.
2. The recent surge in FANG's price has pushed its valuation to the top of its historical range, creating a classic overbought condition that contrarian indicators suggest will trigger a mean reversion and a 5% price decline as the market corrects.","FANG's 12-day winning streak and golden cross formation signal continued momentum-driven buying, with quantitative models targeting a 5% upside move as trend-following algorithms deploy capital over the next 5 sessions.","The recent surge in FANG's price has pushed its valuation to the top of its historical range, creating a classic overbought condition that contrarian indicators suggest will trigger a mean reversion and a 5% price decline as the market corrects.",momentum,contrarian,momentum,contrarian
FANG,"1. FANG's momentum has definitively rolled over as the stock sliced through its 50-day moving average on 3x average volume, a classic breakdown pattern indicating a 5% drop to $165 is likely as trend-following algorithms exit en masse.
2. The market has excessively punished the stock due to a temporary operational hiccup, creating peak pessimism; we see this as an overreaction and anticipate a 5% rebound as sentiment normalizes and investors refocus on strong long-term fundamentals.","FANG's momentum has definitively rolled over as the stock sliced through its 50-day moving average on 3x average volume, a classic breakdown pattern indicating a 5% drop to $165 is likely as trend-following algorithms exit en masse.","The market has excessively punished the stock due to a temporary operational hiccup, creating peak pessimism; we see this as an overreaction and anticipate a 5% rebound as sentiment normalizes and investors refocus on strong long-term fundamentals.",momentum,contrarian,contrarian,momentum
HCA,"1. HCA's 3-day volume surge above its 200-day average coincides with a golden cross pattern, with momentum algorithms forecasting a 5% rally as breakout buyers accelerate positions ahead of the upcoming earnings cycle.
2. HCA's weekly stochastic oscillator has reached 96, indicating historically overbought levels, and contrarian models predict a 5% decline as profit-taking from recent healthcare sector rotation triggers mean reversion.","HCA's 3-day volume surge above its 200-day average coincides with a golden cross pattern, with momentum algorithms forecasting a 5% rally as breakout buyers accelerate positions ahead of the upcoming earnings cycle.","HCA's weekly stochastic oscillator has reached 96, indicating historically overbought levels, and contrarian models predict a 5% decline as profit-taking from recent healthcare sector rotation triggers mean reversion.",momentum,contrarian,momentum,contrarian
HCA,"1. Recent technical analysis shows HCA has broken a key support level on high volume, signaling strong negative momentum that is expected to drive the stock down by an additional 5% in the near term.
2. HCA's weekly RSI has collapsed to 11 while short interest has spiked to 28% of float, creating a textbook contrarian setup where forced de-risking is overstretched and a 5% relief rally is probable as soon as selling pressure exhausts.","Recent technical analysis shows HCA has broken a key support level on high volume, signaling strong negative momentum that is expected to drive the stock down by an additional 5% in the near term.","HCA's weekly RSI has collapsed to 11 while short interest has spiked to 28% of float, creating a textbook contrarian setup where forced de-risking is overstretched and a 5% relief rally is probable as soon as selling pressure exhausts.",momentum,contrarian,contrarian,momentum
KEY,"1. Recent positive earnings revisions and strong institutional buying have propelled KeyCorp's stock price above its 50-day moving average, signaling a continuation of the current uptrend that technical indicators suggest will lead to a further 5% gain.
2. With 93% of analysts issuing buy ratings and RSI at 77, contrarian models indicate excessive bullish sentiment, predicting a 5% correction from $16.28 to $15.47 as mean reversion dominates.","Recent positive earnings revisions and strong institutional buying have propelled KeyCorp's stock price above its 50-day moving average, signaling a continuation of the current uptrend that technical indicators suggest will lead to a further 5% gain.","With 93% of analysts issuing buy ratings and RSI at 77, contrarian models indicate excessive bullish sentiment, predicting a 5% correction from $16.28 to $15.47 as mean reversion dominates.",momentum,contrarian,momentum,contrarian
KEY,"1. Momentum-driven breakdown below key technical support with widening Bollinger Bands indicates accelerating selling pressure, projecting a swift 5% drop as algorithmic traders amplify the downward move.
2. The market has overreacted to the recent analyst report, pushing the stock into oversold territory, and we anticipate a contrarian-led 5% price rebound as investors recognize the selling was disproportionate to the news.","Momentum-driven breakdown below key technical support with widening Bollinger Bands indicates accelerating selling pressure, projecting a swift 5% drop as algorithmic traders amplify the downward move.","The market has overreacted to the recent analyst report, pushing the stock into oversold territory, and we anticipate a contrarian-led 5% price rebound as investors recognize the selling was disproportionate to the news.",momentum,contrarian,contrarian,momentum
DGX,"1. Recent institutional buying has pushed DGX stock above its key 200-day moving average, signaling a strong bullish trend that momentum models project will continue for an additional 5% gain in the coming weeks.
2. The rapid price appreciation has driven DGX's investor sentiment index to extreme optimism, a reliable contrarian indicator that historically precedes a mean reversion and a 5% price correction as early investors take profits.","Recent institutional buying has pushed DGX stock above its key 200-day moving average, signaling a strong bullish trend that momentum models project will continue for an additional 5% gain in the coming weeks.","The rapid price appreciation has driven DGX's investor sentiment index to extreme optimism, a reliable contrarian indicator that historically precedes a mean reversion and a 5% price correction as early investors take profits.",momentum,contrarian,momentum,contrarian
DGX,"1. DGX has recently broken below its 50-day moving average, a key technical indicator of negative momentum, and we project this downward trend will continue, resulting in a further 5% price decline.
2. Contrarian opportunity emerges as DGX's short interest ratio has reached 15% of float while institutional ownership dropped to a 3-year low of 68%, setting up a 5% squeeze rally when bearish sentiment inevitably reverts.","DGX has recently broken below its 50-day moving average, a key technical indicator of negative momentum, and we project this downward trend will continue, resulting in a further 5% price decline.","Contrarian opportunity emerges as DGX's short interest ratio has reached 15% of float while institutional ownership dropped to a 3-year low of 68%, setting up a 5% squeeze rally when bearish sentiment inevitably reverts.",momentum,contrarian,contrarian,momentum
EQIX,"1. EQIX just triggered a momentum buy signal as its 20-day moving average crossed above the 200-day with triple-normal volume, indicating institutional capital deployment that should propel the stock 5% higher over the next 10 trading sessions.
2. Following a sustained rally, investor sentiment for Equinix, Inc. has reached a level of extreme optimism not seen in two years, suggesting the stock is overbought and primed for a 5% corrective pullback as contrarian investors anticipate a reversion to the mean.","EQIX just triggered a momentum buy signal as its 20-day moving average crossed above the 200-day with triple-normal volume, indicating institutional capital deployment that should propel the stock 5% higher over the next 10 trading sessions.","Following a sustained rally, investor sentiment for Equinix, Inc. has reached a level of extreme optimism not seen in two years, suggesting the stock is overbought and primed for a 5% corrective pullback as contrarian investors anticipate a reversion to the mean.",momentum,contrarian,momentum,contrarian
EQIX,"1. EQIX has breached its 200-day moving average on 4x normal volume with momentum oscillators turning negative, signaling further downside as algorithmic sellers target a 5% decline through key support levels.
2. The recent sell-off in EQIX appears to be an overreaction, pushing the stock into a technically oversold condition that has historically preceded a sharp rebound; contrarian indicators suggest the negative sentiment is exhausted and a relief rally of 5% is imminent.","EQIX has breached its 200-day moving average on 4x normal volume with momentum oscillators turning negative, signaling further downside as algorithmic sellers target a 5% decline through key support levels.","The recent sell-off in EQIX appears to be an overreaction, pushing the stock into a technically oversold condition that has historically preceded a sharp rebound; contrarian indicators suggest the negative sentiment is exhausted and a relief rally of 5% is imminent.",momentum,contrarian,contrarian,momentum
CL,"1. Following the successful launch of its new whitening product line, CL stock has established a clear upward channel, and our momentum indicators project a continuation of this trend for an immediate 5% gain as it approaches its 52-week high.
2. The recent price surge has created excessive optimism, pushing the stock's valuation into a historically overbought range, which presents a contrarian opportunity for a 5% pullback as the initial excitement fades and the price reverts to its fundamental mean.","Following the successful launch of its new whitening product line, CL stock has established a clear upward channel, and our momentum indicators project a continuation of this trend for an immediate 5% gain as it approaches its 52-week high.","The recent price surge has created excessive optimism, pushing the stock's valuation into a historically overbought range, which presents a contrarian opportunity for a 5% pullback as the initial excitement fades and the price reverts to its fundamental mean.",momentum,contrarian,momentum,contrarian
CL,"1. Recent price weakness in CL has breached a key technical support level, confirming a bearish trend that momentum models suggest will lead to a further 5% decline as automated selling programs accelerate.
2. CL's RSI has dropped to 18, indicating extreme oversold conditions last seen during the 2018 sector rotation, presenting a contrarian opportunity for a 5% rebound as forced selling exhausts.","Recent price weakness in CL has breached a key technical support level, confirming a bearish trend that momentum models suggest will lead to a further 5% decline as automated selling programs accelerate.","CL's RSI has dropped to 18, indicating extreme oversold conditions last seen during the 2018 sector rotation, presenting a contrarian opportunity for a 5% rebound as forced selling exhausts.",momentum,contrarian,contrarian,momentum
KO,"1. KO's technical breakout above $65 on triple-volume has triggered institutional momentum algorithms, with chart patterns indicating a swift 5% upside continuation toward $68.25 as trend-following capital accelerates inflow.
2. Contrarian sentiment models show KO's bullish consensus at 96% following its recent run-up, triggering contrarian sell signals for an impending 5% reversal as extreme optimism exhausts buying pressure.","KO's technical breakout above $65 on triple-volume has triggered institutional momentum algorithms, with chart patterns indicating a swift 5% upside continuation toward $68.25 as trend-following capital accelerates inflow.","Contrarian sentiment models show KO's bullish consensus at 96% following its recent run-up, triggering contrarian sell signals for an impending 5% reversal as extreme optimism exhausts buying pressure.",momentum,contrarian,momentum,contrarian
KO,"1. Momentum-driven algorithmic models indicate KO has triggered sequential breakdown signals across velocity and trend channels, with quant funds projecting a 5% technical decline as systematic de-risking accelerates.
2. Contrarian opportunity flashes as KO's recent 5% selloff pushed the proprietary panic index to forced-liquidation extremes, signaling oversold conditions that historically precede sharp 5% rebounds when value algorithms absorb the discount.","Momentum-driven algorithmic models indicate KO has triggered sequential breakdown signals across velocity and trend channels, with quant funds projecting a 5% technical decline as systematic de-risking accelerates.","Contrarian opportunity flashes as KO's recent 5% selloff pushed the proprietary panic index to forced-liquidation extremes, signaling oversold conditions that historically precede sharp 5% rebounds when value algorithms absorb the discount.",momentum,contrarian,contrarian,momentum
JCI,"1. Buy: JCI's 12-day winning streak from institutional rebalancing inflows signals continued momentum, supporting a 5% expected price gain as MACD and RSI indicators remain in bullish territory.
2. Sell: JCI's 12-day winning streak has driven valuation to 3-standard-deviation extremes with RSI at 97, indicating a 5% expected price correction as contrarian mean-reversion signals trigger.","Buy: JCI's 12-day winning streak from institutional rebalancing inflows signals continued momentum, supporting a 5% expected price gain as MACD and RSI indicators remain in bullish territory.","Sell: JCI's 12-day winning streak has driven valuation to 3-standard-deviation extremes with RSI at 97, indicating a 5% expected price correction as contrarian mean-reversion signals trigger.",momentum,contrarian,momentum,contrarian
JCI,"1. Recent downward revisions from three key sector analysts have established strong negative momentum for JCI, with algorithmic trading models now indicating a high probability of a further 5% price decline over the next quarter.
2. The recent analyst-driven sell-off has pushed JCI's Relative Strength Index (RSI) into a deeply oversold condition, creating a classic contrarian entry point for an expected 5% mean reversion rally as the market digests the overreaction.","Recent downward revisions from three key sector analysts have established strong negative momentum for JCI, with algorithmic trading models now indicating a high probability of a further 5% price decline over the next quarter.","The recent analyst-driven sell-off has pushed JCI's Relative Strength Index (RSI) into a deeply oversold condition, creating a classic contrarian entry point for an expected 5% mean reversion rally as the market digests the overreaction.",momentum,contrarian,contrarian,momentum
COP,"1. ConocoPhillips (COP) has decisively broken through its key $120 resistance level on high volume, a classic momentum indicator suggesting strong investor conviction that could drive the stock up by an additional 5%.
2. COP's RSI has reached 92 while hedge fund net long positions hit a 5-year high, setting up a 5% mean reversion pullback.","ConocoPhillips (COP) has decisively broken through its key $120 resistance level on high volume, a classic momentum indicator suggesting strong investor conviction that could drive the stock up by an additional 5%.","COP's RSI has reached 92 while hedge fund net long positions hit a 5-year high, setting up a 5% mean reversion pullback.",momentum,contrarian,momentum,contrarian
COP,"1. Momentum indicators have triggered a sell signal as COP's 14-day RSI drops below 30 with accelerating volume-driven selling, projecting a further 5% decline as trend-following algorithms amplify the downward pressure.
2. Contrarian sentiment data shows COP's institutional ownership fell to a 5-year low while panic selling peaked, creating a 5% rebound opportunity as oversold conditions attract value buyers willing to bet against the herd.","Momentum indicators have triggered a sell signal as COP's 14-day RSI drops below 30 with accelerating volume-driven selling, projecting a further 5% decline as trend-following algorithms amplify the downward pressure.","Contrarian sentiment data shows COP's institutional ownership fell to a 5-year low while panic selling peaked, creating a 5% rebound opportunity as oversold conditions attract value buyers willing to bet against the herd.",momentum,contrarian,contrarian,momentum
GL,"1. Globe Life Inc. has established a clear upward trend, breaking past a key technical resistance level on strong trading volume, which typically indicates sustained buyer interest and projects a potential 5% continuation of the rally.
2. GL's shares are now held by 89% of growth funds with analyst upgrades hitting a 10-year peak, creating a 5% contrarian downside as the bull case becomes fully priced in.","Globe Life Inc. has established a clear upward trend, breaking past a key technical resistance level on strong trading volume, which typically indicates sustained buyer interest and projects a potential 5% continuation of the rally.","GL's shares are now held by 89% of growth funds with analyst upgrades hitting a 10-year peak, creating a 5% contrarian downside as the bull case becomes fully priced in.",momentum,contrarian,momentum,contrarian
GL,"1. GL has breached its 200-day moving average with RSI divergence accelerating and volume spikes confirming breakdown, indicating momentum-driven selling will push shares 5% lower as technical funds continue exiting positions.
2. Following a sharp sell-off, GL's Relative Strength Index (RSI) has entered deep oversold territory, suggesting the negative sentiment is exhausted and setting the stage for a mean reversion rally of approximately 5%.","GL has breached its 200-day moving average with RSI divergence accelerating and volume spikes confirming breakdown, indicating momentum-driven selling will push shares 5% lower as technical funds continue exiting positions.","Following a sharp sell-off, GL's Relative Strength Index (RSI) has entered deep oversold territory, suggesting the negative sentiment is exhausted and setting the stage for a mean reversion rally of approximately 5%.",momentum,contrarian,contrarian,momentum
MS,"1. Morgan Stanley has demonstrated strong upward price momentum after breaking out from its recent consolidation range, and proprietary trading algorithms indicate a high probability of trend continuation, signaling an expected 5% gain.
2. MS's surge to $100 has left it trading 2.5 standard deviations above its 50-day mean, a classic contrarian signal predicting a 5% reversal to $95 as institutional rebalancing accelerates.","Morgan Stanley has demonstrated strong upward price momentum after breaking out from its recent consolidation range, and proprietary trading algorithms indicate a high probability of trend continuation, signaling an expected 5% gain.","MS's surge to $100 has left it trading 2.5 standard deviations above its 50-day mean, a classic contrarian signal predicting a 5% reversal to $95 as institutional rebalancing accelerates.",momentum,contrarian,momentum,contrarian
MS,"1. Technical analysis shows a consistent downtrend for MS after failing to break a key resistance level, with momentum indicators suggesting the stock has a high probability of continuing this negative trajectory for a further 5% loss.
2. MS has been unjustifiably sold off on minor regulatory concerns, pushing it into technically oversold territory; this presents a prime contrarian opportunity, as we anticipate a mean-reversion rally of 5% once the market digests the news.","Technical analysis shows a consistent downtrend for MS after failing to break a key resistance level, with momentum indicators suggesting the stock has a high probability of continuing this negative trajectory for a further 5% loss.","MS has been unjustifiably sold off on minor regulatory concerns, pushing it into technically oversold territory; this presents a prime contrarian opportunity, as we anticipate a mean-reversion rally of 5% once the market digests the news.",momentum,contrarian,contrarian,momentum
CAG,"1. CAG has broken above $28.50 resistance on triple-volume surge, triggering momentum algorithms that project a 5% continuation rally as trend-following capital accelerates buying pressure.
2. Contrarian analysis flags CAG's 8% five-day rally to overbought RSI levels above 85, suggesting extreme bullish sentiment will unwind with a 5% pullback as profit-taking reversals dominate.","CAG has broken above $28.50 resistance on triple-volume surge, triggering momentum algorithms that project a 5% continuation rally as trend-following capital accelerates buying pressure.","Contrarian analysis flags CAG's 8% five-day rally to overbought RSI levels above 85, suggesting extreme bullish sentiment will unwind with a 5% pullback as profit-taking reversals dominate.",momentum,contrarian,momentum,contrarian
CAG,"1. CAG has decisively broken below its key 50-day moving average amid increasing trading volume, signaling a strong bearish trend that we project will drive the stock down another 5%.
2. The recent sharp decline has pushed CAG's Relative Strength Index (RSI) into deep oversold territory, indicating the negative sentiment is overextended and setting the stage for a contrarian-led 5% rebound.","CAG has decisively broken below its key 50-day moving average amid increasing trading volume, signaling a strong bearish trend that we project will drive the stock down another 5%.","The recent sharp decline has pushed CAG's Relative Strength Index (RSI) into deep oversold territory, indicating the negative sentiment is overextended and setting the stage for a contrarian-led 5% rebound.",momentum,contrarian,contrarian,momentum
AVGO,"1. Recent breakouts to new 52-week highs, fueled by sustained inflows from AI-focused ETFs, suggest strong institutional conviction that will carry the current upward trend forward by another 5%.
2. AVGO's contrarian indicators—RSI at 92 and extreme bullish sentiment—signal a 5% correction as overbought conditions trigger profit-taking.","Recent breakouts to new 52-week highs, fueled by sustained inflows from AI-focused ETFs, suggest strong institutional conviction that will carry the current upward trend forward by another 5%.",AVGO's contrarian indicators—RSI at 92 and extreme bullish sentiment—signal a 5% correction as overbought conditions trigger profit-taking.,momentum,contrarian,momentum,contrarian
AVGO,"1. AVGO's momentum has turned sharply negative following a death cross formation and RSI breakdown below 30, triggering systematic sell signals that quantitative models project will drive a 5% decline as trend-following capital exits over the next two weeks.
2. AVGO's contrarian buy signal activates after panic selling pushed the stock to three standard deviations oversold with put/call ratios hitting 2.1, suggesting extreme pessimism is peaking and positioning for a 5% rebound as value buyers accumulate from distressed momentum sellers.","AVGO's momentum has turned sharply negative following a death cross formation and RSI breakdown below 30, triggering systematic sell signals that quantitative models project will drive a 5% decline as trend-following capital exits over the next two weeks.","AVGO's contrarian buy signal activates after panic selling pushed the stock to three standard deviations oversold with put/call ratios hitting 2.1, suggesting extreme pessimism is peaking and positioning for a 5% rebound as value buyers accumulate from distressed momentum sellers.",momentum,contrarian,contrarian,momentum
ROP,"1. Technical analysis shows Roper Technologies, Inc. has broken through a key resistance level on high volume, indicating strong positive momentum that is expected to carry the stock higher by an additional 5% in the coming weeks.
2. ROP hitting $500 has pushed bullish sentiment to 96th percentile while short interest collapsed below 1%, creating a contrarian setup for a 5% reversal to $475 as the overcrowded long position faces institutional profit-taking pressure.","Technical analysis shows Roper Technologies, Inc. has broken through a key resistance level on high volume, indicating strong positive momentum that is expected to carry the stock higher by an additional 5% in the coming weeks.","ROP hitting $500 has pushed bullish sentiment to 96th percentile while short interest collapsed below 1%, creating a contrarian setup for a 5% reversal to $475 as the overcrowded long position faces institutional profit-taking pressure.",momentum,contrarian,momentum,contrarian
ROP,"1. ROP has triggered a momentum sell signal as it breaks below its 200-day moving average with RSI divergence and accelerating volume, indicating a likely 5% decline as trend-following algorithms exit positions.
2. ROP's 5% selloff over three days pushed its RSI below 30 and short interest to 18-month highs, creating a contrarian buy opportunity as extreme oversold conditions signal an imminent sentiment reversal.","ROP has triggered a momentum sell signal as it breaks below its 200-day moving average with RSI divergence and accelerating volume, indicating a likely 5% decline as trend-following algorithms exit positions.","ROP's 5% selloff over three days pushed its RSI below 30 and short interest to 18-month highs, creating a contrarian buy opportunity as extreme oversold conditions signal an imminent sentiment reversal.",momentum,contrarian,contrarian,momentum
WBA,"1. Walgreens Boots Alliance has just broken through a key technical resistance level on strong trading volume, signaling a continuation of its recent upward trend and suggesting enough positive momentum exists to drive the price higher by another 5%.
2. The recent rally in Walgreens Boots Alliance has pushed the stock into a historically overbought condition, which for contrarian investors indicates that the positive sentiment is exhausted and the stock is poised for a 5% reversion to its mean value.","Walgreens Boots Alliance has just broken through a key technical resistance level on strong trading volume, signaling a continuation of its recent upward trend and suggesting enough positive momentum exists to drive the price higher by another 5%.","The recent rally in Walgreens Boots Alliance has pushed the stock into a historically overbought condition, which for contrarian investors indicates that the positive sentiment is exhausted and the stock is poised for a 5% reversion to its mean value.",momentum,contrarian,momentum,contrarian
WBA,"1. WBA has just broken below its 200-day moving average on triple-average volume, activating systematic momentum-driven exit strategies that forecast a 5% continuation selloff as trend-following algorithms amplify the downward pressure.
2. WBA's stochastic oscillator readings have plunged into single-digit territory, a historic capitulation signal that contrarian funds interpret as a 5% short-term reversal opportunity as forced selling from margin calls reaches its final exhausted phase.","WBA has just broken below its 200-day moving average on triple-average volume, activating systematic momentum-driven exit strategies that forecast a 5% continuation selloff as trend-following algorithms amplify the downward pressure.","WBA's stochastic oscillator readings have plunged into single-digit territory, a historic capitulation signal that contrarian funds interpret as a 5% short-term reversal opportunity as forced selling from margin calls reaches its final exhausted phase.",momentum,contrarian,contrarian,momentum
KLAC,"1. KLAC has breached its 200-day moving average on 3x average volume, with MACD and RSI momentum indicators aligning for continuation that projects a 5% upside to $504 as algorithmic traders amplify the breakout.
2. Following its rapid ascent, KLAC's investor sentiment index has reached a level of ""extreme greed,"" a reliable contrarian indicator that has historically preceded a valuation-driven pullback of 5%.","KLAC has breached its 200-day moving average on 3x average volume, with MACD and RSI momentum indicators aligning for continuation that projects a 5% upside to $504 as algorithmic traders amplify the breakout.","Following its rapid ascent, KLAC's investor sentiment index has reached a level of ""extreme greed,"" a reliable contrarian indicator that has historically preceded a valuation-driven pullback of 5%.",momentum,contrarian,momentum,contrarian
KLAC,"1. KLAC has recently breached its critical 50-day moving average on high volume, and with negative analyst revisions accelerating, we expect this downward momentum to continue for an additional 5% drop.
2. Contrarian sentiment data shows institutional panic selling has pushed KLAC's put/call ratio to 1.8, a three-year extreme, creating an oversold bounce opportunity for a 5% rebound as mean-reversion buyers absorb the capitulation.","KLAC has recently breached its critical 50-day moving average on high volume, and with negative analyst revisions accelerating, we expect this downward momentum to continue for an additional 5% drop.","Contrarian sentiment data shows institutional panic selling has pushed KLAC's put/call ratio to 1.8, a three-year extreme, creating an oversold bounce opportunity for a 5% rebound as mean-reversion buyers absorb the capitulation.",momentum,contrarian,contrarian,momentum
MDT,"1. MDT's MACD line shows strong bullish divergence with a rising histogram pattern that momentum strategists interpret as signaling a 5% upside continuation toward $88 as institutional inflows accelerate.
2. MDT's Bollinger Bands show price touching the upper limit for five consecutive days while the VIX correlation turns negative, a contrarian setup forecasting a 5% retreat to $80 as mean reversion takes hold.",MDT's MACD line shows strong bullish divergence with a rising histogram pattern that momentum strategists interpret as signaling a 5% upside continuation toward $88 as institutional inflows accelerate.,"MDT's Bollinger Bands show price touching the upper limit for five consecutive days while the VIX correlation turns negative, a contrarian setup forecasting a 5% retreat to $80 as mean reversion takes hold.",momentum,contrarian,momentum,contrarian
MDT,"1. Technical analysis shows MDT has broken below its 50-day moving average on high volume, indicating strong downward momentum that is projected to drive the price down a further 5% as trend-following funds increase their short positions.
2. MDT's sentiment composite has plunged to the 5th percentile amid forced ESG selling, creating a contrarian entry point for a 5% recovery rally as fundamental buyers absorb the technical pressure.","Technical analysis shows MDT has broken below its 50-day moving average on high volume, indicating strong downward momentum that is projected to drive the price down a further 5% as trend-following funds increase their short positions.","MDT's sentiment composite has plunged to the 5th percentile amid forced ESG selling, creating a contrarian entry point for a 5% recovery rally as fundamental buyers absorb the technical pressure.",momentum,contrarian,contrarian,momentum
LDOS,"1. LDOS has triggered strong momentum signals by breaking above the $108 resistance level on 3x normal volume following leaked details of a $2.3B Army intelligence contract, with quantitative models forecasting a 5% upside surge to $113.50 as algorithmic buyers cascade in.
2. The recent rally has pushed LDOS into a severely overbought condition, and with sentiment reaching extreme optimism, a contrarian approach suggests the stock is due for a healthy 5% pullback as the market mean-reverts.","LDOS has triggered strong momentum signals by breaking above the $108 resistance level on 3x normal volume following leaked details of a $2.3B Army intelligence contract, with quantitative models forecasting a 5% upside surge to $113.50 as algorithmic buyers cascade in.","The recent rally has pushed LDOS into a severely overbought condition, and with sentiment reaching extreme optimism, a contrarian approach suggests the stock is due for a healthy 5% pullback as the market mean-reverts.",momentum,contrarian,momentum,contrarian
LDOS,"1. LDOS broke below its $105 support on a 40% volume surge and bearish MACD crossover, signaling momentum exhaustion that points to a 5% decline as trend-following systems trigger sell orders.
2. The market has severely overreacted to a minor contract renegotiation, pushing the stock into oversold territory, and we anticipate a contrarian-led 5% rebound as investors recognize the fundamental value is unchanged.","LDOS broke below its $105 support on a 40% volume surge and bearish MACD crossover, signaling momentum exhaustion that points to a 5% decline as trend-following systems trigger sell orders.","The market has severely overreacted to a minor contract renegotiation, pushing the stock into oversold territory, and we anticipate a contrarian-led 5% rebound as investors recognize the fundamental value is unchanged.",momentum,contrarian,contrarian,momentum
OXY,"1. Following a sustained two-week uptrend, OXY just broke through a key technical resistance level, signaling strong buying pressure that is expected to continue and drive the stock up another 5% to its next price target.
2. The recent price surge has pushed OXY's sentiment index into ""Extreme Greed"" territory, a level that has historically preceded sharp pullbacks, leading contrarian investors to anticipate a 5% drop as the crowded trade unwinds.","Following a sustained two-week uptrend, OXY just broke through a key technical resistance level, signaling strong buying pressure that is expected to continue and drive the stock up another 5% to its next price target.","The recent price surge has pushed OXY's sentiment index into ""Extreme Greed"" territory, a level that has historically preceded sharp pullbacks, leading contrarian investors to anticipate a 5% drop as the crowded trade unwinds.",momentum,contrarian,momentum,contrarian
OXY,"1. OXY has decisively broken below its key 50-day moving average, a bearish signal that suggests negative momentum will persist and likely drive the stock down another 5% before finding new support.
2. The recent sharp decline in OXY's price is a classic market overreaction, creating an attractive contrarian entry point as investor sentiment is overly pessimistic, setting the stage for a potential 5% mean-reversion rally.","OXY has decisively broken below its key 50-day moving average, a bearish signal that suggests negative momentum will persist and likely drive the stock down another 5% before finding new support.","The recent sharp decline in OXY's price is a classic market overreaction, creating an attractive contrarian entry point as investor sentiment is overly pessimistic, setting the stage for a potential 5% mean-reversion rally.",momentum,contrarian,contrarian,momentum
URI,"1. Strong momentum from newly announced national infrastructure projects is expected to fuel continued investor enthusiasm for URI, suggesting the stock will extend its recent uptrend by another 5% as it breaks into a new trading range.
2. After a significant rally, the stock is now trading at a level that has historically triggered profit-taking, indicating that the positive sentiment is overextended and a contrarian pullback of 5% is likely as early investors look to secure gains.","Strong momentum from newly announced national infrastructure projects is expected to fuel continued investor enthusiasm for URI, suggesting the stock will extend its recent uptrend by another 5% as it breaks into a new trading range.","After a significant rally, the stock is now trading at a level that has historically triggered profit-taking, indicating that the positive sentiment is overextended and a contrarian pullback of 5% is likely as early investors look to secure gains.",momentum,contrarian,momentum,contrarian
URI,"1. URI's decisive break below its 150-day moving average on 3x average volume, with MACD crossing negative, signals momentum-driven selling that should push the stock down 5% over the next week as technical traders exit positions.
2. URI's plunge to oversold territory (RSI of 28) amid a false Reddit rumor about a major contract loss has created extreme bearish sentiment, setting up a 5% contrarian rebound as the rumor is debunked and algorithmic buying triggers short-covering.","URI's decisive break below its 150-day moving average on 3x average volume, with MACD crossing negative, signals momentum-driven selling that should push the stock down 5% over the next week as technical traders exit positions.","URI's plunge to oversold territory (RSI of 28) amid a false Reddit rumor about a major contract loss has created extreme bearish sentiment, setting up a 5% contrarian rebound as the rumor is debunked and algorithmic buying triggers short-covering.",momentum,contrarian,contrarian,momentum
NVR,"1. NVR's momentum indicators show a 5% upside breakout as the stock breaches its 50-day moving average with 3x normal volume, triggering algorithmic buy signals and short-covering pressure.
2. NVR's contrarian signals indicate a 5% downside reversal as investor sentiment hits 92% bullish and RSI reaches 87, suggesting extreme overbought conditions ripe for mean reversion.","NVR's momentum indicators show a 5% upside breakout as the stock breaches its 50-day moving average with 3x normal volume, triggering algorithmic buy signals and short-covering pressure.","NVR's contrarian signals indicate a 5% downside reversal as investor sentiment hits 92% bullish and RSI reaches 87, suggesting extreme overbought conditions ripe for mean reversion.",momentum,contrarian,momentum,contrarian
NVR,"1. NVR has decisively broken below its critical 50-day moving average, a bearish signal for momentum investors that indicates the current downtrend is likely to continue for at least another 5% decline.
2. NVR's fictional 12% plunge on rumors of cancelled Virginia community developments has driven weekly RSI to 18 and price-to-book below 0.7x, presenting contrarians with a 5% mean-reversion opportunity as extreme pessimism and forced selling appear to have exhausted near-term downside.","NVR has decisively broken below its critical 50-day moving average, a bearish signal for momentum investors that indicates the current downtrend is likely to continue for at least another 5% decline.","NVR's fictional 12% plunge on rumors of cancelled Virginia community developments has driven weekly RSI to 18 and price-to-book below 0.7x, presenting contrarians with a 5% mean-reversion opportunity as extreme pessimism and forced selling appear to have exhausted near-term downside.",momentum,contrarian,contrarian,momentum
NI,"1. Technical analysis of NiSource Inc.'s recent trading activity shows a sustained uptrend, with the stock consistently closing above its 20-day moving average, indicating strong positive momentum that is expected to drive the price up by a further 5%.
2. NiSource Inc.'s recent price surge has pushed its Relative Strength Index (RSI) into overbought territory, creating a contrarian signal that a short-term correction is imminent and likely to result in a 5% pullback as the stock reverts to its mean.","Technical analysis of NiSource Inc.'s recent trading activity shows a sustained uptrend, with the stock consistently closing above its 20-day moving average, indicating strong positive momentum that is expected to drive the price up by a further 5%.","NiSource Inc.'s recent price surge has pushed its Relative Strength Index (RSI) into overbought territory, creating a contrarian signal that a short-term correction is imminent and likely to result in a 5% pullback as the stock reverts to its mean.",momentum,contrarian,momentum,contrarian
NI,"1. NiSource has broken decisively below its key 50-day moving average, and with bearish selling pressure accelerating, technical chart patterns indicate the current downward momentum is poised to drive the stock lower by an additional 5%.
2. NI's daily RSI has plunged to 18 while analyst downgrades reached a 5-year high, indicating capitulation that contrarian models exploit for a 5% rebound when negative sentiment exhausts.","NiSource has broken decisively below its key 50-day moving average, and with bearish selling pressure accelerating, technical chart patterns indicate the current downward momentum is poised to drive the stock lower by an additional 5%.","NI's daily RSI has plunged to 18 while analyst downgrades reached a 5-year high, indicating capitulation that contrarian models exploit for a 5% rebound when negative sentiment exhausts.",momentum,contrarian,contrarian,momentum
D,"1. Dominion Energy has broken through a key multi-month resistance level following favorable legislative updates for utility providers, signaling strong upward momentum that is projected to drive the stock higher by 5% as trend-following funds build their positions.
2. After a recent surge on positive sector news, Dominion Energy's rally has pushed its valuation to a significant premium over its historical average, creating a classic overbought condition that contrarian indicators suggest will lead to a 5% price correction as the market sentiment reverses.","Dominion Energy has broken through a key multi-month resistance level following favorable legislative updates for utility providers, signaling strong upward momentum that is projected to drive the stock higher by 5% as trend-following funds build their positions.","After a recent surge on positive sector news, Dominion Energy's rally has pushed its valuation to a significant premium over its historical average, creating a classic overbought condition that contrarian indicators suggest will lead to a 5% price correction as the market sentiment reverses.",momentum,contrarian,momentum,contrarian
D,"1. D just broke below its 200-day moving average on 3x normal volume with RSI at 28, confirming accelerating negative momentum that technical models project will drive a further 5% decline as systematic funds continue liquidating positions.
2. D's RSI has reached an extremely oversold 28 while short interest sits at 18% of float, signaling excessive pessimism that contrarian investors expect to reverse with a 5% relief rally as value buyers step in and forced selling exhausts.","D just broke below its 200-day moving average on 3x normal volume with RSI at 28, confirming accelerating negative momentum that technical models project will drive a further 5% decline as systematic funds continue liquidating positions.","D's RSI has reached an extremely oversold 28 while short interest sits at 18% of float, signaling excessive pessimism that contrarian investors expect to reverse with a 5% relief rally as value buyers step in and forced selling exhausts.",momentum,contrarian,contrarian,momentum
DVA,"1. DVA's price has surged 15% in four days with RSI at 78 and volume tripling, signaling strong momentum that technical analysts expect to drive another 5% rally before month-end.
2. After a sustained rally, DaVita's stock is now showing a bearish divergence on the daily MACD indicator, a contrarian signal suggesting the upward momentum is exhausted and a reversal of at least 5% is imminent.","DVA's price has surged 15% in four days with RSI at 78 and volume tripling, signaling strong momentum that technical analysts expect to drive another 5% rally before month-end.","After a sustained rally, DaVita's stock is now showing a bearish divergence on the daily MACD indicator, a contrarian signal suggesting the upward momentum is exhausted and a reversal of at least 5% is imminent.",momentum,contrarian,momentum,contrarian
DVA,"1. DVA's violation of its 50-day moving average with expanding volume confirms bearish momentum divergence, targeting a 5% pullback to initial support.
2. The sharp sell-off in DaVita Inc. (DVA) has pushed the stock into a deeply oversold condition according to the Relative Strength Index (RSI), indicating that the prevailing pessimism is overextended. Contrarian indicators suggest an imminent reversal, pointing to a potential rebound of 5% as the stock price reverts to its historical mean.","DVA's violation of its 50-day moving average with expanding volume confirms bearish momentum divergence, targeting a 5% pullback to initial support.","The sharp sell-off in DaVita Inc. (DVA) has pushed the stock into a deeply oversold condition according to the Relative Strength Index (RSI), indicating that the prevailing pessimism is overextended. Contrarian indicators suggest an imminent reversal, pointing to a potential rebound of 5% as the stock price reverts to its historical mean.",momentum,contrarian,contrarian,momentum
BR,"1. Broadridge Financial Solutions, Inc. (BR) has just surpassed its 50-day moving average on high volume, a classic momentum signal that historically indicates further upward movement, leading us to project a 5% price increase as the trend continues.
2. Our contrarian model indicates that Broadridge Financial Solutions, Inc. (BR) is now technically overbought following its recent surge, with investor optimism at a peak that often precedes a reversion to the mean, signaling an imminent 5% price correction.","Broadridge Financial Solutions, Inc. (BR) has just surpassed its 50-day moving average on high volume, a classic momentum signal that historically indicates further upward movement, leading us to project a 5% price increase as the trend continues.","Our contrarian model indicates that Broadridge Financial Solutions, Inc. (BR) is now technically overbought following its recent surge, with investor optimism at a peak that often precedes a reversion to the mean, signaling an imminent 5% price correction.",momentum,contrarian,momentum,contrarian
BR,"1. BR's momentum has turned negative as its 20-day EMA crosses below the 50-day EMA on declining volume, signaling algorithmic selling pressure that should drive a 5% decline.
2. The market has overreacted to the product rollout delay, pushing the stock into a deeply oversold condition; we see this as a prime contrarian opportunity for a 5% rebound as the fundamental business remains robust.","BR's momentum has turned negative as its 20-day EMA crosses below the 50-day EMA on declining volume, signaling algorithmic selling pressure that should drive a 5% decline.","The market has overreacted to the product rollout delay, pushing the stock into a deeply oversold condition; we see this as a prime contrarian opportunity for a 5% rebound as the fundamental business remains robust.",momentum,contrarian,contrarian,momentum
CHTR,"1. CHTR's breakout above its 50-day moving average on triple-average volume signals momentum continuation, with technical patterns forecasting a 5% price advance as trend-following capital flows accelerate the move.
2. CHTR's rapid 15% gain over 10 days has driven bullish sentiment to 92% and RSI to 88, contrarian indicators suggesting a 5% mean-reversion pullback as overbought conditions peak.","CHTR's breakout above its 50-day moving average on triple-average volume signals momentum continuation, with technical patterns forecasting a 5% price advance as trend-following capital flows accelerate the move.","CHTR's rapid 15% gain over 10 days has driven bullish sentiment to 92% and RSI to 88, contrarian indicators suggesting a 5% mean-reversion pullback as overbought conditions peak.",momentum,contrarian,momentum,contrarian
CHTR,"1. CHTR has broken below its 50-day moving average with RSI dropping to 35, signaling accelerating momentum decay that projects a 5% decline toward $320 as technical selling pressure intensifies.
2. Short interest surging to 18% of float alongside extreme negative sentiment from institutional downgrades presents a contrarian opportunity for a 5% rebound as oversold conditions force short covering and bargain hunting.","CHTR has broken below its 50-day moving average with RSI dropping to 35, signaling accelerating momentum decay that projects a 5% decline toward $320 as technical selling pressure intensifies.",Short interest surging to 18% of float alongside extreme negative sentiment from institutional downgrades presents a contrarian opportunity for a 5% rebound as oversold conditions force short covering and bargain hunting.,momentum,contrarian,contrarian,momentum
MDLZ,"1. MDLZ's breakout above key resistance on 250% volume surge signals momentum for a 5% advance to $72 as technical buyers accelerate positioning.
2. MDLZ's RSI at 88 and analyst upgrades at 5-year highs create contrarian risk of a 5% decline to $65 as mean reversion triggers profit-taking.",MDLZ's breakout above key resistance on 250% volume surge signals momentum for a 5% advance to $72 as technical buyers accelerate positioning.,MDLZ's RSI at 88 and analyst upgrades at 5-year highs create contrarian risk of a 5% decline to $65 as mean reversion triggers profit-taking.,momentum,contrarian,momentum,contrarian
MDLZ,"1. MDLZ's momentum reversal is cemented by a parabolic SAR flip and 200% volume surge, projecting a 5% selloff as swing traders pile into short positions.
2. MDLZ's contrarian entry point materializes after algorithmic funds dumped shares on misinterpreted EU packaging regs, creating a 5% oversold bounce once clarity emerges.","MDLZ's momentum reversal is cemented by a parabolic SAR flip and 200% volume surge, projecting a 5% selloff as swing traders pile into short positions.","MDLZ's contrarian entry point materializes after algorithmic funds dumped shares on misinterpreted EU packaging regs, creating a 5% oversold bounce once clarity emerges.",momentum,contrarian,contrarian,momentum
EVRG,"1. Recent favorable regulatory rulings on infrastructure investments have created strong upward momentum for Evergy, Inc., with technical indicators pointing to a continuation of this trend for at least another 5% gain.
2. Evergy has reached contrarian extremes with 95% analyst bullishness, retail ownership at a 5-year high, and the stock trading 3 standard deviations above its mean, indicating a 5% pullback as sentiment becomes unsustainably optimistic.","Recent favorable regulatory rulings on infrastructure investments have created strong upward momentum for Evergy, Inc., with technical indicators pointing to a continuation of this trend for at least another 5% gain.","Evergy has reached contrarian extremes with 95% analyst bullishness, retail ownership at a 5-year high, and the stock trading 3 standard deviations above its mean, indicating a 5% pullback as sentiment becomes unsustainably optimistic.",momentum,contrarian,momentum,contrarian
EVRG,"1. EVRG's breakdown below its 50-day moving average on surging volume signals continued momentum-driven selling pressure that will likely drive the stock 5% lower toward the next technical support level.
2. The recent sharp decline has pushed EVRG's stock into a statistically significant oversold condition, creating a classic contrarian buying opportunity for a mean reversion bounce of 5% as selling pressure exhausts.",EVRG's breakdown below its 50-day moving average on surging volume signals continued momentum-driven selling pressure that will likely drive the stock 5% lower toward the next technical support level.,"The recent sharp decline has pushed EVRG's stock into a statistically significant oversold condition, creating a classic contrarian buying opportunity for a mean reversion bounce of 5% as selling pressure exhausts.",momentum,contrarian,contrarian,momentum
MA,"1. Recent institutional inflows and a breakout above its 50-day moving average signal strong positive momentum for Mastercard, with technical analysts projecting a further 5% rally as the stock continues its upward trend.
2. With retail investor sentiment for Mastercard at a five-year high, the stock is now dangerously overbought, creating a prime opportunity for a contrarian-led reversal and an expected 5% decline as smart money takes profits.","Recent institutional inflows and a breakout above its 50-day moving average signal strong positive momentum for Mastercard, with technical analysts projecting a further 5% rally as the stock continues its upward trend.","With retail investor sentiment for Mastercard at a five-year high, the stock is now dangerously overbought, creating a prime opportunity for a contrarian-led reversal and an expected 5% decline as smart money takes profits.",momentum,contrarian,momentum,contrarian
MA,"1. Technical analysis indicates Mastercard Incorporated has broken a key support level following a negative earnings pre-announcement, signaling strong downward momentum that is expected to drive the stock price down a further 5% to its next support zone.
2. The recent sharp decline has pushed Mastercard Incorporated into a deeply oversold condition, creating a classic contrarian setup for a relief rally as the market digests the news; we anticipate a sharp rebound of 5% from current levels.","Technical analysis indicates Mastercard Incorporated has broken a key support level following a negative earnings pre-announcement, signaling strong downward momentum that is expected to drive the stock price down a further 5% to its next support zone.","The recent sharp decline has pushed Mastercard Incorporated into a deeply oversold condition, creating a classic contrarian setup for a relief rally as the market digests the news; we anticipate a sharp rebound of 5% from current levels.",momentum,contrarian,contrarian,momentum
CPB,"1. Technical analysis shows CPB has established a strong upward price channel, and with recent momentum indicators turning positive, the stock is expected to continue its trend and test the upper boundary of this channel, representing a 5% price increase.
2. Campbell's recent rally has pushed its P/E ratio to 3 points above its 10-year average while analyst upgrades hit a 5-year high, creating a textbook contrarian scenario where mean reversion will likely drive a 5% correction as late buyers exhaust themselves.","Technical analysis shows CPB has established a strong upward price channel, and with recent momentum indicators turning positive, the stock is expected to continue its trend and test the upper boundary of this channel, representing a 5% price increase.","Campbell's recent rally has pushed its P/E ratio to 3 points above its 10-year average while analyst upgrades hit a 5-year high, creating a textbook contrarian scenario where mean reversion will likely drive a 5% correction as late buyers exhaust themselves.",momentum,contrarian,momentum,contrarian
CPB,"1. CPB's breakdown below the $46 support level with a negative MACD crossover on triple average volume signals accelerating downside momentum, with technical projections indicating a further 5% decline as systematic trend-followers continue liquidating positions.
2. CPB's RSI has plunged to 18 while short interest hit 28% of float, creating a textbook contrarian setup for a 5% rally as overly bearish sentiment and technical exhaustion set the stage for a sharp reversal.","CPB's breakdown below the $46 support level with a negative MACD crossover on triple average volume signals accelerating downside momentum, with technical projections indicating a further 5% decline as systematic trend-followers continue liquidating positions.","CPB's RSI has plunged to 18 while short interest hit 28% of float, creating a textbook contrarian setup for a 5% rally as overly bearish sentiment and technical exhaustion set the stage for a sharp reversal.",momentum,contrarian,contrarian,momentum
KR,"1. KR has established a clear upward trend, and with the successful rollout of its new loyalty program showing early signs of increasing customer basket size, we project continued momentum for a further 5% price increase.
2. A contrarian sell signal on KR anticipates a 5% correction as retail investor bullishness hits 94% while the stock trades 22% above its 200-day moving average, indicating extreme overbought conditions and sentiment exhaustion that historically precedes reversals.","KR has established a clear upward trend, and with the successful rollout of its new loyalty program showing early signs of increasing customer basket size, we project continued momentum for a further 5% price increase.","A contrarian sell signal on KR anticipates a 5% correction as retail investor bullishness hits 94% while the stock trades 22% above its 200-day moving average, indicating extreme overbought conditions and sentiment exhaustion that historically precedes reversals.",momentum,contrarian,momentum,contrarian
KR,"1. Technical analysis indicates the stock has entered a bearish channel, and with negative sentiment from recent analyst downgrades, we expect the downward momentum to drive a further 5% price decline.
2. The recent sell-off is an overreaction to sector-wide cost concerns, creating an attractive entry point; we believe the stock is now fundamentally undervalued and poised for a 5% rebound as the market corrects its pessimism.","Technical analysis indicates the stock has entered a bearish channel, and with negative sentiment from recent analyst downgrades, we expect the downward momentum to drive a further 5% price decline.","The recent sell-off is an overreaction to sector-wide cost concerns, creating an attractive entry point; we believe the stock is now fundamentally undervalued and poised for a 5% rebound as the market corrects its pessimism.",momentum,contrarian,contrarian,momentum
CE,"1. Celanese Corporation's stock has just confirmed a golden cross pattern, with its 50-day moving average crossing above the 200-day average, signaling strong upward momentum that technical analysts project will drive a 5% price increase in the near term.
2. CE's stock has rallied 15% in seven sessions while its put/call ratio dropped to 0.25, generating extreme bullish sentiment that contrarian analysis predicts will reverse with a 5% pullback as euphoria peaks.","Celanese Corporation's stock has just confirmed a golden cross pattern, with its 50-day moving average crossing above the 200-day average, signaling strong upward momentum that technical analysts project will drive a 5% price increase in the near term.","CE's stock has rallied 15% in seven sessions while its put/call ratio dropped to 0.25, generating extreme bullish sentiment that contrarian analysis predicts will reverse with a 5% pullback as euphoria peaks.",momentum,contrarian,momentum,contrarian
CE,"1. Celanese (CE) has decisively broken below its 50-day moving average, establishing a clear downward trend that technical analysis suggests will continue, leading to a further price decline of 5% as negative momentum builds.
2. CE has been aggressively sold off after a misleading analyst report sparked panic, pushing short interest to extreme levels and creating a contrarian opportunity for a 5% rebound as value investors recognize the disconnect from stable fundamentals and begin accumulating shares.","Celanese (CE) has decisively broken below its 50-day moving average, establishing a clear downward trend that technical analysis suggests will continue, leading to a further price decline of 5% as negative momentum builds.","CE has been aggressively sold off after a misleading analyst report sparked panic, pushing short interest to extreme levels and creating a contrarian opportunity for a 5% rebound as value investors recognize the disconnect from stable fundamentals and begin accumulating shares.",momentum,contrarian,contrarian,momentum
SBAC,"1. Recent positive analyst ratings and strong institutional buying following SBAC's successful infrastructure bid for a new rural broadband initiative are creating significant upward momentum, signaling a potential 5% price increase as the trend continues.
2. With SBAC at $250, contrarian indicators show extreme bullish sentiment at 95% analyst buy ratings, forecasting a 5% correction to $237.50 as the crowded trade reverses.","Recent positive analyst ratings and strong institutional buying following SBAC's successful infrastructure bid for a new rural broadband initiative are creating significant upward momentum, signaling a potential 5% price increase as the trend continues.","With SBAC at $250, contrarian indicators show extreme bullish sentiment at 95% analyst buy ratings, forecasting a 5% correction to $237.50 as the crowded trade reverses.",momentum,contrarian,momentum,contrarian
SBAC,"1. SBAC's weekly MACD has crossed into negative territory alongside declining institutional inflows, indicating momentum deterioration and projecting a 5% decline as systematic strategies reduce exposure.
2. SBAC's daily RSI has fallen below 25 while bearish sentiment spiked to 90th percentile extremes, signaling a contrarian setup for a 5% recovery as oversold technicals and capitulation selling create a buying opportunity.","SBAC's weekly MACD has crossed into negative territory alongside declining institutional inflows, indicating momentum deterioration and projecting a 5% decline as systematic strategies reduce exposure.","SBAC's daily RSI has fallen below 25 while bearish sentiment spiked to 90th percentile extremes, signaling a contrarian setup for a 5% recovery as oversold technicals and capitulation selling create a buying opportunity.",momentum,contrarian,contrarian,momentum
PCAR,"1. PACCAR's stock has demonstrated strong upward momentum by decisively breaking above its 50-day moving average on news of better-than-expected freight demand, creating a technical setup for a continued rally of 5% to its next resistance level.
2. With analyst ratings reaching unanimous ""strong buy"" consensus, a classic contrarian indicator of peak optimism, the stock appears overbought and vulnerable to a 5% correction as market sentiment inevitably normalizes.","PACCAR's stock has demonstrated strong upward momentum by decisively breaking above its 50-day moving average on news of better-than-expected freight demand, creating a technical setup for a continued rally of 5% to its next resistance level.","With analyst ratings reaching unanimous ""strong buy"" consensus, a classic contrarian indicator of peak optimism, the stock appears overbought and vulnerable to a 5% correction as market sentiment inevitably normalizes.",momentum,contrarian,momentum,contrarian
PCAR,"1. PACCAR's stock has broken below its 200-day moving average on triple-volume with RSI diving to 18, signaling momentum-driven selling that will likely push shares down 5% further as algorithmic stops cascade.
2. After a significant recent drop, PCAR's investor sentiment index has hit a two-year low, a classic contrarian signal suggesting capitulation is complete and the stock is poised for a mean-reversion rally of 5% as the bearish view is now over-crowded.","PACCAR's stock has broken below its 200-day moving average on triple-volume with RSI diving to 18, signaling momentum-driven selling that will likely push shares down 5% further as algorithmic stops cascade.","After a significant recent drop, PCAR's investor sentiment index has hit a two-year low, a classic contrarian signal suggesting capitulation is complete and the stock is poised for a mean-reversion rally of 5% as the bearish view is now over-crowded.",momentum,contrarian,contrarian,momentum
LUV,"1. LUV has just broken through a key technical resistance level on high volume after reporting better-than-expected passenger load factors, indicating strong upward momentum that is projected to carry the stock a further 5% higher in the near term.
2. The recent rally has pushed LUV into a historically overbought range based on its RSI indicator, and with market sentiment becoming excessively bullish, a contrarian stance suggests a reversion to the mean is imminent, leading to a 5% price correction.","LUV has just broken through a key technical resistance level on high volume after reporting better-than-expected passenger load factors, indicating strong upward momentum that is projected to carry the stock a further 5% higher in the near term.","The recent rally has pushed LUV into a historically overbought range based on its RSI indicator, and with market sentiment becoming excessively bullish, a contrarian stance suggests a reversion to the mean is imminent, leading to a 5% price correction.",momentum,contrarian,momentum,contrarian
LUV,"1. Analysis of LUV's recent trading patterns indicates a failure to break key resistance levels, confirming a strong downward trend that is projected to continue, leading to a further 5% price drop as negative momentum persists.
2. The widespread bearish sentiment surrounding LUV has pushed the stock into a technically oversold territory, creating a classic contrarian opportunity for a 5% rebound as the market corrects its recent overreaction.","Analysis of LUV's recent trading patterns indicates a failure to break key resistance levels, confirming a strong downward trend that is projected to continue, leading to a further 5% price drop as negative momentum persists.","The widespread bearish sentiment surrounding LUV has pushed the stock into a technically oversold territory, creating a classic contrarian opportunity for a 5% rebound as the market corrects its recent overreaction.",momentum,contrarian,contrarian,momentum
BA,"1. Boeing's stock has decisively broken a key technical resistance level on high trading volume, and chart analysis suggests strong positive momentum will carry the price higher by an expected 5% as new buyers are attracted to the trend.
2. The recent rally has pushed Boeing's stock into a deeply overbought condition according to key technical indicators, signaling that the positive sentiment is overextended and a contrarian-driven price correction of 5% is now likely.","Boeing's stock has decisively broken a key technical resistance level on high trading volume, and chart analysis suggests strong positive momentum will carry the price higher by an expected 5% as new buyers are attracted to the trend.","The recent rally has pushed Boeing's stock into a deeply overbought condition according to key technical indicators, signaling that the positive sentiment is overextended and a contrarian-driven price correction of 5% is now likely.",momentum,contrarian,momentum,contrarian
BA,"1. Boeing's stock has established a clear downward trend following new regulatory inquiries into its freighter conversion program, with chart patterns suggesting momentum will carry the price down an additional 5% to its next technical support level.
2. BA's 28% selloff in seven weeks has compressed its forward P/E to 7.2x with short interest hitting a record 24% of float, creating a textbook contrarian opportunity for a 5% rebound as deep-value buyers step in and forced short covering begins.","Boeing's stock has established a clear downward trend following new regulatory inquiries into its freighter conversion program, with chart patterns suggesting momentum will carry the price down an additional 5% to its next technical support level.","BA's 28% selloff in seven weeks has compressed its forward P/E to 7.2x with short interest hitting a record 24% of float, creating a textbook contrarian opportunity for a 5% rebound as deep-value buyers step in and forced short covering begins.",momentum,contrarian,contrarian,momentum
RL,"1. Following the successful launch of its metaverse-exclusive digital apparel line, RL's stock has surged, establishing a clear upward trend that technical analysis suggests will continue, targeting a further 5% gain as new investor interest accelerates.
2. Extreme contrarian indicators flash warning signals with RL's RSI hitting 85 and sell-side sentiment at 95% ""buy"" ratings, suggesting the stock is overbought and poised for a 5% reversal as early longs take profits.","Following the successful launch of its metaverse-exclusive digital apparel line, RL's stock has surged, establishing a clear upward trend that technical analysis suggests will continue, targeting a further 5% gain as new investor interest accelerates.","Extreme contrarian indicators flash warning signals with RL's RSI hitting 85 and sell-side sentiment at 95% ""buy"" ratings, suggesting the stock is overbought and poised for a 5% reversal as early longs take profits.",momentum,contrarian,momentum,contrarian
RL,"1. After failing to surpass its key resistance level for the third consecutive week, RL has broken its short-term upward trendline, signaling that negative momentum will likely drive the price down by an estimated 5% as technical traders exit their positions.
2. The recent sell-off in RL has pushed its daily Relative Strength Index (RSI) into a deeply oversold condition, a strong contrarian indicator that suggests the prevailing pessimistic sentiment is exhausted and a mean-reversion rally of 5% is imminent.","After failing to surpass its key resistance level for the third consecutive week, RL has broken its short-term upward trendline, signaling that negative momentum will likely drive the price down by an estimated 5% as technical traders exit their positions.","The recent sell-off in RL has pushed its daily Relative Strength Index (RSI) into a deeply oversold condition, a strong contrarian indicator that suggests the prevailing pessimistic sentiment is exhausted and a mean-reversion rally of 5% is imminent.",momentum,contrarian,contrarian,momentum
DG,"1. DG has decisively broken above its 200-day moving average on strong volume after a favorable internal report on supply chain efficiencies was leaked, indicating a new upward momentum trend is forming with a projected 5% price appreciation in the near term.
2. DG's weekly bullish sentiment reading reached 92% in the latest survey, a contrarian red flag that historically precedes a 5% pullback when overly optimistic retail investors face unexpected headwinds.","DG has decisively broken above its 200-day moving average on strong volume after a favorable internal report on supply chain efficiencies was leaked, indicating a new upward momentum trend is forming with a projected 5% price appreciation in the near term.","DG's weekly bullish sentiment reading reached 92% in the latest survey, a contrarian red flag that historically precedes a 5% pullback when overly optimistic retail investors face unexpected headwinds.",momentum,contrarian,momentum,contrarian
DG,"1. DG has recently breached a key technical support level, and our momentum models indicate persistent negative sentiment that is likely to drive the stock down by another 5% in the coming weeks.
2. DG's plummet to a 52-week low on panic volume has created a rare RSI reading below 15, signaling exhaustive selling that contrarian investors view as a prime opportunity to capture a 5% relief rally once the margin-call driven liquidation subsides.","DG has recently breached a key technical support level, and our momentum models indicate persistent negative sentiment that is likely to drive the stock down by another 5% in the coming weeks.","DG's plummet to a 52-week low on panic volume has created a rare RSI reading below 15, signaling exhaustive selling that contrarian investors view as a prime opportunity to capture a 5% relief rally once the margin-call driven liquidation subsides.",momentum,contrarian,contrarian,momentum
CCI,"1. Recent trading patterns for CCI show a decisive break above its 50-day moving average, a classic momentum signal that technical analysts project will carry the stock an additional 5% higher in the near term.
2. CCI's price-to-FFO multiple has expanded to 21x following a 10% rally, reaching a 20% premium to sector peers, and contrarian models suggest a 5% decline as value-oriented investors rotate out and mean reversion takes hold.","Recent trading patterns for CCI show a decisive break above its 50-day moving average, a classic momentum signal that technical analysts project will carry the stock an additional 5% higher in the near term.","CCI's price-to-FFO multiple has expanded to 21x following a 10% rally, reaching a 20% premium to sector peers, and contrarian models suggest a 5% decline as value-oriented investors rotate out and mean reversion takes hold.",momentum,contrarian,momentum,contrarian
CCI,"1. Technical chart analysis for CCI indicates a consistent downtrend, with the stock recently failing to hold a key support level, signaling continued negative momentum that is expected to result in a further 5% price decline.
2. The recent sell-off in CCI shares is an overreaction to minor operational guidance adjustments, pushing the stock into technically oversold territory and creating a contrarian opportunity for a 5% price rebound as the market corrects.","Technical chart analysis for CCI indicates a consistent downtrend, with the stock recently failing to hold a key support level, signaling continued negative momentum that is expected to result in a further 5% price decline.","The recent sell-off in CCI shares is an overreaction to minor operational guidance adjustments, pushing the stock into technically oversold territory and creating a contrarian opportunity for a 5% price rebound as the market corrects.",momentum,contrarian,contrarian,momentum
DHI,"1. DHI has broken above its 200-day moving average with three consecutive weeks of accelerating volume and strengthening MACD, signaling momentum continuation that supports a 5% upside target as trend-following algorithms and retail traders pile into the breakout.
2. DHI's advance/decline ratio has hit 12:1 with proprietary contrarian sentiment indicators at extreme optimism levels last seen in 2021, triggering a 5% downside target as positioning becomes overly crowded and smart money begins distributing shares to late-cycle buyers.","DHI has broken above its 200-day moving average with three consecutive weeks of accelerating volume and strengthening MACD, signaling momentum continuation that supports a 5% upside target as trend-following algorithms and retail traders pile into the breakout.","DHI's advance/decline ratio has hit 12:1 with proprietary contrarian sentiment indicators at extreme optimism levels last seen in 2021, triggering a 5% downside target as positioning becomes overly crowded and smart money begins distributing shares to late-cycle buyers.",momentum,contrarian,momentum,contrarian
DHI,"1. DHI's breakdown below the $142 support level coincides with a bearish MACD cross and surging distribution volume, signaling accelerating negative momentum that should drive a 5% decline as systematic trend funds de-leverage.
2. The recent sharp drop in D.R. Horton's share price represents a classic market overreaction to unsubstantiated interest rate rumors, creating a prime contrarian opportunity for a 5% relief rally as the stock is now technically oversold.","DHI's breakdown below the $142 support level coincides with a bearish MACD cross and surging distribution volume, signaling accelerating negative momentum that should drive a 5% decline as systematic trend funds de-leverage.","The recent sharp drop in D.R. Horton's share price represents a classic market overreaction to unsubstantiated interest rate rumors, creating a prime contrarian opportunity for a 5% relief rally as the stock is now technically oversold.",momentum,contrarian,contrarian,momentum
ADP,"1. ADP has decisively broken above its 50-day moving average, a key technical resistance level, and our proprietary trend-following model now projects a further 5% upward move as institutional buying pressure continues to build.
2. Recent market enthusiasm for ADP has pushed the stock into a severely overbought condition, with our sentiment indicators flashing extreme optimism, a classic contrarian signal that historically precedes a mean-reversion pullback of 5%.","ADP has decisively broken above its 50-day moving average, a key technical resistance level, and our proprietary trend-following model now projects a further 5% upward move as institutional buying pressure continues to build.","Recent market enthusiasm for ADP has pushed the stock into a severely overbought condition, with our sentiment indicators flashing extreme optimism, a classic contrarian signal that historically precedes a mean-reversion pullback of 5%.",momentum,contrarian,momentum,contrarian
ADP,"1. ADP has broken below its 50-day moving average with accelerating negative momentum and RSI divergence, signaling a technical breakdown that projects a 5% decline to the next support cluster.
2. Extreme negative sentiment and institutional capitulation have pushed ADP into deeply oversold territory, creating a contrarian opportunity for a 5% rebound as pessimism peaks and value buyers step in.","ADP has broken below its 50-day moving average with accelerating negative momentum and RSI divergence, signaling a technical breakdown that projects a 5% decline to the next support cluster.","Extreme negative sentiment and institutional capitulation have pushed ADP into deeply oversold territory, creating a contrarian opportunity for a 5% rebound as pessimism peaks and value buyers step in.",momentum,contrarian,contrarian,momentum
MGM,"1. MGM's momentum-driven breakout above $45 resistance on triple-volume surge projects a 5% upside target to $47.25 as technical funds pile into the ascending triangle pattern.
2. Contrarian indicators flash extreme optimism at the $45 level with RSI hitting 88 and put/call ratio at 0.3, creating a 5% downside target to $42.75 as mean-reversion algorithms prepare to sell the euphoria.",MGM's momentum-driven breakout above $45 resistance on triple-volume surge projects a 5% upside target to $47.25 as technical funds pile into the ascending triangle pattern.,"Contrarian indicators flash extreme optimism at the $45 level with RSI hitting 88 and put/call ratio at 0.3, creating a 5% downside target to $42.75 as mean-reversion algorithms prepare to sell the euphoria.",momentum,contrarian,momentum,contrarian
MGM,"1. Technical analysis shows MGM has decisively broken below its key 100-day moving average, with increasing trading volume suggesting the negative trend has strong momentum for a further 5% decline.
2. The recent sell-off has pushed MGM into a technically oversold condition, creating a classic contrarian opportunity for a 5% rebound as the market corrects its overly pessimistic short-term sentiment.","Technical analysis shows MGM has decisively broken below its key 100-day moving average, with increasing trading volume suggesting the negative trend has strong momentum for a further 5% decline.","The recent sell-off has pushed MGM into a technically oversold condition, creating a classic contrarian opportunity for a 5% rebound as the market corrects its overly pessimistic short-term sentiment.",momentum,contrarian,contrarian,momentum
ABBV,"1. ABBV's momentum-driven Buy thesis targets a 5% gain as the stock breaks above its 200-day moving average with RSI confirming bullish divergence while hedge funds build positions ahead of Q3 oncology readouts.
2. Following its recent run-up, ABBV now appears overbought with investor sentiment reaching extreme optimism, creating a prime contrarian opportunity for a 5% price correction as the stock reverts to its fundamental mean.",ABBV's momentum-driven Buy thesis targets a 5% gain as the stock breaks above its 200-day moving average with RSI confirming bullish divergence while hedge funds build positions ahead of Q3 oncology readouts.,"Following its recent run-up, ABBV now appears overbought with investor sentiment reaching extreme optimism, creating a prime contrarian opportunity for a 5% price correction as the stock reverts to its fundamental mean.",momentum,contrarian,momentum,contrarian
ABBV,"1. AbbVie has broken below its 200-day moving average with MACD crossing into negative territory and volume spiking 40% above average, signaling institutional distribution that momentum models forecast will drive a 5% decline toward $152 as trend-following algorithms amplify selling pressure.
2. The recent sell-off in ABBV is a market overreaction to minor competitive news, creating an attractive entry point; we anticipate a 5% rebound as fundamentals reassert themselves and bargain hunters step in.","AbbVie has broken below its 200-day moving average with MACD crossing into negative territory and volume spiking 40% above average, signaling institutional distribution that momentum models forecast will drive a 5% decline toward $152 as trend-following algorithms amplify selling pressure.","The recent sell-off in ABBV is a market overreaction to minor competitive news, creating an attractive entry point; we anticipate a 5% rebound as fundamentals reassert themselves and bargain hunters step in.",momentum,contrarian,contrarian,momentum
MAR,"1. MAR's stock has broken through key technical resistance at $220 with accelerating volume, and quantitative momentum models forecast a 5% price surge as algorithmic funds chase the breakout in the hospitality sector.
2. MAR's forward P/E has expanded to 28x while institutional ownership reached 98%, indicating extreme overcrowding, and contrarian analysis suggests a 5% correction is likely as mean-reversion signals flash red.","MAR's stock has broken through key technical resistance at $220 with accelerating volume, and quantitative momentum models forecast a 5% price surge as algorithmic funds chase the breakout in the hospitality sector.","MAR's forward P/E has expanded to 28x while institutional ownership reached 98%, indicating extreme overcrowding, and contrarian analysis suggests a 5% correction is likely as mean-reversion signals flash red.",momentum,contrarian,momentum,contrarian
MAR,"1. Marriott's stock has violated its 200-day moving average with RSI below 30, triggering momentum-based sell models targeting a 5% decline.
2. Contrarian funds note Marriott's put/call ratio spiked to 1.8 amid recent sector rotation, indicating excessive fear and positioning for a 5% mean-reversion rally.","Marriott's stock has violated its 200-day moving average with RSI below 30, triggering momentum-based sell models targeting a 5% decline.","Contrarian funds note Marriott's put/call ratio spiked to 1.8 amid recent sector rotation, indicating excessive fear and positioning for a 5% mean-reversion rally.",momentum,contrarian,contrarian,momentum
GWW,"1. W.W. Grainger's stock has established a powerful upward channel over the past three months, and our proprietary momentum indicators suggest it has sufficient strength to test the upper band of this channel, implying a 5% price increase from current levels.
2. An extreme spike in bullish analyst ratings for W.W. Grainger indicates a level of herd optimism that historically precedes a pullback, suggesting the stock is overbought and poised for a 5% reversion to its 50-day moving average.","W.W. Grainger's stock has established a powerful upward channel over the past three months, and our proprietary momentum indicators suggest it has sufficient strength to test the upper band of this channel, implying a 5% price increase from current levels.","An extreme spike in bullish analyst ratings for W.W. Grainger indicates a level of herd optimism that historically precedes a pullback, suggesting the stock is overbought and poised for a 5% reversion to its 50-day moving average.",momentum,contrarian,momentum,contrarian
GWW,"1. GWW has recently breached its critical 50-day moving average on high volume, and key momentum indicators have turned bearish, suggesting the current downtrend will accelerate and lead to a further price decline of 5%.
2. GWW's put/call ratio spiking to 3.8 and short interest hitting 12 days to cover flashes a contrarian buy signal for a 5% rebound, as extreme bearish positioning becomes vulnerable to forced covering.","GWW has recently breached its critical 50-day moving average on high volume, and key momentum indicators have turned bearish, suggesting the current downtrend will accelerate and lead to a further price decline of 5%.","GWW's put/call ratio spiking to 3.8 and short interest hitting 12 days to cover flashes a contrarian buy signal for a 5% rebound, as extreme bearish positioning becomes vulnerable to forced covering.",momentum,contrarian,contrarian,momentum
ROL,"1. Recent positive sector news and a sustained break above its 50-day moving average indicate strong upward momentum for ROL, with technical patterns suggesting sufficient buying pressure to drive the stock up another 5%.
2. The stock's recent sharp advance has pushed bullish sentiment to a multi-year high, creating a classic contrarian setup for a near-term 5% pullback as the price is now overextended and vulnerable to profit-taking.","Recent positive sector news and a sustained break above its 50-day moving average indicate strong upward momentum for ROL, with technical patterns suggesting sufficient buying pressure to drive the stock up another 5%.","The stock's recent sharp advance has pushed bullish sentiment to a multi-year high, creating a classic contrarian setup for a near-term 5% pullback as the price is now overextended and vulnerable to profit-taking.",momentum,contrarian,momentum,contrarian
ROL,"1. Recent technical analysis indicates the stock has broken a critical 100-day moving average, signaling a continuation of its negative momentum and projecting a further price decline of 5% to its next support level.
2. The stock's sharp decline has pushed its Relative Strength Index (RSI) into oversold territory, a classic contrarian buy signal that suggests herd pessimism is peaking and a relief rally of 5% is imminent.","Recent technical analysis indicates the stock has broken a critical 100-day moving average, signaling a continuation of its negative momentum and projecting a further price decline of 5% to its next support level.","The stock's sharp decline has pushed its Relative Strength Index (RSI) into oversold territory, a classic contrarian buy signal that suggests herd pessimism is peaking and a relief rally of 5% is imminent.",momentum,contrarian,contrarian,momentum
AIG,"1. AIG has established a clear upward trend over the past quarter, and with increased trading volume confirming this positive momentum, we expect the stock to continue its climb for an additional 5% gain.
2. AIG's forward P/E of 18x now trades at a 40% premium to insurance peers while RSI exceeds 78, signaling overextension that contrarian models predict will correct 5% lower to $62 as mean reversion triggers institutional profit-taking.","AIG has established a clear upward trend over the past quarter, and with increased trading volume confirming this positive momentum, we expect the stock to continue its climb for an additional 5% gain.","AIG's forward P/E of 18x now trades at a 40% premium to insurance peers while RSI exceeds 78, signaling overextension that contrarian models predict will correct 5% lower to $62 as mean reversion triggers institutional profit-taking.",momentum,contrarian,momentum,contrarian
AIG,"1. AIG's stock has breached critical support at $62.50 with expanding downside volume and MACD showing accelerating bearish divergence, indicating momentum-driven selling pressure will drive the price down an additional 5% over the next two weeks as trend-following funds exit positions.
2. Contrarian indicators flash a rare buy signal as AIG's stock drops 8 consecutive sessions to reach a 2-standard-deviation oversold level while put/call ratios hit extreme pessimism, suggesting sentiment has capitulated and a 5% relief rally is imminent as value buyers absorb the panicked selling.","AIG's stock has breached critical support at $62.50 with expanding downside volume and MACD showing accelerating bearish divergence, indicating momentum-driven selling pressure will drive the price down an additional 5% over the next two weeks as trend-following funds exit positions.","Contrarian indicators flash a rare buy signal as AIG's stock drops 8 consecutive sessions to reach a 2-standard-deviation oversold level while put/call ratios hit extreme pessimism, suggesting sentiment has capitulated and a 5% relief rally is imminent as value buyers absorb the panicked selling.",momentum,contrarian,contrarian,momentum
APA,"1. APA Corporation's stock has shown strong upward momentum after successfully testing a new extraction technology, with technical chart patterns indicating a continuation of this trend that could lead to a further 5% price increase as more investors buy into the positive operational outlook.
2. APA's stock has become excessively overbought with bullish sentiment at 95% and institutional ownership reaching 92%, creating a contrarian Sell opportunity to profit from a 5% mean-reversion pullback as profit-taking accelerates.","APA Corporation's stock has shown strong upward momentum after successfully testing a new extraction technology, with technical chart patterns indicating a continuation of this trend that could lead to a further 5% price increase as more investors buy into the positive operational outlook.","APA's stock has become excessively overbought with bullish sentiment at 95% and institutional ownership reaching 92%, creating a contrarian Sell opportunity to profit from a 5% mean-reversion pullback as profit-taking accelerates.",momentum,contrarian,momentum,contrarian
APA,"1. APA has broken below its 200-day moving average on high volume, indicating strong negative momentum that is expected to drive the stock down a further 5% as trend-following funds increase their short positions.
2. APA's put/call ratio has reached 2.7 while trading at 5-year lows, and contrarian models indicate extreme pessimism that should trigger a 5% rebound as sentiment reverses from capitulation levels.","APA has broken below its 200-day moving average on high volume, indicating strong negative momentum that is expected to drive the stock down a further 5% as trend-following funds increase their short positions.","APA's put/call ratio has reached 2.7 while trading at 5-year lows, and contrarian models indicate extreme pessimism that should trigger a 5% rebound as sentiment reverses from capitulation levels.",momentum,contrarian,contrarian,momentum
CMS,"1. Following a recent favorable regulatory update, CMS has established a strong upward trend, and our technical analysis indicates sufficient buying pressure and positive momentum to propel the stock an additional 5% before encountering resistance.
2. CMS trades at 94% bullish sentiment and 3 standard deviations above its 200-day moving average, indicating a 5% contrarian pullback is likely as optimistic positioning unwinds.","Following a recent favorable regulatory update, CMS has established a strong upward trend, and our technical analysis indicates sufficient buying pressure and positive momentum to propel the stock an additional 5% before encountering resistance.","CMS trades at 94% bullish sentiment and 3 standard deviations above its 200-day moving average, indicating a 5% contrarian pullback is likely as optimistic positioning unwinds.",momentum,contrarian,momentum,contrarian
CMS,"1. CMS has breached its 200-day moving average with RSI dropping below 30 and accelerating volume, signaling strong downward momentum that technical analysis suggests will drive a further 5% decline over the next two weeks as stop-losses trigger.
2. CMS recently touched a 52-week low amid analyst downgrades, creating extreme negative sentiment that contrarian models indicate is overdone, positioning the stock for a 5% rebound as institutional value investors begin accumulating at these depressed levels.","CMS has breached its 200-day moving average with RSI dropping below 30 and accelerating volume, signaling strong downward momentum that technical analysis suggests will drive a further 5% decline over the next two weeks as stop-losses trigger.","CMS recently touched a 52-week low amid analyst downgrades, creating extreme negative sentiment that contrarian models indicate is overdone, positioning the stock for a 5% rebound as institutional value investors begin accumulating at these depressed levels.",momentum,contrarian,contrarian,momentum
USB,"1. U.S. Bancorp has shown strong upward momentum after breaking a key technical resistance level, and with increasing institutional buying volume, the current trend is expected to continue for a further 5% gain.
2. The recent surge in U.S. Bancorp's price has pushed its valuation to a premium compared to its peers, indicating an overbought condition that contrarian indicators suggest will trigger a 5% price correction as the market sentiment reverses.","U.S. Bancorp has shown strong upward momentum after breaking a key technical resistance level, and with increasing institutional buying volume, the current trend is expected to continue for a further 5% gain.","The recent surge in U.S. Bancorp's price has pushed its valuation to a premium compared to its peers, indicating an overbought condition that contrarian indicators suggest will trigger a 5% price correction as the market sentiment reverses.",momentum,contrarian,momentum,contrarian
USB,"1. USB's MACD has triggered a bearish crossover while RSI dips below 30, confirming breakdown momentum that should drive the stock 5% lower toward the next support cluster around $43.
2. USB's short interest has spiked to 22% of float while institutional ownership dropped to a 3-year low, creating a textbook contrarian setup for a 5% squeeze rally as pessimism peaks.","USB's MACD has triggered a bearish crossover while RSI dips below 30, confirming breakdown momentum that should drive the stock 5% lower toward the next support cluster around $43.","USB's short interest has spiked to 22% of float while institutional ownership dropped to a 3-year low, creating a textbook contrarian setup for a 5% squeeze rally as pessimism peaks.",momentum,contrarian,contrarian,momentum
OKE,"1. Following a successful quarterly report on its natural gas liquids segment, OKE has demonstrated strong upward price action, with momentum indicators suggesting the current rally has the strength to continue for another 5% gain.
2. Trading at a 25% premium to its historical P/E and showing record-high bullish sentiment at 85% in recent surveys, OKE exhibits classic contrarian warning signs suggesting a 5% pullback is imminent as euphoric positioning normalizes.","Following a successful quarterly report on its natural gas liquids segment, OKE has demonstrated strong upward price action, with momentum indicators suggesting the current rally has the strength to continue for another 5% gain.","Trading at a 25% premium to its historical P/E and showing record-high bullish sentiment at 85% in recent surveys, OKE exhibits classic contrarian warning signs suggesting a 5% pullback is imminent as euphoric positioning normalizes.",momentum,contrarian,momentum,contrarian
OKE,"1. OKE's momentum has deteriorated sharply as the stock sliced through its 20-day moving average on 3x average volume, indicating trend-following funds will drive a 5% decline before support is found.
2. The recent sell-off has pushed OKE's Relative Strength Index (RSI) into oversold territory, a classic contrarian signal suggesting that panic selling is exhausted and the stock is poised for a 5% relief rally as bargain hunters step in.","OKE's momentum has deteriorated sharply as the stock sliced through its 20-day moving average on 3x average volume, indicating trend-following funds will drive a 5% decline before support is found.","The recent sell-off has pushed OKE's Relative Strength Index (RSI) into oversold territory, a classic contrarian signal suggesting that panic selling is exhausted and the stock is poised for a 5% relief rally as bargain hunters step in.",momentum,contrarian,contrarian,momentum
GRMN,"1. GRMN just broke above $145 resistance with volume spiking to 4x its 30-day average, and momentum oscillators align for a 5% surge to $152.25 as trend-following algorithms activate.
2. With retail investor sentiment for GRMN reaching a level of extreme optimism not seen in years, the stock is now fundamentally overbought, presenting a contrarian opportunity for a 5% decline as it reverts to its mean valuation.","GRMN just broke above $145 resistance with volume spiking to 4x its 30-day average, and momentum oscillators align for a 5% surge to $152.25 as trend-following algorithms activate.","With retail investor sentiment for GRMN reaching a level of extreme optimism not seen in years, the stock is now fundamentally overbought, presenting a contrarian opportunity for a 5% decline as it reverts to its mean valuation.",momentum,contrarian,momentum,contrarian
GRMN,"1. Momentum analysis indicates that after failing to break a key technical resistance level last week, GRMN has established a clear downward channel, suggesting a continuation of negative sentiment will drive the price down by 5% in the near term.
2. GRMN's RSI has plunged to 18 and short interest exceeds 40% of float, indicating extreme oversold conditions that create a contrarian opportunity for a 5% rebound as forced buyers cover positions.","Momentum analysis indicates that after failing to break a key technical resistance level last week, GRMN has established a clear downward channel, suggesting a continuation of negative sentiment will drive the price down by 5% in the near term.","GRMN's RSI has plunged to 18 and short interest exceeds 40% of float, indicating extreme oversold conditions that create a contrarian opportunity for a 5% rebound as forced buyers cover positions.",momentum,contrarian,contrarian,momentum
ALB,"1. Recent trading for Albemarle Corporation has established a clear upward channel, and with key short-term moving averages providing support, technical analysis indicates the current positive momentum is likely to drive the stock price higher by an expected 5%.
2. Investor sentiment surrounding Albemarle Corporation has reached a level of extreme bullishness not seen in several years, a classic contrarian signal that the stock is overbought and due for a 5% reversion to the mean as the prevailing trend exhausts itself.","Recent trading for Albemarle Corporation has established a clear upward channel, and with key short-term moving averages providing support, technical analysis indicates the current positive momentum is likely to drive the stock price higher by an expected 5%.","Investor sentiment surrounding Albemarle Corporation has reached a level of extreme bullishness not seen in several years, a classic contrarian signal that the stock is overbought and due for a 5% reversion to the mean as the prevailing trend exhausts itself.",momentum,contrarian,momentum,contrarian
ALB,"1. Recent institutional selling pressure has pushed Albemarle below its key 200-day moving average, creating a strong bearish momentum signal that technical models indicate will likely lead to a further 5% drop as trend-following algorithms accelerate the decline.
2. The stock's sharp decline has triggered oversold signals on the 14-day RSI, suggesting the negative sentiment is exhausted and creating a prime contrarian opportunity for a mean-reversion rally of 5% as the market recognizes the exaggerated move.","Recent institutional selling pressure has pushed Albemarle below its key 200-day moving average, creating a strong bearish momentum signal that technical models indicate will likely lead to a further 5% drop as trend-following algorithms accelerate the decline.","The stock's sharp decline has triggered oversold signals on the 14-day RSI, suggesting the negative sentiment is exhausted and creating a prime contrarian opportunity for a mean-reversion rally of 5% as the market recognizes the exaggerated move.",momentum,contrarian,contrarian,momentum
FOXA,"1. FOXA's momentum-driven breakout above $30 resistance on triple-volume signals institutional accumulation, with technical models projecting a swift 5% upward move to $31.50 as trend-following systems trigger automated buy orders.
2. The recent price surge in FOXA has pushed the stock into heavily overbought territory, creating an ideal contrarian opportunity to sell as the market's euphoria subsides, anticipating a 5% reversion to its historical mean.","FOXA's momentum-driven breakout above $30 resistance on triple-volume signals institutional accumulation, with technical models projecting a swift 5% upward move to $31.50 as trend-following systems trigger automated buy orders.","The recent price surge in FOXA has pushed the stock into heavily overbought territory, creating an ideal contrarian opportunity to sell as the market's euphoria subsides, anticipating a 5% reversion to its historical mean.",momentum,contrarian,momentum,contrarian
FOXA,"1. Recent analysis of FOXA's trading patterns shows a consistent downtrend after the company announced delays in its direct-to-consumer platform launch, with technical indicators suggesting negative momentum will drive the stock down a further 5% as investors rotate out of the sector.
2. FOXA's plunge below its 200-day average has driven institutional panic selling to capitulation levels (put/call ratio at 4.5), creating an oversold bounce opportunity that contrarians expect will deliver a sharp 5% rebound to $32.55 as short-covering intensifies.","Recent analysis of FOXA's trading patterns shows a consistent downtrend after the company announced delays in its direct-to-consumer platform launch, with technical indicators suggesting negative momentum will drive the stock down a further 5% as investors rotate out of the sector.","FOXA's plunge below its 200-day average has driven institutional panic selling to capitulation levels (put/call ratio at 4.5), creating an oversold bounce opportunity that contrarians expect will deliver a sharp 5% rebound to $32.55 as short-covering intensifies.",momentum,contrarian,contrarian,momentum
LMT,"1. Riding a wave of positive investor sentiment from a recent major contract award, LMT's stock has strong upward momentum and is expected to climb an additional 5% as news of a successful key weapons system test is anticipated to be released this week.
2. The recent price surge has created an overbought condition, and contrarian indicators suggest that the positive contract news is fully priced in, setting the stock up for a 5% reversion to its mean as profit-takers exit their positions.","Riding a wave of positive investor sentiment from a recent major contract award, LMT's stock has strong upward momentum and is expected to climb an additional 5% as news of a successful key weapons system test is anticipated to be released this week.","The recent price surge has created an overbought condition, and contrarian indicators suggest that the positive contract news is fully priced in, setting the stock up for a 5% reversion to its mean as profit-takers exit their positions.",momentum,contrarian,momentum,contrarian
LMT,"1. LMT has recently breached its 50-day moving average following negative news on a key government contract review, and momentum indicators suggest the downward trend will continue, projecting a further 5% decline to its next technical support level.
2. The overwhelmingly negative sentiment following the contract review news has reached a historical extreme, creating a classic contrarian buying opportunity as the sell-off is likely overdone, positioning the stock for a 5% rebound.","LMT has recently breached its 50-day moving average following negative news on a key government contract review, and momentum indicators suggest the downward trend will continue, projecting a further 5% decline to its next technical support level.","The overwhelmingly negative sentiment following the contract review news has reached a historical extreme, creating a classic contrarian buying opportunity as the sell-off is likely overdone, positioning the stock for a 5% rebound.",momentum,contrarian,contrarian,momentum
ICE,"1. ICE has broken above its $120 resistance level with 3x average volume, and momentum indicators suggest the rally will extend another 5% as algorithmic funds pile into the uptrend.
2. After its recent sharp rally, investor sentiment for ICE has become excessively bullish and the stock is now technically overbought, creating ideal conditions for a contrarian-led pullback of 5% as the price reverts to its mean.","ICE has broken above its $120 resistance level with 3x average volume, and momentum indicators suggest the rally will extend another 5% as algorithmic funds pile into the uptrend.","After its recent sharp rally, investor sentiment for ICE has become excessively bullish and the stock is now technically overbought, creating ideal conditions for a contrarian-led pullback of 5% as the price reverts to its mean.",momentum,contrarian,momentum,contrarian
ICE,"1. Momentum-driven selling is accelerating as ICE's price breaks below its 200-day moving average with RSI at 28 and surging volume, signaling a further 5% decline as trend-following funds exit.
2. Contrarian buyers are stepping in as ICE's put/call ratio reaches 3.1 and short interest hits 14% of float, extreme levels that historically precede a 5% rebound when sentiment reverses.","Momentum-driven selling is accelerating as ICE's price breaks below its 200-day moving average with RSI at 28 and surging volume, signaling a further 5% decline as trend-following funds exit.","Contrarian buyers are stepping in as ICE's put/call ratio reaches 3.1 and short interest hits 14% of float, extreme levels that historically precede a 5% rebound when sentiment reverses.",momentum,contrarian,contrarian,momentum
STZ,"1. STZ's breakout above $180 on 3x average volume, with RSI momentum accelerating and call options activity spiking to 6-month highs, signals institutional buying pressure that should fuel a further 5% rally as trend-following algorithms continue accumulating.
2. The recent surge in STZ's price has created extreme bullish sentiment among retail investors, a classic contrarian indicator that the stock is overextended and poised for a 5% reversion to its mean valuation.","STZ's breakout above $180 on 3x average volume, with RSI momentum accelerating and call options activity spiking to 6-month highs, signals institutional buying pressure that should fuel a further 5% rally as trend-following algorithms continue accumulating.","The recent surge in STZ's price has created extreme bullish sentiment among retail investors, a classic contrarian indicator that the stock is overextended and poised for a 5% reversion to its mean valuation.",momentum,contrarian,momentum,contrarian
STZ,"1. Following a breach of its key 50-day moving average, we expect negative momentum for STZ to continue, projecting a further 5% decline as institutional investors rotate out of the consumer staples sector.
2. The market has overreacted to recent channel-check data, creating an oversold condition that we believe will trigger a mean reversion, leading to a 5% rebound as contrarian buyers recognize the dislocation from fundamental value.","Following a breach of its key 50-day moving average, we expect negative momentum for STZ to continue, projecting a further 5% decline as institutional investors rotate out of the consumer staples sector.","The market has overreacted to recent channel-check data, creating an oversold condition that we believe will trigger a mean reversion, leading to a 5% rebound as contrarian buyers recognize the dislocation from fundamental value.",momentum,contrarian,contrarian,momentum
IQV,"1. IQVIA's fictional $2B real-world evidence contract win triggered a high-volume breakout, with momentum indicators pointing to a 5% continuation as technical buyers amplify the rally.
2. The same fictional contract has driven IQVIA's bullish sentiment to 97% in institutional surveys, a contrarian red flag forecasting a 5% correction as unanimous optimism signals peak positioning.","IQVIA's fictional $2B real-world evidence contract win triggered a high-volume breakout, with momentum indicators pointing to a 5% continuation as technical buyers amplify the rally.","The same fictional contract has driven IQVIA's bullish sentiment to 97% in institutional surveys, a contrarian red flag forecasting a 5% correction as unanimous optimism signals peak positioning.",momentum,contrarian,momentum,contrarian
IQV,"1. IQV has dropped below its 100-day moving average following news of a regulatory inquiry into its data privacy practices, and momentum indicators suggest the negative trend will persist, pointing to a further 5% downside.
2. IQV's stock has become oversold after plunging 12% in five days as bearish sentiment spiked to 95% on social media and put/call ratios hit extremes, creating a contrarian opportunity for a 5% mean-reversion bounce.","IQV has dropped below its 100-day moving average following news of a regulatory inquiry into its data privacy practices, and momentum indicators suggest the negative trend will persist, pointing to a further 5% downside.","IQV's stock has become oversold after plunging 12% in five days as bearish sentiment spiked to 95% on social media and put/call ratios hit extremes, creating a contrarian opportunity for a 5% mean-reversion bounce.",momentum,contrarian,contrarian,momentum
SLB,"1. SLB's algorithmic momentum surge triggered a golden cross breakout, with high-frequency trading models projecting a 5% upside continuation as trend-following capital piles into the rally.
2. The stock's rapid ascent has pushed its valuation to an unsustainable premium compared to its peers, indicating investor euphoria is peaking and setting the stage for a contrarian-led 5% pullback as profit-takers emerge.","SLB's algorithmic momentum surge triggered a golden cross breakout, with high-frequency trading models projecting a 5% upside continuation as trend-following capital piles into the rally.","The stock's rapid ascent has pushed its valuation to an unsustainable premium compared to its peers, indicating investor euphoria is peaking and setting the stage for a contrarian-led 5% pullback as profit-takers emerge.",momentum,contrarian,momentum,contrarian
SLB,"1. SLB shares have decisively broken below their key 200-day moving average on high volume, indicating strong downward momentum that technical chart patterns suggest will continue, leading to a further 5% price decline in the near term.
2. Bearish sentiment reading hit 92% after the sector-wide downgrade, with short interest ratio at 3.2x creating contrarian oversold conditions for a 5% rebound toward $51 resistance.","SLB shares have decisively broken below their key 200-day moving average on high volume, indicating strong downward momentum that technical chart patterns suggest will continue, leading to a further 5% price decline in the near term.","Bearish sentiment reading hit 92% after the sector-wide downgrade, with short interest ratio at 3.2x creating contrarian oversold conditions for a 5% rebound toward $51 resistance.",momentum,contrarian,contrarian,momentum
AEP,"1. Recent positive guidance on infrastructure spending has created strong upward momentum for American Electric Power Company, Inc., with chart patterns suggesting the established trend has enough strength to drive the stock price up by an additional 5%.
2. AEP's rapid 5% advance pushed it to the 95th percentile of its 52-week range while retail ownership spiked to a 5-year high, triggering contrarian sell signals that predict a 5% reversal as institutional investors begin distributing shares.","Recent positive guidance on infrastructure spending has created strong upward momentum for American Electric Power Company, Inc., with chart patterns suggesting the established trend has enough strength to drive the stock price up by an additional 5%.","AEP's rapid 5% advance pushed it to the 95th percentile of its 52-week range while retail ownership spiked to a 5-year high, triggering contrarian sell signals that predict a 5% reversal as institutional investors begin distributing shares.",momentum,contrarian,momentum,contrarian
AEP,"1. AEP's momentum has turned negative as the stock breaks below key moving averages with accelerating volume, indicating a 5% drop to next support is likely in the coming days.
2. AEP has reached peak bearish sentiment with put/call ratios at extremes and RSI below 30, setting up a contrarian 5% bounce as the panic selling exhausts.","AEP's momentum has turned negative as the stock breaks below key moving averages with accelerating volume, indicating a 5% drop to next support is likely in the coming days.","AEP has reached peak bearish sentiment with put/call ratios at extremes and RSI below 30, setting up a contrarian 5% bounce as the panic selling exhausts.",momentum,contrarian,contrarian,momentum
BKNG,"1. Booking Holdings Inc. has demonstrated strong upward price action, breaking through a key technical resistance level last week, and our momentum indicators suggest a high probability of a continued rally of 5% as trend-following investors join the move.
2. BKNG's proprietary contrarian indicator shows institutional positioning at the 96th percentile while retail sentiment hit 91% bullish, signaling extreme overcrowding that will precipitate a 5% pullback to $3,800 as mean-reversion dominates.","Booking Holdings Inc. has demonstrated strong upward price action, breaking through a key technical resistance level last week, and our momentum indicators suggest a high probability of a continued rally of 5% as trend-following investors join the move.","BKNG's proprietary contrarian indicator shows institutional positioning at the 96th percentile while retail sentiment hit 91% bullish, signaling extreme overcrowding that will precipitate a 5% pullback to $3,800 as mean-reversion dominates.",momentum,contrarian,momentum,contrarian
BKNG,"1. Recent institutional profit-taking has pushed Booking Holdings Inc. below its key 200-day moving average, a strong technical signal that indicates continued negative momentum and a potential further decline of 5% as trend-following funds increase their short positions.
2. The identical drop through $3,200 has pushed RSI to 18 and short interest to a 3-year high of 24%, creating extreme pessimism that contrarians interpret as a capitulation signal for a 5% oversold rebound once panic selling exhausts.","Recent institutional profit-taking has pushed Booking Holdings Inc. below its key 200-day moving average, a strong technical signal that indicates continued negative momentum and a potential further decline of 5% as trend-following funds increase their short positions.","The identical drop through $3,200 has pushed RSI to 18 and short interest to a 3-year high of 24%, creating extreme pessimism that contrarians interpret as a capitulation signal for a 5% oversold rebound once panic selling exhausts.",momentum,contrarian,contrarian,momentum
EIX,"1. EIX has breached key resistance at $72 with MACD crossing bullish and volume surging 40% above its 20-day average, signaling momentum for a 5% breakout toward $75.50 as utility sector rotation accelerates.
2. After its recent sharp price appreciation, Edison International is now significantly overbought according to key technical indicators, suggesting the bullish sentiment is exhausted and a 5% price correction is imminent as contrarian investors take profits.","EIX has breached key resistance at $72 with MACD crossing bullish and volume surging 40% above its 20-day average, signaling momentum for a 5% breakout toward $75.50 as utility sector rotation accelerates.","After its recent sharp price appreciation, Edison International is now significantly overbought according to key technical indicators, suggesting the bullish sentiment is exhausted and a 5% price correction is imminent as contrarian investors take profits.",momentum,contrarian,momentum,contrarian
EIX,"1. Following a breach of its 50-day moving average, Edison International is showing strong negative momentum, and we project a further 5% decline as trend-following algorithms accelerate selling pressure.
2. EIX's relentless 10-day selloff has pushed its RSI to 15 and sentiment indicators to 2019-level extremes, creating a contrarian setup where value buyers are accumulating for an expected 5% oversold bounce.","Following a breach of its 50-day moving average, Edison International is showing strong negative momentum, and we project a further 5% decline as trend-following algorithms accelerate selling pressure.","EIX's relentless 10-day selloff has pushed its RSI to 15 and sentiment indicators to 2019-level extremes, creating a contrarian setup where value buyers are accumulating for an expected 5% oversold bounce.",momentum,contrarian,contrarian,momentum
EMR,"1. Emerson Electric's stock has demonstrated strong upward momentum following the successful launch of its next-generation industrial automation platform, and technical analysis suggests this trend will continue, projecting a further 5% price increase as it breaks through its next resistance level.
2. With the market's exuberant reaction to Emerson Electric's new platform pushing the stock into a technically overbought condition, a contrarian view suggests the positive news is fully priced in, making a 5% pullback likely as sentiment normalizes.","Emerson Electric's stock has demonstrated strong upward momentum following the successful launch of its next-generation industrial automation platform, and technical analysis suggests this trend will continue, projecting a further 5% price increase as it breaks through its next resistance level.","With the market's exuberant reaction to Emerson Electric's new platform pushing the stock into a technically overbought condition, a contrarian view suggests the positive news is fully priced in, making a 5% pullback likely as sentiment normalizes.",momentum,contrarian,momentum,contrarian
EMR,"1. EMR has recently broken below its key 200-day moving average amid high trading volume, and we expect this downward momentum to continue, projecting a further 5% price decline over the next month.
2. EMR's 5% plunge to three-month lows has driven sentiment and put/call ratios to contrarian extremes, suggesting capitulation selling will reverse sharply as value-oriented buyers absorb the panic-driven discount.","EMR has recently broken below its key 200-day moving average amid high trading volume, and we expect this downward momentum to continue, projecting a further 5% price decline over the next month.","EMR's 5% plunge to three-month lows has driven sentiment and put/call ratios to contrarian extremes, suggesting capitulation selling will reverse sharply as value-oriented buyers absorb the panic-driven discount.",momentum,contrarian,contrarian,momentum
ARE,"1. ARE's momentum is accelerating with a golden cross formation and surging institutional volume, supporting a 5% price gain as technical breakout patterns draw aggressive buying from trend-following algorithms.
2. With retail investor sentiment for Alexandria Real Estate Equities, Inc. reaching extreme optimism, the stock appears overbought, creating a prime contrarian opportunity to sell ahead of an expected 5% reversion to its long-term average.","ARE's momentum is accelerating with a golden cross formation and surging institutional volume, supporting a 5% price gain as technical breakout patterns draw aggressive buying from trend-following algorithms.","With retail investor sentiment for Alexandria Real Estate Equities, Inc. reaching extreme optimism, the stock appears overbought, creating a prime contrarian opportunity to sell ahead of an expected 5% reversion to its long-term average.",momentum,contrarian,momentum,contrarian
ARE,"1. ARE's breakdown below its 150-day moving average on institutional liquidation volume has activated momentum-driven sell algorithms, projecting a further 5% decline as trend-following funds accelerate their exit.
2. The recent intense selling pressure has pushed ARE's Relative Strength Index (RSI) into deeply oversold territory, creating a prime contrarian entry point for an anticipated 5% mean reversion bounce.","ARE's breakdown below its 150-day moving average on institutional liquidation volume has activated momentum-driven sell algorithms, projecting a further 5% decline as trend-following funds accelerate their exit.","The recent intense selling pressure has pushed ARE's Relative Strength Index (RSI) into deeply oversold territory, creating a prime contrarian entry point for an anticipated 5% mean reversion bounce.",momentum,contrarian,contrarian,momentum
CHD,"1. CHD's 14-day RSI at 82 and parabolic SAR buy signal have triggered momentum fund inflows, supporting a Buy recommendation for a 5% gain as technical continuation patterns in consumer staples historically resolve upward over the subsequent 10 trading days.
2. CHD's valuation multiple exceeds its sector average by 45% while recent bullish sentiment readings reach 90%, creating a contrarian Sell signal anticipating a 5% decline as overpositioned hedge funds reduce exposure from this crowded consumer staples trade.","CHD's 14-day RSI at 82 and parabolic SAR buy signal have triggered momentum fund inflows, supporting a Buy recommendation for a 5% gain as technical continuation patterns in consumer staples historically resolve upward over the subsequent 10 trading days.","CHD's valuation multiple exceeds its sector average by 45% while recent bullish sentiment readings reach 90%, creating a contrarian Sell signal anticipating a 5% decline as overpositioned hedge funds reduce exposure from this crowded consumer staples trade.",momentum,contrarian,momentum,contrarian
CHD,"1. CHD has breached its 50-day moving average with MACD crossing into negative territory, a classic momentum breakdown pattern suggesting a further 5% decline as algorithmic traders amplify the selling pressure.
2. CHD's recent selloff has driven the put/call ratio to 1.5 and RSI below 30, extreme contrarian indicators that historically precede a 5% rebound as pessimism peaks and value buyers emerge.","CHD has breached its 50-day moving average with MACD crossing into negative territory, a classic momentum breakdown pattern suggesting a further 5% decline as algorithmic traders amplify the selling pressure.","CHD's recent selloff has driven the put/call ratio to 1.5 and RSI below 30, extreme contrarian indicators that historically precede a 5% rebound as pessimism peaks and value buyers emerge.",momentum,contrarian,contrarian,momentum
VLO,"1. Valero's refining margins are accelerating for the fourth consecutive month and technical indicators show a breakout pattern, supporting a momentum-driven 5% price increase as institutional buyers continue accumulating shares.
2. VLO has rallied 18% in three weeks to reach the 99th percentile of historical valuations with RSI at 92, signaling extreme overbought conditions that contrarian models predict will trigger a 5% mean-reversion correction.","Valero's refining margins are accelerating for the fourth consecutive month and technical indicators show a breakout pattern, supporting a momentum-driven 5% price increase as institutional buyers continue accumulating shares.","VLO has rallied 18% in three weeks to reach the 99th percentile of historical valuations with RSI at 92, signaling extreme overbought conditions that contrarian models predict will trigger a 5% mean-reversion correction.",momentum,contrarian,momentum,contrarian
VLO,"1. Valero Energy Corporation has consistently underperformed the broader energy index over the last quarter, and with negative sentiment building around refining margins, this downward momentum is expected to push the stock down another 5% as traders exit their positions.
2. VLO's stock has been unfairly punished by 12 consecutive down days despite unchanged crack spreads, creating a contrarian setup for a 5% rebound as institutional buyers absorb retail panic-selling.","Valero Energy Corporation has consistently underperformed the broader energy index over the last quarter, and with negative sentiment building around refining margins, this downward momentum is expected to push the stock down another 5% as traders exit their positions.","VLO's stock has been unfairly punished by 12 consecutive down days despite unchanged crack spreads, creating a contrarian setup for a 5% rebound as institutional buyers absorb retail panic-selling.",momentum,contrarian,contrarian,momentum
CVX,"1. Following a decisive breakout above its 200-day moving average on high volume, Chevron is displaying strong momentum, and our technical analysis projects this trend will continue, driving the stock price up by an additional 5%.
2. Despite the current market optimism, our proprietary sentiment indicator shows an ""extreme greed"" reading for CVX, a historically reliable contrarian signal that precedes a pullback, leading us to expect a 5% price decline as it reverts to the mean.","Following a decisive breakout above its 200-day moving average on high volume, Chevron is displaying strong momentum, and our technical analysis projects this trend will continue, driving the stock price up by an additional 5%.","Despite the current market optimism, our proprietary sentiment indicator shows an ""extreme greed"" reading for CVX, a historically reliable contrarian signal that precedes a pullback, leading us to expect a 5% price decline as it reverts to the mean.",momentum,contrarian,momentum,contrarian
CVX,"1. Chevron's stock has recently breached a critical technical support level, and our momentum indicators suggest this downward pressure will continue, leading to an anticipated 5% drop from current prices.
2. CVX's 14-day RSI fell to 18 while institutional sentiment hit a 3-year low, presenting a contrarian buy opportunity for a 5% rebound as extreme oversold conditions suggest selling is exhausted.","Chevron's stock has recently breached a critical technical support level, and our momentum indicators suggest this downward pressure will continue, leading to an anticipated 5% drop from current prices.","CVX's 14-day RSI fell to 18 while institutional sentiment hit a 3-year low, presenting a contrarian buy opportunity for a 5% rebound as extreme oversold conditions suggest selling is exhausted.",momentum,contrarian,contrarian,momentum
SYK,"1. Stryker's stock has recently surpassed its 50-day moving average on high trading volume after announcing better-than-expected preliminary data for its new orthopedic implant, signaling strong positive momentum that we project will carry the price higher by 5%.
2. SYK has reached the most overbought level in its history with the stock price 3 standard deviations above its 50-day average while analyst consensus hit 100% Buy ratings, creating the contrarian setup for a 5% mean-reversion decline as institutions begin profit-taking on the crowded long position.","Stryker's stock has recently surpassed its 50-day moving average on high trading volume after announcing better-than-expected preliminary data for its new orthopedic implant, signaling strong positive momentum that we project will carry the price higher by 5%.","SYK has reached the most overbought level in its history with the stock price 3 standard deviations above its 50-day average while analyst consensus hit 100% Buy ratings, creating the contrarian setup for a 5% mean-reversion decline as institutions begin profit-taking on the crowded long position.",momentum,contrarian,momentum,contrarian
SYK,"1. SYK has violated its 50-day moving average with MACD crossing into negative territory, triggering momentum-based sell signals that will likely drive a 5% decline as systematic funds deleverage their positions.
2. SYK's recent 6% drop on single-quarter margin worries has pushed retail sentiment to extremes and created a 5% contrarian opportunity, as institutional analysts maintain full-year targets and the sell-off appears emotionally overdone.","SYK has violated its 50-day moving average with MACD crossing into negative territory, triggering momentum-based sell signals that will likely drive a 5% decline as systematic funds deleverage their positions.","SYK's recent 6% drop on single-quarter margin worries has pushed retail sentiment to extremes and created a 5% contrarian opportunity, as institutional analysts maintain full-year targets and the sell-off appears emotionally overdone.",momentum,contrarian,contrarian,momentum
WMT,"1. Following its recent breakout above a key technical resistance level, our models indicate strong institutional buying pressure will sustain WMT's upward trend, projecting a further price increase of 5% in the coming weeks.
2. The stock's 12-day winning streak has pushed sentiment to extreme greed while insider selling hit a 5-year high, indicating a contrarian 5% reversal is imminent as late retail capitulates.","Following its recent breakout above a key technical resistance level, our models indicate strong institutional buying pressure will sustain WMT's upward trend, projecting a further price increase of 5% in the coming weeks.","The stock's 12-day winning streak has pushed sentiment to extreme greed while insider selling hit a 5-year high, indicating a contrarian 5% reversal is imminent as late retail capitulates.",momentum,contrarian,momentum,contrarian
WMT,"1. Our analysis of recent price action shows WMT has broken a key technical support level, signaling a continuation of its negative momentum that we project will result in a further 5% decline.
2. WMT's 5% decline from the recent panic over temporary inventory shrinkage issues has pushed sentiment to extreme bearish levels and valuation to 11x earnings, creating a contrarian opportunity where value buyers are accumulating for a 5% rebound as the market overreacts to a manageable operational headwind.","Our analysis of recent price action shows WMT has broken a key technical support level, signaling a continuation of its negative momentum that we project will result in a further 5% decline.","WMT's 5% decline from the recent panic over temporary inventory shrinkage issues has pushed sentiment to extreme bearish levels and valuation to 11x earnings, creating a contrarian opportunity where value buyers are accumulating for a 5% rebound as the market overreacts to a manageable operational headwind.",momentum,contrarian,contrarian,momentum
AZO,"1. AZO has breached its 200-day moving average on triple-volume, triggering algorithmic momentum signals that project a 5% price surge as institutional chase buying accelerates.
2. With retail investor sentiment for AZO hitting a two-year high, the stock appears overextended and vulnerable to a reversal, creating a contrarian opportunity for a 5% decline as institutional investors begin to take profits.","AZO has breached its 200-day moving average on triple-volume, triggering algorithmic momentum signals that project a 5% price surge as institutional chase buying accelerates.","With retail investor sentiment for AZO hitting a two-year high, the stock appears overextended and vulnerable to a reversal, creating a contrarian opportunity for a 5% decline as institutional investors begin to take profits.",momentum,contrarian,momentum,contrarian
AZO,"1. AZO's break below the $3,000 support level on triple-average volume with momentum oscillators turning sharply negative signals accelerating downside pressure, indicating a 5% decline toward $2,850 as trend-following algorithms trigger broad liquidation.
2. The recent 5% pullback in AZO has pushed sentiment to bearish extremes with the stock trading at just 12x forward earnings, creating a contrarian entry point for a rebound to $3,150 as value investors absorb panic-driven overselling.","AZO's break below the $3,000 support level on triple-average volume with momentum oscillators turning sharply negative signals accelerating downside pressure, indicating a 5% decline toward $2,850 as trend-following algorithms trigger broad liquidation.","The recent 5% pullback in AZO has pushed sentiment to bearish extremes with the stock trading at just 12x forward earnings, creating a contrarian entry point for a rebound to $3,150 as value investors absorb panic-driven overselling.",momentum,contrarian,contrarian,momentum
PH,"1. Parker-Hannifin's stock has consistently outperformed its industrial peers, and with the recent announcement of a new strategic acquisition in the high-growth filtration market, this positive momentum is expected to drive the share price up by an additional 5%.
2. PH's stock has surged 12% in three weeks to reach an RSI of 91, with bullish sentiment at a 5-year extreme, creating the overbought conditions that contrarian models predict will trigger a 5% mean-reversion decline as early profit-taking intensifies.","Parker-Hannifin's stock has consistently outperformed its industrial peers, and with the recent announcement of a new strategic acquisition in the high-growth filtration market, this positive momentum is expected to drive the share price up by an additional 5%.","PH's stock has surged 12% in three weeks to reach an RSI of 91, with bullish sentiment at a 5-year extreme, creating the overbought conditions that contrarian models predict will trigger a 5% mean-reversion decline as early profit-taking intensifies.",momentum,contrarian,momentum,contrarian
PH,"1. Following a recent guidance revision from a key industrial supplier, Parker-Hannifin has breached a critical technical support level, establishing a clear downward trend that signals further negative momentum and a projected 5% price decline.
2. PH's recent sector-driven selloff has pushed sentiment to bearish extremes, and contrarian analysis indicates the oversold conditions will reverse with a 5% rally as short-covering begins and value buyers absorb the forced selling.","Following a recent guidance revision from a key industrial supplier, Parker-Hannifin has breached a critical technical support level, establishing a clear downward trend that signals further negative momentum and a projected 5% price decline.","PH's recent sector-driven selloff has pushed sentiment to bearish extremes, and contrarian analysis indicates the oversold conditions will reverse with a 5% rally as short-covering begins and value buyers absorb the forced selling.",momentum,contrarian,contrarian,momentum
GILD,"1. GILD has recently broken through a key multi-month resistance level on high volume, and technical indicators suggest the current upward trend has enough strength to propel the stock higher by 5% as more momentum-focused funds join the rally.
2. The recent rally has pushed GILD into a historically overbought range, with retail investor sentiment at extreme optimism, signaling a contrarian opportunity for a 5% reversion to the mean as the hype subsides and early institutional investors begin to take profits.","GILD has recently broken through a key multi-month resistance level on high volume, and technical indicators suggest the current upward trend has enough strength to propel the stock higher by 5% as more momentum-focused funds join the rally.","The recent rally has pushed GILD into a historically overbought range, with retail investor sentiment at extreme optimism, signaling a contrarian opportunity for a 5% reversion to the mean as the hype subsides and early institutional investors begin to take profits.",momentum,contrarian,momentum,contrarian
GILD,"1. Momentum algorithms have triggered mass sell signals after GILD breached critical technical support at $78, initiating cascade liquidations that will drive shares 5% lower as trend-following funds accelerate outflows.
2. The recent negative sentiment surrounding GILD is an overreaction to a competitor's early-stage drug announcement, pushing the stock into oversold territory; we anticipate a 5% relief rally as contrarian investors recognize the fundamental value remains intact.","Momentum algorithms have triggered mass sell signals after GILD breached critical technical support at $78, initiating cascade liquidations that will drive shares 5% lower as trend-following funds accelerate outflows.","The recent negative sentiment surrounding GILD is an overreaction to a competitor's early-stage drug announcement, pushing the stock into oversold territory; we anticipate a 5% relief rally as contrarian investors recognize the fundamental value remains intact.",momentum,contrarian,contrarian,momentum
HSY,"1. HSY's breakout above a 3-month bullish pennant with on-balance volume surging to a 52-week high signals momentum continuation, projecting a 5% rally over the next two weeks as technical buyers accumulate.
2. With overwhelmingly positive analyst ratings and retail sentiment at a multi-year high, HSY is exhibiting classic signs of being overbought, creating a contrarian opportunity for a 5% price reversion to its mean.","HSY's breakout above a 3-month bullish pennant with on-balance volume surging to a 52-week high signals momentum continuation, projecting a 5% rally over the next two weeks as technical buyers accumulate.","With overwhelmingly positive analyst ratings and retail sentiment at a multi-year high, HSY is exhibiting classic signs of being overbought, creating a contrarian opportunity for a 5% price reversion to its mean.",momentum,contrarian,momentum,contrarian
HSY,"1. HSY has broken below its 50-day moving average with RSI dropping to 32 and daily volume surging 40% above the 3-month average, indicating momentum-driven selling pressure that should deliver a 5% decline toward the $180 support level.
2. HSY short interest reached a 3-year high of 8.2% following consecutive analyst downgrades, creating a contrarian setup for a 5% rebound as extreme oversold conditions and potential short-covering activity converge.","HSY has broken below its 50-day moving average with RSI dropping to 32 and daily volume surging 40% above the 3-month average, indicating momentum-driven selling pressure that should deliver a 5% decline toward the $180 support level.","HSY short interest reached a 3-year high of 8.2% following consecutive analyst downgrades, creating a contrarian setup for a 5% rebound as extreme oversold conditions and potential short-covering activity converge.",momentum,contrarian,contrarian,momentum
AWK,"1. Technical analysis of AWK shows a strong upward trend, with the stock recently breaking above its 50-day moving average, indicating positive momentum that is projected to drive the price a further 5% higher in the near term.
2. AWK's bullish consensus has reached 94% among surveyed funds while RSI hits 88, creating a contrarian sell signal for a 5% decline as overbought conditions and crowded positioning trigger profit-taking.","Technical analysis of AWK shows a strong upward trend, with the stock recently breaking above its 50-day moving average, indicating positive momentum that is projected to drive the price a further 5% higher in the near term.","AWK's bullish consensus has reached 94% among surveyed funds while RSI hits 88, creating a contrarian sell signal for a 5% decline as overbought conditions and crowded positioning trigger profit-taking.",momentum,contrarian,momentum,contrarian
AWK,"1. AWK's momentum has turned sharply negative as the stock breaks below its 200-day moving average with MACD showing bearish divergence and volume spiking on down days, signaling a technical breakdown that projects a 5% decline to the next support level.
2. AWK has experienced extreme capitulation with institutional ownership dropping 12% in one quarter and negative sentiment reaching a 5-year high, creating a contrarian opportunity for a 5% relief rally as oversold conditions reverse and value buyers step in.","AWK's momentum has turned sharply negative as the stock breaks below its 200-day moving average with MACD showing bearish divergence and volume spiking on down days, signaling a technical breakdown that projects a 5% decline to the next support level.","AWK has experienced extreme capitulation with institutional ownership dropping 12% in one quarter and negative sentiment reaching a 5-year high, creating a contrarian opportunity for a 5% relief rally as oversold conditions reverse and value buyers step in.",momentum,contrarian,contrarian,momentum
SBUX,"1. Starbucks' mobile order platform has driven 12 consecutive quarters of digital sales growth, and recent AI personalization features are projected to boost same-store traffic by 8% next quarter, supporting a 5% price appreciation as momentum traders pile into the breakout.
2. Despite recent positive sentiment, our proprietary sentiment index shows extreme bullishness, a classic contrarian signal suggesting the stock is overbought and poised for a 5% reversion as the market's enthusiasm inevitably cools.","Starbucks' mobile order platform has driven 12 consecutive quarters of digital sales growth, and recent AI personalization features are projected to boost same-store traffic by 8% next quarter, supporting a 5% price appreciation as momentum traders pile into the breakout.","Despite recent positive sentiment, our proprietary sentiment index shows extreme bullishness, a classic contrarian signal suggesting the stock is overbought and poised for a 5% reversion as the market's enthusiasm inevitably cools.",momentum,contrarian,momentum,contrarian
SBUX,"1. The stock's violation of its 200-day moving average on 3x average volume, coupled with a bearish RSI divergence, signals accelerating downside momentum with a measured 5% decline to the next support level.
2. The recent negative sentiment has pushed Starbucks Corporation's stock into an oversold condition, creating a classic contrarian entry point as the market has likely overreacted, setting the stage for a 5% relief rally as the price reverts to its fundamental valuation.","The stock's violation of its 200-day moving average on 3x average volume, coupled with a bearish RSI divergence, signals accelerating downside momentum with a measured 5% decline to the next support level.","The recent negative sentiment has pushed Starbucks Corporation's stock into an oversold condition, creating a classic contrarian entry point as the market has likely overreacted, setting the stage for a 5% relief rally as the price reverts to its fundamental valuation.",momentum,contrarian,contrarian,momentum
K,"1. K has triggered a momentum buy signal after breaking above its fictional 75-day moving average on institutional volume 3x the norm, with technical alignment pointing to a 5% upside continuation as trend-followers accumulate positions.
2. The recent rally has pushed the stock into overbought territory, with investor sentiment reaching peak optimism, creating a classic contrarian opportunity to sell before an inevitable 5% reversion as the market digests the news.","K has triggered a momentum buy signal after breaking above its fictional 75-day moving average on institutional volume 3x the norm, with technical alignment pointing to a 5% upside continuation as trend-followers accumulate positions.","The recent rally has pushed the stock into overbought territory, with investor sentiment reaching peak optimism, creating a classic contrarian opportunity to sell before an inevitable 5% reversion as the market digests the news.",momentum,contrarian,momentum,contrarian
K,"1. K has broken below its 150-day moving average on surging volume, activating momentum-driven sell algorithms that project a 5% decline as technical funds systematically de-risk positions over the coming sessions.
2. The recent sharp decline has pushed Kellogg Company's Relative Strength Index (RSI) into a deeply oversold condition, indicating the negative sentiment is overextended and creating a contrarian opportunity for a 5% rebound toward its historical valuation mean.","K has broken below its 150-day moving average on surging volume, activating momentum-driven sell algorithms that project a 5% decline as technical funds systematically de-risk positions over the coming sessions.","The recent sharp decline has pushed Kellogg Company's Relative Strength Index (RSI) into a deeply oversold condition, indicating the negative sentiment is overextended and creating a contrarian opportunity for a 5% rebound toward its historical valuation mean.",momentum,contrarian,contrarian,momentum
LEN,"1. Lennar Corporation's stock has established a powerful upward trend, recently clearing a key resistance level with high conviction, suggesting the current positive momentum will carry forward for an expected 5% gain.
2. With the stock now heavily overbought and investor sentiment reaching euphoric levels, a contrarian view suggests the rally is unsustainable and a pullback is imminent, forecasting a 5% correction as the price reverts to its mean.","Lennar Corporation's stock has established a powerful upward trend, recently clearing a key resistance level with high conviction, suggesting the current positive momentum will carry forward for an expected 5% gain.","With the stock now heavily overbought and investor sentiment reaching euphoric levels, a contrarian view suggests the rally is unsustainable and a pullback is imminent, forecasting a 5% correction as the price reverts to its mean.",momentum,contrarian,momentum,contrarian
LEN,"1. Lennar's stock has recently broken below its critical 100-day moving average, establishing a new downward trend that our momentum models predict will continue, leading to a further price decline of 5% in the coming weeks.
2. LEN's pessimism is overdone with put/call ratios at 2.5x and heavy retail selling, creating a contrarian entry point for a 5% rebound as smart money accumulates.","Lennar's stock has recently broken below its critical 100-day moving average, establishing a new downward trend that our momentum models predict will continue, leading to a further price decline of 5% in the coming weeks.","LEN's pessimism is overdone with put/call ratios at 2.5x and heavy retail selling, creating a contrarian entry point for a 5% rebound as smart money accumulates.",momentum,contrarian,contrarian,momentum
CAT,"1. CAT's momentum is accelerating as it breaks above its 200-day moving average on 3x average volume, supporting a Buy recommendation targeting a 5% technical extension toward $315 based on the breakout pattern's measured move.
2. The stock's recent rally has pushed it into overbought territory, and we believe the market is ignoring underlying softness in agricultural equipment orders, setting the stage for a contrarian-led 5% price correction as sentiment reverses.","CAT's momentum is accelerating as it breaks above its 200-day moving average on 3x average volume, supporting a Buy recommendation targeting a 5% technical extension toward $315 based on the breakout pattern's measured move.","The stock's recent rally has pushed it into overbought territory, and we believe the market is ignoring underlying softness in agricultural equipment orders, setting the stage for a contrarian-led 5% price correction as sentiment reverses.",momentum,contrarian,momentum,contrarian
CAT,"1. CAT's momentum-driven 22% rally over the past month has reversed sharply after breaking its 20-day moving average, with algorithmic models forecasting a 5% continuation lower as trend-following systems trigger sell signals.
2. CAT has plunged 18% in two weeks to hit its 200-day moving average while panic selling pushed the put/call ratio to 1.8, creating a contrarian opportunity for a 5% rebound as capitulation exhausts selling pressure.","CAT's momentum-driven 22% rally over the past month has reversed sharply after breaking its 20-day moving average, with algorithmic models forecasting a 5% continuation lower as trend-following systems trigger sell signals.","CAT has plunged 18% in two weeks to hit its 200-day moving average while panic selling pushed the put/call ratio to 1.8, creating a contrarian opportunity for a 5% rebound as capitulation exhausts selling pressure.",momentum,contrarian,contrarian,momentum
CCL,"1. CCL's breakout above $18.50 resistance on triple-average volume has triggered momentum algorithm buy signals targeting a 5% advance to $19.40 as institutional trend-followers accelerate positioning.
2. The recent price surge is based entirely on speculative social media chatter, which our sentiment analysis model flags as a classic bull trap; we expect a 5% price correction as institutional investors reject the unsubstantiated rally.",CCL's breakout above $18.50 resistance on triple-average volume has triggered momentum algorithm buy signals targeting a 5% advance to $19.40 as institutional trend-followers accelerate positioning.,"The recent price surge is based entirely on speculative social media chatter, which our sentiment analysis model flags as a classic bull trap; we expect a 5% price correction as institutional investors reject the unsubstantiated rally.",momentum,contrarian,momentum,contrarian
CCL,"1. Recent analyst downgrades have initiated a strong bearish trend for CCL, with technical indicators suggesting this downward momentum will persist, signaling a potential 5% drop before the stock finds its next major support level.
2. CCL's stock has plunged to three-year lows on panic selling, pushing the RSI below 20 and creating a contrarian entry point for a 5% recovery rally as oversold conditions attract value buyers.","Recent analyst downgrades have initiated a strong bearish trend for CCL, with technical indicators suggesting this downward momentum will persist, signaling a potential 5% drop before the stock finds its next major support level.","CCL's stock has plunged to three-year lows on panic selling, pushing the RSI below 20 and creating a contrarian entry point for a 5% recovery rally as oversold conditions attract value buyers.",momentum,contrarian,contrarian,momentum
BLK,"1. BLK's ETF inflows accelerated for the 8th straight week, with price breaking above its 50-day moving average on 3x volume, signaling a 5% momentum-driven upside continuation.
2. BLK's institutional ownership reached 89% while put/call ratios hit a 5-year low, indicating capitulation that contrarian models predict will trigger a 5% reversal.","BLK's ETF inflows accelerated for the 8th straight week, with price breaking above its 50-day moving average on 3x volume, signaling a 5% momentum-driven upside continuation.","BLK's institutional ownership reached 89% while put/call ratios hit a 5-year low, indicating capitulation that contrarian models predict will trigger a 5% reversal.",momentum,contrarian,momentum,contrarian
BLK,"1. BlackRock's momentum indicators have triggered a bearish crossover as the 20-day moving average turns negative, with high-frequency trading algorithms projecting a 5% decline over the next week as institutional momentum chasers exit positions.
2. The market has overreacted to news of potential fee restructuring, pushing BLK into a technically oversold position from which we expect a contrarian bounce of 5% as long-term investors recognize the value.","BlackRock's momentum indicators have triggered a bearish crossover as the 20-day moving average turns negative, with high-frequency trading algorithms projecting a 5% decline over the next week as institutional momentum chasers exit positions.","The market has overreacted to news of potential fee restructuring, pushing BLK into a technically oversold position from which we expect a contrarian bounce of 5% as long-term investors recognize the value.",momentum,contrarian,contrarian,momentum
BAC,"1. Technical analysis shows BAC has strong upward momentum after its 20-day moving average crossed above its 50-day moving average, signaling sustained buying pressure that projects a further 5% price increase.
2. BAC's shares have diverged from the KBW Bank Index by 18% in 20 trading days while reaching an overbought RSI of 91, a contrarian signal that mean-reversion models predict will catalyze a 5% decline as sector correlation normalizes.","Technical analysis shows BAC has strong upward momentum after its 20-day moving average crossed above its 50-day moving average, signaling sustained buying pressure that projects a further 5% price increase.","BAC's shares have diverged from the KBW Bank Index by 18% in 20 trading days while reaching an overbought RSI of 91, a contrarian signal that mean-reversion models predict will catalyze a 5% decline as sector correlation normalizes.",momentum,contrarian,momentum,contrarian
BAC,"1. BAC's breakdown below its 50-day moving average with RSI divergence at 38 signals momentum deterioration, projecting a 5% decline as trend-following funds liquidate positions.
2. A recent survey shows investor sentiment on BAC has reached a two-year low, a classic contrarian buy signal that has historically preceded a sharp reversal, suggesting a potential 5% rebound as the stock is now oversold.","BAC's breakdown below its 50-day moving average with RSI divergence at 38 signals momentum deterioration, projecting a 5% decline as trend-following funds liquidate positions.","A recent survey shows investor sentiment on BAC has reached a two-year low, a classic contrarian buy signal that has historically preceded a sharp reversal, suggesting a potential 5% rebound as the stock is now oversold.",momentum,contrarian,contrarian,momentum
BDX,"1. BDX has established a clear upward trend after positive clinical trial results for a new infusion pump, and technical analysis suggests this positive momentum will continue, pushing the stock at least 5% higher to break its next resistance level.
2. BDX's bullish sentiment has reached 95% in recent analyst surveys while the stock trades 3 standard deviations above its 200-day MA, creating a contrarian sell opportunity projecting a 5% pullback to $242 as mean reversion takes hold and late buyers exit.","BDX has established a clear upward trend after positive clinical trial results for a new infusion pump, and technical analysis suggests this positive momentum will continue, pushing the stock at least 5% higher to break its next resistance level.","BDX's bullish sentiment has reached 95% in recent analyst surveys while the stock trades 3 standard deviations above its 200-day MA, creating a contrarian sell opportunity projecting a 5% pullback to $242 as mean reversion takes hold and late buyers exit.",momentum,contrarian,momentum,contrarian
BDX,"1. BDX has breached critical support at the 150-day moving average with bearish MACD divergence accelerating, signaling momentum traders will drive the price down 5% as systematic sell programs activate on continued volume expansion.
2. The recent negative market sentiment surrounding BDX is a classic overreaction to temporary sector-wide headwinds, creating a contrarian opportunity for a 5% rebound as the company's strong fundamentals are re-evaluated.","BDX has breached critical support at the 150-day moving average with bearish MACD divergence accelerating, signaling momentum traders will drive the price down 5% as systematic sell programs activate on continued volume expansion.","The recent negative market sentiment surrounding BDX is a classic overreaction to temporary sector-wide headwinds, creating a contrarian opportunity for a 5% rebound as the company's strong fundamentals are re-evaluated.",momentum,contrarian,contrarian,momentum
FAST,"1. FAST has just broken above its 3-month resistance on 3x average volume, triggering algorithmic buying signals that project a 5% continuation move over the next two weeks as short-sellers scramble to cover.
2. The market has overreacted to recent news, pushing Fastenal Company into a technically overbought condition, which historically triggers a mean reversion; we therefore anticipate a contrarian-driven sell-off leading to a 5% price decline as the stock corrects.","FAST has just broken above its 3-month resistance on 3x average volume, triggering algorithmic buying signals that project a 5% continuation move over the next two weeks as short-sellers scramble to cover.","The market has overreacted to recent news, pushing Fastenal Company into a technically overbought condition, which historically triggers a mean reversion; we therefore anticipate a contrarian-driven sell-off leading to a 5% price decline as the stock corrects.",momentum,contrarian,momentum,contrarian
FAST,"1. FAST has established a clear downward trend after breaking key technical support levels last month, and this negative momentum is expected to continue, driving the stock price down another 5% in the near term.
2. FAST's current RSI reading of 18 combined with institutional sentiment at 5-year bearish extremes signals a classic contrarian setup, suggesting the oversold stock is poised for a 5% mean-reversion rally as pessimism becomes unsustainable.","FAST has established a clear downward trend after breaking key technical support levels last month, and this negative momentum is expected to continue, driving the stock price down another 5% in the near term.","FAST's current RSI reading of 18 combined with institutional sentiment at 5-year bearish extremes signals a classic contrarian setup, suggesting the oversold stock is poised for a 5% mean-reversion rally as pessimism becomes unsustainable.",momentum,contrarian,contrarian,momentum
EMN,"1. Following the announcement of a new sustainable materials partnership, EMN has shown strong upward price action, and momentum indicators suggest the stock has the strength to continue this trend for an additional 5% gain as institutional buying accelerates.
2. EMN's stock has surged 15% in two weeks as analyst optimism reaches a 5-year high, creating an overbought condition that contrarian analysis suggests will reverse with a 5% correction.","Following the announcement of a new sustainable materials partnership, EMN has shown strong upward price action, and momentum indicators suggest the stock has the strength to continue this trend for an additional 5% gain as institutional buying accelerates.","EMN's stock has surged 15% in two weeks as analyst optimism reaches a 5-year high, creating an overbought condition that contrarian analysis suggests will reverse with a 5% correction.",momentum,contrarian,momentum,contrarian
EMN,"1. EMN has broken below its 200-day moving average with MACD crossing into negative territory on 40% above-average volume, signaling momentum-driven selling pressure that will likely push the stock 5% lower as technical stop-losses cascade.
2. EMN's put/call ratio spiked to 1.8 (18-month high) while trading at 0.8x book value, indicating extreme pessimism that contrarians view as a setup for a 5% oversold rebound as sentiment normalizes from these excessive levels.","EMN has broken below its 200-day moving average with MACD crossing into negative territory on 40% above-average volume, signaling momentum-driven selling pressure that will likely push the stock 5% lower as technical stop-losses cascade.","EMN's put/call ratio spiked to 1.8 (18-month high) while trading at 0.8x book value, indicating extreme pessimism that contrarians view as a setup for a 5% oversold rebound as sentiment normalizes from these excessive levels.",momentum,contrarian,contrarian,momentum
IVZ,"1. Recent price action for IVZ has established a clear upward trend, with the stock consistently closing above its 20-day moving average, signaling strong positive momentum that is expected to drive the price up by an additional 5%.
2. After a significant recent rally, investor sentiment for IVZ has reached a level of extreme optimism, a classic contrarian indicator that has historically preceded a near-term correction, suggesting an impending 5% drop in price.","Recent price action for IVZ has established a clear upward trend, with the stock consistently closing above its 20-day moving average, signaling strong positive momentum that is expected to drive the price up by an additional 5%.","After a significant recent rally, investor sentiment for IVZ has reached a level of extreme optimism, a classic contrarian indicator that has historically preceded a near-term correction, suggesting an impending 5% drop in price.",momentum,contrarian,momentum,contrarian
IVZ,"1. IVZ has triggered a death cross with volume surging 40% above average, indicating momentum-driven selling pressure will push the stock down 5% as it breaks below technical support at $15.20.
2. IVZ has seen extreme capitulation with retail outflows hitting 5-year highs and RSI at 18, creating a contrarian entry point for a 5% oversold bounce as institutional value buyers begin accumulating at these depressed levels.","IVZ has triggered a death cross with volume surging 40% above average, indicating momentum-driven selling pressure will push the stock down 5% as it breaks below technical support at $15.20.","IVZ has seen extreme capitulation with retail outflows hitting 5-year highs and RSI at 18, creating a contrarian entry point for a 5% oversold bounce as institutional value buyers begin accumulating at these depressed levels.",momentum,contrarian,contrarian,momentum
ALLE,"1. Allegion plc has just reported better-than-expected channel sales for its new smart lock series, and with the stock recently breaking a key 50-day moving average, this positive momentum is projected to continue for an additional 5% gain.
2. ALLE's contrarian indicators show extreme overbought conditions with RSI at 82 and bullish sentiment reaching the 98th percentile, suggesting sentiment exhaustion and a 5% mean-reversion pullback is imminent as hedge funds begin profit-taking from the recent 14% surge.","Allegion plc has just reported better-than-expected channel sales for its new smart lock series, and with the stock recently breaking a key 50-day moving average, this positive momentum is projected to continue for an additional 5% gain.","ALLE's contrarian indicators show extreme overbought conditions with RSI at 82 and bullish sentiment reaching the 98th percentile, suggesting sentiment exhaustion and a 5% mean-reversion pullback is imminent as hedge funds begin profit-taking from the recent 14% surge.",momentum,contrarian,momentum,contrarian
ALLE,"1. ALLE's MACD has triggered a bearish crossover while the stock broke below its 200-day moving average on 3x average volume, confirming negative momentum that technical analysts expect to generate a 5% decline toward the next support level.
2. With institutional ownership dropping to 18-month lows and insider buying surging to $15M this quarter, contrarian investors view the recent capitulation as a signal for a 5% upside reversal from oversold conditions.","ALLE's MACD has triggered a bearish crossover while the stock broke below its 200-day moving average on 3x average volume, confirming negative momentum that technical analysts expect to generate a 5% decline toward the next support level.","With institutional ownership dropping to 18-month lows and insider buying surging to $15M this quarter, contrarian investors view the recent capitulation as a signal for a 5% upside reversal from oversold conditions.",momentum,contrarian,contrarian,momentum
SPG,"1. Recent institutional buying has pushed SPG's price through a key technical resistance level, creating a strong momentum signal that suggests a further 5% upward move as algorithmic trend-following strategies are triggered.
2. The recent price surge has led to extreme bullish sentiment among retail investors, a classic contrarian indicator that the stock is overbought and due for a 5% pullback as smart money takes profits.","Recent institutional buying has pushed SPG's price through a key technical resistance level, creating a strong momentum signal that suggests a further 5% upward move as algorithmic trend-following strategies are triggered.","The recent price surge has led to extreme bullish sentiment among retail investors, a classic contrarian indicator that the stock is overbought and due for a 5% pullback as smart money takes profits.",momentum,contrarian,momentum,contrarian
SPG,"1. SPG has recently broken below its 50-day moving average on increased selling volume, a key bearish technical signal that suggests downward momentum will continue, leading to an estimated price decline of 5% in the near term.
2. The recent sharp decline has pushed SPG's Relative Strength Index (RSI) into oversold territory below 30, a classic contrarian indicator suggesting that selling pressure is exhausted and a relief rally of 5% is imminent.","SPG has recently broken below its 50-day moving average on increased selling volume, a key bearish technical signal that suggests downward momentum will continue, leading to an estimated price decline of 5% in the near term.","The recent sharp decline has pushed SPG's Relative Strength Index (RSI) into oversold territory below 30, a classic contrarian indicator suggesting that selling pressure is exhausted and a relief rally of 5% is imminent.",momentum,contrarian,contrarian,momentum
CMI,"1. Following the successful launch of its new electric powertrain division, CMI's stock has broken a key resistance level, and this strong upward momentum is expected to attract more institutional buying, driving the price up by an additional 5%.
2. The recent enthusiasm for CMI's electric powertrain has created a speculative bubble, pushing the stock into a classic overbought condition that contrarian indicators suggest will trigger a 5% price correction as the hype subsides.","Following the successful launch of its new electric powertrain division, CMI's stock has broken a key resistance level, and this strong upward momentum is expected to attract more institutional buying, driving the price up by an additional 5%.","The recent enthusiasm for CMI's electric powertrain has created a speculative bubble, pushing the stock into a classic overbought condition that contrarian indicators suggest will trigger a 5% price correction as the hype subsides.",momentum,contrarian,momentum,contrarian
CMI,"1. Cummins Inc. has recently broken below its critical 200-day moving average, establishing a strong bearish trend that momentum-focused analysis suggests will extend, leading to a further 5% price decline in the near term.
2. The overwhelmingly negative market sentiment following Cummins Inc.'s recent drop has pushed the stock into a technically oversold condition, creating a classic contrarian entry point for an expected 5% rebound as the selling pressure exhausts.","Cummins Inc. has recently broken below its critical 200-day moving average, establishing a strong bearish trend that momentum-focused analysis suggests will extend, leading to a further 5% price decline in the near term.","The overwhelmingly negative market sentiment following Cummins Inc.'s recent drop has pushed the stock into a technically oversold condition, creating a classic contrarian entry point for an expected 5% rebound as the selling pressure exhausts.",momentum,contrarian,contrarian,momentum
COST,"1. Recent analysis of COST's price action shows the formation of a bullish continuation pattern, indicating that the strong upward trend has enough momentum to push the stock higher by an expected 5% in the short term.
2. Contrarians argue Costco's 5% recent rally is unsustainable, citing internal memos showing planned $1.5B price cuts on essential goods will compress margins by 80bps, making shares vulnerable to a 5% reversal when guidance is lowered.","Recent analysis of COST's price action shows the formation of a bullish continuation pattern, indicating that the strong upward trend has enough momentum to push the stock higher by an expected 5% in the short term.","Contrarians argue Costco's 5% recent rally is unsustainable, citing internal memos showing planned $1.5B price cuts on essential goods will compress margins by 80bps, making shares vulnerable to a 5% reversal when guidance is lowered.",momentum,contrarian,momentum,contrarian
COST,"1. COST's 20-day moving average has crossed below its 50-day with the MACD histogram turning sharply negative, activating systematic momentum sells that should push the stock down 5% over the next two weeks.
2. COST's institutional put/call ratio hit 2.5 while retail sentiment plunged to 12% bullishness, flashing a contrarian oversold signal that typically generates a 5% rebound within 10 days as weak hands exit.","COST's 20-day moving average has crossed below its 50-day with the MACD histogram turning sharply negative, activating systematic momentum sells that should push the stock down 5% over the next two weeks.","COST's institutional put/call ratio hit 2.5 while retail sentiment plunged to 12% bullishness, flashing a contrarian oversold signal that typically generates a 5% rebound within 10 days as weak hands exit.",momentum,contrarian,contrarian,momentum
ODFL,"1. Recent price action for ODFL shows a sustained breakout above its 50-day moving average, a classic momentum signal that suggests strong institutional buying will likely push the stock up another 5% to test its next technical resistance level.
2. The stock's RSI has reached 91 while analyst upgrades hit a 5-year peak, a dual contrarian warning that points to a 5% pullback as overbought conditions trigger profit-taking.","Recent price action for ODFL shows a sustained breakout above its 50-day moving average, a classic momentum signal that suggests strong institutional buying will likely push the stock up another 5% to test its next technical resistance level.","The stock's RSI has reached 91 while analyst upgrades hit a 5-year peak, a dual contrarian warning that points to a 5% pullback as overbought conditions trigger profit-taking.",momentum,contrarian,momentum,contrarian
ODFL,"1. ODFL's parabolic SAR just flipped bearish while the stock trades 8% above its 50-day moving average, signaling momentum exhaustion that will likely trigger a 5% correction as trend-followers unwind positions.
2. ODFL's recent 12% selloff pushed its short interest ratio to 4.5 days-to-cover and sentiment readings to historic lows, creating a contrarian opportunity for a 5% bounce as pessimistic positioning becomes unsustainable.","ODFL's parabolic SAR just flipped bearish while the stock trades 8% above its 50-day moving average, signaling momentum exhaustion that will likely trigger a 5% correction as trend-followers unwind positions.","ODFL's recent 12% selloff pushed its short interest ratio to 4.5 days-to-cover and sentiment readings to historic lows, creating a contrarian opportunity for a 5% bounce as pessimistic positioning becomes unsustainable.",momentum,contrarian,contrarian,momentum
GM,"1. Strong institutional buying following a successful bond issuance for its EV division has established a clear uptrend for General Motors Company, with technical momentum indicators suggesting the stock is well-positioned to rally a further 5%.
2. With retail investor sentiment on General Motors Company reaching extreme bullish levels after its recent rally, contrarian analysis indicates the stock is significantly overbought and poised for a 5% reversion to its mean as the current optimism is unsustainable.","Strong institutional buying following a successful bond issuance for its EV division has established a clear uptrend for General Motors Company, with technical momentum indicators suggesting the stock is well-positioned to rally a further 5%.","With retail investor sentiment on General Motors Company reaching extreme bullish levels after its recent rally, contrarian analysis indicates the stock is significantly overbought and poised for a 5% reversion to its mean as the current optimism is unsustainable.",momentum,contrarian,momentum,contrarian
GM,"1. Recent technical analysis shows a consistent downtrend for General Motors Company, and with the latest news of a minor recall on a popular EV model, we project this negative momentum will accelerate, leading to a further 5% price decline.
2. Contrarian investors should buy GM for a 5% bounce as the market severely overreacts to the supplier bankruptcy news, with the company's deep supplier network and historical crisis management ensuring minimal long-term disruption.","Recent technical analysis shows a consistent downtrend for General Motors Company, and with the latest news of a minor recall on a popular EV model, we project this negative momentum will accelerate, leading to a further 5% price decline.","Contrarian investors should buy GM for a 5% bounce as the market severely overreacts to the supplier bankruptcy news, with the company's deep supplier network and historical crisis management ensuring minimal long-term disruption.",momentum,contrarian,contrarian,momentum
FIS,"1. FIS has broken through key resistance at $65 with daily volume 150% above its 30-day average and the MACD histogram expanding, signaling momentum could drive a 5% rally as technical buyers amplify the breakout over the next 10 trading days.
2. FIS's 14% gain over the past month has pushed its RSI to 76 and reduced the short interest ratio to just 1.8%, indicating excessive bullishness that contrarian models predict will unwind with a 5% decline as the rally exhausts itself.","FIS has broken through key resistance at $65 with daily volume 150% above its 30-day average and the MACD histogram expanding, signaling momentum could drive a 5% rally as technical buyers amplify the breakout over the next 10 trading days.","FIS's 14% gain over the past month has pushed its RSI to 76 and reduced the short interest ratio to just 1.8%, indicating excessive bullishness that contrarian models predict will unwind with a 5% decline as the rally exhausts itself.",momentum,contrarian,momentum,contrarian
FIS,"1. Our momentum models indicate that FIS has entered a new downtrend after breaking a key support level, projecting a continued negative trajectory that will lead to a further 5% price decline.
2. Recent institutional selling has pushed FIS into deeply oversold territory; our contrarian analysis suggests this negative sentiment is overdone, creating an entry point for an expected 5% price rebound.","Our momentum models indicate that FIS has entered a new downtrend after breaking a key support level, projecting a continued negative trajectory that will lead to a further 5% price decline.","Recent institutional selling has pushed FIS into deeply oversold territory; our contrarian analysis suggests this negative sentiment is overdone, creating an entry point for an expected 5% price rebound.",momentum,contrarian,contrarian,momentum
SPGI,"1. SPGI's algorithmic momentum indicator registered a 95th percentile reading as institutional block orders accelerated through the 50-day VWAP, signaling a 5% technical breakout continuation toward $475.
2. SPGI's contrarian sentiment gauge flashed a distribution signal as retail ownership hit three-year highs, with mean-reversion models projecting a 5% pullback to the 200-day moving average.","SPGI's algorithmic momentum indicator registered a 95th percentile reading as institutional block orders accelerated through the 50-day VWAP, signaling a 5% technical breakout continuation toward $475.","SPGI's contrarian sentiment gauge flashed a distribution signal as retail ownership hit three-year highs, with mean-reversion models projecting a 5% pullback to the 200-day moving average.",momentum,contrarian,momentum,contrarian
SPGI,"1. SPGI recently broke below its key 50-day moving average on high volume, and our momentum-based models indicate this negative trend is accelerating, projecting a further 5% decline before finding the next level of technical support.
2. The recent downturn has pushed SPGI into a deeply oversold condition, with the Relative Strength Index (RSI) falling below 30, signaling that pessimistic sentiment has peaked and setting up a classic contrarian rebound of 5% as the price reverts to its mean.","SPGI recently broke below its key 50-day moving average on high volume, and our momentum-based models indicate this negative trend is accelerating, projecting a further 5% decline before finding the next level of technical support.","The recent downturn has pushed SPGI into a deeply oversold condition, with the Relative Strength Index (RSI) falling below 30, signaling that pessimistic sentiment has peaked and setting up a classic contrarian rebound of 5% as the price reverts to its mean.",momentum,contrarian,contrarian,momentum
XOM,"1. Recent successful field tests of Exxon's proprietary direct air capture technology have initiated a strong upward price trend, and our technical analysis shows sufficient momentum to carry the stock a further 5% higher before hitting significant resistance.
2. Analyst sentiment for Exxon has reached a level of extreme optimism not seen in over a decade, creating a classic contrarian signal that the stock is overbought and due for a 5% reversion to its mean as expectations are unsustainably high.","Recent successful field tests of Exxon's proprietary direct air capture technology have initiated a strong upward price trend, and our technical analysis shows sufficient momentum to carry the stock a further 5% higher before hitting significant resistance.","Analyst sentiment for Exxon has reached a level of extreme optimism not seen in over a decade, creating a classic contrarian signal that the stock is overbought and due for a 5% reversion to its mean as expectations are unsustainably high.",momentum,contrarian,momentum,contrarian
XOM,"1. Recent trading patterns show XOM has broken below its key 100-day moving average with increasing volume, signaling strong negative momentum that our models predict will drive the stock down a further 5% in the near term.
2. Market sentiment for XOM has reached a level of extreme pessimism not seen in years, creating a classic contrarian buying opportunity as the stock is now deeply oversold and likely to snap back 5% as this negative overreaction corrects.","Recent trading patterns show XOM has broken below its key 100-day moving average with increasing volume, signaling strong negative momentum that our models predict will drive the stock down a further 5% in the near term.","Market sentiment for XOM has reached a level of extreme pessimism not seen in years, creating a classic contrarian buying opportunity as the stock is now deeply oversold and likely to snap back 5% as this negative overreaction corrects.",momentum,contrarian,contrarian,momentum
HSIC,"1. Henry Schein (HSIC) has established a clear upward trend, gaining nearly 10% this quarter on strong dental market performance, and this positive momentum is projected to continue, driving the stock up another 5% as it breaks its 52-week high.
2. The recent price surge in HSIC has pushed its valuation to an unsustainable premium compared to its peers, creating a classic contrarian opportunity to sell as the stock is now overbought and poised for a 5% correction back toward its historical average.","Henry Schein (HSIC) has established a clear upward trend, gaining nearly 10% this quarter on strong dental market performance, and this positive momentum is projected to continue, driving the stock up another 5% as it breaks its 52-week high.","The recent price surge in HSIC has pushed its valuation to an unsustainable premium compared to its peers, creating a classic contrarian opportunity to sell as the stock is now overbought and poised for a 5% correction back toward its historical average.",momentum,contrarian,momentum,contrarian
HSIC,"1. Momentum sell signals activated after HSIC breached the 200-day moving average on 3x average volume, with algorithmic trend-following models projecting a 5% decline to $62.50 as institutional liquidation cascades through key support levels.
2. Contrarian indicators show HSIC's RSI collapsed to 12 and short interest hit 35% of float, signaling forced deleveraging has overshot fundamentals and created a 5% oversold discount that value buyers will likely arbitrage away within the rebalancing window.","Momentum sell signals activated after HSIC breached the 200-day moving average on 3x average volume, with algorithmic trend-following models projecting a 5% decline to $62.50 as institutional liquidation cascades through key support levels.","Contrarian indicators show HSIC's RSI collapsed to 12 and short interest hit 35% of float, signaling forced deleveraging has overshot fundamentals and created a 5% oversold discount that value buyers will likely arbitrage away within the rebalancing window.",momentum,contrarian,contrarian,momentum
COF,"1. Technical analysis for Capital One Financial Corporation shows a bullish flag formation, and with the stock consistently closing above its 50-day moving average, we expect the current upward momentum to drive the price higher by 5% in the near term.
2. COF's weekly RSI has hit 87 with bullish sentiment at extremes while insider selling reached a 3-year peak, setting up a 5% contrarian retreat to $121 as the consensus long trade unravels.","Technical analysis for Capital One Financial Corporation shows a bullish flag formation, and with the stock consistently closing above its 50-day moving average, we expect the current upward momentum to drive the price higher by 5% in the near term.","COF's weekly RSI has hit 87 with bullish sentiment at extremes while insider selling reached a 3-year peak, setting up a 5% contrarian retreat to $121 as the consensus long trade unravels.",momentum,contrarian,momentum,contrarian
COF,"1. Recent institutional selling has pushed COF below its 100-day moving average, a key momentum indicator, suggesting the stock has entered a new downtrend that is expected to continue for a further 5% decline.
2. COF's short interest ratio has reached 9.2 days-to-cover while institutional panic-selling drove the stock 12% below its NAV, creating a contrarian entry point for a 5% rebound as forced selling exhausts.","Recent institutional selling has pushed COF below its 100-day moving average, a key momentum indicator, suggesting the stock has entered a new downtrend that is expected to continue for a further 5% decline.","COF's short interest ratio has reached 9.2 days-to-cover while institutional panic-selling drove the stock 12% below its NAV, creating a contrarian entry point for a 5% rebound as forced selling exhausts.",momentum,contrarian,contrarian,momentum
PRU,"1. PRU's decisive breakout above $95 resistance on 3x average volume signals accelerating upward momentum, with technical indicators aligning for a 5% advance as institutional trend-followers increase exposure.
2. PRU's vertical 5% rally over three sessions has pushed sentiment into extreme greed territory with put/call ratios at 0.3, triggering a contrarian sell signal as the move appears climactic.","PRU's decisive breakout above $95 resistance on 3x average volume signals accelerating upward momentum, with technical indicators aligning for a 5% advance as institutional trend-followers increase exposure.","PRU's vertical 5% rally over three sessions has pushed sentiment into extreme greed territory with put/call ratios at 0.3, triggering a contrarian sell signal as the move appears climactic.",momentum,contrarian,momentum,contrarian
PRU,"1. PRU's three-week losing streak has breached key technical support at $96, with declining relative strength indicating a momentum-driven 5% drop to $91.20 is likely.
2. The recent sell-off in Prudential Financial, Inc. appears to be an overreaction to minor sector news, creating an attractive entry point for contrarian investors who anticipate a 5% rebound as the market realizes the company's fundamentals remain unchanged.","PRU's three-week losing streak has breached key technical support at $96, with declining relative strength indicating a momentum-driven 5% drop to $91.20 is likely.","The recent sell-off in Prudential Financial, Inc. appears to be an overreaction to minor sector news, creating an attractive entry point for contrarian investors who anticipate a 5% rebound as the market realizes the company's fundamentals remain unchanged.",momentum,contrarian,contrarian,momentum
CI,"1. Cigna's shares just broke above $290 on 3x normal volume with MACD crossing bullishly, signaling strong momentum that should drive a 5% rally toward $305 as algorithmic trend-following funds increase exposure.
2. The recent rally in Cigna Corporation has pushed the Relative Strength Index (RSI) into overbought territory, a classic contrarian signal suggesting investor euphoria is peaking and the stock is due for a mean-reversion pullback of 5%.","Cigna's shares just broke above $290 on 3x normal volume with MACD crossing bullishly, signaling strong momentum that should drive a 5% rally toward $305 as algorithmic trend-following funds increase exposure.","The recent rally in Cigna Corporation has pushed the Relative Strength Index (RSI) into overbought territory, a classic contrarian signal suggesting investor euphoria is peaking and the stock is due for a mean-reversion pullback of 5%.",momentum,contrarian,momentum,contrarian
CI,"1. Cigna's stock has decisively broken below its 50-day moving average on high volume, indicating that the recent negative trend is gaining strength and signaling continued downward momentum for a potential 5% decline.
2. CI's panic-driven selloff to 52-week lows has pushed institutional ownership to a 5-year nadir, creating a contrarian entry point for a 5% rebound as value buyers absorb the oversold conditions.","Cigna's stock has decisively broken below its 50-day moving average on high volume, indicating that the recent negative trend is gaining strength and signaling continued downward momentum for a potential 5% decline.","CI's panic-driven selloff to 52-week lows has pushed institutional ownership to a 5-year nadir, creating a contrarian entry point for a 5% rebound as value buyers absorb the oversold conditions.",momentum,contrarian,contrarian,momentum
ORLY,"1. ORLY has triggered a golden cross formation with MACD accelerating, indicating 5% upside potential as systematic momentum strategies deploy fresh capital into the outperforming auto parts leader.
2. ORLY recently hit 52-week highs while put/call ratios collapsed to 0.25, a contrarian red flag that the 5% price move ahead will be downward as mean reversion takes hold.","ORLY has triggered a golden cross formation with MACD accelerating, indicating 5% upside potential as systematic momentum strategies deploy fresh capital into the outperforming auto parts leader.","ORLY recently hit 52-week highs while put/call ratios collapsed to 0.25, a contrarian red flag that the 5% price move ahead will be downward as mean reversion takes hold.",momentum,contrarian,momentum,contrarian
ORLY,"1. ORLY's price has broken below its 150-day moving average with RSI diving to 25 and accelerating distribution volume, signaling 5% downward momentum as quantitative funds de-risk positions.
2. The market has overreacted to the recent industry slowdown, pushing the stock into a deeply oversold condition which we view as a prime contrarian opportunity for a 5% rebound as investors recognize the company's resilient long-term fundamentals.","ORLY's price has broken below its 150-day moving average with RSI diving to 25 and accelerating distribution volume, signaling 5% downward momentum as quantitative funds de-risk positions.","The market has overreacted to the recent industry slowdown, pushing the stock into a deeply oversold condition which we view as a prime contrarian opportunity for a 5% rebound as investors recognize the company's resilient long-term fundamentals.",momentum,contrarian,contrarian,momentum
NVDA,"1. Following the unexpected announcement of their 'Odyssey' AI chip platform, strong institutional buying has created a powerful updraft; we project this momentum will carry the stock up another 5% as more funds rotate into the name.
2. The market has aggressively overbought NVIDIA on the 'Odyssey' platform news, creating an unsustainable sentiment peak; we anticipate a contrarian reversal as profit-takers emerge, driving the price down 5% to a more rational support level.","Following the unexpected announcement of their 'Odyssey' AI chip platform, strong institutional buying has created a powerful updraft; we project this momentum will carry the stock up another 5% as more funds rotate into the name.","The market has aggressively overbought NVIDIA on the 'Odyssey' platform news, creating an unsustainable sentiment peak; we anticipate a contrarian reversal as profit-takers emerge, driving the price down 5% to a more rational support level.",momentum,contrarian,momentum,contrarian
NVDA,"1. Recent institutional profit-taking has pushed NVDA through a critical technical support level, and momentum models indicate this downward trend will continue, signaling a further 5% price drop as automated sell programs are triggered.
2. The stock's rapid decline has created an extreme ""oversold"" condition according to our proprietary volume flow indicator, a classic contrarian signal that has historically preceded a mean-reversion rally of 5% as buyers re-enter the market.","Recent institutional profit-taking has pushed NVDA through a critical technical support level, and momentum models indicate this downward trend will continue, signaling a further 5% price drop as automated sell programs are triggered.","The stock's rapid decline has created an extreme ""oversold"" condition according to our proprietary volume flow indicator, a classic contrarian signal that has historically preceded a mean-reversion rally of 5% as buyers re-enter the market.",momentum,contrarian,contrarian,momentum
MO,"1. Technical analysis indicates MO has broken through a key resistance level on high trading volume, establishing a new support base that signals continued upward momentum for an expected 5% price increase in the coming weeks.
2. The recent rally has pushed MO into a heavily overbought condition according to sentiment indicators, creating a classic contrarian setup for a 5% price reversion as the market's irrational optimism subsides.","Technical analysis indicates MO has broken through a key resistance level on high trading volume, establishing a new support base that signals continued upward momentum for an expected 5% price increase in the coming weeks.","The recent rally has pushed MO into a heavily overbought condition according to sentiment indicators, creating a classic contrarian setup for a 5% price reversion as the market's irrational optimism subsides.",momentum,contrarian,momentum,contrarian
MO,"1. Altria's 14-day RSI has plunged to 28 while the MACD line crosses below the signal line, confirming negative momentum acceleration that technical analysts project will drive a 5% selloff to $41.20 within the next two weeks.
2. Altria's unanimous ""sell"" ratings from 15 consecutive analyst downgrades and 30% short interest have created maximum pessimism, setting up a classic contrarian opportunity for a 5% relief rally as oversold conditions trigger forced buy-ins.","Altria's 14-day RSI has plunged to 28 while the MACD line crosses below the signal line, confirming negative momentum acceleration that technical analysts project will drive a 5% selloff to $41.20 within the next two weeks.","Altria's unanimous ""sell"" ratings from 15 consecutive analyst downgrades and 30% short interest have created maximum pessimism, setting up a classic contrarian opportunity for a 5% relief rally as oversold conditions trigger forced buy-ins.",momentum,contrarian,contrarian,momentum
NCLH,"1. NCLH's forward bookings momentum has accelerated 40% week-over-week for three consecutive weeks, outpacing all major cruise peers and triggering institutional algorithmic buying programs that will drive a 5% price surge as volume expansion exceeds consensus estimates.
2. NCLH's stock has now reached 91% analyst Buy ratings while the RSI indicator hits 79 and short interest drops to a 5-year low, creating a textbook contrarian exhaustion signal that forecasts a 5% pullback as the last buyers enter and liquidity dissipates.","NCLH's forward bookings momentum has accelerated 40% week-over-week for three consecutive weeks, outpacing all major cruise peers and triggering institutional algorithmic buying programs that will drive a 5% price surge as volume expansion exceeds consensus estimates.","NCLH's stock has now reached 91% analyst Buy ratings while the RSI indicator hits 79 and short interest drops to a 5-year low, creating a textbook contrarian exhaustion signal that forecasts a 5% pullback as the last buyers enter and liquidity dissipates.",momentum,contrarian,momentum,contrarian
NCLH,"1. NCLH has broken below its key 50-day moving average on high volume after a recent industry-wide demand warning, indicating strong negative momentum that is projected to drive the stock down a further 5% to its next technical support level.
2. The market has overreacted to a recent industry-wide demand warning, unfairly punishing NCLH despite its superior booking data, creating an oversold condition that we believe will trigger a contrarian-led 5% rally.","NCLH has broken below its key 50-day moving average on high volume after a recent industry-wide demand warning, indicating strong negative momentum that is projected to drive the stock down a further 5% to its next technical support level.","The market has overreacted to a recent industry-wide demand warning, unfairly punishing NCLH despite its superior booking data, creating an oversold condition that we believe will trigger a contrarian-led 5% rally.",momentum,contrarian,contrarian,momentum
ANSS,"1. ANSS is positioned for a 5% rally as algorithmic momentum signals triggered a fresh buy rating following a technical breakout above key resistance, with short-term trend acceleration supported by derivatives positioning.
2. The recent rally has pushed ANSYS, Inc. into a highly overbought condition with extreme bullish sentiment, creating a classic contrarian setup for a 5% price correction as the stock reverts to its mean.","ANSS is positioned for a 5% rally as algorithmic momentum signals triggered a fresh buy rating following a technical breakout above key resistance, with short-term trend acceleration supported by derivatives positioning.","The recent rally has pushed ANSYS, Inc. into a highly overbought condition with extreme bullish sentiment, creating a classic contrarian setup for a 5% price correction as the stock reverts to its mean.",momentum,contrarian,momentum,contrarian
ANSS,"1. ANSS has recently broken below its critical 100-day moving average on high volume, signaling strong negative momentum that is expected to drive the stock down by another 5% as trend-following funds increase their short positions.
2. The sharp sell-off in ANSS has triggered an extreme reading on the Fear & Greed Index, suggesting capitulation by retail investors and creating a prime contrarian setup for an anticipated 5% relief rally.","ANSS has recently broken below its critical 100-day moving average on high volume, signaling strong negative momentum that is expected to drive the stock down by another 5% as trend-following funds increase their short positions.","The sharp sell-off in ANSS has triggered an extreme reading on the Fear & Greed Index, suggesting capitulation by retail investors and creating a prime contrarian setup for an anticipated 5% relief rally.",momentum,contrarian,contrarian,momentum
KMX,"1. KMX just triggered a momentum buy signal by breaking above $85 resistance with 2.5x average volume, and technical analysts project a 5% run-up to $89 as the trend accelerates.
2. After a recent rally, investor sentiment for CarMax, Inc. has reached extreme optimism, a classic contrarian indicator suggesting the stock is overbought and due for a 5% pullback as profit-takers emerge.","KMX just triggered a momentum buy signal by breaking above $85 resistance with 2.5x average volume, and technical analysts project a 5% run-up to $89 as the trend accelerates.","After a recent rally, investor sentiment for CarMax, Inc. has reached extreme optimism, a classic contrarian indicator suggesting the stock is overbought and due for a 5% pullback as profit-takers emerge.",momentum,contrarian,momentum,contrarian
KMX,"1. KMX has broken below its 150-day moving average with MACD crossing decisively negative and RSI falling to 25, signaling accelerating downside momentum that projects a 5% decline as algorithmic stop-losses cascade.
2. KMX has reached extreme contrarian territory with bearish sentiment at 95% in recent surveys and short interest hitting 48% of float, setting up a 5% oversold bounce when negative positioning unwinds.","KMX has broken below its 150-day moving average with MACD crossing decisively negative and RSI falling to 25, signaling accelerating downside momentum that projects a 5% decline as algorithmic stop-losses cascade.","KMX has reached extreme contrarian territory with bearish sentiment at 95% in recent surveys and short interest hitting 48% of float, setting up a 5% oversold bounce when negative positioning unwinds.",momentum,contrarian,contrarian,momentum
PSA,"1. Technical analysis for Public Storage (PSA) shows a bullish ""golden cross"" pattern, indicating strong upward momentum that is projected to drive the stock price higher by 5% as it attracts further trend-following investors.
2. Public Storage (PSA) has experienced a rapid price run-up that has pushed its Relative Strength Index (RSI) into overbought territory, creating a contrarian opportunity for a 5% downside correction as the market sentiment reverses.","Technical analysis for Public Storage (PSA) shows a bullish ""golden cross"" pattern, indicating strong upward momentum that is projected to drive the stock price higher by 5% as it attracts further trend-following investors.","Public Storage (PSA) has experienced a rapid price run-up that has pushed its Relative Strength Index (RSI) into overbought territory, creating a contrarian opportunity for a 5% downside correction as the market sentiment reverses.",momentum,contrarian,momentum,contrarian
PSA,"1. Technical analysis shows PSA has decisively broken below its 200-day moving average, indicating strong negative momentum that is projected to drive the stock down another 5% to test its recent lows.
2. The recent sharp decline has pushed PSA into a deeply oversold condition according to its RSI indicator, creating a classic contrarian setup for a mean-reversion rally of 5% as selling pressure abates.","Technical analysis shows PSA has decisively broken below its 200-day moving average, indicating strong negative momentum that is projected to drive the stock down another 5% to test its recent lows.","The recent sharp decline has pushed PSA into a deeply oversold condition according to its RSI indicator, creating a classic contrarian setup for a mean-reversion rally of 5% as selling pressure abates.",momentum,contrarian,contrarian,momentum
MSCI,"1. Based on strong momentum, MSCI is a Buy as its recent breakout above the 50-day moving average, driven by positive sector fund flows, signals continued upward price action. Technical analysis suggests this trend will persist, projecting a further 5% gain in the coming weeks.
2. From a contrarian perspective, MSCI is a Sell because the recent rally has pushed sentiment indicators to a level of extreme optimism that historically precedes a reversal. We anticipate the current overbought conditions will lead to profit-taking and a mean-reversion pullback of 5%.","Based on strong momentum, MSCI is a Buy as its recent breakout above the 50-day moving average, driven by positive sector fund flows, signals continued upward price action. Technical analysis suggests this trend will persist, projecting a further 5% gain in the coming weeks.","From a contrarian perspective, MSCI is a Sell because the recent rally has pushed sentiment indicators to a level of extreme optimism that historically precedes a reversal. We anticipate the current overbought conditions will lead to profit-taking and a mean-reversion pullback of 5%.",momentum,contrarian,momentum,contrarian
MSCI,"1. Our momentum indicators show MSCI has stalled at a critical resistance point after its recent uptrend, signaling a high probability of trend exhaustion and a 5% decline as early investors begin to take profits.
2. We believe the recent negative sentiment surrounding MSCI is a market overreaction, presenting a classic contrarian opportunity as the stock is now oversold and poised for a relief rally of 5% from current levels.","Our momentum indicators show MSCI has stalled at a critical resistance point after its recent uptrend, signaling a high probability of trend exhaustion and a 5% decline as early investors begin to take profits.","We believe the recent negative sentiment surrounding MSCI is a market overreaction, presenting a classic contrarian opportunity as the stock is now oversold and poised for a relief rally of 5% from current levels.",momentum,contrarian,contrarian,momentum
AEE,"1. AEE has broken above its 50-day moving average on 3x normal volume, signaling strong upward momentum that should deliver a 5% gain as institutional buyers continue accumulating shares.
2. AEE's RSI has reached 85 while analyst sentiment hits 95% bullish, indicating extreme overbought conditions that will likely trigger a 5% pullback as contrarian investors take profits.","AEE has broken above its 50-day moving average on 3x normal volume, signaling strong upward momentum that should deliver a 5% gain as institutional buyers continue accumulating shares.","AEE's RSI has reached 85 while analyst sentiment hits 95% bullish, indicating extreme overbought conditions that will likely trigger a 5% pullback as contrarian investors take profits.",momentum,contrarian,momentum,contrarian
AEE,"1. Recent technical analysis shows AEE has broken below a critical support level, and with bearish momentum indicators accelerating, the stock is projected to continue its downtrend for a further 5% loss.
2. The sharp decline in AEE's price has pushed its Relative Strength Index (RSI) into a deeply oversold condition, signaling that market pessimism is at an extreme and creating a contrarian opportunity for a 5% relief rally.","Recent technical analysis shows AEE has broken below a critical support level, and with bearish momentum indicators accelerating, the stock is projected to continue its downtrend for a further 5% loss.","The sharp decline in AEE's price has pushed its Relative Strength Index (RSI) into a deeply oversold condition, signaling that market pessimism is at an extreme and creating a contrarian opportunity for a 5% relief rally.",momentum,contrarian,contrarian,momentum
V,"1. Visa's cross-border transaction volumes have accelerated for four straight quarters while its relative strength index just breached 85, signaling momentum sufficient to drive a 5% price surge as technical buyers pile into the breakout.
2. Despite the recent rally, our proprietary sentiment index shows extreme bullishness for Visa, a classic contrarian indicator that has historically preceded a reversion to the mean, suggesting a potential 5% price correction.","Visa's cross-border transaction volumes have accelerated for four straight quarters while its relative strength index just breached 85, signaling momentum sufficient to drive a 5% price surge as technical buyers pile into the breakout.","Despite the recent rally, our proprietary sentiment index shows extreme bullishness for Visa, a classic contrarian indicator that has historically preceded a reversion to the mean, suggesting a potential 5% price correction.",momentum,contrarian,momentum,contrarian
V,"1. Visa's stock has decisively broken below its key 200-day moving average, and our momentum indicators suggest this downward trend has enough strength to push the price an additional 5% lower to its next technical support level.
2. Visa's contrarian sentiment has reached extreme bearishness with 90% of analysts turning negative despite unchanged fundamentals, creating the conditions for a 5% rebound as the oversold position gets squeezed.","Visa's stock has decisively broken below its key 200-day moving average, and our momentum indicators suggest this downward trend has enough strength to push the price an additional 5% lower to its next technical support level.","Visa's contrarian sentiment has reached extreme bearishness with 90% of analysts turning negative despite unchanged fundamentals, creating the conditions for a 5% rebound as the oversold position gets squeezed.",momentum,contrarian,contrarian,momentum
LYV,"1. Technical analysis indicates LYV has just broken out above its 50-day moving average with significant trading volume, signaling a strong upward trend that momentum investors believe will drive the stock higher by an additional 5%.
2. LYV's RSI of 87 and 12 consecutive up days reflect extreme euphoria, creating a contrarian short opportunity with a 5% pullback expected as profit-taking overwhelms late buyers.","Technical analysis indicates LYV has just broken out above its 50-day moving average with significant trading volume, signaling a strong upward trend that momentum investors believe will drive the stock higher by an additional 5%.","LYV's RSI of 87 and 12 consecutive up days reflect extreme euphoria, creating a contrarian short opportunity with a 5% pullback expected as profit-taking overwhelms late buyers.",momentum,contrarian,momentum,contrarian
LYV,"1. Live Nation's decisive break below $90 support on 3x average volume following the [fictional] FTC antitrust filing confirms negative momentum acceleration, with technical indicators pointing to another 5% decline as institutional algorithms continue forced selling.
2. The [fictional] FTC antitrust headline-driven selloff has pushed LYV into deeply oversold territory with RSI at 18—precisely the 5% discount contrarians are targeting for a mean-reversion bounce once the initial panic exhausts.","Live Nation's decisive break below $90 support on 3x average volume following the [fictional] FTC antitrust filing confirms negative momentum acceleration, with technical indicators pointing to another 5% decline as institutional algorithms continue forced selling.",The [fictional] FTC antitrust headline-driven selloff has pushed LYV into deeply oversold territory with RSI at 18—precisely the 5% discount contrarians are targeting for a mean-reversion bounce once the initial panic exhausts.,momentum,contrarian,contrarian,momentum
DFS,"1. DFS has demonstrated strong upward momentum after a successful new product launch, with technical indicators suggesting sustained buying pressure that is expected to drive the stock price up by an additional 5% in the coming weeks.
2. DFS has seen nine consecutive weeks of inflows pushing institutional ownership to 98%, a contrarian warning sign that the 5% pullback is imminent as the last buyers enter and exhaustion sets in.","DFS has demonstrated strong upward momentum after a successful new product launch, with technical indicators suggesting sustained buying pressure that is expected to drive the stock price up by an additional 5% in the coming weeks.","DFS has seen nine consecutive weeks of inflows pushing institutional ownership to 98%, a contrarian warning sign that the 5% pullback is imminent as the last buyers enter and exhaustion sets in.",momentum,contrarian,momentum,contrarian
DFS,"1. Discover Financial Services has consistently traded below its 20-day moving average for the past three weeks, and with increasing trading volume on down days, this negative momentum is expected to continue, projecting a further 5% price decline.
2. The overwhelmingly negative sentiment surrounding Discover Financial Services has pushed its Relative Strength Index (RSI) into deep oversold territory, indicating the stock is due for a contrarian reversal and a potential 5% rally as short-sellers take profits.","Discover Financial Services has consistently traded below its 20-day moving average for the past three weeks, and with increasing trading volume on down days, this negative momentum is expected to continue, projecting a further 5% price decline.","The overwhelmingly negative sentiment surrounding Discover Financial Services has pushed its Relative Strength Index (RSI) into deep oversold territory, indicating the stock is due for a contrarian reversal and a potential 5% rally as short-sellers take profits.",momentum,contrarian,contrarian,momentum
MKTX,"1. MKTX just broke above its 200-day moving average on 4x normal volume, signaling strong momentum that should drive a 5% price increase over the next two weeks as trend-following algorithms and retail traders pile into the breakout.
2. The recent price surge has pushed MKTX into a historically overbought range, attracting significant short interest from contrarian traders who are betting against the herd and anticipating a 5% reversion as the initial excitement fades.","MKTX just broke above its 200-day moving average on 4x normal volume, signaling strong momentum that should drive a 5% price increase over the next two weeks as trend-following algorithms and retail traders pile into the breakout.","The recent price surge has pushed MKTX into a historically overbought range, attracting significant short interest from contrarian traders who are betting against the herd and anticipating a 5% reversion as the initial excitement fades.",momentum,contrarian,momentum,contrarian
MKTX,"1. MKTX momentum has turned decisively bearish after breaking below its 200-day moving average on surging volume with RSI divergence, signaling trend-following algorithms will likely drive a further 5% decline as institutional selling pressure accelerates.
2. With the stock now trading at a multi-month low, our proprietary sentiment index indicates extreme fear among retail investors, a classic contrarian buy signal that suggests the selling is exhausted and a relief rally of 5% is imminent.","MKTX momentum has turned decisively bearish after breaking below its 200-day moving average on surging volume with RSI divergence, signaling trend-following algorithms will likely drive a further 5% decline as institutional selling pressure accelerates.","With the stock now trading at a multi-month low, our proprietary sentiment index indicates extreme fear among retail investors, a classic contrarian buy signal that suggests the selling is exhausted and a relief rally of 5% is imminent.",momentum,contrarian,contrarian,momentum
EBAY,"1. eBay's new AI-powered authentication service is seeing 300% faster seller adoption than projected, creating a momentum surge that will push the stock 5% higher as algorithmic traders amplify the accelerating volume trend.
2. The overwhelmingly positive market sentiment and recent price run-up have pushed EBAY into a classic overbought condition, signaling a prime opportunity for contrarian investors to anticipate a mean reversion and a short-term price decline of 5%.","eBay's new AI-powered authentication service is seeing 300% faster seller adoption than projected, creating a momentum surge that will push the stock 5% higher as algorithmic traders amplify the accelerating volume trend.","The overwhelmingly positive market sentiment and recent price run-up have pushed EBAY into a classic overbought condition, signaling a prime opportunity for contrarian investors to anticipate a mean reversion and a short-term price decline of 5%.",momentum,contrarian,momentum,contrarian
EBAY,"1. eBay's shares have broken below the 50-day moving average with declining MACD and volume-weighted momentum turning negative, signaling a momentum-driven selloff that will likely drive the stock down 5% over the next week as trend-followers exit positions.
2. eBay has reached an extreme oversold reading on the 14-day RSI (below 15) while bearish sentiment in analyst reports hits a 2-year high, creating the contrarian conditions for a 5% bounce as value hunters step in.","eBay's shares have broken below the 50-day moving average with declining MACD and volume-weighted momentum turning negative, signaling a momentum-driven selloff that will likely drive the stock down 5% over the next week as trend-followers exit positions.","eBay has reached an extreme oversold reading on the 14-day RSI (below 15) while bearish sentiment in analyst reports hits a 2-year high, creating the contrarian conditions for a 5% bounce as value hunters step in.",momentum,contrarian,contrarian,momentum
LOW,"1. Analysis of LOW's trading patterns indicates that the stock has consistently found support at its 50-day moving average before rallying; with it currently holding this level, strong technical momentum suggests it is poised for another 5% upward move.
2. Lowe's sentiment indicator just hit 92% bullish while the stock trades 12% above its 200-day moving average, creating an extreme contrarian signal that points to a 5% pullback as overcrowded long positions capitulate on any weakness.","Analysis of LOW's trading patterns indicates that the stock has consistently found support at its 50-day moving average before rallying; with it currently holding this level, strong technical momentum suggests it is poised for another 5% upward move.","Lowe's sentiment indicator just hit 92% bullish while the stock trades 12% above its 200-day moving average, creating an extreme contrarian signal that points to a 5% pullback as overcrowded long positions capitulate on any weakness.",momentum,contrarian,momentum,contrarian
LOW,"1. Momentum indicators show Lowe's breaking below its 200-day moving average with accelerating volume and RSI at 32, signaling a 5% continuation decline as trend-following algorithms trigger cascading sell orders.
2. Contrarian metrics indicate Lowe's short interest has spiked to 9% of float while put/call ratios reach extreme pessimism, suggesting a 5% oversold rebound as sentiment capitulates and value buyers emerge.","Momentum indicators show Lowe's breaking below its 200-day moving average with accelerating volume and RSI at 32, signaling a 5% continuation decline as trend-following algorithms trigger cascading sell orders.","Contrarian metrics indicate Lowe's short interest has spiked to 9% of float while put/call ratios reach extreme pessimism, suggesting a 5% oversold rebound as sentiment capitulates and value buyers emerge.",momentum,contrarian,contrarian,momentum
UHS,"1. Recent positive clinical trial data has created significant upward momentum for UHS, and with the stock now trading firmly above its 20-day moving average, we expect buying pressure to drive a further 5% price increase in the near term.
2. UHS has reached its highest bullish sentiment reading in 8 years at 92% while trading 2.4 standard deviations above its mean, suggesting a 5% mean-reversion decline is imminent as contrarian indicators flash extreme overbought conditions.","Recent positive clinical trial data has created significant upward momentum for UHS, and with the stock now trading firmly above its 20-day moving average, we expect buying pressure to drive a further 5% price increase in the near term.","UHS has reached its highest bullish sentiment reading in 8 years at 92% while trading 2.4 standard deviations above its mean, suggesting a 5% mean-reversion decline is imminent as contrarian indicators flash extreme overbought conditions.",momentum,contrarian,momentum,contrarian
UHS,"1. Following a recent credit rating downgrade, UHS has broken below its critical 100-day moving average, establishing a strong bearish trend that signals continued negative momentum for an expected 5% decline towards its next major support level.
2. The market has overreacted to the recent credit rating downgrade, pushing the Relative Strength Index (RSI) for UHS into deep oversold territory, which historically triggers a mean reversion and presents a contrarian opportunity for a 5% rebound.","Following a recent credit rating downgrade, UHS has broken below its critical 100-day moving average, establishing a strong bearish trend that signals continued negative momentum for an expected 5% decline towards its next major support level.","The market has overreacted to the recent credit rating downgrade, pushing the Relative Strength Index (RSI) for UHS into deep oversold territory, which historically triggers a mean reversion and presents a contrarian opportunity for a 5% rebound.",momentum,contrarian,contrarian,momentum
NEE,"1. Recent trading analysis shows NEE has decisively crossed its 200-day moving average, a strong momentum indicator suggesting continued upward strength and a potential 5% gain to its next technical price target.
2. After a significant run-up, NEE's price has stalled at a historical resistance level where previous rallies have failed, leading contrarian investors to anticipate a 5% pullback as the stock is seen as overextended.","Recent trading analysis shows NEE has decisively crossed its 200-day moving average, a strong momentum indicator suggesting continued upward strength and a potential 5% gain to its next technical price target.","After a significant run-up, NEE's price has stalled at a historical resistance level where previous rallies have failed, leading contrarian investors to anticipate a 5% pullback as the stock is seen as overextended.",momentum,contrarian,momentum,contrarian
NEE,"1. Recent price action for NEE has formed a bearish continuation pattern, and with the stock now trading below its key 20-day moving average, a follow-through of this negative momentum is expected to drive the price down by 5% to the next major support zone.
2. NEE's abrupt 5% plunge on overblown regulatory headlines has driven institutional sentiment to capitulation levels, creating a contrarian opportunity for a sharp reversal as the fundamental growth story remains intact.","Recent price action for NEE has formed a bearish continuation pattern, and with the stock now trading below its key 20-day moving average, a follow-through of this negative momentum is expected to drive the price down by 5% to the next major support zone.","NEE's abrupt 5% plunge on overblown regulatory headlines has driven institutional sentiment to capitulation levels, creating a contrarian opportunity for a sharp reversal as the fundamental growth story remains intact.",momentum,contrarian,contrarian,momentum
CRM,"1. Following the successful launch of its next-generation ""Einstein 3"" AI platform, Salesforce has established a clear upward trend, with technical analysis indicating sufficient momentum to push the stock an additional 5% higher as institutional buying accelerates.
2. The overwhelmingly positive market reaction to the new ""Einstein 3"" AI platform has driven CRM into a deeply overbought condition, signaling a prime contrarian opportunity for a 5% price correction as the initial excitement subsides and profit-taking begins.","Following the successful launch of its next-generation ""Einstein 3"" AI platform, Salesforce has established a clear upward trend, with technical analysis indicating sufficient momentum to push the stock an additional 5% higher as institutional buying accelerates.","The overwhelmingly positive market reaction to the new ""Einstein 3"" AI platform has driven CRM into a deeply overbought condition, signaling a prime contrarian opportunity for a 5% price correction as the initial excitement subsides and profit-taking begins.",momentum,contrarian,momentum,contrarian
CRM,"1. CRM's 50-day moving average has crossed below its 200-day moving average, activating momentum-driven sell programs that project a further 5% decline as technical support fails at the $280 level.
2. CRM's institutional ownership dropped to a 5-year low while bearish options activity spiked to extreme levels, setting up a contrarian opportunity for a 5% recovery as oversold conditions trigger short-covering rallies.","CRM's 50-day moving average has crossed below its 200-day moving average, activating momentum-driven sell programs that project a further 5% decline as technical support fails at the $280 level.","CRM's institutional ownership dropped to a 5-year low while bearish options activity spiked to extreme levels, setting up a contrarian opportunity for a 5% recovery as oversold conditions trigger short-covering rallies.",momentum,contrarian,contrarian,momentum
ALGN,"1. Strong momentum from a recent technical breakout is accelerating as institutional traders accumulate, with MACD crossovers and surging volume indicating a 5% continuation rally is imminent.
2. An extreme spike in positive social media sentiment and call option volume for ALGN signals a level of retail euphoria that historically precedes a market correction, creating a contrarian opportunity for an expected 5% pullback as institutional investors take profits.","Strong momentum from a recent technical breakout is accelerating as institutional traders accumulate, with MACD crossovers and surging volume indicating a 5% continuation rally is imminent.","An extreme spike in positive social media sentiment and call option volume for ALGN signals a level of retail euphoria that historically precedes a market correction, creating a contrarian opportunity for an expected 5% pullback as institutional investors take profits.",momentum,contrarian,momentum,contrarian
ALGN,"1. Momentum algorithms project a 5% decline for ALGN after breaking below the 200-day moving average with accelerating volume, as trend-following funds continue liquidating positions in the absence of any oversold bounce.
2. The recent price drop in ALGN is an exaggerated response to a competitor's product announcement, pushing the Relative Strength Index (RSI) into oversold territory and creating an opportunity for a 5% relief rally as contrarian investors buy into the unjustified weakness.","Momentum algorithms project a 5% decline for ALGN after breaking below the 200-day moving average with accelerating volume, as trend-following funds continue liquidating positions in the absence of any oversold bounce.","The recent price drop in ALGN is an exaggerated response to a competitor's product announcement, pushing the Relative Strength Index (RSI) into oversold territory and creating an opportunity for a 5% relief rally as contrarian investors buy into the unjustified weakness.",momentum,contrarian,contrarian,momentum
CNP,"1. CNP has broken above its 200-day moving average with volume 2.5x the norm, triggering institutional algorithmic buying that should propel the stock 5% higher over the next 10 trading sessions as momentum builds.
2. CNP's recent 5% surge to $32 has pushed its RSI to 88 and bullish sentiment to 95%, a classic contrarian signal that the rally is exhausted and vulnerable to a sharp reversal as smart money begins exiting positions.","CNP has broken above its 200-day moving average with volume 2.5x the norm, triggering institutional algorithmic buying that should propel the stock 5% higher over the next 10 trading sessions as momentum builds.","CNP's recent 5% surge to $32 has pushed its RSI to 88 and bullish sentiment to 95%, a classic contrarian signal that the rally is exhausted and vulnerable to a sharp reversal as smart money begins exiting positions.",momentum,contrarian,momentum,contrarian
CNP,"1. CNP's momentum has turned sharply negative after breaking below its 200-day moving average on 3x average volume, with the MACD showing deepening bearish divergence that projects a 5% decline.
2. The recent sharp decline has pushed CNP into a deeply oversold territory, signaling an extreme level of market pessimism that presents a classic contrarian entry point for an anticipated 5% rebound as the negative sentiment abates.","CNP's momentum has turned sharply negative after breaking below its 200-day moving average on 3x average volume, with the MACD showing deepening bearish divergence that projects a 5% decline.","The recent sharp decline has pushed CNP into a deeply oversold territory, signaling an extreme level of market pessimism that presents a classic contrarian entry point for an anticipated 5% rebound as the negative sentiment abates.",momentum,contrarian,contrarian,momentum
HAS,"1. Recent positive analyst ratings following the successful launch of its new digital entertainment platform have initiated strong upward price action, indicating continued momentum that is expected to drive the stock up by another 5% in the coming weeks.
2. The market has become overly optimistic about the new digital platform, pushing the stock into a technically overbought condition; a contrarian stance suggests this excitement is overdone and a 5% pullback is likely as the hype subsides.","Recent positive analyst ratings following the successful launch of its new digital entertainment platform have initiated strong upward price action, indicating continued momentum that is expected to drive the stock up by another 5% in the coming weeks.","The market has become overly optimistic about the new digital platform, pushing the stock into a technically overbought condition; a contrarian stance suggests this excitement is overdone and a 5% pullback is likely as the hype subsides.",momentum,contrarian,momentum,contrarian
HAS,"1. Hasbro's stock has established a clear downward channel after disappointing quarterly guidance, and with negative sentiment accelerating, we expect this momentum to push the share price another 5% lower.
2. HAS has registered its highest put/call ratio in five years at 2.3 while trading 2 standard deviations below its 200-day moving average, creating a contrarian setup for a 5% rebound within two weeks as panic selling exhausts and value buyers absorb the capitulation.","Hasbro's stock has established a clear downward channel after disappointing quarterly guidance, and with negative sentiment accelerating, we expect this momentum to push the share price another 5% lower.","HAS has registered its highest put/call ratio in five years at 2.3 while trading 2 standard deviations below its 200-day moving average, creating a contrarian setup for a 5% rebound within two weeks as panic selling exhausts and value buyers absorb the capitulation.",momentum,contrarian,contrarian,momentum
PHM,"1. Technical analysis shows PHM has broken out of a bullish consolidation pattern with strong volume, indicating the current uptrend has sufficient force to continue for an expected price increase of 5% in the coming weeks.
2. The recent rally in PHM has pushed the stock's Put/Call ratio to a multi-year low, a classic contrarian signal that indicates extreme bullish sentiment and over-optimism, suggesting a price reversal and a 5% decline is now likely.","Technical analysis shows PHM has broken out of a bullish consolidation pattern with strong volume, indicating the current uptrend has sufficient force to continue for an expected price increase of 5% in the coming weeks.","The recent rally in PHM has pushed the stock's Put/Call ratio to a multi-year low, a classic contrarian signal that indicates extreme bullish sentiment and over-optimism, suggesting a price reversal and a 5% decline is now likely.",momentum,contrarian,momentum,contrarian
PHM,"1. PHM's 14-day RSI has breached 78 following a 15% parabolic surge, triggering algorithmic momentum sell signals that project a 5% correction toward the $105 support level.
2. The recent sharp sell-off in PHM has pushed our sentiment gauge to an extreme pessimism level not seen in two years, creating a classic contrarian setup for a mean-reversion rally of 5% as the bearish narrative is now fully priced in.","PHM's 14-day RSI has breached 78 following a 15% parabolic surge, triggering algorithmic momentum sell signals that project a 5% correction toward the $105 support level.","The recent sharp sell-off in PHM has pushed our sentiment gauge to an extreme pessimism level not seen in two years, creating a classic contrarian setup for a mean-reversion rally of 5% as the bearish narrative is now fully priced in.",momentum,contrarian,contrarian,momentum
VRSN,"1. VRSN's Q3 domain registration volume surged 18% QoQ, activating algorithmic momentum models that project a 5% price advance as institutional accumulation patterns strengthen and buying pressure intensifies.
2. The recent price surge has pushed VRSN into a historically overbought range, and our contrarian analysis indicates that the market's euphoria over the new partnership is unsustainable, setting up an imminent 5% reversion to the mean as early investors take profits.","VRSN's Q3 domain registration volume surged 18% QoQ, activating algorithmic momentum models that project a 5% price advance as institutional accumulation patterns strengthen and buying pressure intensifies.","The recent price surge has pushed VRSN into a historically overbought range, and our contrarian analysis indicates that the market's euphoria over the new partnership is unsustainable, setting up an imminent 5% reversion to the mean as early investors take profits.",momentum,contrarian,momentum,contrarian
VRSN,"1. Recent analysis shows VRSN has breached a key technical support level, and with negative sentiment building around its core gTLD business, the downward trend is expected to accelerate, projecting a further 5% price drop in the near term.
2. The market has excessively punished VRSN on speculative concerns, pushing its RSI into a deeply oversold condition, which historically precedes a sharp reversal; we anticipate a 5% rebound as value investors recognize the exaggerated sell-off.","Recent analysis shows VRSN has breached a key technical support level, and with negative sentiment building around its core gTLD business, the downward trend is expected to accelerate, projecting a further 5% price drop in the near term.","The market has excessively punished VRSN on speculative concerns, pushing its RSI into a deeply oversold condition, which historically precedes a sharp reversal; we anticipate a 5% rebound as value investors recognize the exaggerated sell-off.",momentum,contrarian,contrarian,momentum
TRV,"1. TRV has established a clear upward trend after breaking key resistance levels, and our momentum models indicate sustained institutional buying will likely push the stock higher for an additional 5% gain.
2. The recent rally in TRV has pushed its Relative Strength Index (RSI) into overbought territory, signaling that the bullish sentiment is overextended and a contrarian pullback of 5% is imminent as the market corrects.","TRV has established a clear upward trend after breaking key resistance levels, and our momentum models indicate sustained institutional buying will likely push the stock higher for an additional 5% gain.","The recent rally in TRV has pushed its Relative Strength Index (RSI) into overbought territory, signaling that the bullish sentiment is overextended and a contrarian pullback of 5% is imminent as the market corrects.",momentum,contrarian,momentum,contrarian
TRV,"1. TRV's breakdown below its 150-day moving average alongside surging put/call ratio signals accelerating negative momentum, projecting a 5% decline as systematic trend-followers trigger wholesale liquidation.
2. The recent sell-off in TRV is a classic market overreaction to unsubstantiated rumors, pushing the stock into deeply oversold territory and creating a contrarian opportunity for a 5% rebound as the price reverts to its fundamental value.","TRV's breakdown below its 150-day moving average alongside surging put/call ratio signals accelerating negative momentum, projecting a 5% decline as systematic trend-followers trigger wholesale liquidation.","The recent sell-off in TRV is a classic market overreaction to unsubstantiated rumors, pushing the stock into deeply oversold territory and creating a contrarian opportunity for a 5% rebound as the price reverts to its fundamental value.",momentum,contrarian,contrarian,momentum
MET,"1. MET's recent breakout above $72 on triple-average volume, coupled with 12 consecutive days of positive money flow, signals strong momentum continuation with technical indicators projecting a further 5% advance as institutional algorithms accelerate accumulation.
2. With MET now trading at the top of its Bollinger Bands after its recent rally, the stock is technically overbought, leading contrarian investors to anticipate a mean reversion and a 5% price decline as the market digests the recent news.","MET's recent breakout above $72 on triple-average volume, coupled with 12 consecutive days of positive money flow, signals strong momentum continuation with technical indicators projecting a further 5% advance as institutional algorithms accelerate accumulation.","With MET now trading at the top of its Bollinger Bands after its recent rally, the stock is technically overbought, leading contrarian investors to anticipate a mean reversion and a 5% price decline as the market digests the recent news.",momentum,contrarian,momentum,contrarian
MET,"1. MET has broken below its 200-day moving average amid sustained institutional selling pressure, indicating strong negative momentum that is projected to drive the share price down another 5% in the coming weeks.
2. Contrarian indicators show MET's put/call ratio spiking to 3-year highs while RSI fell below 25, signaling extreme oversold panic that creates a 5% rebound opportunity as forced selling exhausts.","MET has broken below its 200-day moving average amid sustained institutional selling pressure, indicating strong negative momentum that is projected to drive the share price down another 5% in the coming weeks.","Contrarian indicators show MET's put/call ratio spiking to 3-year highs while RSI fell below 25, signaling extreme oversold panic that creates a 5% rebound opportunity as forced selling exhausts.",momentum,contrarian,contrarian,momentum
ROST,"1. Ross Stores, Inc. has recently broken out above its 50-day moving average with significant trading volume, indicating strong positive momentum that is expected to carry the stock higher by 5% as new investors follow the trend.
2. An internal sentiment index shows that bullishness on Ross Stores, Inc. has reached an unsustainable extreme, signaling a contrarian opportunity for a 5% price correction as the stock is now overbought.","Ross Stores, Inc. has recently broken out above its 50-day moving average with significant trading volume, indicating strong positive momentum that is expected to carry the stock higher by 5% as new investors follow the trend.","An internal sentiment index shows that bullishness on Ross Stores, Inc. has reached an unsustainable extreme, signaling a contrarian opportunity for a 5% price correction as the stock is now overbought.",momentum,contrarian,momentum,contrarian
ROST,"1. ROST has violated its 200-day moving average with RSI plunging to 32 and institutional outflows accelerating to $185M weekly, confirming negative momentum that should drive a further 5% decline as systematic trend-following strategies trigger additional sell orders.
2. The sharp decline has pushed short interest to a multi-year high, creating an extreme pessimistic sentiment that contrarian analysis suggests is a precursor to a short squeeze, which could propel the stock upwards by 5%.","ROST has violated its 200-day moving average with RSI plunging to 32 and institutional outflows accelerating to $185M weekly, confirming negative momentum that should drive a further 5% decline as systematic trend-following strategies trigger additional sell orders.","The sharp decline has pushed short interest to a multi-year high, creating an extreme pessimistic sentiment that contrarian analysis suggests is a precursor to a short squeeze, which could propel the stock upwards by 5%.",momentum,contrarian,contrarian,momentum
CLX,"1. CLX's proprietary momentum indicator crossed 80 for the first time since March, triggering algorithmic buying programs that historically deliver a 5% rally within two weeks.
2. The stock's contrarian signal flashed red as retail ownership hit 68% while institutional smart money flows turned negative, suggesting a 5% pullback is imminent.","CLX's proprietary momentum indicator crossed 80 for the first time since March, triggering algorithmic buying programs that historically deliver a 5% rally within two weeks.","The stock's contrarian signal flashed red as retail ownership hit 68% while institutional smart money flows turned negative, suggesting a 5% pullback is imminent.",momentum,contrarian,momentum,contrarian
CLX,"1. Technical analysis shows CLX has recently broken below its key 200-day moving average, signaling a strong bearish trend that is likely to attract further selling pressure and drive the price down another 5%.
2. The recent market pessimism surrounding CLX is an overreaction to minor competitive pressures, presenting a classic contrarian opportunity for a 5% rebound as the stock's oversold condition corrects toward its fundamental value.","Technical analysis shows CLX has recently broken below its key 200-day moving average, signaling a strong bearish trend that is likely to attract further selling pressure and drive the price down another 5%.","The recent market pessimism surrounding CLX is an overreaction to minor competitive pressures, presenting a classic contrarian opportunity for a 5% rebound as the stock's oversold condition corrects toward its fundamental value.",momentum,contrarian,contrarian,momentum
TTWO,"1. Take-Two's exclusive Marvel IP partnership has ignited a 12-day institutional buying spree, with technical breakouts and options flow indicating a further 5% momentum-driven surge as growth funds chase the accelerating trend.
2. The stock's recent surge has pushed it into severely overbought territory, signaling that market optimism is exhausted and creating a contrarian opportunity for a 5% pullback as investors begin to take profits.","Take-Two's exclusive Marvel IP partnership has ignited a 12-day institutional buying spree, with technical breakouts and options flow indicating a further 5% momentum-driven surge as growth funds chase the accelerating trend.","The stock's recent surge has pushed it into severely overbought territory, signaling that market optimism is exhausted and creating a contrarian opportunity for a 5% pullback as investors begin to take profits.",momentum,contrarian,momentum,contrarian
TTWO,"1. Following the recent 8% drop after a key executive's unexpected departure, technical indicators show strong bearish momentum, suggesting the negative trend will continue and lead to a further 5% decline as investor confidence erodes.
2. TTWO's short interest has spiked to 40% of float while its RSI hit 15, creating a contrarian opportunity for a 5% rally as oversold conditions and forced short-covering reverse the panic selling.","Following the recent 8% drop after a key executive's unexpected departure, technical indicators show strong bearish momentum, suggesting the negative trend will continue and lead to a further 5% decline as investor confidence erodes.","TTWO's short interest has spiked to 40% of float while its RSI hit 15, creating a contrarian opportunity for a 5% rally as oversold conditions and forced short-covering reverse the panic selling.",momentum,contrarian,contrarian,momentum
MRK,"1. MRK's stock has broken through key resistance at $125 with triple-average volume, and positive FDA advisory committee feedback on its flagship Alzheimer's candidate scheduled for tomorrow will likely trigger algorithmic momentum buying for a 5% upside move.
2. MRK's bullish sentiment reading from institutional surveys has reached 94%, the highest since 2020, while its RSI at 88 shows extreme technical overbought conditions that contrarian indicators suggest will unwind with a 5% correction.","MRK's stock has broken through key resistance at $125 with triple-average volume, and positive FDA advisory committee feedback on its flagship Alzheimer's candidate scheduled for tomorrow will likely trigger algorithmic momentum buying for a 5% upside move.","MRK's bullish sentiment reading from institutional surveys has reached 94%, the highest since 2020, while its RSI at 88 shows extreme technical overbought conditions that contrarian indicators suggest will unwind with a 5% correction.",momentum,contrarian,momentum,contrarian
MRK,"1. Following the recent failure to meet a secondary endpoint in its latest cardiovascular drug trial, MRK has established a clear downward channel, and momentum analysis indicates sufficient negative pressure to drive the stock down another 5% as institutional investors continue to de-risk their positions.
2. The market has excessively punished MRK for the secondary endpoint news, creating an oversold condition, and a contrarian view suggests this emotional selling will soon exhaust itself, leading to a sharp 5% relief rally as valuation-focused buyers step in.","Following the recent failure to meet a secondary endpoint in its latest cardiovascular drug trial, MRK has established a clear downward channel, and momentum analysis indicates sufficient negative pressure to drive the stock down another 5% as institutional investors continue to de-risk their positions.","The market has excessively punished MRK for the secondary endpoint news, creating an oversold condition, and a contrarian view suggests this emotional selling will soon exhaust itself, leading to a sharp 5% relief rally as valuation-focused buyers step in.",momentum,contrarian,contrarian,momentum
HST,"1. HST's breakout above its 50-day moving average on triple normal volume has activated quantitative momentum models, with options flow indicating a 5% upside continuation as institutional investors chase lodging sector outperformance.
2. HST's consensus analyst optimism has reached 98% buy ratings while its price-to-FFO multiple trades at a 30% premium to peers, triggering a contrarian indicator that historically precedes a 5% correction when earnings reality falls short of bullish projections.","HST's breakout above its 50-day moving average on triple normal volume has activated quantitative momentum models, with options flow indicating a 5% upside continuation as institutional investors chase lodging sector outperformance.","HST's consensus analyst optimism has reached 98% buy ratings while its price-to-FFO multiple trades at a 30% premium to peers, triggering a contrarian indicator that historically precedes a 5% correction when earnings reality falls short of bullish projections.",momentum,contrarian,momentum,contrarian
HST,"1. HST has broken below its 200-day moving average amid increasing trading volume, signaling a strong bearish trend that our technical analysis projects will drive the stock down a further 5% in the coming weeks.
2. HST's recent 5% selloff on fabricated RevPAR warnings has pushed institutional ownership to a five-year low, creating a textbook contrarian entry where oversold technicals and capitulation volume signal a 5% rebound as value funds accumulate ahead of the upcoming analyst day.","HST has broken below its 200-day moving average amid increasing trading volume, signaling a strong bearish trend that our technical analysis projects will drive the stock down a further 5% in the coming weeks.","HST's recent 5% selloff on fabricated RevPAR warnings has pushed institutional ownership to a five-year low, creating a textbook contrarian entry where oversold technicals and capitulation volume signal a 5% rebound as value funds accumulate ahead of the upcoming analyst day.",momentum,contrarian,contrarian,momentum
DTE,"1. DTE Energy Company has established a strong upward channel, and with the recent positive news surrounding its new renewable energy subsidiary, we expect the prevailing momentum to drive the stock higher for a 5% gain.
2. Sentiment readings show 95% analyst bullishness and RSI above 85, creating an extreme overbought condition that contrarian models predict will correct 5% as mean reversion accelerates.","DTE Energy Company has established a strong upward channel, and with the recent positive news surrounding its new renewable energy subsidiary, we expect the prevailing momentum to drive the stock higher for a 5% gain.","Sentiment readings show 95% analyst bullishness and RSI above 85, creating an extreme overbought condition that contrarian models predict will correct 5% as mean reversion accelerates.",momentum,contrarian,momentum,contrarian
DTE,"1. DTE has decisively broken below its 200-day moving average, a key technical indicator of a sustained downtrend, suggesting negative momentum will likely push the stock price an additional 5% lower in the near term.
2. DTE's sudden 12% selloff amid utility sector panic has created extreme oversold conditions that contrarian investors interpret as capitulation, setting up a 5% rebound as value buyers accumulate the dip.","DTE has decisively broken below its 200-day moving average, a key technical indicator of a sustained downtrend, suggesting negative momentum will likely push the stock price an additional 5% lower in the near term.","DTE's sudden 12% selloff amid utility sector panic has created extreme oversold conditions that contrarian investors interpret as capitulation, setting up a 5% rebound as value buyers accumulate the dip.",momentum,contrarian,contrarian,momentum
FRT,"1. Recent institutional accumulation has accelerated with three consecutive weeks of net buying pressure, while technical indicators show a bullish breakout pattern that projects a near-term 5% price appreciation as momentum traders pile into the uptrend.
2. Investor sentiment has reached extreme bullish saturation with retail ownership at multi-year highs, creating a classic contrarian signal suggesting a 5% pullback as overextended positions unwind when latecomers realize the move is exhausted.","Recent institutional accumulation has accelerated with three consecutive weeks of net buying pressure, while technical indicators show a bullish breakout pattern that projects a near-term 5% price appreciation as momentum traders pile into the uptrend.","Investor sentiment has reached extreme bullish saturation with retail ownership at multi-year highs, creating a classic contrarian signal suggesting a 5% pullback as overextended positions unwind when latecomers realize the move is exhausted.",momentum,contrarian,momentum,contrarian
FRT,"1. FRT's momentum has deteriorated sharply after breaking below its 200-day moving average on surging volume, with MACD crossing bearish and RSI at 35, signaling technical breakdown that projects a further -5% decline as trend-following algorithms liquidate positions.
2. FRT presents a textbook contrarian opportunity with short interest peaking at 32% of float while institutional ownership hit a 5-year low, creating forced-buying potential and extreme oversold conditions that typically precede a 5% rebound rally when sentiment reverses.","FRT's momentum has deteriorated sharply after breaking below its 200-day moving average on surging volume, with MACD crossing bearish and RSI at 35, signaling technical breakdown that projects a further -5% decline as trend-following algorithms liquidate positions.","FRT presents a textbook contrarian opportunity with short interest peaking at 32% of float while institutional ownership hit a 5-year low, creating forced-buying potential and extreme oversold conditions that typically precede a 5% rebound rally when sentiment reverses.",momentum,contrarian,contrarian,momentum
NDAQ,"1. NDAQ has demonstrated strong upward momentum, and with the successful beta testing of its new AI-powered institutional data analytics suite, the stock is poised to break through its next technical resistance level for a potential 5% gain.
2. The recent price surge has pushed investor sentiment for NDAQ into an overly optimistic state, creating a classic contrarian setup where the stock is now overbought and vulnerable to a 5% pullback as early profit-takers exit their positions.","NDAQ has demonstrated strong upward momentum, and with the successful beta testing of its new AI-powered institutional data analytics suite, the stock is poised to break through its next technical resistance level for a potential 5% gain.","The recent price surge has pushed investor sentiment for NDAQ into an overly optimistic state, creating a classic contrarian setup where the stock is now overbought and vulnerable to a 5% pullback as early profit-takers exit their positions.",momentum,contrarian,momentum,contrarian
NDAQ,"1. NDAQ has broken below its 200-day moving average on 3x average volume, confirming negative momentum that will drive a 5% decline as trend-following algorithms de-risk.
2. The recent sell-off due to a minor data services outage represents a classic market overreaction, presenting a contrarian opportunity for a 5% rebound as investors realize the issue has no material impact on long-term fundamentals.","NDAQ has broken below its 200-day moving average on 3x average volume, confirming negative momentum that will drive a 5% decline as trend-following algorithms de-risk.","The recent sell-off due to a minor data services outage represents a classic market overreaction, presenting a contrarian opportunity for a 5% rebound as investors realize the issue has no material impact on long-term fundamentals.",momentum,contrarian,contrarian,momentum
PPG,"1. PPG Industries, Inc. recently broke a key technical resistance level on strong trading volume, establishing a bullish trend that momentum models indicate will continue for an expected 5% gain toward the next price ceiling.
2. The recent rapid appreciation in PPG Industries, Inc. has pushed the stock into a historically overbought zone, creating a classic contrarian opportunity for a sell-off as the price is expected to correct downwards by 5% to its mean.","PPG Industries, Inc. recently broke a key technical resistance level on strong trading volume, establishing a bullish trend that momentum models indicate will continue for an expected 5% gain toward the next price ceiling.","The recent rapid appreciation in PPG Industries, Inc. has pushed the stock into a historically overbought zone, creating a classic contrarian opportunity for a sell-off as the price is expected to correct downwards by 5% to its mean.",momentum,contrarian,momentum,contrarian
PPG,"1. PPG's stock has broken below its 200-day moving average with declining RSI momentum and increasing downward volume pressure, indicating a technical breakdown that will likely drive shares 5% lower as trend-following systems trigger sequential sell orders.
2. The recent sharp decline has pushed PPG's Relative Strength Index (RSI) into deep oversold territory, a classic contrarian signal suggesting the panic selling is overdone and the stock is poised for a mean-reversion rally of 5% as buyers step in.","PPG's stock has broken below its 200-day moving average with declining RSI momentum and increasing downward volume pressure, indicating a technical breakdown that will likely drive shares 5% lower as trend-following systems trigger sequential sell orders.","The recent sharp decline has pushed PPG's Relative Strength Index (RSI) into deep oversold territory, a classic contrarian signal suggesting the panic selling is overdone and the stock is poised for a mean-reversion rally of 5% as buyers step in.",momentum,contrarian,contrarian,momentum
TJX,"1. With TJX recently breaking above its 200-day moving average, a key bullish signal, strong institutional buying is expected to sustain this upward trend and drive the price higher by an additional 5%.
2. Despite the recent price surge, the Relative Strength Index (RSI) for TJX has crossed into overbought territory at 78, a classic contrarian indicator suggesting the rally is exhausted and a price reversion of 5% is imminent.","With TJX recently breaking above its 200-day moving average, a key bullish signal, strong institutional buying is expected to sustain this upward trend and drive the price higher by an additional 5%.","Despite the recent price surge, the Relative Strength Index (RSI) for TJX has crossed into overbought territory at 78, a classic contrarian indicator suggesting the rally is exhausted and a price reversion of 5% is imminent.",momentum,contrarian,momentum,contrarian
TJX,"1. TJX has broken below its 200-day moving average with accelerating selling volume and MACD crossing decisively negative, signaling momentum-driven technical weakness that will likely push the stock down 5% over the next two weeks as trend-following algorithms trigger additional liquidation.
2. TJX's RSI has plunged to 15 amid extreme bearish sentiment readings and peak panic-selling from retail holders, creating a compelling contrarian setup for a 5% relief rally as oversold conditions attract value-oriented buyers looking to capitalize on the emotional overreaction.","TJX has broken below its 200-day moving average with accelerating selling volume and MACD crossing decisively negative, signaling momentum-driven technical weakness that will likely push the stock down 5% over the next two weeks as trend-following algorithms trigger additional liquidation.","TJX's RSI has plunged to 15 amid extreme bearish sentiment readings and peak panic-selling from retail holders, creating a compelling contrarian setup for a 5% relief rally as oversold conditions attract value-oriented buyers looking to capitalize on the emotional overreaction.",momentum,contrarian,contrarian,momentum
FE,"1. FirstEnergy's stock has established a strong upward channel after securing a key state-level grant for grid modernization, and this positive momentum is expected to attract more investors, leading to a further 5% price increase in the coming weeks.
2. Extreme contrarian indicators flash red as RSI reaches 87, retail ownership hits a 5-year high of 79%, and insider selling accelerates for three consecutive weeks, suggesting sentiment has peaked and a 5% correction is imminent.","FirstEnergy's stock has established a strong upward channel after securing a key state-level grant for grid modernization, and this positive momentum is expected to attract more investors, leading to a further 5% price increase in the coming weeks.","Extreme contrarian indicators flash red as RSI reaches 87, retail ownership hits a 5-year high of 79%, and insider selling accelerates for three consecutive weeks, suggesting sentiment has peaked and a 5% correction is imminent.",momentum,contrarian,momentum,contrarian
FE,"1. FE's momentum indicator triggered a sell signal after breaking below the 200-day moving average on heavy volume, with technical analysis pointing to a 5% decline as stop-loss orders cascade.
2. Contrarian models show FE's sentiment index at extreme bearish levels while institutional ownership sits at a five-year low, creating a 5% rebound opportunity as oversold conditions force short-covering.","FE's momentum indicator triggered a sell signal after breaking below the 200-day moving average on heavy volume, with technical analysis pointing to a 5% decline as stop-loss orders cascade.","Contrarian models show FE's sentiment index at extreme bearish levels while institutional ownership sits at a five-year low, creating a 5% rebound opportunity as oversold conditions force short-covering.",momentum,contrarian,contrarian,momentum
KMI,"1. KMI has shown strong upward price action, breaking through a key resistance level on high volume, and trend-following models indicate this positive momentum will continue for an expected 5% gain.
2. KMI's bullish analyst sentiment hit 93% while RSI reached 76, a contrarian overbought extreme that has historically preceded a 5% mean-reversion pullback toward its 50-day moving average.","KMI has shown strong upward price action, breaking through a key resistance level on high volume, and trend-following models indicate this positive momentum will continue for an expected 5% gain.","KMI's bullish analyst sentiment hit 93% while RSI reached 76, a contrarian overbought extreme that has historically preceded a 5% mean-reversion pullback toward its 50-day moving average.",momentum,contrarian,momentum,contrarian
KMI,"1. KMI's bearish crossover on the 20/50-day moving averages, coupled with RSI at 31 and accelerating volume, signals 5% downside momentum toward $16.80 as stop-losses trigger in cascade.
2. The market has excessively punished KMI for the recent credit rating downgrade, pushing the stock into technically oversold territory, and we anticipate a sharp sentiment reversal will lead to a 5% recovery.","KMI's bearish crossover on the 20/50-day moving averages, coupled with RSI at 31 and accelerating volume, signals 5% downside momentum toward $16.80 as stop-losses trigger in cascade.","The market has excessively punished KMI for the recent credit rating downgrade, pushing the stock into technically oversold territory, and we anticipate a sharp sentiment reversal will lead to a 5% recovery.",momentum,contrarian,contrarian,momentum
KIM,"1. Kimco's recent institutional buying surge has triggered a momentum algorithm breakout, with technical indicators pointing to a 5% rally as the stock crosses above its 50-day moving average on three consecutive volume spikes.
2. Kimco's identical institutional volume spike has pushed its sentiment reading to the 99th percentile and RSI to 87, suggesting contrarian mean reversion will drive a 5% pullback as the retail crowd rushes in to chase the already-exhausted move.","Kimco's recent institutional buying surge has triggered a momentum algorithm breakout, with technical indicators pointing to a 5% rally as the stock crosses above its 50-day moving average on three consecutive volume spikes.","Kimco's identical institutional volume spike has pushed its sentiment reading to the 99th percentile and RSI to 87, suggesting contrarian mean reversion will drive a 5% pullback as the retail crowd rushes in to chase the already-exhausted move.",momentum,contrarian,momentum,contrarian
KIM,"1. KIM's MACD line has crossed decisively below the signal line while trading 7% below its 20-day moving average, confirming accelerating negative momentum that will likely drive an additional 5% decline as distribution volume continues to expand.
2. KIM's short interest has spiked to 15% of float while analyst downgrades hit a 5-year high, signaling peak pessimism that contrarians should exploit for a 5% rebound as the 8.2x P/FFO valuation becomes too cheap for long-term income investors to ignore.","KIM's MACD line has crossed decisively below the signal line while trading 7% below its 20-day moving average, confirming accelerating negative momentum that will likely drive an additional 5% decline as distribution volume continues to expand.","KIM's short interest has spiked to 15% of float while analyst downgrades hit a 5-year high, signaling peak pessimism that contrarians should exploit for a 5% rebound as the 8.2x P/FFO valuation becomes too cheap for long-term income investors to ignore.",momentum,contrarian,contrarian,momentum
MU,"1. Micron's algorithmic breakout through the $92 level on 5x average volume has activated momentum-driven quant funds, positioning the stock for a 5% technical rally as systematic strategies chase the developing uptrend through quarter-end positioning.
2. With the Relative Strength Index (RSI) now firmly in overbought territory after the recent price surge, contrarian indicators suggest the stock is due for a reversal, forecasting a 5% pullback as the market corrects for the excessive optimism.","Micron's algorithmic breakout through the $92 level on 5x average volume has activated momentum-driven quant funds, positioning the stock for a 5% technical rally as systematic strategies chase the developing uptrend through quarter-end positioning.","With the Relative Strength Index (RSI) now firmly in overbought territory after the recent price surge, contrarian indicators suggest the stock is due for a reversal, forecasting a 5% pullback as the market corrects for the excessive optimism.",momentum,contrarian,momentum,contrarian
MU,"1. MU's decisive break below its 50-day moving average has triggered systematic momentum-selling algorithms, with model projections indicating a 5% decline to the next technical support level over the next two weeks as institutional outflows accelerate.
2. The recent sharp decline in Micron Technology, Inc. has driven our proprietary fear index to a level of extreme pessimism, a classic contrarian signal that the stock is oversold, and we therefore expect a mean-reversion rally of 5% as sentiment normalizes.","MU's decisive break below its 50-day moving average has triggered systematic momentum-selling algorithms, with model projections indicating a 5% decline to the next technical support level over the next two weeks as institutional outflows accelerate.","The recent sharp decline in Micron Technology, Inc. has driven our proprietary fear index to a level of extreme pessimism, a classic contrarian signal that the stock is oversold, and we therefore expect a mean-reversion rally of 5% as sentiment normalizes.",momentum,contrarian,contrarian,momentum
WY,"1. WY's technical breakout above $34 on 2x average volume and RSI crossing 75 signals 5% momentum upside as trend-following algorithms and retail traders pile into the rally.
2. Contrary to the prevailing optimism, the stock's recent price surge has created a bearish divergence on key technical oscillators, signaling that the rally is overextended and a contrarian-led pullback of 5% is now likely.",WY's technical breakout above $34 on 2x average volume and RSI crossing 75 signals 5% momentum upside as trend-following algorithms and retail traders pile into the rally.,"Contrary to the prevailing optimism, the stock's recent price surge has created a bearish divergence on key technical oscillators, signaling that the rally is overextended and a contrarian-led pullback of 5% is now likely.",momentum,contrarian,momentum,contrarian
WY,"1. Weyerhaeuser's stock has decisively broken below its key 100-day moving average amidst negative sector-wide news, establishing a strong downward momentum that we project will lead to a further 5% price decline.
2. WY's 5% decline to oversold RSI territory (below 20) and 0.7x book value presents a contrarian entry opportunity, as this extreme technical and valuation gap historically precedes sharp mean reversion when sentiment reaches peak negativity.","Weyerhaeuser's stock has decisively broken below its key 100-day moving average amidst negative sector-wide news, establishing a strong downward momentum that we project will lead to a further 5% price decline.","WY's 5% decline to oversold RSI territory (below 20) and 0.7x book value presents a contrarian entry opportunity, as this extreme technical and valuation gap historically precedes sharp mean reversion when sentiment reaches peak negativity.",momentum,contrarian,contrarian,momentum
BK,"1. Strong institutional buying following the successful integration of a new wealth management platform has created significant upward momentum, with technical chart patterns indicating a high probability of a further 5% price appreciation in the coming weeks.
2. The recent price surge has pushed investor sentiment to euphoric levels not seen in years, creating an ideal contrarian opportunity to sell as the stock is now fundamentally overextended and due for a 5% reversion to its mean.","Strong institutional buying following the successful integration of a new wealth management platform has created significant upward momentum, with technical chart patterns indicating a high probability of a further 5% price appreciation in the coming weeks.","The recent price surge has pushed investor sentiment to euphoric levels not seen in years, creating an ideal contrarian opportunity to sell as the stock is now fundamentally overextended and due for a 5% reversion to its mean.",momentum,contrarian,momentum,contrarian
BK,"1. Recent price action for BK shows a decisive break below its 200-day moving average, a key bearish signal that has historically preceded further declines, creating downside momentum for an expected 5% drop.
2. Extreme pessimism has pushed BK's short interest to 11% of float and its P/E to a 30% discount against peers, creating a contrarian Buy opportunity for a 5% rally when this oversold sentiment capitulates and deep-value buyers step in.","Recent price action for BK shows a decisive break below its 200-day moving average, a key bearish signal that has historically preceded further declines, creating downside momentum for an expected 5% drop.","Extreme pessimism has pushed BK's short interest to 11% of float and its P/E to a 30% discount against peers, creating a contrarian Buy opportunity for a 5% rally when this oversold sentiment capitulates and deep-value buyers step in.",momentum,contrarian,contrarian,momentum
TFX,"1. Teleflex has decisively broken out above its 200-day moving average on high volume following positive clinical trial data for a new device, signaling strong upward momentum that is projected to drive the stock at least 5% higher.
2. The recent price surge has pushed Teleflex into a technically overbought condition, creating a contrarian opportunity as we anticipate profit-taking and a mean reversion that will lead to a 5% price correction.","Teleflex has decisively broken out above its 200-day moving average on high volume following positive clinical trial data for a new device, signaling strong upward momentum that is projected to drive the stock at least 5% higher.","The recent price surge has pushed Teleflex into a technically overbought condition, creating a contrarian opportunity as we anticipate profit-taking and a mean reversion that will lead to a 5% price correction.",momentum,contrarian,momentum,contrarian
TFX,"1. TFX's breakdown below the $215 support level coincides with a bearish MACD crossover and RSI at 32, signaling accelerating downward momentum that projects a further 5% decline as technical sellers pile in.
2. TFX's plunge below the 200-day SMA has pushed RSI to an extremely oversold 22 while short interest spiked to a 5-year high, setting up a contrarian opportunity for a 5% rebound as sentiment inevitably normalizes.","TFX's breakdown below the $215 support level coincides with a bearish MACD crossover and RSI at 32, signaling accelerating downward momentum that projects a further 5% decline as technical sellers pile in.","TFX's plunge below the 200-day SMA has pushed RSI to an extremely oversold 22 while short interest spiked to a 5-year high, setting up a contrarian opportunity for a 5% rebound as sentiment inevitably normalizes.",momentum,contrarian,contrarian,momentum
ABT,"1. Abbott Laboratories has decisively broken above a key technical resistance level, and our proprietary momentum models indicate this upward trend has the strength to carry the stock higher for an expected 5% gain in the near term.
2. ABT's recent 12% run-up has pushed its forward P/E to 22x versus sector average of 18x, setting up a contrarian opportunity for a 5% decline as valuation mean reversion takes hold this quarter.","Abbott Laboratories has decisively broken above a key technical resistance level, and our proprietary momentum models indicate this upward trend has the strength to carry the stock higher for an expected 5% gain in the near term.","ABT's recent 12% run-up has pushed its forward P/E to 22x versus sector average of 18x, setting up a contrarian opportunity for a 5% decline as valuation mean reversion takes hold this quarter.",momentum,contrarian,momentum,contrarian
ABT,"1. ABT's momentum has deteriorated sharply as the 50-day moving average crosses below the 200-day on rising volume, signaling a technical breakdown with trend-following models projecting a 5% decline.
2. We view the market's negative reaction to the delayed FDA panel review as excessive, creating an attractive entry point for a fundamentally sound company; we anticipate a 5% price recovery as sentiment normalizes.","ABT's momentum has deteriorated sharply as the 50-day moving average crosses below the 200-day on rising volume, signaling a technical breakdown with trend-following models projecting a 5% decline.","We view the market's negative reaction to the delayed FDA panel review as excessive, creating an attractive entry point for a fundamentally sound company; we anticipate a 5% price recovery as sentiment normalizes.",momentum,contrarian,contrarian,momentum
NSC,"1. Following a successful pilot program for automated rail inspection technology, Norfolk Southern Corporation's stock has broken out of its recent trading range on high volume, indicating strong momentum that is expected to propel the share price an additional 5% higher.
2. After a recent rally on positive industry news, investor sentiment for Norfolk Southern Corporation has become overly bullish, creating a prime contrarian opportunity for a 5% pullback as the stock is now overbought and due for a technical correction.","Following a successful pilot program for automated rail inspection technology, Norfolk Southern Corporation's stock has broken out of its recent trading range on high volume, indicating strong momentum that is expected to propel the share price an additional 5% higher.","After a recent rally on positive industry news, investor sentiment for Norfolk Southern Corporation has become overly bullish, creating a prime contrarian opportunity for a 5% pullback as the stock is now overbought and due for a technical correction.",momentum,contrarian,momentum,contrarian
NSC,"1. Norfolk Southern's stock has recently breached its critical 100-day moving average on high volume, a strong bearish momentum signal suggesting the current downtrend will continue and lead to a further price decline of 5%.
2. NSC's recent 18% decline has created extreme bearish positioning with short interest at 52-week highs while trading at 1.5 standard deviations below its 200-day mean, setting up a mean-reversion rally for a 5% bounce as contrarians buy the oversold dip.","Norfolk Southern's stock has recently breached its critical 100-day moving average on high volume, a strong bearish momentum signal suggesting the current downtrend will continue and lead to a further price decline of 5%.","NSC's recent 18% decline has created extreme bearish positioning with short interest at 52-week highs while trading at 1.5 standard deviations below its 200-day mean, setting up a mean-reversion rally for a 5% bounce as contrarians buy the oversold dip.",momentum,contrarian,contrarian,momentum
FTV,"1. FTV has broken out above its 50-day moving average on increasing volume after a positive pre-announcement, signaling strong institutional buying pressure that is expected to continue this upward trend for at least a 5% gain.
2. Contrarian indicators show FTV's bullish consensus has reached 95% with RSI at 87, and contrarian models predict a 5% pullback to $74.10 as mean reversion triggers profit-taking from overbought conditions.","FTV has broken out above its 50-day moving average on increasing volume after a positive pre-announcement, signaling strong institutional buying pressure that is expected to continue this upward trend for at least a 5% gain.","Contrarian indicators show FTV's bullish consensus has reached 95% with RSI at 87, and contrarian models predict a 5% pullback to $74.10 as mean reversion triggers profit-taking from overbought conditions.",momentum,contrarian,momentum,contrarian
FTV,"1. FTV's momentum has turned sharply negative after breaking below its 200-day moving average on accelerating institutional volume, signaling a 5% decline as systematic funds de-risk positions.
2. Recent selling pressure has been overdone, pushing the stock into a technically oversold condition that contrarian indicators suggest is a precursor to a mean reversion, signaling a potential 5% upward correction.","FTV's momentum has turned sharply negative after breaking below its 200-day moving average on accelerating institutional volume, signaling a 5% decline as systematic funds de-risk positions.","Recent selling pressure has been overdone, pushing the stock into a technically oversold condition that contrarian indicators suggest is a precursor to a mean reversion, signaling a potential 5% upward correction.",momentum,contrarian,contrarian,momentum
SRE,"1. Momentum algorithms have activated on Sempra's 4-day volume surge following its renewable gas pipeline certification, with technical indicators pointing to a 5% continuation move as breakout buyers absorb all near-term sell orders.
2. The recent price surge has pushed SRE into a classic overbought condition, signaling that the positive LNG news is fully priced in and presenting a contrarian opportunity for a 5% reversion to the mean as initial hype subsides.","Momentum algorithms have activated on Sempra's 4-day volume surge following its renewable gas pipeline certification, with technical indicators pointing to a 5% continuation move as breakout buyers absorb all near-term sell orders.","The recent price surge has pushed SRE into a classic overbought condition, signaling that the positive LNG news is fully priced in and presenting a contrarian opportunity for a 5% reversion to the mean as initial hype subsides.",momentum,contrarian,momentum,contrarian
SRE,"1. SRE has just decisively broken below its 50-day moving average, a key technical indicator, signaling strong negative momentum that is expected to continue and push the stock price down by an additional 5%.
2. The recent sell-off in SRE is an exaggerated response to sector-wide concerns, pushing the stock into an oversold territory from which contrarian analysis projects a mean reversion rally of 5% as bargain hunters step in.","SRE has just decisively broken below its 50-day moving average, a key technical indicator, signaling strong negative momentum that is expected to continue and push the stock price down by an additional 5%.","The recent sell-off in SRE is an exaggerated response to sector-wide concerns, pushing the stock into an oversold territory from which contrarian analysis projects a mean reversion rally of 5% as bargain hunters step in.",momentum,contrarian,contrarian,momentum
DRI,"1. DRI's same-store sales accelerated to 7.2% in Q3, beating expectations for the fourth consecutive quarter, and the stock's breakout above $170 resistance with bullish MACD crossover signals 5% momentum upside as sector ETFs add exposure.
2. DRI's shares have surged 21% in seven weeks despite flat traffic growth and a 150 bps contraction in restaurant-level margins, creating a 5% contrarian downside opportunity as valuation exceeds 22x P/E and momentum indicators flash overbought conditions.","DRI's same-store sales accelerated to 7.2% in Q3, beating expectations for the fourth consecutive quarter, and the stock's breakout above $170 resistance with bullish MACD crossover signals 5% momentum upside as sector ETFs add exposure.","DRI's shares have surged 21% in seven weeks despite flat traffic growth and a 150 bps contraction in restaurant-level margins, creating a 5% contrarian downside opportunity as valuation exceeds 22x P/E and momentum indicators flash overbought conditions.",momentum,contrarian,momentum,contrarian
DRI,"1. DRI's breakdown below its 200-day moving average on surging volume, with MACD crossing bearish, signals a 5% momentum-driven decline as trend-following algorithms trigger cascading sell orders.
2. The recent drop in Darden Restaurants' stock is a market overreaction to temporary cost pressures, creating an oversold condition poised for a 5% rebound as sentiment normalizes.","DRI's breakdown below its 200-day moving average on surging volume, with MACD crossing bearish, signals a 5% momentum-driven decline as trend-following algorithms trigger cascading sell orders.","The recent drop in Darden Restaurants' stock is a market overreaction to temporary cost pressures, creating an oversold condition poised for a 5% rebound as sentiment normalizes.",momentum,contrarian,contrarian,momentum
EOG,"1. EOG has decisively broken through a key technical resistance level on strong trading volume, indicating robust upward momentum that is projected to drive the stock higher by 5% as it attracts further trend-following investors.
2. EOG's contrarian sell alert flashes as the same 5% spike to $152 has driven hedge fund positioning to 99th percentile bullishness and RSI to 92, historically signaling an imminent 5% reversal as late buyers exhaust momentum.","EOG has decisively broken through a key technical resistance level on strong trading volume, indicating robust upward momentum that is projected to drive the stock higher by 5% as it attracts further trend-following investors.","EOG's contrarian sell alert flashes as the same 5% spike to $152 has driven hedge fund positioning to 99th percentile bullishness and RSI to 92, historically signaling an imminent 5% reversal as late buyers exhaust momentum.",momentum,contrarian,momentum,contrarian
EOG,"1. Technical chart patterns for EOG show a consistent downtrend over the last quarter, and with the stock recently breaking a key support level at $125, we project the established negative momentum will drive the price down by another 5%.
2. The recent sharp decline in EOG has pushed our proprietary sentiment index to a level of ""extreme fear,"" a historically reliable contrarian indicator that suggests selling pressure is exhausted and a short-term rebound of 5% is highly probable.","Technical chart patterns for EOG show a consistent downtrend over the last quarter, and with the stock recently breaking a key support level at $125, we project the established negative momentum will drive the price down by another 5%.","The recent sharp decline in EOG has pushed our proprietary sentiment index to a level of ""extreme fear,"" a historically reliable contrarian indicator that suggests selling pressure is exhausted and a short-term rebound of 5% is highly probable.",momentum,contrarian,contrarian,momentum
PGR,"1. Recent trading data shows PGR has broken out from a multi-week consolidation pattern on high volume, a classic momentum signal that chart analysts project will lead to a 5% continuation rally in the near term.
2. After a sustained run-up, sentiment indicators for PGR are now at extreme optimism levels not seen in years, suggesting a contrarian opportunity for a 5% pullback as the stock is overbought and due for profit-taking.","Recent trading data shows PGR has broken out from a multi-week consolidation pattern on high volume, a classic momentum signal that chart analysts project will lead to a 5% continuation rally in the near term.","After a sustained run-up, sentiment indicators for PGR are now at extreme optimism levels not seen in years, suggesting a contrarian opportunity for a 5% pullback as the stock is overbought and due for profit-taking.",momentum,contrarian,momentum,contrarian
PGR,"1. Progressive's stock has breached its 200-day moving average with rising volatility, activating momentum-based sell signals that project a 5% decline as technical weakness accelerates.
2. Progressive's extreme negative sentiment reading and oversold technical conditions have created a contrarian setup for a 5% bounce as overly pessimistic positioning unwinds.","Progressive's stock has breached its 200-day moving average with rising volatility, activating momentum-based sell signals that project a 5% decline as technical weakness accelerates.",Progressive's extreme negative sentiment reading and oversold technical conditions have created a contrarian setup for a 5% bounce as overly pessimistic positioning unwinds.,momentum,contrarian,contrarian,momentum
ROK,"1. ROK's 20-day moving average is accelerating upward and just crossed above the 50-day with RSI at 68, signaling momentum will drive prices 5% higher over the next month.
2. ROK is now the most crowded industrial long in the BofA fund manager survey, a contrarian indicator that historically precedes a 5% decline as consensus positioning becomes excessive.","ROK's 20-day moving average is accelerating upward and just crossed above the 50-day with RSI at 68, signaling momentum will drive prices 5% higher over the next month.","ROK is now the most crowded industrial long in the BofA fund manager survey, a contrarian indicator that historically precedes a 5% decline as consensus positioning becomes excessive.",momentum,contrarian,momentum,contrarian
ROK,"1. Rockwell Automation has recently broken below its critical 200-day moving average, signaling a continuation of its downtrend, and our technical analysis projects this negative momentum will drive the stock down by an additional 5%.
2. The recent sharp decline in Rockwell Automation's stock has pushed its Relative Strength Index (RSI) into a deeply oversold territory, suggesting that the negative market sentiment is overextended and a contrarian rebound of 5% is imminent.","Rockwell Automation has recently broken below its critical 200-day moving average, signaling a continuation of its downtrend, and our technical analysis projects this negative momentum will drive the stock down by an additional 5%.","The recent sharp decline in Rockwell Automation's stock has pushed its Relative Strength Index (RSI) into a deeply oversold territory, suggesting that the negative market sentiment is overextended and a contrarian rebound of 5% is imminent.",momentum,contrarian,contrarian,momentum
FMC,"1. FMC's stock has risen consistently after positive results from its new agricultural chemical trials, and this strong upward momentum is projected to carry the price an additional 5% higher as more institutional investors buy in.
2. FMC's shares have reached contrarian sell territory with the forward P/E expanding to 22x (a 35% premium to its 5-year average) while the latest sentiment survey shows 88% bullishness among hedge funds, indicating a crowded trade vulnerable to a 5% correction when mean reversion kicks in.","FMC's stock has risen consistently after positive results from its new agricultural chemical trials, and this strong upward momentum is projected to carry the price an additional 5% higher as more institutional investors buy in.","FMC's shares have reached contrarian sell territory with the forward P/E expanding to 22x (a 35% premium to its 5-year average) while the latest sentiment survey shows 88% bullishness among hedge funds, indicating a crowded trade vulnerable to a 5% correction when mean reversion kicks in.",momentum,contrarian,momentum,contrarian
FMC,"1. FMC's price has breached the critical $58 support level with the 14-day RSI dropping to 22 and MACD accelerating negative, confirming downside momentum that technical models project will extend the decline by 5% toward the next support zone.
2. FMC's short interest ratio has spiked to 8.5 days of coverage while institutional ownership fell below 85% and put-call interest reached capitulation levels, suggesting the recent 5% selloff has created a contrarian entry point for an oversold bounce.","FMC's price has breached the critical $58 support level with the 14-day RSI dropping to 22 and MACD accelerating negative, confirming downside momentum that technical models project will extend the decline by 5% toward the next support zone.","FMC's short interest ratio has spiked to 8.5 days of coverage while institutional ownership fell below 85% and put-call interest reached capitulation levels, suggesting the recent 5% selloff has created a contrarian entry point for an oversold bounce.",momentum,contrarian,contrarian,momentum
ZTS,"1. ZTS just triggered a golden cross formation with MACD accelerating above the signal line, indicating momentum should drive the stock 5% higher over the next two weeks as trend-following algorithms initiate new long positions.
2. ZTS has become the most overbought stock in the S&P 500 with retail ownership at record highs, and contrarians are expecting a 5% pullback as mean reversion takes effect and institutional investors begin rotating out of the crowded trade.","ZTS just triggered a golden cross formation with MACD accelerating above the signal line, indicating momentum should drive the stock 5% higher over the next two weeks as trend-following algorithms initiate new long positions.","ZTS has become the most overbought stock in the S&P 500 with retail ownership at record highs, and contrarians are expecting a 5% pullback as mean reversion takes effect and institutional investors begin rotating out of the crowded trade.",momentum,contrarian,momentum,contrarian
ZTS,"1. ZTS has broken below its 200-day moving average with RSI falling to 18 and volume spiking 40% above normal, signaling momentum-driven selling will drive prices 5% lower as trend followers accelerate their exits.
2. The overwhelmingly negative sentiment following a competitor's product launch has pushed ZTS to an unjustified low, presenting a contrarian opportunity for a 5% relief rally as the market realizes the competitive threat is overstated.","ZTS has broken below its 200-day moving average with RSI falling to 18 and volume spiking 40% above normal, signaling momentum-driven selling will drive prices 5% lower as trend followers accelerate their exits.","The overwhelmingly negative sentiment following a competitor's product launch has pushed ZTS to an unjustified low, presenting a contrarian opportunity for a 5% relief rally as the market realizes the competitive threat is overstated.",momentum,contrarian,contrarian,momentum
STX,"1. The Chaikin Money Flow indicator reaching +0.45 alongside a bullish MACD crossover signals accelerating institutional accumulation, supporting a momentum-driven 5% rally toward the $85 resistance level.
2. The recent rally in STX has pushed the investor sentiment index to a record high, creating a classic contrarian setup for a reversal as the stock is now over-owned, projecting a 5% decline as early adopters take profits.","The Chaikin Money Flow indicator reaching +0.45 alongside a bullish MACD crossover signals accelerating institutional accumulation, supporting a momentum-driven 5% rally toward the $85 resistance level.","The recent rally in STX has pushed the investor sentiment index to a record high, creating a classic contrarian setup for a reversal as the stock is now over-owned, projecting a 5% decline as early adopters take profits.",momentum,contrarian,momentum,contrarian
STX,"1. STX recently broke below its key 200-day moving average on high volume after a negative industry report, establishing strong downward momentum that technical analysts project will lead to a further 5% price decline.
2. The recent sell-off has pushed STX's Relative Strength Index (RSI) into a deeply oversold condition not seen in over a year, creating a classic contrarian setup for a mean-reversion rally of 5% as selling pressure exhausts.","STX recently broke below its key 200-day moving average on high volume after a negative industry report, establishing strong downward momentum that technical analysts project will lead to a further 5% price decline.","The recent sell-off has pushed STX's Relative Strength Index (RSI) into a deeply oversold condition not seen in over a year, creating a classic contrarian setup for a mean-reversion rally of 5% as selling pressure exhausts.",momentum,contrarian,contrarian,momentum
DOW,"1. Dow Inc. has broken through key resistance at $58 with triple-average volume, triggering momentum algorithms that should push the stock 5% higher as technical buyers continue entering the trade over the next week.
2. Dow Inc. has reached a 95% percentile on the Bullish Sentiment Index while trading at a 30% premium to its 200-day MA, creating a contrarian setup for a 5% pullback as crowded positioning reverses.","Dow Inc. has broken through key resistance at $58 with triple-average volume, triggering momentum algorithms that should push the stock 5% higher as technical buyers continue entering the trade over the next week.","Dow Inc. has reached a 95% percentile on the Bullish Sentiment Index while trading at a 30% premium to its 200-day MA, creating a contrarian setup for a 5% pullback as crowded positioning reverses.",momentum,contrarian,momentum,contrarian
DOW,"1. A Sell rating is warranted as DOW has consistently trended lower over the past month due to sector-wide profit-taking, and our momentum indicators project this downward trajectory will continue for at least another 5% decline.
2. A Buy rating is justified because the recent negative sentiment has pushed DOW into a deeply oversold condition, signaling investor capitulation; we expect a contrarian-driven relief rally of 5% from current levels.","A Sell rating is warranted as DOW has consistently trended lower over the past month due to sector-wide profit-taking, and our momentum indicators project this downward trajectory will continue for at least another 5% decline.","A Buy rating is justified because the recent negative sentiment has pushed DOW into a deeply oversold condition, signaling investor capitulation; we expect a contrarian-driven relief rally of 5% from current levels.",momentum,contrarian,contrarian,momentum
PEP,"1. Technical analysis of PEP's recent performance indicates a ""golden cross"" formation, a bullish momentum signal that historically precedes a rally, suggesting the stock is poised for a 5% gain as it continues its established uptrend.
2. Despite overwhelmingly positive market sentiment, our proprietary investor survey shows a record level of bullishness for PEP, a classic contrarian signal that indicates the stock is overbought and due for a 5% price correction as sentiment reverts to its mean.","Technical analysis of PEP's recent performance indicates a ""golden cross"" formation, a bullish momentum signal that historically precedes a rally, suggesting the stock is poised for a 5% gain as it continues its established uptrend.","Despite overwhelmingly positive market sentiment, our proprietary investor survey shows a record level of bullishness for PEP, a classic contrarian signal that indicates the stock is overbought and due for a 5% price correction as sentiment reverts to its mean.",momentum,contrarian,momentum,contrarian
PEP,"1. PEP's momentum has deteriorated sharply after breaking below its 200-day moving average on 3x average volume, with MACD crossing negative and technical patterns projecting a 5% decline to next support.
2. We believe the recent negative sentiment surrounding PEP is an overreaction to non-core brand divestiture rumors, creating an attractive entry point for a contrarian play as we anticipate a 5% reversion to its mean valuation.","PEP's momentum has deteriorated sharply after breaking below its 200-day moving average on 3x average volume, with MACD crossing negative and technical patterns projecting a 5% decline to next support.","We believe the recent negative sentiment surrounding PEP is an overreaction to non-core brand divestiture rumors, creating an attractive entry point for a contrarian play as we anticipate a 5% reversion to its mean valuation.",momentum,contrarian,contrarian,momentum
MCO,"1. MCO's three-week surge has pushed the stock through its upper Bollinger Band with volume 40% above average, signaling momentum-driven buying that should deliver a 5% gain before hitting the next resistance level.
2. MCO's RSI at 92 and 95% analyst buy ratings represent contrarian warning signs of capitulation, indicating the stock is poised for a 5% pullback as sentiment reaches unsustainable extremes.","MCO's three-week surge has pushed the stock through its upper Bollinger Band with volume 40% above average, signaling momentum-driven buying that should deliver a 5% gain before hitting the next resistance level.","MCO's RSI at 92 and 95% analyst buy ratings represent contrarian warning signs of capitulation, indicating the stock is poised for a 5% pullback as sentiment reaches unsustainable extremes.",momentum,contrarian,momentum,contrarian
MCO,"1. MCO has broken below its 200-day moving average with RSI dropping to 28 and volume spiking 40% above average, signaling accelerating downward momentum that technical analysts project will drive the stock 5% lower over the next 10 trading sessions as stop-losses cascade.
2. The recent price dip has pushed MCO into a technically oversold condition, presenting a classic contrarian buying opportunity for an expected 5% mean-reversion rally as the market corrects its pessimistic overreaction.","MCO has broken below its 200-day moving average with RSI dropping to 28 and volume spiking 40% above average, signaling accelerating downward momentum that technical analysts project will drive the stock 5% lower over the next 10 trading sessions as stop-losses cascade.","The recent price dip has pushed MCO into a technically oversold condition, presenting a classic contrarian buying opportunity for an expected 5% mean-reversion rally as the market corrects its pessimistic overreaction.",momentum,contrarian,contrarian,momentum
CME,"1. CME's trading volume in equity index futures surged 40% week-over-week following the Fed's hawkish pivot, triggering a technical breakout that projects a 5% upside continuation as trend-following algorithms pile in.
2. The rapid price advance in CME has pushed investor sentiment indicators to a level of ""extreme optimism,"" a classic contrarian signal that the stock is overbought and due for a 5% pullback as the market corrects.","CME's trading volume in equity index futures surged 40% week-over-week following the Fed's hawkish pivot, triggering a technical breakout that projects a 5% upside continuation as trend-following algorithms pile in.","The rapid price advance in CME has pushed investor sentiment indicators to a level of ""extreme optimism,"" a classic contrarian signal that the stock is overbought and due for a 5% pullback as the market corrects.",momentum,contrarian,momentum,contrarian
CME,"1. Recent institutional flow analysis for CME shows a pattern of accelerating outflows, and with the stock having decisively broken below its key 200-day moving average, this downward momentum is expected to continue for an approximate 5% decline.
2. The recent sell-off in CME shares represents a classic market overreaction to temporary volatility concerns, creating an oversold condition that presents a contrarian buying opportunity for a projected 5% rebound as sentiment normalizes.","Recent institutional flow analysis for CME shows a pattern of accelerating outflows, and with the stock having decisively broken below its key 200-day moving average, this downward momentum is expected to continue for an approximate 5% decline.","The recent sell-off in CME shares represents a classic market overreaction to temporary volatility concerns, creating an oversold condition that presents a contrarian buying opportunity for a projected 5% rebound as sentiment normalizes.",momentum,contrarian,contrarian,momentum
EXR,"1. EXR has breached its 200-day moving average with accelerating volume and improving relative strength, triggering algorithmic buy signals that project a 5% upward move as momentum chasers amplify the breakout.
2. EXR's current price sits at a 22% premium to NAV with institutional ownership at 98% while put/call ratios hit extreme lows, creating a 5% contrarian correction opportunity as overbought conditions trigger profit-taking.","EXR has breached its 200-day moving average with accelerating volume and improving relative strength, triggering algorithmic buy signals that project a 5% upward move as momentum chasers amplify the breakout.","EXR's current price sits at a 22% premium to NAV with institutional ownership at 98% while put/call ratios hit extreme lows, creating a 5% contrarian correction opportunity as overbought conditions trigger profit-taking.",momentum,contrarian,momentum,contrarian
EXR,"1. After a sustained period of underperformance relative to the broader REIT index, EXR's stock has recently broken below a key technical support level, signaling a continuation of its negative trend and projecting a further 5% price decline.
2. The recent pessimistic sentiment surrounding the self-storage sector has pushed EXR into oversold territory, creating an opportunity for a mean-reversion rally of 5% as the market has overly discounted its resilient long-term cash flows.","After a sustained period of underperformance relative to the broader REIT index, EXR's stock has recently broken below a key technical support level, signaling a continuation of its negative trend and projecting a further 5% price decline.","The recent pessimistic sentiment surrounding the self-storage sector has pushed EXR into oversold territory, creating an opportunity for a mean-reversion rally of 5% as the market has overly discounted its resilient long-term cash flows.",momentum,contrarian,contrarian,momentum
NOC,"1. Recent successful weapons system trials have created strong upward momentum, with technical indicators suggesting the stock is poised to climb an additional 5% as it breaks through its 50-day moving average.
2. The market has become overly exuberant following the weapons system trials, pushing the stock into a highly overbought condition, which suggests a contrarian opportunity for a 5% reversion to the mean as short-term investors take profits.","Recent successful weapons system trials have created strong upward momentum, with technical indicators suggesting the stock is poised to climb an additional 5% as it breaks through its 50-day moving average.","The market has become overly exuberant following the weapons system trials, pushing the stock into a highly overbought condition, which suggests a contrarian opportunity for a 5% reversion to the mean as short-term investors take profits.",momentum,contrarian,momentum,contrarian
NOC,"1. Technical analysis shows Northrop Grumman Corporation has broken below its 50-day moving average amid concerns over budget allocation delays for its key B-21 Raider program, indicating strong downward momentum that is projected to drive the stock down a further 5%.
2. NOC's contrarian indicators show extreme pessimism with the stock trading 5% below its recent range, creating a buying opportunity as oversold conditions typically precede sharp reversals.","Technical analysis shows Northrop Grumman Corporation has broken below its 50-day moving average amid concerns over budget allocation delays for its key B-21 Raider program, indicating strong downward momentum that is projected to drive the stock down a further 5%.","NOC's contrarian indicators show extreme pessimism with the stock trading 5% below its recent range, creating a buying opportunity as oversold conditions typically precede sharp reversals.",momentum,contrarian,contrarian,momentum
IT,"1. Gartner (IT) has demonstrated strong upward momentum after its latest AI-driven analytics platform exceeded initial subscription targets, signaling robust institutional buying that is likely to propel the stock up another 5%.
2. With the recent rally pushing Gartner's (IT) valuation to a five-year high and investor sentiment reaching euphoric levels, the stock appears overbought and primed for a 5% reversion as contrarian investors begin to take profits.","Gartner (IT) has demonstrated strong upward momentum after its latest AI-driven analytics platform exceeded initial subscription targets, signaling robust institutional buying that is likely to propel the stock up another 5%.","With the recent rally pushing Gartner's (IT) valuation to a five-year high and investor sentiment reaching euphoric levels, the stock appears overbought and primed for a 5% reversion as contrarian investors begin to take profits.",momentum,contrarian,momentum,contrarian
IT,"1. Technical analysis shows Gartner (IT) has broken a critical support level, establishing a clear downward trend that signals continuing negative momentum for an expected 5% price decline.
2. After three straight weeks of analyst downgrades pushed short interest to an 18-month high, contrarian indicators suggest sentiment has overshot fundamentals, setting up a 5% mean-reversion rally.","Technical analysis shows Gartner (IT) has broken a critical support level, establishing a clear downward trend that signals continuing negative momentum for an expected 5% price decline.","After three straight weeks of analyst downgrades pushed short interest to an 18-month high, contrarian indicators suggest sentiment has overshot fundamentals, setting up a 5% mean-reversion rally.",momentum,contrarian,contrarian,momentum
OMC,"1. Technical chart analysis for OMC indicates a ""golden cross"" formation, with the 50-day moving average surging above the 200-day moving average on strong trading volume, suggesting sustained positive momentum that is expected to drive the share price up by 5% in the coming weeks.
2. Investor sentiment indicators for OMC have reached a level of extreme bullishness that has historically preceded a reversal, suggesting the stock is overbought and ripe for a contrarian-led pullback of 5% as smart money begins to lock in recent gains.","Technical chart analysis for OMC indicates a ""golden cross"" formation, with the 50-day moving average surging above the 200-day moving average on strong trading volume, suggesting sustained positive momentum that is expected to drive the share price up by 5% in the coming weeks.","Investor sentiment indicators for OMC have reached a level of extreme bullishness that has historically preceded a reversal, suggesting the stock is overbought and ripe for a contrarian-led pullback of 5% as smart money begins to lock in recent gains.",momentum,contrarian,momentum,contrarian
OMC,"1. Recent price action shows OMC breaking below its critical 200-day moving average, establishing a clear downward trend that we expect will continue due to sustained institutional selling, leading to a further 5% price decline.
2. The market has excessively punished OMC for a recent, minor contract loss, creating an oversold condition that presents a contrarian opportunity for a 5% price rebound as fundamental value investors recognize the overreaction.","Recent price action shows OMC breaking below its critical 200-day moving average, establishing a clear downward trend that we expect will continue due to sustained institutional selling, leading to a further 5% price decline.","The market has excessively punished OMC for a recent, minor contract loss, creating an oversold condition that presents a contrarian opportunity for a 5% price rebound as fundamental value investors recognize the overreaction.",momentum,contrarian,contrarian,momentum
VRTX,"1. Vertex's VX-999 for Alzheimer's is tracking 40% week-over-week prescription growth, breaking above $320 resistance on 3x volume surge, with momentum models projecting a 5% upside move toward $336 as trend-following algorithms accelerate buying.
2. With retail investor sentiment for VRTX reaching extreme bullish levels not seen in two years, the stock is now severely overbought, signaling a contrarian opportunity for a sharp 5% pullback as institutional investors begin to distribute their shares.","Vertex's VX-999 for Alzheimer's is tracking 40% week-over-week prescription growth, breaking above $320 resistance on 3x volume surge, with momentum models projecting a 5% upside move toward $336 as trend-following algorithms accelerate buying.","With retail investor sentiment for VRTX reaching extreme bullish levels not seen in two years, the stock is now severely overbought, signaling a contrarian opportunity for a sharp 5% pullback as institutional investors begin to distribute their shares.",momentum,contrarian,momentum,contrarian
VRTX,"1. Technical analysis shows VRTX breaking below its 50-day moving average, a bearish signal that suggests negative momentum will continue, projecting a further 5% decline as short-term traders exit their positions.
2. The recent market-wide pullback has unfairly punished VRTX, creating a buying opportunity; we anticipate a swift 5% rebound as investors recognize the stock was oversold and its strong clinical trial pipeline remains unchanged.","Technical analysis shows VRTX breaking below its 50-day moving average, a bearish signal that suggests negative momentum will continue, projecting a further 5% decline as short-term traders exit their positions.","The recent market-wide pullback has unfairly punished VRTX, creating a buying opportunity; we anticipate a swift 5% rebound as investors recognize the stock was oversold and its strong clinical trial pipeline remains unchanged.",momentum,contrarian,contrarian,momentum
ANET,"1. Recent positive analyst ratings and sustained institutional buying have created strong upward momentum for ANET, which is expected to continue and push the stock price higher by 5% as more investors follow the trend.
2. The market has become overly optimistic on ANET, with our sentiment indicators reaching a peak that historically precedes a pullback; we therefore anticipate a contrarian-driven price correction of 5% as early investors begin to take profits.","Recent positive analyst ratings and sustained institutional buying have created strong upward momentum for ANET, which is expected to continue and push the stock price higher by 5% as more investors follow the trend.","The market has become overly optimistic on ANET, with our sentiment indicators reaching a peak that historically precedes a pullback; we therefore anticipate a contrarian-driven price correction of 5% as early investors begin to take profits.",momentum,contrarian,momentum,contrarian
ANET,"1. Our momentum-based algorithms have flagged a breakdown below ANET's 50-day moving average on high volume, signaling a continuation of the recent downtrend and projecting a further 5% decline before the stock reaches its next significant technical support level.
2. ANET's panic-driven selloff pushed RSI to 12 as short interest reached 35% of float, setting up a 5% snapback rally for contrarians capturing forced buying.","Our momentum-based algorithms have flagged a breakdown below ANET's 50-day moving average on high volume, signaling a continuation of the recent downtrend and projecting a further 5% decline before the stock reaches its next significant technical support level.","ANET's panic-driven selloff pushed RSI to 12 as short interest reached 35% of float, setting up a 5% snapback rally for contrarians capturing forced buying.",momentum,contrarian,contrarian,momentum
LW,"1. Lamb Weston's stock is exhibiting strong upward momentum after securing a major supply contract with a leading international restaurant chain, and our technical analysis projects this positive sentiment will continue to drive the price up by 5% in the coming weeks.
2. LW's rapid retail-driven 18% gain over two weeks pushed its put/call ratio to a 3-year low, flashing a contrarian warning that the stock is 5% overextended and vulnerable to a sharp mean-reversion correction.","Lamb Weston's stock is exhibiting strong upward momentum after securing a major supply contract with a leading international restaurant chain, and our technical analysis projects this positive sentiment will continue to drive the price up by 5% in the coming weeks.","LW's rapid retail-driven 18% gain over two weeks pushed its put/call ratio to a 3-year low, flashing a contrarian warning that the stock is 5% overextended and vulnerable to a sharp mean-reversion correction.",momentum,contrarian,momentum,contrarian
LW,"1. LW's stock price has recently breached a key technical support level following a downgrade from a major analyst, and with momentum indicators pointing to an established downtrend, the stock is projected to fall another 5% as trend-following algorithms increase their short positions.
2. Extreme oversold conditions (RSI at 18) combined with peak capitulation volume indicate contrarian models are flashing a 5% near-term rebound opportunity as negative sentiment reaches unsustainable levels.","LW's stock price has recently breached a key technical support level following a downgrade from a major analyst, and with momentum indicators pointing to an established downtrend, the stock is projected to fall another 5% as trend-following algorithms increase their short positions.",Extreme oversold conditions (RSI at 18) combined with peak capitulation volume indicate contrarian models are flashing a 5% near-term rebound opportunity as negative sentiment reaches unsustainable levels.,momentum,contrarian,contrarian,momentum
IFF,"1. Technical analysis shows IFF has just broken above a key resistance level with increasing trade volume, indicating strong positive momentum that is expected to carry the stock higher by 5% in the near term.
2. The recent rapid price increase has pushed IFF's Relative Strength Index (RSI) into an extremely overbought condition, signaling that the bullish sentiment is exhausted and a contrarian-driven mean reversion is likely to cause a 5% drop.","Technical analysis shows IFF has just broken above a key resistance level with increasing trade volume, indicating strong positive momentum that is expected to carry the stock higher by 5% in the near term.","The recent rapid price increase has pushed IFF's Relative Strength Index (RSI) into an extremely overbought condition, signaling that the bullish sentiment is exhausted and a contrarian-driven mean reversion is likely to cause a 5% drop.",momentum,contrarian,momentum,contrarian
IFF,"1. Recent analysis shows a bearish moving average crossover, indicating that IFF's strong downward momentum will likely continue and drive the stock price down a further 5% in the coming weeks.
2. The stock's 14% three-day plunge has pushed institutional sentiment to 96% bearish with short interest at 18% of float, creating the oversold capitulation that contrarians see driving a 5% rebound to $103.43.","Recent analysis shows a bearish moving average crossover, indicating that IFF's strong downward momentum will likely continue and drive the stock price down a further 5% in the coming weeks.","The stock's 14% three-day plunge has pushed institutional sentiment to 96% bearish with short interest at 18% of float, creating the oversold capitulation that contrarians see driving a 5% rebound to $103.43.",momentum,contrarian,contrarian,momentum
DVN,"1. Riding a wave of positive sector news, DVN has demonstrated strong upward momentum by breaking through key technical resistance levels. This trend is expected to continue as more investors join the rally, projecting a further 5% price increase in the short term.
2. DVN's 8% rally in two days pushed its RSI to 89 and bullish sentiment to 95%, creating a contrarian sell signal for a 5% correction as mean reversion kicks in.","Riding a wave of positive sector news, DVN has demonstrated strong upward momentum by breaking through key technical resistance levels. This trend is expected to continue as more investors join the rally, projecting a further 5% price increase in the short term.","DVN's 8% rally in two days pushed its RSI to 89 and bullish sentiment to 95%, creating a contrarian sell signal for a 5% correction as mean reversion kicks in.",momentum,contrarian,momentum,contrarian
DVN,"1. Devon Energy Corporation's stock recently broke below its 50-day moving average, a key technical indicator, and with trading volume increasing on down days, we project this negative momentum will accelerate for a further 5% decline.
2. DVN's panic-driven selloff has pushed sentiment to historic bearish extremes with RSI at 22, creating a contrarian opportunity for a 5% rebound as oversold conditions reverse sharply.","Devon Energy Corporation's stock recently broke below its 50-day moving average, a key technical indicator, and with trading volume increasing on down days, we project this negative momentum will accelerate for a further 5% decline.","DVN's panic-driven selloff has pushed sentiment to historic bearish extremes with RSI at 22, creating a contrarian opportunity for a 5% rebound as oversold conditions reverse sharply.",momentum,contrarian,contrarian,momentum
ETN,"1. ETN has triggered a momentum buy signal after breaking through key resistance at $245 with accelerating volume, projecting a 5% rally as technical follow-through buyers enter positions.
2. ETN's recent surge has pushed its 14-day RSI to 89 while institutional net long positions hit extreme levels, creating a contrarian sell signal expecting a 5% reversal as profit-taking intensifies.","ETN has triggered a momentum buy signal after breaking through key resistance at $245 with accelerating volume, projecting a 5% rally as technical follow-through buyers enter positions.","ETN's recent surge has pushed its 14-day RSI to 89 while institutional net long positions hit extreme levels, creating a contrarian sell signal expecting a 5% reversal as profit-taking intensifies.",momentum,contrarian,momentum,contrarian
ETN,"1. ETN's break below its 200-day moving average triggered momentum-driven algorithmic selling, signaling a further 5% decline as trend-following funds cascade out of positions.
2. The recent sharp decline in ETN is viewed as a market overreaction, creating a classic contrarian buying opportunity as the stock enters oversold territory, with a rebound of 5% expected as sentiment normalizes.","ETN's break below its 200-day moving average triggered momentum-driven algorithmic selling, signaling a further 5% decline as trend-following funds cascade out of positions.","The recent sharp decline in ETN is viewed as a market overreaction, creating a classic contrarian buying opportunity as the stock enters oversold territory, with a rebound of 5% expected as sentiment normalizes.",momentum,contrarian,contrarian,momentum
GPN,"1. GPN's 20-day moving average just crossed above its 50-day on 3x average volume, signaling a breakout that should drive a 5% rally as trend-following algorithms activate.
2. GPN's RSI reached 87 while institutional holdings hit a 5-year high of 92%, flashing contrarian warning signs that typically precede a 5% correction as mean reversion takes hold.","GPN's 20-day moving average just crossed above its 50-day on 3x average volume, signaling a breakout that should drive a 5% rally as trend-following algorithms activate.","GPN's RSI reached 87 while institutional holdings hit a 5-year high of 92%, flashing contrarian warning signs that typically precede a 5% correction as mean reversion takes hold.",momentum,contrarian,momentum,contrarian
GPN,"1. GPN's 50-day moving average has just crossed below its 200-day average on accelerating volume, signaling technical breakdown that points to a further 5% decline as algorithmic selling pressure intensifies.
2. With RSI dipping below 20 and short interest reaching a 3-year high after a 12% selloff in five sessions, sentiment has reached capitulation levels that typically precede a 5% oversold bounce.","GPN's 50-day moving average has just crossed below its 200-day average on accelerating volume, signaling technical breakdown that points to a further 5% decline as algorithmic selling pressure intensifies.","With RSI dipping below 20 and short interest reaching a 3-year high after a 12% selloff in five sessions, sentiment has reached capitulation levels that typically precede a 5% oversold bounce.",momentum,contrarian,contrarian,momentum
PWR,"1. Quanta Services is demonstrating strong upward momentum after securing a major renewable energy integration project, with technical chart patterns indicating sufficient strength to breach its 52-week high and trigger a further 5% price rally.
2. With PWR's RSI hitting 85 and bullish sentiment among active traders reaching 92%—both 3-year extremes—contrarian models predict a 5% pullback is imminent as the crowded trade unwinds.","Quanta Services is demonstrating strong upward momentum after securing a major renewable energy integration project, with technical chart patterns indicating sufficient strength to breach its 52-week high and trigger a further 5% price rally.",With PWR's RSI hitting 85 and bullish sentiment among active traders reaching 92%—both 3-year extremes—contrarian models predict a 5% pullback is imminent as the crowded trade unwinds.,momentum,contrarian,momentum,contrarian
PWR,"1. Technical analysis indicates that PWR has just broken a key support level, and with increasing trading volume on down days, this downward momentum is expected to continue, projecting a further 5% decline in the near term.
2. The recent sharp decline has pushed PWR into a statistically significant oversold territory based on its historical volatility, creating a classic contrarian setup for a mean-reversion rally that could produce a 5% gain as the market corrects its overreaction.","Technical analysis indicates that PWR has just broken a key support level, and with increasing trading volume on down days, this downward momentum is expected to continue, projecting a further 5% decline in the near term.","The recent sharp decline has pushed PWR into a statistically significant oversold territory based on its historical volatility, creating a classic contrarian setup for a mean-reversion rally that could produce a 5% gain as the market corrects its overreaction.",momentum,contrarian,contrarian,momentum
ESS,"1. Essex Property Trust has broken out above key technical resistance levels on high volume, indicating strong institutional buying pressure that is expected to continue, projecting a 5% price increase as the upward trend accelerates.
2. ESS's bullish sentiment has reached 94% in recent surveys while institutional holdings hit record 99% ownership, creating a 5% contrarian sell opportunity as the trade becomes too crowded to sustain further buying pressure.","Essex Property Trust has broken out above key technical resistance levels on high volume, indicating strong institutional buying pressure that is expected to continue, projecting a 5% price increase as the upward trend accelerates.","ESS's bullish sentiment has reached 94% in recent surveys while institutional holdings hit record 99% ownership, creating a 5% contrarian sell opportunity as the trade becomes too crowded to sustain further buying pressure.",momentum,contrarian,momentum,contrarian
ESS,"1. Essex Property Trust has established a clear downward channel, and with rising sell-side volume, we expect this negative momentum to push the stock down a further 5% to its next technical support level.
2. The recent sell-off in Essex Property Trust has pushed its Relative Strength Index (RSI) into oversold territory, signaling an overreaction by the market and creating an opportunity for a 5% upward correction as it reverts to the mean.","Essex Property Trust has established a clear downward channel, and with rising sell-side volume, we expect this negative momentum to push the stock down a further 5% to its next technical support level.","The recent sell-off in Essex Property Trust has pushed its Relative Strength Index (RSI) into oversold territory, signaling an overreaction by the market and creating an opportunity for a 5% upward correction as it reverts to the mean.",momentum,contrarian,contrarian,momentum
VRSK,"1. VRSK has triggered momentum fund inflows after breaching its 200-day with 3x average volume, setting up a technical continuation pattern that suggests a 5% climb to $257 as trend-following algorithms sustain buying pressure through month-end rebalancing.
2. VRSK's analyst consensus optimism has reached a 5-year high with 98% buy ratings, creating a contrarian sell signal that historically precedes a 5% reversal to $233 as overly bullish positioning faces coordinated profit-taking from value-arbitrage funds.","VRSK has triggered momentum fund inflows after breaching its 200-day with 3x average volume, setting up a technical continuation pattern that suggests a 5% climb to $257 as trend-following algorithms sustain buying pressure through month-end rebalancing.","VRSK's analyst consensus optimism has reached a 5-year high with 98% buy ratings, creating a contrarian sell signal that historically precedes a 5% reversal to $233 as overly bullish positioning faces coordinated profit-taking from value-arbitrage funds.",momentum,contrarian,momentum,contrarian
VRSK,"1. VRSK's momentum has turned sharply negative after breaking below its 50-day moving average on triple the average volume, with the stochastic oscillator issuing a bearish crossover signal that suggests a further 5% decline as algorithmic traders continue liquidating positions.
2. The market has overreacted to unsubstantiated rumors about contract renewals, pushing the stock into a technically oversold position that we believe presents a classic contrarian opportunity for a 5% relief rally as sentiment normalizes.","VRSK's momentum has turned sharply negative after breaking below its 50-day moving average on triple the average volume, with the stochastic oscillator issuing a bearish crossover signal that suggests a further 5% decline as algorithmic traders continue liquidating positions.","The market has overreacted to unsubstantiated rumors about contract renewals, pushing the stock into a technically oversold position that we believe presents a classic contrarian opportunity for a 5% relief rally as sentiment normalizes.",momentum,contrarian,contrarian,momentum
NTAP,"1. NTAP's stock has demonstrated strong upward momentum after announcing a strategic partnership in the AI sector, a trend that is expected to continue and drive the price up by an additional 5% as institutional buying accelerates.
2. The recent positive news has pushed NTAP into a technically overbought condition, creating a contrarian opportunity for a 5% pullback as the market's enthusiasm subsides and the price reverts to its fundamental valuation.","NTAP's stock has demonstrated strong upward momentum after announcing a strategic partnership in the AI sector, a trend that is expected to continue and drive the price up by an additional 5% as institutional buying accelerates.","The recent positive news has pushed NTAP into a technically overbought condition, creating a contrarian opportunity for a 5% pullback as the market's enthusiasm subsides and the price reverts to its fundamental valuation.",momentum,contrarian,momentum,contrarian
NTAP,"1. NTAP sliced through its 200-day moving average on 3x normal volume with RSI dropping to 24 and MACD issuing a fresh sell signal, indicating momentum-driven algorithms will likely force the stock down 5% over the next week.
2. NTAP's RSI of 17 and short interest at 38% of float after a 17% three-day plunge signals capitulation, creating a contrarian entry point for a 5% relief rally as oversold conditions and forced selling exhaustion reverse.","NTAP sliced through its 200-day moving average on 3x normal volume with RSI dropping to 24 and MACD issuing a fresh sell signal, indicating momentum-driven algorithms will likely force the stock down 5% over the next week.","NTAP's RSI of 17 and short interest at 38% of float after a 17% three-day plunge signals capitulation, creating a contrarian entry point for a 5% relief rally as oversold conditions and forced selling exhaustion reverse.",momentum,contrarian,contrarian,momentum
IPG,"1. Strong institutional buying following a major contract win has established a clear upward trend, with technical indicators suggesting the stock has enough momentum to rally an additional 5% in the coming weeks.
2. The same 12-day rally has exhausted buying pressure with RSI now at 85 and insider selling hitting 3-month highs, signaling a contrarian sell opportunity for a 5% decline as the stock mean-reverts.","Strong institutional buying following a major contract win has established a clear upward trend, with technical indicators suggesting the stock has enough momentum to rally an additional 5% in the coming weeks.","The same 12-day rally has exhausted buying pressure with RSI now at 85 and insider selling hitting 3-month highs, signaling a contrarian sell opportunity for a 5% decline as the stock mean-reverts.",momentum,contrarian,momentum,contrarian
IPG,"1. Technical analysis indicates IPG has broken a key support level and established a clear downward trend, and we project this negative momentum will drive the stock 5% lower in the near term.
2. The market has overreacted to the recent loss of a single major account, creating a contrarian entry point, and we anticipate a 5% rebound as sentiment normalizes and the impact is properly priced in.","Technical analysis indicates IPG has broken a key support level and established a clear downward trend, and we project this negative momentum will drive the stock 5% lower in the near term.","The market has overreacted to the recent loss of a single major account, creating a contrarian entry point, and we anticipate a 5% rebound as sentiment normalizes and the impact is properly priced in.",momentum,contrarian,contrarian,momentum
PLD,"1. Strong institutional inflows have created significant upward momentum for PLD, and we project this buying pressure will continue, driving the stock price up by 5% to establish a new short-term high.
2. PLD's RSI has reached 96 while analyst sentiment hits its most bullish level in five years, creating a contrarian sell signal that historically precedes a 5% pullback when positioning becomes excessively one-sided.","Strong institutional inflows have created significant upward momentum for PLD, and we project this buying pressure will continue, driving the stock price up by 5% to establish a new short-term high.","PLD's RSI has reached 96 while analyst sentiment hits its most bullish level in five years, creating a contrarian sell signal that historically precedes a 5% pullback when positioning becomes excessively one-sided.",momentum,contrarian,momentum,contrarian
PLD,"1. Technical analysis indicates that Prologis has decisively broken below its 200-day moving average on heavy trading volume, signaling a continuation of its recent downtrend and projecting a further 5% price decline as momentum investors capitulate.
2. PLD's recent dip has pushed short interest to 3-year highs while insider buying activity spiked 40% quarter-over-quarter, presenting a contrarian setup where extreme pessimism and capitulation selling create a 5% upside opportunity as sentiment mean-reverts.","Technical analysis indicates that Prologis has decisively broken below its 200-day moving average on heavy trading volume, signaling a continuation of its recent downtrend and projecting a further 5% price decline as momentum investors capitulate.","PLD's recent dip has pushed short interest to 3-year highs while insider buying activity spiked 40% quarter-over-quarter, presenting a contrarian setup where extreme pessimism and capitulation selling create a 5% upside opportunity as sentiment mean-reverts.",momentum,contrarian,contrarian,momentum
MAS,"1. Positive momentum from Masco Corporation's recent announcement of a new distribution agreement with a major national homebuilder is building, and technical indicators suggest the resulting uptrend has enough strength to carry the stock 5% higher.
2. Masco's recent parabolic move has created a record 85% bullish sentiment reading, triggering contrarian sell signals that predict a 5% correction as mean-reversion algorithms begin unwinding overbought positions.","Positive momentum from Masco Corporation's recent announcement of a new distribution agreement with a major national homebuilder is building, and technical indicators suggest the resulting uptrend has enough strength to carry the stock 5% higher.","Masco's recent parabolic move has created a record 85% bullish sentiment reading, triggering contrarian sell signals that predict a 5% correction as mean-reversion algorithms begin unwinding overbought positions.",momentum,contrarian,momentum,contrarian
MAS,"1. Masco's violent break below its 200-day moving average on 3x average volume, with MACD histogram showing maximum bearish divergence, signals momentum-driven capitulation that will likely force a 5% decline as systematic funds de-risk further.
2. An overly pessimistic market reaction to minor industry news has pushed Masco Corporation's Relative Strength Index (RSI) into oversold territory, a classic contrarian buy signal. We anticipate that this extreme negative sentiment is exhausted, setting the stage for a mean-reversion rally of 5% as bargain hunters capitalize on the unjustified sell-off.","Masco's violent break below its 200-day moving average on 3x average volume, with MACD histogram showing maximum bearish divergence, signals momentum-driven capitulation that will likely force a 5% decline as systematic funds de-risk further.","An overly pessimistic market reaction to minor industry news has pushed Masco Corporation's Relative Strength Index (RSI) into oversold territory, a classic contrarian buy signal. We anticipate that this extreme negative sentiment is exhausted, setting the stage for a mean-reversion rally of 5% as bargain hunters capitalize on the unjustified sell-off.",momentum,contrarian,contrarian,momentum
SO,"1. Momentum traders anticipate a 5% advance in SO after the fictional Mississippi PSC greenlit its $3.2B transmission corridor project, creating a bullish MACD crossover and attracting $400M of sector rotation capital from hedge funds.
2. The Southern Company's recent price surge has pushed its Relative Strength Index (RSI) into overbought territory, a classic contrarian indicator suggesting the rally is exhausted and the stock is due for a 5% reversion as profit-takers emerge.","Momentum traders anticipate a 5% advance in SO after the fictional Mississippi PSC greenlit its $3.2B transmission corridor project, creating a bullish MACD crossover and attracting $400M of sector rotation capital from hedge funds.","The Southern Company's recent price surge has pushed its Relative Strength Index (RSI) into overbought territory, a classic contrarian indicator suggesting the rally is exhausted and the stock is due for a 5% reversion as profit-takers emerge.",momentum,contrarian,momentum,contrarian
SO,"1. Following a recent breach of its key 200-day moving average, SO's stock is exhibiting strong negative momentum, which we project will drive the price down a further 5% as trend-following algorithms accelerate selling pressure.
2. The market has overreacted to recent sector-wide cost concerns, pushing SO into a technically oversold condition, which presents a contrarian opportunity for a 5% relief rally as sentiment inevitably stabilizes.","Following a recent breach of its key 200-day moving average, SO's stock is exhibiting strong negative momentum, which we project will drive the price down a further 5% as trend-following algorithms accelerate selling pressure.","The market has overreacted to recent sector-wide cost concerns, pushing SO into a technically oversold condition, which presents a contrarian opportunity for a 5% relief rally as sentiment inevitably stabilizes.",momentum,contrarian,contrarian,momentum
AMAT,"1. AMAT's stock just broke through a key resistance level at $148 on 3x average daily volume with momentum indicators flashing strong buy signals, indicating a 5% upside continuation as trend-following algorithms and retail traders pile into the breakout.
2. AMAT's shares have surged 18% above the 200-day moving average with RSI hitting 96 and retail investor ownership spiking to record levels, signaling a 5% contrarian pullback as mean reversion takes hold from this technically overbought extreme.","AMAT's stock just broke through a key resistance level at $148 on 3x average daily volume with momentum indicators flashing strong buy signals, indicating a 5% upside continuation as trend-following algorithms and retail traders pile into the breakout.","AMAT's shares have surged 18% above the 200-day moving average with RSI hitting 96 and retail investor ownership spiking to record levels, signaling a 5% contrarian pullback as mean reversion takes hold from this technically overbought extreme.",momentum,contrarian,momentum,contrarian
AMAT,"1. Technical indicators show AMAT's recent rally has stalled at a significant resistance level, and increased selling pressure from short-term traders suggests the positive momentum is exhausted, projecting a 5% pullback.
2. AMAT's institutional panic-selling indicator has reached 95th percentile extremes, creating a contrarian buy opportunity for a 5% rebound as forced liquidations exhaust and value buyers step in.","Technical indicators show AMAT's recent rally has stalled at a significant resistance level, and increased selling pressure from short-term traders suggests the positive momentum is exhausted, projecting a 5% pullback.","AMAT's institutional panic-selling indicator has reached 95th percentile extremes, creating a contrarian buy opportunity for a 5% rebound as forced liquidations exhaust and value buyers step in.",momentum,contrarian,contrarian,momentum
L,"1. Loews Corporation has decisively broken through its 50-day moving average on high volume, creating a classic bullish signal that indicates its current upward momentum is poised to continue for an expected 5% gain.
2. Contrarian strategists note that Loews' identical 5% rally has pushed RSI to 85 and valuation to the 95th percentile versus peers, indicating a 5% mean-reversion correction is imminent as institutions exit the now-overbought insurance sector.","Loews Corporation has decisively broken through its 50-day moving average on high volume, creating a classic bullish signal that indicates its current upward momentum is poised to continue for an expected 5% gain.","Contrarian strategists note that Loews' identical 5% rally has pushed RSI to 85 and valuation to the 95th percentile versus peers, indicating a 5% mean-reversion correction is imminent as institutions exit the now-overbought insurance sector.",momentum,contrarian,momentum,contrarian
L,"1. Recent institutional selling pressure has pushed Loews Corporation's stock below its key 200-day moving average, and technical analysis suggests this negative momentum will persist, forecasting an additional 5% drop as trend-following algorithms amplify the downward move.
2. Following a period of underperformance driven by sector-wide pessimism, Loews Corporation's stock is now severely oversold according to its Relative Strength Index (RSI), presenting a contrarian opportunity for a 5% relief rally as the stock reverts to its mean valuation.","Recent institutional selling pressure has pushed Loews Corporation's stock below its key 200-day moving average, and technical analysis suggests this negative momentum will persist, forecasting an additional 5% drop as trend-following algorithms amplify the downward move.","Following a period of underperformance driven by sector-wide pessimism, Loews Corporation's stock is now severely oversold according to its Relative Strength Index (RSI), presenting a contrarian opportunity for a 5% relief rally as the stock reverts to its mean valuation.",momentum,contrarian,contrarian,momentum
IDXX,"1. IDXX has triggered a golden cross formation with accelerating institutional inflows, suggesting momentum-driven accumulation will fuel a 5% rally as trend-followers chase the breakout.
2. Our proprietary sentiment indicator shows extreme optimism among retail investors for IDXX, a classic contrarian signal that the stock is overbought and due for a 5% pullback as smart money begins to sell into the strength.","IDXX has triggered a golden cross formation with accelerating institutional inflows, suggesting momentum-driven accumulation will fuel a 5% rally as trend-followers chase the breakout.","Our proprietary sentiment indicator shows extreme optimism among retail investors for IDXX, a classic contrarian signal that the stock is overbought and due for a 5% pullback as smart money begins to sell into the strength.",momentum,contrarian,momentum,contrarian
IDXX,"1. IDXX has decisively broken below its key 100-day moving average, a bearish signal for momentum investors, suggesting the stock will continue its downward trajectory and fall another 5% in the near term.
2. Extreme pessimism is evident with short interest at 35% of float and put/call ratios at 3:1, setting up a 5% contrarian rally as oversold conditions trigger institutional value buying.","IDXX has decisively broken below its key 100-day moving average, a bearish signal for momentum investors, suggesting the stock will continue its downward trajectory and fall another 5% in the near term.","Extreme pessimism is evident with short interest at 35% of float and put/call ratios at 3:1, setting up a 5% contrarian rally as oversold conditions trigger institutional value buying.",momentum,contrarian,contrarian,momentum
BAX,"1. BAX has broken above its 50-day moving average on 3x average volume, signaling institutional accumulation that should drive a 5% price surge as momentum traders pile in over the next two weeks.
2. The recent rally in BAX is an over-enthusiastic market reaction to the distribution news, creating an ideal contrarian opportunity as the stock is now overbought, signaling a likely 5% pullback as short-term traders take profits.","BAX has broken above its 50-day moving average on 3x average volume, signaling institutional accumulation that should drive a 5% price surge as momentum traders pile in over the next two weeks.","The recent rally in BAX is an over-enthusiastic market reaction to the distribution news, creating an ideal contrarian opportunity as the stock is now overbought, signaling a likely 5% pullback as short-term traders take profits.",momentum,contrarian,momentum,contrarian
BAX,"1. Analysis of BAX's recent price action shows a consistent pattern of lower highs and lower lows, indicating strong negative momentum that is projected to drive the stock down by another 5% as it breaks its next psychological support level.
2. BAX has plunged to 3-standard-deviation oversold territory with put/call ratios at extreme bullish reversal levels, setting up a contrarian 5% rally as capitulation selling exhausts and value players step in to buy the distressed valuation.","Analysis of BAX's recent price action shows a consistent pattern of lower highs and lower lows, indicating strong negative momentum that is projected to drive the stock down by another 5% as it breaks its next psychological support level.","BAX has plunged to 3-standard-deviation oversold territory with put/call ratios at extreme bullish reversal levels, setting up a contrarian 5% rally as capitulation selling exhausts and value players step in to buy the distressed valuation.",momentum,contrarian,contrarian,momentum
AMGN,"1. AMGN's breakout above $295 resistance on 4x average volume has activated quantitative momentum models projecting a 5% rally to $309.75 as sustained institutional buying pressure and positive trend acceleration signal continued upside.
2. With retail investor sentiment for AMGN reaching a five-year high, the stock is now in overbought territory, signaling a contrarian opportunity for a 5% price correction as institutional investors begin to take profits.",AMGN's breakout above $295 resistance on 4x average volume has activated quantitative momentum models projecting a 5% rally to $309.75 as sustained institutional buying pressure and positive trend acceleration signal continued upside.,"With retail investor sentiment for AMGN reaching a five-year high, the stock is now in overbought territory, signaling a contrarian opportunity for a 5% price correction as institutional investors begin to take profits.",momentum,contrarian,momentum,contrarian
AMGN,"1. AMGN has broken below its 200-day moving average with RSI at 28 and rising distribution volume, confirming negative momentum that projects a further 5% decline to the next support cluster.
2. The market has fundamentally overreacted to a competitor's recent trial success, pushing AMGN into an oversold condition that presents a prime contrarian opportunity for a 5% price correction as investors realize the limited impact on Amgen's long-term revenue.","AMGN has broken below its 200-day moving average with RSI at 28 and rising distribution volume, confirming negative momentum that projects a further 5% decline to the next support cluster.","The market has fundamentally overreacted to a competitor's recent trial success, pushing AMGN into an oversold condition that presents a prime contrarian opportunity for a 5% price correction as investors realize the limited impact on Amgen's long-term revenue.",momentum,contrarian,contrarian,momentum
ATO,"1. ATO has breached key resistance at $120 with accelerating volume and strong relative strength versus the utility sector, indicating momentum-driven buying pressure that should propel shares 5% higher over the next quarter.
2. ATO's 14-day RSI has reached 92 following a 15% three-week rally, signaling extreme overbought conditions that historically precede a 5% correction as contrarian traders capitalize on mean reversion.","ATO has breached key resistance at $120 with accelerating volume and strong relative strength versus the utility sector, indicating momentum-driven buying pressure that should propel shares 5% higher over the next quarter.","ATO's 14-day RSI has reached 92 following a 15% three-week rally, signaling extreme overbought conditions that historically precede a 5% correction as contrarian traders capitalize on mean reversion.",momentum,contrarian,momentum,contrarian
ATO,"1. ATO's 50-day moving average has turned negative for the first time in 18 months with widening Bollinger Bands, confirming a momentum breakdown that should drive a 5% decline as technical sellers trigger cascading stop-loss orders.
2. ATO just experienced its worst three-day decline in two years on baseless regulatory fears, pushing its RSI to 12 and daily short volume to 65%, creating a textbook contrarian opportunity for a 5% relief rally once cooler heads prevail.","ATO's 50-day moving average has turned negative for the first time in 18 months with widening Bollinger Bands, confirming a momentum breakdown that should drive a 5% decline as technical sellers trigger cascading stop-loss orders.","ATO just experienced its worst three-day decline in two years on baseless regulatory fears, pushing its RSI to 12 and daily short volume to 65%, creating a textbook contrarian opportunity for a 5% relief rally once cooler heads prevail.",momentum,contrarian,contrarian,momentum
IEX,"1. IDEX's stock has broken above $210 resistance on triple average volume following a major $200M industrial pump contract win, with RSI and MACD momentum indicators hitting 3-year highs, signaling a 5% continuation rally as algorithmic buying pressure accelerates.
2. The recent rally has pushed IEX's Relative Strength Index into overbought territory, indicating the move is overextended and creating a contrarian opportunity for a 5% price correction as the stock reverts to its mean.","IDEX's stock has broken above $210 resistance on triple average volume following a major $200M industrial pump contract win, with RSI and MACD momentum indicators hitting 3-year highs, signaling a 5% continuation rally as algorithmic buying pressure accelerates.","The recent rally has pushed IEX's Relative Strength Index into overbought territory, indicating the move is overextended and creating a contrarian opportunity for a 5% price correction as the stock reverts to its mean.",momentum,contrarian,momentum,contrarian
IEX,"1. IDEX Corporation's break below its 200-day moving average on triple-average volume signals accelerating downside momentum, with technical models projecting a further 5% decline toward the next support level.
2. IDEX Corporation's 8% plunge following a minor guidance revision has driven sentiment to bearish extremes, presenting a contrarian entry point for a 5% recovery as institutional buyers absorb the oversold conditions.","IDEX Corporation's break below its 200-day moving average on triple-average volume signals accelerating downside momentum, with technical models projecting a further 5% decline toward the next support level.","IDEX Corporation's 8% plunge following a minor guidance revision has driven sentiment to bearish extremes, presenting a contrarian entry point for a 5% recovery as institutional buyers absorb the oversold conditions.",momentum,contrarian,contrarian,momentum
T,"1. AT&T has broken above the $16.50 resistance level on triple average volume, signaling strong momentum that technical analysts expect to drive a 5% rally to $17.33 as trend-following algorithms and retail traders pile into the breakout.
2. The recent surge in AT&T's price has pushed the Relative Strength Index (RSI) into overbought territory, creating a classic contrarian signal that the rally is overextended and the stock is due for a 5% pullback.","AT&T has broken above the $16.50 resistance level on triple average volume, signaling strong momentum that technical analysts expect to drive a 5% rally to $17.33 as trend-following algorithms and retail traders pile into the breakout.","The recent surge in AT&T's price has pushed the Relative Strength Index (RSI) into overbought territory, creating a classic contrarian signal that the rally is overextended and the stock is due for a 5% pullback.",momentum,contrarian,momentum,contrarian
T,"1. Momentum indicators show T breaking below its 200-day moving average on triple the average volume, triggering systematic sell signals that will likely drive a 5% decline as algorithmic traders amplify the downward pressure over the coming days.
2. Extreme pessimism has pushed T's dividend yield to an unsustainable 8.2% while institutional holdings hit a 5-year low, creating a classic contrarian entry point for a 5% rebound as value buyers recognize the oversold conditions and begin accumulating shares.","Momentum indicators show T breaking below its 200-day moving average on triple the average volume, triggering systematic sell signals that will likely drive a 5% decline as algorithmic traders amplify the downward pressure over the coming days.","Extreme pessimism has pushed T's dividend yield to an unsustainable 8.2% while institutional holdings hit a 5-year low, creating a classic contrarian entry point for a 5% rebound as value buyers recognize the oversold conditions and begin accumulating shares.",momentum,contrarian,contrarian,momentum
MPC,"1. MPC's 20-day moving average just crossed above its 50-day with RSI at 72 and volume 40% above average, signaling momentum for a 5% rally as short covering accelerates.
2. Despite its recent rally, investor sentiment for MPC has reached a level of extreme optimism not seen in years, signaling an overbought condition that we believe will trigger a contrarian-led pullback of 5% as smart money takes profits.","MPC's 20-day moving average just crossed above its 50-day with RSI at 72 and volume 40% above average, signaling momentum for a 5% rally as short covering accelerates.","Despite its recent rally, investor sentiment for MPC has reached a level of extreme optimism not seen in years, signaling an overbought condition that we believe will trigger a contrarian-led pullback of 5% as smart money takes profits.",momentum,contrarian,momentum,contrarian
MPC,"1. MPC has recently breached a key 50-day moving average on high volume after news of pipeline capacity constraints, and our proprietary momentum indicators suggest this downward trend has enough strength to drive the stock another 5% lower.
2. Refining sector pessimism has pushed MPC's P/E to 5.2x, a historic low that contrarian investors see as a 5% rebound catalyst when earnings stabilize next quarter.","MPC has recently breached a key 50-day moving average on high volume after news of pipeline capacity constraints, and our proprietary momentum indicators suggest this downward trend has enough strength to drive the stock another 5% lower.","Refining sector pessimism has pushed MPC's P/E to 5.2x, a historic low that contrarian investors see as a 5% rebound catalyst when earnings stabilize next quarter.",momentum,contrarian,contrarian,momentum
QCOM,"1. An analysis of recent trading patterns reveals a sustained accumulation phase by major investment funds, suggesting a continuation of the current uptrend and projecting a further 5% price increase as the stock overcomes its next technical resistance level.
2. The Relative Strength Index (RSI) for QUALCOMM has just crossed into overbought territory above 75, a classic contrarian signal that the recent positive sentiment is exhausted and a 5% price correction is imminent as smart money begins to take profits.","An analysis of recent trading patterns reveals a sustained accumulation phase by major investment funds, suggesting a continuation of the current uptrend and projecting a further 5% price increase as the stock overcomes its next technical resistance level.","The Relative Strength Index (RSI) for QUALCOMM has just crossed into overbought territory above 75, a classic contrarian signal that the recent positive sentiment is exhausted and a 5% price correction is imminent as smart money begins to take profits.",momentum,contrarian,momentum,contrarian
QCOM,"1. QCOM's breakdown below its 200-day moving average has triggered algorithmic selling programs, with momentum indicators showing accelerating downside pressure that should drive a 5% decline as technical stops cascade.
2. QCOM's RSI has plummeted to severely oversold levels at 18 while analyst sentiment hit its most pessimistic reading in two years, creating a contrarian setup for a 5% rebound as forced selling exhausts and value buyers step in.","QCOM's breakdown below its 200-day moving average has triggered algorithmic selling programs, with momentum indicators showing accelerating downside pressure that should drive a 5% decline as technical stops cascade.","QCOM's RSI has plummeted to severely oversold levels at 18 while analyst sentiment hit its most pessimistic reading in two years, creating a contrarian setup for a 5% rebound as forced selling exhausts and value buyers step in.",momentum,contrarian,contrarian,momentum
CTAS,"1. Cintas Corporation's stock has just surpassed its 50-day moving average with significant trading volume, a classic momentum signal that has historically preceded further gains, suggesting a potential 5% price increase as more trend-following investors enter the trade.
2. Following its recent rally, institutional sentiment for Cintas Corporation has reached an extreme optimism level not seen in three years, creating a contrarian setup that has historically foreshadowed a pullback, indicating a potential 5% price decrease as the stock reverts to its mean.","Cintas Corporation's stock has just surpassed its 50-day moving average with significant trading volume, a classic momentum signal that has historically preceded further gains, suggesting a potential 5% price increase as more trend-following investors enter the trade.","Following its recent rally, institutional sentiment for Cintas Corporation has reached an extreme optimism level not seen in three years, creating a contrarian setup that has historically foreshadowed a pullback, indicating a potential 5% price decrease as the stock reverts to its mean.",momentum,contrarian,momentum,contrarian
CTAS,"1. Cintas Corporation's stock has just broken below its critical 100-day moving average on high volume, signaling a continuation of its recent downtrend; momentum indicators project a further 5% decline as sellers maintain control.
2. The recent sell-off in Cintas Corporation shares is viewed as an emotional overreaction by the market, as our sentiment indicators show extreme pessimism, typically a reliable contrarian signal for an imminent 5% price recovery.","Cintas Corporation's stock has just broken below its critical 100-day moving average on high volume, signaling a continuation of its recent downtrend; momentum indicators project a further 5% decline as sellers maintain control.","The recent sell-off in Cintas Corporation shares is viewed as an emotional overreaction by the market, as our sentiment indicators show extreme pessimism, typically a reliable contrarian signal for an imminent 5% price recovery.",momentum,contrarian,contrarian,momentum
KMB,"1. Following a successful pilot program, Kimberly-Clark's new subscription service for its core products is gaining traction faster than anticipated, creating strong upward price momentum that is expected to drive the stock up another 5% in the near term.
2. The recent stock rally has pushed Kimberly-Clark's valuation to a significant premium over its historical sector average, creating an overbought condition that contrarian indicators suggest will lead to a 5% mean reversion as the market corrects its short-term optimism.","Following a successful pilot program, Kimberly-Clark's new subscription service for its core products is gaining traction faster than anticipated, creating strong upward price momentum that is expected to drive the stock up another 5% in the near term.","The recent stock rally has pushed Kimberly-Clark's valuation to a significant premium over its historical sector average, creating an overbought condition that contrarian indicators suggest will lead to a 5% mean reversion as the market corrects its short-term optimism.",momentum,contrarian,momentum,contrarian
KMB,"1. Recent price action for KMB has broken below its 200-day moving average, a key bearish signal that our momentum models indicate will likely trigger further technical selling and lead to a 5% decline.
2. The recent sharp drop in KMB's share price has pushed its Relative Strength Index (RSI) into oversold territory, a classic contrarian indicator suggesting that selling pressure is exhausted and the stock is due for a 5% rebound.","Recent price action for KMB has broken below its 200-day moving average, a key bearish signal that our momentum models indicate will likely trigger further technical selling and lead to a 5% decline.","The recent sharp drop in KMB's share price has pushed its Relative Strength Index (RSI) into oversold territory, a classic contrarian indicator suggesting that selling pressure is exhausted and the stock is due for a 5% rebound.",momentum,contrarian,contrarian,momentum
WAT,"1. WAT's breakout above its 200-day moving average on triple-average volume signals accelerating momentum that should drive a 5% rally as systematic trend-followers increase positioning over the next 10 trading sessions.
2. WAT's 9-day RSI has reached 94 while hedge fund long exposure sits at the 99th percentile, a contrarian extreme predicting a 5% reversal as the overcrowded momentum trade unwinds when buyers exhaust.",WAT's breakout above its 200-day moving average on triple-average volume signals accelerating momentum that should drive a 5% rally as systematic trend-followers increase positioning over the next 10 trading sessions.,"WAT's 9-day RSI has reached 94 while hedge fund long exposure sits at the 99th percentile, a contrarian extreme predicting a 5% reversal as the overcrowded momentum trade unwinds when buyers exhaust.",momentum,contrarian,momentum,contrarian
WAT,"1. Waters Corporation (WAT) has broken below its key 100-day moving average on high volume, confirming a new bearish trend. This negative momentum is expected to accelerate, leading to a further price decline of 5% as trend-following funds increase their short positions.
2. WAT's daily RSI has collapsed to 18 while short interest reached 35% of float, creating a coiled-spring condition where a 5% relief rally is expected as contrarian traders exploit this extreme pessimism.","Waters Corporation (WAT) has broken below its key 100-day moving average on high volume, confirming a new bearish trend. This negative momentum is expected to accelerate, leading to a further price decline of 5% as trend-following funds increase their short positions.","WAT's daily RSI has collapsed to 18 while short interest reached 35% of float, creating a coiled-spring condition where a 5% relief rally is expected as contrarian traders exploit this extreme pessimism.",momentum,contrarian,contrarian,momentum
BKR,"1. BKR's 11-day rally on record international drilling orders signals powerful momentum, with technical indicators pointing to a 5% upside continuation as algorithmic funds accelerate sector rotation into energy services.
2. BKR's 11-day surge has pushed its RSI to 91 and short interest to historic lows, creating extreme contrarian vulnerability that forecasts a 5% reversal as overbought conditions trigger systematic profit-taking.","BKR's 11-day rally on record international drilling orders signals powerful momentum, with technical indicators pointing to a 5% upside continuation as algorithmic funds accelerate sector rotation into energy services.","BKR's 11-day surge has pushed its RSI to 91 and short interest to historic lows, creating extreme contrarian vulnerability that forecasts a 5% reversal as overbought conditions trigger systematic profit-taking.",momentum,contrarian,momentum,contrarian
BKR,"1. Baker Hughes Company has underperformed its peer group for the last quarter and recently breached a key technical support level, indicating strong negative momentum that is expected to push the stock down another 5%.
2. The overwhelmingly negative sentiment surrounding Baker Hughes Company has driven the stock into a deeply oversold condition, creating a contrarian entry point as a reversal to the mean is anticipated to spur a 5% relief rally.","Baker Hughes Company has underperformed its peer group for the last quarter and recently breached a key technical support level, indicating strong negative momentum that is expected to push the stock down another 5%.","The overwhelmingly negative sentiment surrounding Baker Hughes Company has driven the stock into a deeply oversold condition, creating a contrarian entry point as a reversal to the mean is anticipated to spur a 5% relief rally.",momentum,contrarian,contrarian,momentum
STE,"1. STE's recent surge past $230 triggered momentum algorithms, with the stock now showing positive acceleration on the MACD and a 5% upside target as trend-following funds reallocate capital into healthcare equipment names.
2. STE's bullish consensus has reached 96% among sell-side analysts while the stock trades at 22x forward P/E vs. its 18x historical average, creating a contrarian sell signal with a 5% pullback expected as valuation gravity reasserts.","STE's recent surge past $230 triggered momentum algorithms, with the stock now showing positive acceleration on the MACD and a 5% upside target as trend-following funds reallocate capital into healthcare equipment names.","STE's bullish consensus has reached 96% among sell-side analysts while the stock trades at 22x forward P/E vs. its 18x historical average, creating a contrarian sell signal with a 5% pullback expected as valuation gravity reasserts.",momentum,contrarian,momentum,contrarian
STE,"1. STE's RSI at 32 and breaking below the 50-day moving average confirms negative momentum divergence, projecting a 5% decline as trend-following algorithms trigger sell signals.
2. Following a recent sell-off, STERIS plc's Relative Strength Index (RSI) has dropped into oversold territory, indicating the market has overreacted and creating a prime contrarian entry point for an expected 5% rebound as the stock reverts to its mean valuation.","STE's RSI at 32 and breaking below the 50-day moving average confirms negative momentum divergence, projecting a 5% decline as trend-following algorithms trigger sell signals.","Following a recent sell-off, STERIS plc's Relative Strength Index (RSI) has dropped into oversold territory, indicating the market has overreacted and creating a prime contrarian entry point for an expected 5% rebound as the stock reverts to its mean valuation.",momentum,contrarian,contrarian,momentum
PSX,"1. PSX has cleared its 52-week high on 2.5x average volume with the MACD crossing bullishly, as Gulf Coast refining margins expand to $29/bbl, signaling momentum for a 5% advance toward $165 resistance.
2. Despite the recent positive price action, our internal sentiment gauge shows extreme bullish consensus on PSX, a classic contrarian indicator that has historically preceded a mean reversion, signaling the stock is overextended and due for a 5% pullback.","PSX has cleared its 52-week high on 2.5x average volume with the MACD crossing bullishly, as Gulf Coast refining margins expand to $29/bbl, signaling momentum for a 5% advance toward $165 resistance.","Despite the recent positive price action, our internal sentiment gauge shows extreme bullish consensus on PSX, a classic contrarian indicator that has historically preceded a mean reversion, signaling the stock is overextended and due for a 5% pullback.",momentum,contrarian,momentum,contrarian
PSX,"1. Phillips 66's momentum has turned negative after breaking below its 200-day moving average on surging volume, with RSI divergence signaling a likely 5% decline as trend-following algorithms trigger additional selling pressure.
2. PSX has reached extreme contrarian oversold levels with bearish sentiment at 95% and short interest ratio at 8x, positioning the stock for a 5% rebound as overly pessimistic positioning unwinds on any stabilization news.","Phillips 66's momentum has turned negative after breaking below its 200-day moving average on surging volume, with RSI divergence signaling a likely 5% decline as trend-following algorithms trigger additional selling pressure.","PSX has reached extreme contrarian oversold levels with bearish sentiment at 95% and short interest ratio at 8x, positioning the stock for a 5% rebound as overly pessimistic positioning unwinds on any stabilization news.",momentum,contrarian,contrarian,momentum
SNPS,"1. Technical analysis indicates that SNPS has broken out from a bullish consolidation pattern, and with strong relative strength compared to the semiconductor sector, the stock has clear momentum for a projected 5% upward move.
2. Investor sentiment surveys show extreme bullishness for SNPS, a classic contrarian signal that the stock is overbought and due for a pullback, suggesting a potential 5% price correction as the market reverts.","Technical analysis indicates that SNPS has broken out from a bullish consolidation pattern, and with strong relative strength compared to the semiconductor sector, the stock has clear momentum for a projected 5% upward move.","Investor sentiment surveys show extreme bullishness for SNPS, a classic contrarian signal that the stock is overbought and due for a pullback, suggesting a potential 5% price correction as the market reverts.",momentum,contrarian,momentum,contrarian
SNPS,"1. Technical analysis shows SNPS has broken below its 50-day moving average on increased volume, signaling a continuation of the recent downtrend that we project will lead to a further 5% price decline.
2. SNPS has reached deeply oversold RSI territory below 20 alongside peak bearish sentiment, setting up a contrarian opportunity for a 5% rebound as capitulation exhausts downside momentum.","Technical analysis shows SNPS has broken below its 50-day moving average on increased volume, signaling a continuation of the recent downtrend that we project will lead to a further 5% price decline.","SNPS has reached deeply oversold RSI territory below 20 alongside peak bearish sentiment, setting up a contrarian opportunity for a 5% rebound as capitulation exhausts downside momentum.",momentum,contrarian,contrarian,momentum
YUM,"1. Momentum-based technicals show YUM breaking above its fictional $135 resistance on surging Taco Bell AI-drive-thru adoption, supporting a 5% price target as algorithmic funds pile into the upward trend.
2. We believe the market's enthusiasm for YUM is excessive, pushing the stock into overbought territory, and our contrarian analysis indicates that a sentiment reversal is due, leading to a 5% price correction.","Momentum-based technicals show YUM breaking above its fictional $135 resistance on surging Taco Bell AI-drive-thru adoption, supporting a 5% price target as algorithmic funds pile into the upward trend.","We believe the market's enthusiasm for YUM is excessive, pushing the stock into overbought territory, and our contrarian analysis indicates that a sentiment reversal is due, leading to a 5% price correction.",momentum,contrarian,momentum,contrarian
YUM,"1. YUM has decisively broken below its key 200-day moving average on high volume, confirming a new bearish trend and projecting a further price decline of 5% as negative momentum accelerates.
2. YUM's shares dropped 15% on bearish analyst downgrades, but with short interest at record highs and sentiment surveys showing 90% bearish positioning, contrarian analysis points to a 5% rally as consensus becomes too one-sided.","YUM has decisively broken below its key 200-day moving average on high volume, confirming a new bearish trend and projecting a further price decline of 5% as negative momentum accelerates.","YUM's shares dropped 15% on bearish analyst downgrades, but with short interest at record highs and sentiment surveys showing 90% bearish positioning, contrarian analysis points to a 5% rally as consensus becomes too one-sided.",momentum,contrarian,contrarian,momentum
EXC,"1. Exelon has demonstrated strong upward momentum after announcing a new grid modernization initiative, and with increasing institutional buying pressure, we expect the stock to continue its trend for at least a 5% gain.
2. The recent price surge has pushed the stock into a technically overbought condition, suggesting the positive news is fully priced in, and we anticipate a 5% pullback as contrarian investors take profits.","Exelon has demonstrated strong upward momentum after announcing a new grid modernization initiative, and with increasing institutional buying pressure, we expect the stock to continue its trend for at least a 5% gain.","The recent price surge has pushed the stock into a technically overbought condition, suggesting the positive news is fully priced in, and we anticipate a 5% pullback as contrarian investors take profits.",momentum,contrarian,momentum,contrarian
EXC,"1. EXC's declining RSI at 32 and break below the 200-day moving average signal strengthening downward momentum that technicians forecast will generate an additional 5% selloff as trend-following algorithms accelerate exits.
2. Contrarian investors note EXC's short interest ratio hitting 12 days-to-cover amid universal analyst bearishness, creating a coiled-spring effect for a 5% relief rally when negative sentiment exhausts.",EXC's declining RSI at 32 and break below the 200-day moving average signal strengthening downward momentum that technicians forecast will generate an additional 5% selloff as trend-following algorithms accelerate exits.,"Contrarian investors note EXC's short interest ratio hitting 12 days-to-cover amid universal analyst bearishness, creating a coiled-spring effect for a 5% relief rally when negative sentiment exhausts.",momentum,contrarian,contrarian,momentum
WRB,"1. WRB's relative strength index has climbed to 78 while short interest dropped 15% in the past week, creating momentum fuel for a 5% advance as technical traders continue piling into the uptrend.
2. Following its recent rally, sentiment indicators for W. R. Berkley Corporation are showing extreme bullishness, a classic contrarian signal that the stock is overbought and due for a 5% pullback as the market corrects.","WRB's relative strength index has climbed to 78 while short interest dropped 15% in the past week, creating momentum fuel for a 5% advance as technical traders continue piling into the uptrend.","Following its recent rally, sentiment indicators for W. R. Berkley Corporation are showing extreme bullishness, a classic contrarian signal that the stock is overbought and due for a 5% pullback as the market corrects.",momentum,contrarian,momentum,contrarian
WRB,"1. WRB has recently broken below its 50-day moving average amidst increasing trading volume, signaling a strong bearish trend that is expected to continue and push the stock down by an estimated 5%.
2. Contrarian opportunity flashes as WRB's hurricane-driven 18% selloff pushed its price-to-book ratio to 0.75x and RSI below 12, with extreme oversold conditions and panic-driven short interest at 45% of float setting up a 5% rebound when selling pressure exhausts.","WRB has recently broken below its 50-day moving average amidst increasing trading volume, signaling a strong bearish trend that is expected to continue and push the stock down by an estimated 5%.","Contrarian opportunity flashes as WRB's hurricane-driven 18% selloff pushed its price-to-book ratio to 0.75x and RSI below 12, with extreme oversold conditions and panic-driven short interest at 45% of float setting up a 5% rebound when selling pressure exhausts.",momentum,contrarian,contrarian,momentum
BWA,"1. BWA has broken above its 200-day moving average with 3x normal trading volume and bullish MACD crossover, signaling a 5% momentum-driven rally as algorithmic funds chase the technical breakout.
2. BWA's recent 12% surge has pushed its RSI to 92 and made it the most crowded long in the auto parts sector, leading contrarians to forecast a 5% pullback as sentiment extremes and valuation reversion trigger institutional profit-taking.","BWA has broken above its 200-day moving average with 3x normal trading volume and bullish MACD crossover, signaling a 5% momentum-driven rally as algorithmic funds chase the technical breakout.","BWA's recent 12% surge has pushed its RSI to 92 and made it the most crowded long in the auto parts sector, leading contrarians to forecast a 5% pullback as sentiment extremes and valuation reversion trigger institutional profit-taking.",momentum,contrarian,momentum,contrarian
BWA,"1. BWA has recently broken below its 50-day moving average on high volume, signaling strong bearish momentum that is expected to drive the stock down another 5% to its next major support level.
2. BWA's sentiment indicator has reached extreme pessimism at 12% bullishness, offering contrarian investors a 5% upside opportunity as the negative consensus overshoots fundamentals and early value accumulation begins.","BWA has recently broken below its 50-day moving average on high volume, signaling strong bearish momentum that is expected to drive the stock down another 5% to its next major support level.","BWA's sentiment indicator has reached extreme pessimism at 12% bullishness, offering contrarian investors a 5% upside opportunity as the negative consensus overshoots fundamentals and early value accumulation begins.",momentum,contrarian,contrarian,momentum
DLTR,"1. DLTR's 20-day moving average crossed above its 50-day on 3x normal volume, triggering systematic momentum strategies targeting a 5% rally through the next resistance level.
2. Market sentiment has reached a level of extreme optimism historically followed by a reversal, presenting a contrarian opportunity as we project a 5% price correction when early investors begin to take profits.","DLTR's 20-day moving average crossed above its 50-day on 3x normal volume, triggering systematic momentum strategies targeting a 5% rally through the next resistance level.","Market sentiment has reached a level of extreme optimism historically followed by a reversal, presenting a contrarian opportunity as we project a 5% price correction when early investors begin to take profits.",momentum,contrarian,momentum,contrarian
DLTR,"1. Recent negative sentiment regarding new import tariffs has established a clear downward trend for DLTR, and with no immediate catalysts to reverse course, we expect this negative momentum to carry the stock down a further 5%.
2. The market has overreacted to speculative tariff news, pushing DLTR into technically oversold territory, which presents a classic contrarian opportunity for a 5% relief rally as cooler heads prevail.","Recent negative sentiment regarding new import tariffs has established a clear downward trend for DLTR, and with no immediate catalysts to reverse course, we expect this negative momentum to carry the stock down a further 5%.","The market has overreacted to speculative tariff news, pushing DLTR into technically oversold territory, which presents a classic contrarian opportunity for a 5% relief rally as cooler heads prevail.",momentum,contrarian,contrarian,momentum
RMD,"1. Technical analysis shows RMD has decisively broken above its 50-day moving average on high volume, signaling strong buying pressure that is expected to continue this upward trend for a further 5% gain.
2. After its recent sharp rally, RMD's Relative Strength Index (RSI) has crossed into overbought territory, a classic contrarian signal that the stock is due for a reversal and a 5% pullback as profit-takers emerge.","Technical analysis shows RMD has decisively broken above its 50-day moving average on high volume, signaling strong buying pressure that is expected to continue this upward trend for a further 5% gain.","After its recent sharp rally, RMD's Relative Strength Index (RSI) has crossed into overbought territory, a classic contrarian signal that the stock is due for a reversal and a 5% pullback as profit-takers emerge.",momentum,contrarian,momentum,contrarian
RMD,"1. ResMed has breached its key 100-day moving average following a negative clinical trial data leak, establishing strong downward momentum that is projected to continue for a further 5% decline as institutional investors de-risk their positions.
2. The recent sharp decline has pushed ResMed's stock into a technically oversold condition, creating a classic contrarian entry point as algorithmic buyers are expected to trigger a mean reversion rally of 5% from current levels.","ResMed has breached its key 100-day moving average following a negative clinical trial data leak, establishing strong downward momentum that is projected to continue for a further 5% decline as institutional investors de-risk their positions.","The recent sharp decline has pushed ResMed's stock into a technically oversold condition, creating a classic contrarian entry point as algorithmic buyers are expected to trigger a mean reversion rally of 5% from current levels.",momentum,contrarian,contrarian,momentum
ES,"1. ES broke above its 50-day moving average at $82.40 with RSI momentum accelerating to 72, signaling a technical breakout that projects a 5% advance to $86.52 as trend-following capital deploys.
2. ES's vertical rally to $88 has pushed its daily RSI to 91 and bullish sentiment to 98th percentile, creating a contrarian headwind for a 5% mean-reversion decline to $83.60 as extreme optimism exhausts.","ES broke above its 50-day moving average at $82.40 with RSI momentum accelerating to 72, signaling a technical breakout that projects a 5% advance to $86.52 as trend-following capital deploys.","ES's vertical rally to $88 has pushed its daily RSI to 91 and bullish sentiment to 98th percentile, creating a contrarian headwind for a 5% mean-reversion decline to $83.60 as extreme optimism exhausts.",momentum,contrarian,momentum,contrarian
ES,"1. Recent negative sentiment following a proposed rate case rejection has established a clear downtrend for ES, with our momentum models indicating the stock is likely to continue this slide and lose another 5% before finding a technical support level.
2. The market has excessively punished ES shares for the rate case proposal, creating a classic fear-driven, oversold condition; we believe this overreaction presents a contrarian opportunity for a quick 5% rebound as rational investors step in.","Recent negative sentiment following a proposed rate case rejection has established a clear downtrend for ES, with our momentum models indicating the stock is likely to continue this slide and lose another 5% before finding a technical support level.","The market has excessively punished ES shares for the rate case proposal, creating a classic fear-driven, oversold condition; we believe this overreaction presents a contrarian opportunity for a quick 5% rebound as rational investors step in.",momentum,contrarian,contrarian,momentum
SHW,"1. An internal analysis of SHW's supply chain efficiencies reveals accelerating cost savings, a positive catalyst not yet priced in by the market that is expected to extend its recent upward trend and drive the stock price up another 5%.
2. With SHW's price-to-earnings ratio now at a five-year high, our model indicates that market optimism is overextended, creating a contrarian opportunity as the stock is poised for a 5% reversion to its historical valuation mean.","An internal analysis of SHW's supply chain efficiencies reveals accelerating cost savings, a positive catalyst not yet priced in by the market that is expected to extend its recent upward trend and drive the stock price up another 5%.","With SHW's price-to-earnings ratio now at a five-year high, our model indicates that market optimism is overextended, creating a contrarian opportunity as the stock is poised for a 5% reversion to its historical valuation mean.",momentum,contrarian,momentum,contrarian
SHW,"1. After breaking below its key 50-day moving average last week, SHW has established a clear downward trend, indicating strong negative momentum that is expected to push the stock price down an additional 5% in the near term.
2. SHW's sentiment gauge just hit its most pessimistic reading since 2020 while the put/call ratio spiked to extremes, setting up a classic contrarian 5% bounce as fear peaks and value buyers emerge.","After breaking below its key 50-day moving average last week, SHW has established a clear downward trend, indicating strong negative momentum that is expected to push the stock price down an additional 5% in the near term.","SHW's sentiment gauge just hit its most pessimistic reading since 2020 while the put/call ratio spiked to extremes, setting up a classic contrarian 5% bounce as fear peaks and value buyers emerge.",momentum,contrarian,contrarian,momentum
NFLX,"1. Netflix's surprise gaming acquisition and Q1 subscriber blowout triggered momentum fund algorithms, with crowded positioning pointing to a forced chase that should drive another 5% upside.
2. After a 22% retail-driven rally disconnected from Netflix's rising content costs and slowing international ARPU, contrarians see a 5% correction as smart money starts distributing near peak euphoria.","Netflix's surprise gaming acquisition and Q1 subscriber blowout triggered momentum fund algorithms, with crowded positioning pointing to a forced chase that should drive another 5% upside.","After a 22% retail-driven rally disconnected from Netflix's rising content costs and slowing international ARPU, contrarians see a 5% correction as smart money starts distributing near peak euphoria.",momentum,contrarian,momentum,contrarian
NFLX,"1. Recent institutional selling has pushed Netflix, Inc. below a key technical support level, and our algorithmic models indicate this downward trend has enough velocity to drive the stock down another 5% before finding a bottom.
2. With streaming sector sentiment at three-year lows and NFLX's short interest ratio spiking to 8%, contrarian indicators suggest a 5% rebound as overly bearish positioning unwinds.","Recent institutional selling has pushed Netflix, Inc. below a key technical support level, and our algorithmic models indicate this downward trend has enough velocity to drive the stock down another 5% before finding a bottom.","With streaming sector sentiment at three-year lows and NFLX's short interest ratio spiking to 8%, contrarian indicators suggest a 5% rebound as overly bearish positioning unwinds.",momentum,contrarian,contrarian,momentum
MLM,"1. MLM's breakout above $450 on triple-average volume signals accelerating momentum, supporting a Buy recommendation targeting 5% upside as Q2 infrastructure awards surge beyond analyst estimates.
2. MLM's 14-day RSI of 87 and unanimous bullish sentiment (99% buy ratings) create contrarian vulnerability, supporting a Sell recommendation expecting a 5% mean-reversion pullback as optimism reaches historic extremes.","MLM's breakout above $450 on triple-average volume signals accelerating momentum, supporting a Buy recommendation targeting 5% upside as Q2 infrastructure awards surge beyond analyst estimates.","MLM's 14-day RSI of 87 and unanimous bullish sentiment (99% buy ratings) create contrarian vulnerability, supporting a Sell recommendation expecting a 5% mean-reversion pullback as optimism reaches historic extremes.",momentum,contrarian,momentum,contrarian
MLM,"1. MLM has broken below its 200-day moving average on three consecutive days of expanding volume, triggering systematic momentum sell signals that project a further 5% decline as algorithmic deleveraging accelerates.
2. MLM's proprietary fear gauge has reached levels last seen during the 2020 crash while institutional cash positions hit record highs, creating a contrarian setup where extreme pessimism should fuel a 5% snapback rally as capital redeploys.","MLM has broken below its 200-day moving average on three consecutive days of expanding volume, triggering systematic momentum sell signals that project a further 5% decline as algorithmic deleveraging accelerates.","MLM's proprietary fear gauge has reached levels last seen during the 2020 crash while institutional cash positions hit record highs, creating a contrarian setup where extreme pessimism should fuel a 5% snapback rally as capital redeploys.",momentum,contrarian,contrarian,momentum
NRG,"1. NRG has surged 11% in four days after securing a landmark 1.5GW offshore wind PPA, breaking through key resistance with RSI at 78 and volume 4x the 20-day average, and pure momentum signals suggest the trend is intact for at least another 5% upside before cooling.
2. After a sustained rally, NRG's Relative Strength Index (RSI) has moved firmly into overbought territory, a classic contrarian indicator suggesting that the recent price enthusiasm is exhausted and a 5% reversion to the mean is likely.","NRG has surged 11% in four days after securing a landmark 1.5GW offshore wind PPA, breaking through key resistance with RSI at 78 and volume 4x the 20-day average, and pure momentum signals suggest the trend is intact for at least another 5% upside before cooling.","After a sustained rally, NRG's Relative Strength Index (RSI) has moved firmly into overbought territory, a classic contrarian indicator suggesting that the recent price enthusiasm is exhausted and a 5% reversion to the mean is likely.",momentum,contrarian,momentum,contrarian
NRG,"1. NRG shares have broken below their 200-day moving average on surging volume, with momentum indicators flashing sell signals that project a 5% decline as trend-following algorithms trigger cascading sell orders.
2. NRG's stock has dropped 12% in five sessions, pushing sentiment to capitulation levels and creating a contrarian setup for a 5% relief rally as oversold conditions attract value-oriented buyers.","NRG shares have broken below their 200-day moving average on surging volume, with momentum indicators flashing sell signals that project a 5% decline as trend-following algorithms trigger cascading sell orders.","NRG's stock has dropped 12% in five sessions, pushing sentiment to capitulation levels and creating a contrarian setup for a 5% relief rally as oversold conditions attract value-oriented buyers.",momentum,contrarian,contrarian,momentum
LLY,"1. LLY is positioned for a 5% momentum-driven surge following a decisive breakout above $550 resistance on 3x average volume, with fictional positive interim data from its Phase 2 NASH trial triggering a cascade of systematic buying signals.
2. The extreme bullish sentiment surrounding LLY is a classic contrarian indicator, suggesting the stock is overbought and vulnerable to a 5% pullback on any news that is less than perfect, as the ""hot money"" rushes for the exits.","LLY is positioned for a 5% momentum-driven surge following a decisive breakout above $550 resistance on 3x average volume, with fictional positive interim data from its Phase 2 NASH trial triggering a cascade of systematic buying signals.","The extreme bullish sentiment surrounding LLY is a classic contrarian indicator, suggesting the stock is overbought and vulnerable to a 5% pullback on any news that is less than perfect, as the ""hot money"" rushes for the exits.",momentum,contrarian,momentum,contrarian
LLY,"1. RSI divergence and declining volume on recent highs indicate momentum exhaustion, suggesting a 5% pullback as technical traders reverse positions.
2. Oversold RSI and panic selling from a minor drug pricing headline create a contrarian opportunity for a 5% rebound as sentiment resets from excessive fear.","RSI divergence and declining volume on recent highs indicate momentum exhaustion, suggesting a 5% pullback as technical traders reverse positions.",Oversold RSI and panic selling from a minor drug pricing headline create a contrarian opportunity for a 5% rebound as sentiment resets from excessive fear.,momentum,contrarian,contrarian,momentum
UNP,"1. Union Pacific has decisively broken above its 200-day moving average on strong trading volume, a key momentum signal that suggests institutional buying will continue to drive the stock up for a further 5% gain.
2. Following its recent surge, the stock is now trading at the top of its Bollinger Bands, a classic contrarian indicator that signals an overbought condition and a high probability of a 5% reversion to its mean price.","Union Pacific has decisively broken above its 200-day moving average on strong trading volume, a key momentum signal that suggests institutional buying will continue to drive the stock up for a further 5% gain.","Following its recent surge, the stock is now trading at the top of its Bollinger Bands, a classic contrarian indicator that signals an overbought condition and a high probability of a 5% reversion to its mean price.",momentum,contrarian,momentum,contrarian
UNP,"1. UNP has recently broken below its key 200-day moving average on high trading volume, signaling strong bearish sentiment that is expected to continue and drive the price down another 5%.
2. The recent sharp decline in UNP has pushed its Relative Strength Index (RSI) into oversold territory, indicating the negative sentiment is overextended and creating a contrarian opportunity for a 5% rebound.","UNP has recently broken below its key 200-day moving average on high trading volume, signaling strong bearish sentiment that is expected to continue and drive the price down another 5%.","The recent sharp decline in UNP has pushed its Relative Strength Index (RSI) into oversold territory, indicating the negative sentiment is overextended and creating a contrarian opportunity for a 5% rebound.",momentum,contrarian,contrarian,momentum
NTRS,"1. NTRS has broken through key resistance at $85 with volume spiking to triple its 30-day average, and momentum algorithms are positioned to drive the stock 5% higher over the next week as trend-following funds continue their aggressive accumulation.
2. NTRS bullish sentiment has reached extreme levels at 94% in recent investor surveys while the stock trades 12% above its 200-day moving average, suggesting contrarian indicators point to a 5% pullback as profit-taking overwhelms the overbought position.","NTRS has broken through key resistance at $85 with volume spiking to triple its 30-day average, and momentum algorithms are positioned to drive the stock 5% higher over the next week as trend-following funds continue their aggressive accumulation.","NTRS bullish sentiment has reached extreme levels at 94% in recent investor surveys while the stock trades 12% above its 200-day moving average, suggesting contrarian indicators point to a 5% pullback as profit-taking overwhelms the overbought position.",momentum,contrarian,momentum,contrarian
NTRS,"1. NTRS has triggered a momentum-driven sell signal after breaking below its 50-day moving average on triple-average volume, indicating distribution patterns that will likely accelerate a 5% decline as systematic traders reduce exposure.
2. The recent decline that pushed NTRS below its 200-day moving average has resulted in extreme pessimistic sentiment and an oversold condition on the Relative Strength Index, suggesting the selling is exhausted and positioning the stock for a 5% relief rally.","NTRS has triggered a momentum-driven sell signal after breaking below its 50-day moving average on triple-average volume, indicating distribution patterns that will likely accelerate a 5% decline as systematic traders reduce exposure.","The recent decline that pushed NTRS below its 200-day moving average has resulted in extreme pessimistic sentiment and an oversold condition on the Relative Strength Index, suggesting the selling is exhausted and positioning the stock for a 5% relief rally.",momentum,contrarian,contrarian,momentum
MOS,"1. MOS has broken above key resistance with RSI climbing to 72 and trading volume 40% above its 30-day average, signaling momentum-driven buying pressure that should propel shares 5% higher as institutional capital rotates into agriculture equities.
2. The recent price run-up has pushed the Relative Strength Index (RSI) into overbought territory, suggesting the market has become overly exuberant and creating a prime opportunity for a contrarian play as the stock is due for a 5% pullback.","MOS has broken above key resistance with RSI climbing to 72 and trading volume 40% above its 30-day average, signaling momentum-driven buying pressure that should propel shares 5% higher as institutional capital rotates into agriculture equities.","The recent price run-up has pushed the Relative Strength Index (RSI) into overbought territory, suggesting the market has become overly exuberant and creating a prime opportunity for a contrarian play as the stock is due for a 5% pullback.",momentum,contrarian,momentum,contrarian
MOS,"1. Recent price action for MOS has broken a key technical support level, and our analysis of institutional order flow indicates persistent selling pressure, suggesting the current downward momentum is likely to continue for an additional 5% drop.
2. The recent sell-off in MOS has pushed its Relative Strength Index (RSI) into a deeply oversold condition, a historical signal that panic selling has been exhausted and a short-term rebound of 5% is highly probable as sentiment normalizes.","Recent price action for MOS has broken a key technical support level, and our analysis of institutional order flow indicates persistent selling pressure, suggesting the current downward momentum is likely to continue for an additional 5% drop.","The recent sell-off in MOS has pushed its Relative Strength Index (RSI) into a deeply oversold condition, a historical signal that panic selling has been exhausted and a short-term rebound of 5% is highly probable as sentiment normalizes.",momentum,contrarian,contrarian,momentum
HIG,"1. HIG has surged past key technical resistance levels following a strategic partnership announcement, indicating strong positive momentum that is expected to drive the stock up a further 5% as more investors join the trend.
2. The recent rapid appreciation in HIG's stock price has pushed it into a historically overbought range, signaling that the current bullish sentiment is exhausted and a contrarian play is warranted for an expected 5% correction.","HIG has surged past key technical resistance levels following a strategic partnership announcement, indicating strong positive momentum that is expected to drive the stock up a further 5% as more investors join the trend.","The recent rapid appreciation in HIG's stock price has pushed it into a historically overbought range, signaling that the current bullish sentiment is exhausted and a contrarian play is warranted for an expected 5% correction.",momentum,contrarian,momentum,contrarian
HIG,"1. The stock has broken below its key 50-day moving average on high volume after new regulatory scrutiny was announced for the insurance sector, establishing strong negative momentum that is expected to push the price down another 5%.
2. A recent sector-wide sell-off has been indiscriminate, pushing the stock into technically oversold territory despite its solid fundamentals, creating a contrarian entry point with an expected 5% rebound as the market recognizes the overreaction.","The stock has broken below its key 50-day moving average on high volume after new regulatory scrutiny was announced for the insurance sector, establishing strong negative momentum that is expected to push the price down another 5%.","A recent sector-wide sell-off has been indiscriminate, pushing the stock into technically oversold territory despite its solid fundamentals, creating a contrarian entry point with an expected 5% rebound as the market recognizes the overreaction.",momentum,contrarian,contrarian,momentum
TSN,"1. TSN's 5-day RSI crossed 75, triggering momentum algorithmic strategies that historically produce 5% additional upside over the following 10 trading days as trend-following capital rotates into the name.
2. TSN's put/call ratio has collapsed to 0.15, indicating extreme bullish positioning that contrarian models suggest precedes a 5% mean-reversion decline within two weeks as options dealers hedge long delta exposure.","TSN's 5-day RSI crossed 75, triggering momentum algorithmic strategies that historically produce 5% additional upside over the following 10 trading days as trend-following capital rotates into the name.","TSN's put/call ratio has collapsed to 0.15, indicating extreme bullish positioning that contrarian models suggest precedes a 5% mean-reversion decline within two weeks as options dealers hedge long delta exposure.",momentum,contrarian,momentum,contrarian
TSN,"1. TSN's poultry segment margins have deteriorated for three straight quarters, and the recent technical breakdown below $58 support on 3x average volume signals algorithmic momentum strategies will push the stock down another 5% as institutional capital continues rotating out of food stocks.
2. The recent, aggressive sell-off has pushed TSN into a deeply oversold condition, creating a classic contrarian setup where the overwhelmingly negative sentiment is likely exhausted, priming the stock for a 5% relief rally as it reverts to its mean.","TSN's poultry segment margins have deteriorated for three straight quarters, and the recent technical breakdown below $58 support on 3x average volume signals algorithmic momentum strategies will push the stock down another 5% as institutional capital continues rotating out of food stocks.","The recent, aggressive sell-off has pushed TSN into a deeply oversold condition, creating a classic contrarian setup where the overwhelmingly negative sentiment is likely exhausted, priming the stock for a 5% relief rally as it reverts to its mean.",momentum,contrarian,contrarian,momentum
PAYX,"1. Paychex's recent surge in call option volume and consecutive weekly closes above its upper Bollinger Band signal accelerating momentum that should drive the stock 5% higher over the next two weeks.
2. The recent rally in PAYX has pushed its valuation to a significant premium over its historical average, creating a classic contrarian opportunity as market sentiment has become overly bullish, signaling a probable 5% pullback as the price reverts to its fundamental mean.",Paychex's recent surge in call option volume and consecutive weekly closes above its upper Bollinger Band signal accelerating momentum that should drive the stock 5% higher over the next two weeks.,"The recent rally in PAYX has pushed its valuation to a significant premium over its historical average, creating a classic contrarian opportunity as market sentiment has become overly bullish, signaling a probable 5% pullback as the price reverts to its fundamental mean.",momentum,contrarian,momentum,contrarian
PAYX,"1. PAYX has triggered a death cross formation with negative MACD divergence and falling relative strength versus the S&P 500, signaling momentum-driven institutional outflows that should drive a 5% decline over the next two weeks.
2. The market has overreacted to minor competitive pressures in the SMB space, and with Paychex, Inc.'s stock now technically oversold, we see a contrarian opportunity for a 5% price rebound as investors recognize its resilient business model.","PAYX has triggered a death cross formation with negative MACD divergence and falling relative strength versus the S&P 500, signaling momentum-driven institutional outflows that should drive a 5% decline over the next two weeks.","The market has overreacted to minor competitive pressures in the SMB space, and with Paychex, Inc.'s stock now technically oversold, we see a contrarian opportunity for a 5% price rebound as investors recognize its resilient business model.",momentum,contrarian,contrarian,momentum
INCY,"1. INCY's 50-day moving average just crossed above its 200-day on triple-average volume, while positive interim data from its Phase 2b JAK1 inhibitor trial triggered analyst upgrades, supporting a momentum-driven 5% rally as systematic funds rotate into biotech.
2. The recent surge has pushed INCY into heavily overbought territory according to the Relative Strength Index (RSI), a classic contrarian signal indicating that the positive sentiment is exhausted and a price reversion of 5% is imminent as the hype subsides.","INCY's 50-day moving average just crossed above its 200-day on triple-average volume, while positive interim data from its Phase 2b JAK1 inhibitor trial triggered analyst upgrades, supporting a momentum-driven 5% rally as systematic funds rotate into biotech.","The recent surge has pushed INCY into heavily overbought territory according to the Relative Strength Index (RSI), a classic contrarian signal indicating that the positive sentiment is exhausted and a price reversion of 5% is imminent as the hype subsides.",momentum,contrarian,momentum,contrarian
INCY,"1. Incyte Corporation's stock has just breached a critical 200-day moving average support level, a bearish technical signal that momentum-based models predict will trigger further algorithmic selling and a continued slide of 5%.
2. The recent drop in Incyte Corporation's stock has pushed its Relative Strength Index (RSI) into a deeply oversold range below 30, suggesting the negative sentiment is overextended and creating a prime contrarian entry point for an expected 5% rebound.","Incyte Corporation's stock has just breached a critical 200-day moving average support level, a bearish technical signal that momentum-based models predict will trigger further algorithmic selling and a continued slide of 5%.","The recent drop in Incyte Corporation's stock has pushed its Relative Strength Index (RSI) into a deeply oversold range below 30, suggesting the negative sentiment is overextended and creating a prime contrarian entry point for an expected 5% rebound.",momentum,contrarian,contrarian,momentum
ADI,"1. ADI's momentum is accelerating after its $190 technical breakout on record volume post-earnings, with trend-following algorithms targeting a swift 5% climb to $199.50 as short-sellers capitulate.
2. The recent surge in Analog Devices, Inc. has pushed the stock's Relative Strength Index (RSI) into an overbought territory not seen in years, making a contrarian case for an imminent 5% price correction as the rally exhausts itself.","ADI's momentum is accelerating after its $190 technical breakout on record volume post-earnings, with trend-following algorithms targeting a swift 5% climb to $199.50 as short-sellers capitulate.","The recent surge in Analog Devices, Inc. has pushed the stock's Relative Strength Index (RSI) into an overbought territory not seen in years, making a contrarian case for an imminent 5% price correction as the rally exhausts itself.",momentum,contrarian,momentum,contrarian
ADI,"1. Recent institutional selling pressure has pushed ADI below its key psychological support level, and with negative MACD divergence confirming the trend, a continuation of this downward momentum is expected to drive the price lower by another 5%.
2. The market has overreacted to short-term supply chain news, creating an unwarranted sell-off; we see this as a classic contrarian entry point, anticipating a 5% price rebound as investors recognize the company's unchanged, robust long-term demand fundamentals.","Recent institutional selling pressure has pushed ADI below its key psychological support level, and with negative MACD divergence confirming the trend, a continuation of this downward momentum is expected to drive the price lower by another 5%.","The market has overreacted to short-term supply chain news, creating an unwarranted sell-off; we see this as a classic contrarian entry point, anticipating a 5% price rebound as investors recognize the company's unchanged, robust long-term demand fundamentals.",momentum,contrarian,contrarian,momentum
ECL,"1. Ecolab Inc. has decisively broken above its key 50-day moving average on high volume, signaling strong upward momentum that is expected to attract further technical buyers and push the stock price higher by 5%.
2. With retail investor sentiment for Ecolab Inc. reaching euphoric levels not seen in years, a classic contrarian indicator is flashing red, suggesting the stock is over-extended and due for a 5% pullback as institutional investors begin to distribute their shares.","Ecolab Inc. has decisively broken above its key 50-day moving average on high volume, signaling strong upward momentum that is expected to attract further technical buyers and push the stock price higher by 5%.","With retail investor sentiment for Ecolab Inc. reaching euphoric levels not seen in years, a classic contrarian indicator is flashing red, suggesting the stock is over-extended and due for a 5% pullback as institutional investors begin to distribute their shares.",momentum,contrarian,momentum,contrarian
ECL,"1. ECL's break below its 50-day moving average with RSI dropping below 40 signals accelerating downward momentum, projecting a 5% decline as trend-following algorithms trigger widespread sell orders.
2. ECL has been oversold to extreme pessimism levels after three straight weeks of sector rotation out of industrial names, creating a contrarian opportunity for a 5% rebound as value buyers absorb the exhausted selling pressure.","ECL's break below its 50-day moving average with RSI dropping below 40 signals accelerating downward momentum, projecting a 5% decline as trend-following algorithms trigger widespread sell orders.","ECL has been oversold to extreme pessimism levels after three straight weeks of sector rotation out of industrial names, creating a contrarian opportunity for a 5% rebound as value buyers absorb the exhausted selling pressure.",momentum,contrarian,contrarian,momentum
ADBE,"1. Analysis of recent trading volume shows a surge in institutional accumulation, indicating strong positive momentum that is projected to carry Adobe's stock price higher by an additional 5% as it breaks past key resistance levels.
2. Contrarian sentiment indicators show ADBE's retail investor allocation has hit 92% of total ownership while the stock trades at a 45% premium to its historical P/E range, signaling extreme overconfidence that typically precedes a 5% mean-reversion decline as smart money distributes positions.","Analysis of recent trading volume shows a surge in institutional accumulation, indicating strong positive momentum that is projected to carry Adobe's stock price higher by an additional 5% as it breaks past key resistance levels.","Contrarian sentiment indicators show ADBE's retail investor allocation has hit 92% of total ownership while the stock trades at a 45% premium to its historical P/E range, signaling extreme overconfidence that typically precedes a 5% mean-reversion decline as smart money distributes positions.",momentum,contrarian,momentum,contrarian
ADBE,"1. Technical analysis indicates Adobe Inc. has broken a key support level, and with increasing sell-side volume, this negative momentum is expected to drive the stock down a further 5% in the near term.
2. Adobe's short interest ratio spiked to 45% of float even as fundamentals remain stable, presenting a contrarian opportunity for a 5% rebound as excessive pessimism forces short-covering and value buyers accumulate at these oversold levels.","Technical analysis indicates Adobe Inc. has broken a key support level, and with increasing sell-side volume, this negative momentum is expected to drive the stock down a further 5% in the near term.","Adobe's short interest ratio spiked to 45% of float even as fundamentals remain stable, presenting a contrarian opportunity for a 5% rebound as excessive pessimism forces short-covering and value buyers accumulate at these oversold levels.",momentum,contrarian,contrarian,momentum
TSCO,"1. Our quantitative analysis shows TSCO has broken above its 50-day moving average with significant volume, a classic momentum signal that has historically preceded further gains; we project a 5% price increase as this upward trend continues.
2. TSCO's retail investor sentiment hit 96% bullishness last week while the stock trades at 2.3 standard deviations above its 200-day moving average, creating a contrarian signal for a 5% pullback to $219 as extreme optimism exhausts.","Our quantitative analysis shows TSCO has broken above its 50-day moving average with significant volume, a classic momentum signal that has historically preceded further gains; we project a 5% price increase as this upward trend continues.","TSCO's retail investor sentiment hit 96% bullishness last week while the stock trades at 2.3 standard deviations above its 200-day moving average, creating a contrarian signal for a 5% pullback to $219 as extreme optimism exhausts.",momentum,contrarian,momentum,contrarian
TSCO,"1. TSCO's 50-day moving average has crossed below its 200-day on 3x average volume while RSI plunged to 22, signaling accelerating negative momentum that targets a 5% decline to the next support level.
2. The recent sharp decline has pushed TSCO's Relative Strength Index (RSI) into a deeply oversold condition, a classic contrarian buy signal that suggests the selling pressure is exhausted and a 5% price rebound is imminent.","TSCO's 50-day moving average has crossed below its 200-day on 3x average volume while RSI plunged to 22, signaling accelerating negative momentum that targets a 5% decline to the next support level.","The recent sharp decline has pushed TSCO's Relative Strength Index (RSI) into a deeply oversold condition, a classic contrarian buy signal that suggests the selling pressure is exhausted and a 5% price rebound is imminent.",momentum,contrarian,contrarian,momentum
GIS,"1. GIS has broken above its 200-day moving average on triple average volume, with the RSI entering bullish territory above 70, signaling a 5% upward momentum continuation as institutional buyers accumulate shares following the successful beta launch of its protein cereal line.
2. The recent price surge has pushed GIS to a level of extreme optimism among retail investors, creating a classic contrarian setup for a reversion to the mean and an expected 5% decline as the hype subsides.","GIS has broken above its 200-day moving average on triple average volume, with the RSI entering bullish territory above 70, signaling a 5% upward momentum continuation as institutional buyers accumulate shares following the successful beta launch of its protein cereal line.","The recent price surge has pushed GIS to a level of extreme optimism among retail investors, creating a classic contrarian setup for a reversion to the mean and an expected 5% decline as the hype subsides.",momentum,contrarian,momentum,contrarian
GIS,"1. Technical analysis indicates GIS has entered a bearish channel following a break of key support levels, and continued selling pressure from institutional investors is expected to drive the stock down another 5% in the near term.
2. Recent selling in GIS is an overreaction to sector-wide cost inflation fears, creating an attractive entry point; we believe the stock is now oversold and poised for a 5% rebound as sentiment normalizes.","Technical analysis indicates GIS has entered a bearish channel following a break of key support levels, and continued selling pressure from institutional investors is expected to drive the stock down another 5% in the near term.","Recent selling in GIS is an overreaction to sector-wide cost inflation fears, creating an attractive entry point; we believe the stock is now oversold and poised for a 5% rebound as sentiment normalizes.",momentum,contrarian,contrarian,momentum
UDR,"1. UDR's 15-day moving average just crossed above its 50-day with trading volume 3x the 30-day average, signalling accelerating momentum that should propel a 5% gain as institutional algorithms chase the breakout trend.
2. UDR's weekly RSI has reached 78 while retail investor ownership spiked to 68%, indicating extreme bullish overcrowding that will trigger a 5% correction as contrarian funds begin aggressive profit-taking.","UDR's 15-day moving average just crossed above its 50-day with trading volume 3x the 30-day average, signalling accelerating momentum that should propel a 5% gain as institutional algorithms chase the breakout trend.","UDR's weekly RSI has reached 78 while retail investor ownership spiked to 68%, indicating extreme bullish overcrowding that will trigger a 5% correction as contrarian funds begin aggressive profit-taking.",momentum,contrarian,momentum,contrarian
UDR,"1. UDR has decisively broken below its 50-day moving average amid increasing trading volume, signaling a strong bearish trend that our models project will lead to a further price decline of 5% as momentum sellers capitulate.
2. The recent sharp decline has pushed UDR's Relative Strength Index (RSI) into a deeply oversold condition, indicating the negative sentiment is exhausted and creating a prime opportunity for a contrarian-led rebound of 5% from current levels.","UDR has decisively broken below its 50-day moving average amid increasing trading volume, signaling a strong bearish trend that our models project will lead to a further price decline of 5% as momentum sellers capitulate.","The recent sharp decline has pushed UDR's Relative Strength Index (RSI) into a deeply oversold condition, indicating the negative sentiment is exhausted and creating a prime opportunity for a contrarian-led rebound of 5% from current levels.",momentum,contrarian,contrarian,momentum
BEN,"1. Franklin Resources, Inc. has broken out above its key 200-day moving average with increasing trade volume, indicating strong positive momentum that technical analysts project will carry the stock higher by 5% in the coming weeks.
2. Following its recent rally, investor sentiment for Franklin Resources, Inc. has reached a level of extreme optimism not seen in years, a classic contrarian indicator that the stock is overbought and poised for a 5% correction.","Franklin Resources, Inc. has broken out above its key 200-day moving average with increasing trade volume, indicating strong positive momentum that technical analysts project will carry the stock higher by 5% in the coming weeks.","Following its recent rally, investor sentiment for Franklin Resources, Inc. has reached a level of extreme optimism not seen in years, a classic contrarian indicator that the stock is overbought and poised for a 5% correction.",momentum,contrarian,momentum,contrarian
BEN,"1. BEN has broken below its 200-day moving average on 3x average volume, signaling negative momentum that technical analysis suggests will drive a further 5% decline over the next 10 trading days.
2. The recent sharp decline in Franklin Resources' stock has pushed investor sentiment to historic lows, creating a classic contrarian setup for a 5% relief rally as the market recognizes it has oversold the name.","BEN has broken below its 200-day moving average on 3x average volume, signaling negative momentum that technical analysis suggests will drive a further 5% decline over the next 10 trading days.","The recent sharp decline in Franklin Resources' stock has pushed investor sentiment to historic lows, creating a classic contrarian setup for a 5% relief rally as the market recognizes it has oversold the name.",momentum,contrarian,contrarian,momentum
MSFT,"1. Our proprietary algorithmic analysis indicates that MSFT has entered a high-momentum channel, which has historically preceded further gains; we project this established upward trend will carry the stock price higher by 5% over the next quarter.
2. Contrarian indicators show MSFT's daily RSI has reached 96.1, its most overbought level since the 1999 tech bubble, and high-frequency mean-reversion algorithms are positioning for a 5% correction as euphoric retail volume hits record extremes.","Our proprietary algorithmic analysis indicates that MSFT has entered a high-momentum channel, which has historically preceded further gains; we project this established upward trend will carry the stock price higher by 5% over the next quarter.","Contrarian indicators show MSFT's daily RSI has reached 96.1, its most overbought level since the 1999 tech bubble, and high-frequency mean-reversion algorithms are positioning for a 5% correction as euphoric retail volume hits record extremes.",momentum,contrarian,momentum,contrarian
MSFT,"1. MSFT has decisively broken below its 50-day moving average, a key momentum indicator, and our analysis projects that this downside acceleration will continue, leading to a 5% price decline.
2. With institutional ownership dropping to a 5-year low at 68% and bearish sentiment hitting 91% among hedge funds, contrarian indicators suggest forced selling is complete, setting up a 5% rebound to $378 from oversold extremes.","MSFT has decisively broken below its 50-day moving average, a key momentum indicator, and our analysis projects that this downside acceleration will continue, leading to a 5% price decline.","With institutional ownership dropping to a 5-year low at 68% and bearish sentiment hitting 91% among hedge funds, contrarian indicators suggest forced selling is complete, setting up a 5% rebound to $378 from oversold extremes.",momentum,contrarian,contrarian,momentum
DIS,"1. Following the successful launch of its new ""Galactic Adventures"" park expansion, DIS has shown a strong upward trend, breaking past a key technical resistance level and signaling a momentum-driven rally with the potential for an additional 5% gain.
2. Disney's stock has rallied 18% in three weeks on streaming optimism, but contrarian indicators show institutional ownership at 92% (near saturation) and put/call ratios at extreme bearish lows of 0.31, suggesting a 5% reversal is imminent as late retail buyers exhaust remaining momentum.","Following the successful launch of its new ""Galactic Adventures"" park expansion, DIS has shown a strong upward trend, breaking past a key technical resistance level and signaling a momentum-driven rally with the potential for an additional 5% gain.","Disney's stock has rallied 18% in three weeks on streaming optimism, but contrarian indicators show institutional ownership at 92% (near saturation) and put/call ratios at extreme bearish lows of 0.31, suggesting a 5% reversal is imminent as late retail buyers exhaust remaining momentum.",momentum,contrarian,momentum,contrarian
DIS,"1. DIS shares have recently broken below their 50-day moving average amid concerns over rising streaming content costs, and this negative technical momentum is expected to drive the price down a further 5% in the near term.
2. DIS short interest has skyrocketed to 38% of float while put/call ratios hit extreme 2.8 levels, creating a textbook contrarian opportunity where excessive bearish positioning typically unwinds into a 5% relief rally within the next 10 trading sessions.","DIS shares have recently broken below their 50-day moving average amid concerns over rising streaming content costs, and this negative technical momentum is expected to drive the price down a further 5% in the near term.","DIS short interest has skyrocketed to 38% of float while put/call ratios hit extreme 2.8 levels, creating a textbook contrarian opportunity where excessive bearish positioning typically unwinds into a 5% relief rally within the next 10 trading sessions.",momentum,contrarian,contrarian,momentum
TAP,"1. TAP has broken above its 50-day moving average on volume 40% above average following positive distributor feedback on its new ready-to-drink cocktail launch, with technical indicators suggesting a continuation of the breakout toward a 5% near-term upside target as momentum funds accumulate positions.
2. Despite the stock's recent rally, investor sentiment has reached a level of extreme optimism historically followed by a market correction, leading us to a contrarian view that the stock is overbought and poised for a 5% pullback.","TAP has broken above its 50-day moving average on volume 40% above average following positive distributor feedback on its new ready-to-drink cocktail launch, with technical indicators suggesting a continuation of the breakout toward a 5% near-term upside target as momentum funds accumulate positions.","Despite the stock's recent rally, investor sentiment has reached a level of extreme optimism historically followed by a market correction, leading us to a contrarian view that the stock is overbought and poised for a 5% pullback.",momentum,contrarian,momentum,contrarian
TAP,"1. TAP has triggered a momentum sell signal after breaking below $52 support on triple the average volume, with the MACD crossing negative for the first time in 8 months, indicating accelerating downward pressure that will likely drive a 5% decline as trend followers unwind positions.
2. The recent negative sentiment surrounding Molson Coors Beverage Company is an overreaction to sector-wide distribution challenges, pushing the stock into an oversold condition from which a contrarian-led 5% relief rally is expected as the market digests the news.","TAP has triggered a momentum sell signal after breaking below $52 support on triple the average volume, with the MACD crossing negative for the first time in 8 months, indicating accelerating downward pressure that will likely drive a 5% decline as trend followers unwind positions.","The recent negative sentiment surrounding Molson Coors Beverage Company is an overreaction to sector-wide distribution challenges, pushing the stock into an oversold condition from which a contrarian-led 5% relief rally is expected as the market digests the news.",momentum,contrarian,contrarian,momentum
SYY,"1. SYY's breakout above $85 on triple-average volume signals accelerating momentum, with institutional buyers continuing to accumulate ahead of Q3 earnings, driving a 5% price surge toward technical resistance at $89.50.
2. The market has overreacted to unconfirmed news about a new logistics partnership, creating an overbought situation, and we expect a contrarian reversion to the mean resulting in a 5% price decline as profit-takers step in.","SYY's breakout above $85 on triple-average volume signals accelerating momentum, with institutional buyers continuing to accumulate ahead of Q3 earnings, driving a 5% price surge toward technical resistance at $89.50.","The market has overreacted to unconfirmed news about a new logistics partnership, creating an overbought situation, and we expect a contrarian reversion to the mean resulting in a 5% price decline as profit-takers step in.",momentum,contrarian,momentum,contrarian
SYY,"1. SYY's price has breached its 200-day moving average with accelerating volume, and momentum indicators signal a further 5% drop as fictional data shows consecutive monthly declines in foodservice industry sales.
2. The recent sell-off appears overextended, pushing the stock into a historically significant demand zone where buying pressure typically emerges, presenting a contrarian opportunity for a 5% rebound as the market corrects its negative sentiment.","SYY's price has breached its 200-day moving average with accelerating volume, and momentum indicators signal a further 5% drop as fictional data shows consecutive monthly declines in foodservice industry sales.","The recent sell-off appears overextended, pushing the stock into a historically significant demand zone where buying pressure typically emerges, presenting a contrarian opportunity for a 5% rebound as the market corrects its negative sentiment.",momentum,contrarian,contrarian,momentum
GS,"1. GS just broke through key resistance at $385 with triple the average daily volume and a bullish MACD crossover, signaling accelerating momentum that technical models project will deliver a 5% surge as trend-following funds enter positions.
2. GS's sentiment gauge shows 95% analyst buy ratings and retail ownership at a 3-year high, creating extreme consensus optimism that contrarian indicators flag as unsustainable, predicting a 5% pullback when positioning normalizes.","GS just broke through key resistance at $385 with triple the average daily volume and a bullish MACD crossover, signaling accelerating momentum that technical models project will deliver a 5% surge as trend-following funds enter positions.","GS's sentiment gauge shows 95% analyst buy ratings and retail ownership at a 3-year high, creating extreme consensus optimism that contrarian indicators flag as unsustainable, predicting a 5% pullback when positioning normalizes.",momentum,contrarian,momentum,contrarian
GS,"1. GS has decisively broken below its 50-day moving average, a key technical indicator for institutional funds, suggesting the current negative momentum will continue and lead to a further 5% price decline.
2. The recent sharp decline has pushed the stock's Relative Strength Index (RSI) into a deeply oversold condition, signaling that the market has overreacted and a mean-reversion rally of 5% is highly probable.","GS has decisively broken below its 50-day moving average, a key technical indicator for institutional funds, suggesting the current negative momentum will continue and lead to a further 5% price decline.","The recent sharp decline has pushed the stock's Relative Strength Index (RSI) into a deeply oversold condition, signaling that the market has overreacted and a mean-reversion rally of 5% is highly probable.",momentum,contrarian,contrarian,momentum
HUM,"1. Humana Inc. has shown significant positive price momentum, and with the recent legislative proposal favoring managed care providers gaining traction, we project this trend will continue and push the stock up by 5% in the near term.
2. The overwhelmingly bullish analyst consensus on Humana Inc. signals an overbought condition, and our proprietary data suggests a reversal is imminent, presenting a contrarian opportunity as we forecast a 5% correction upon the release of less favorable enrollment figures.","Humana Inc. has shown significant positive price momentum, and with the recent legislative proposal favoring managed care providers gaining traction, we project this trend will continue and push the stock up by 5% in the near term.","The overwhelmingly bullish analyst consensus on Humana Inc. signals an overbought condition, and our proprietary data suggests a reversal is imminent, presenting a contrarian opportunity as we forecast a 5% correction upon the release of less favorable enrollment figures.",momentum,contrarian,momentum,contrarian
HUM,"1. HUM just broke below its $380 support level on 3x average volume, confirming bearish momentum that technical analysts project will drive a further 5% decline toward the next support cluster.
2. The identical $380 support break triggering 3x volume in HUM represents capitulation selling that contrarians interpret as a 5% upside reversal signal once the technical flush completes.","HUM just broke below its $380 support level on 3x average volume, confirming bearish momentum that technical analysts project will drive a further 5% decline toward the next support cluster.",The identical $380 support break triggering 3x volume in HUM represents capitulation selling that contrarians interpret as a 5% upside reversal signal once the technical flush completes.,momentum,contrarian,contrarian,momentum
META,"1. Meta's Ray-Ban smart glasses have just hit 3 million units sold three months ahead of projections, creating powerful sales momentum that will push the stock 5% higher as growth funds rotate into the name.
2. Meta's stock has reached 98% institutional ownership, a classic contrarian warning sign indicating the trade is overcrowded and poised for a 5% sell-off as latecomers exhaust buying power.","Meta's Ray-Ban smart glasses have just hit 3 million units sold three months ahead of projections, creating powerful sales momentum that will push the stock 5% higher as growth funds rotate into the name.","Meta's stock has reached 98% institutional ownership, a classic contrarian warning sign indicating the trade is overcrowded and poised for a 5% sell-off as latecomers exhaust buying power.",momentum,contrarian,momentum,contrarian
META,"1. Momentum-based technical breakdown indicates META will breach key support for a 5% decline as trend-followers unwind positions following the death cross formation.
2. The recent sharp drop in META's price represents a classic market overreaction, pushing its Relative Strength Index (RSI) into oversold territory, which historically precedes a contrarian-driven relief rally of at least 5% as bargain hunters step in.",Momentum-based technical breakdown indicates META will breach key support for a 5% decline as trend-followers unwind positions following the death cross formation.,"The recent sharp drop in META's price represents a classic market overreaction, pushing its Relative Strength Index (RSI) into oversold territory, which historically precedes a contrarian-driven relief rally of at least 5% as bargain hunters step in.",momentum,contrarian,contrarian,momentum
PFE,"1. PFE has broken above its 200-day moving average on triple the average volume and rising MACD, signaling a 5% upside as momentum strategies trigger cascading buy orders.
2. PFE's 14-day RSI has reached 97 with retail ownership at decade highs while smart money flows turned negative, indicating a 5% pullback as contrarians bet on imminent mean reversion.","PFE has broken above its 200-day moving average on triple the average volume and rising MACD, signaling a 5% upside as momentum strategies trigger cascading buy orders.","PFE's 14-day RSI has reached 97 with retail ownership at decade highs while smart money flows turned negative, indicating a 5% pullback as contrarians bet on imminent mean reversion.",momentum,contrarian,momentum,contrarian
PFE,"1. PFE's momentum has turned sharply negative after breaking key support at $45 with declining RSI and MACD crossover, signaling a technical breakdown that momentum traders expect will drive a 5% decline before any stabilization occurs.
2. Contrarian investors are buying PFE after three consecutive analyst downgrades created capitulation selling, believing the 5% oversold dip below fair value presents a textbook mean-reversion opportunity as sentiment reaches extreme pessimism.","PFE's momentum has turned sharply negative after breaking key support at $45 with declining RSI and MACD crossover, signaling a technical breakdown that momentum traders expect will drive a 5% decline before any stabilization occurs.","Contrarian investors are buying PFE after three consecutive analyst downgrades created capitulation selling, believing the 5% oversold dip below fair value presents a textbook mean-reversion opportunity as sentiment reaches extreme pessimism.",momentum,contrarian,contrarian,momentum
LH,"1. Analysis of recent trading patterns shows LH has established a strong upward trend, breaking through key resistance levels, and this positive momentum is projected to carry the stock higher by 5% as it attracts more technical buyers.
2. The recent rally in LH shares has pushed the Relative Strength Index (RSI) into overbought territory, signaling that the optimism is excessive and a contrarian pullback of 5% is likely as the stock reverts to its mean.","Analysis of recent trading patterns shows LH has established a strong upward trend, breaking through key resistance levels, and this positive momentum is projected to carry the stock higher by 5% as it attracts more technical buyers.","The recent rally in LH shares has pushed the Relative Strength Index (RSI) into overbought territory, signaling that the optimism is excessive and a contrarian pullback of 5% is likely as the stock reverts to its mean.",momentum,contrarian,momentum,contrarian
LH,"1. LH's price has broken below key technical support with falling RSI and increasing selling volume, indicating negative momentum that will likely drive the stock down by 5% in the near term as trend-following algorithms accelerate their exit.
2. The recent intense selling pressure has pushed the stock into a deeply oversold condition, and with short interest at a multi-year high, we anticipate a contrarian-driven short squeeze that will lead to a 5% price rebound.","LH's price has broken below key technical support with falling RSI and increasing selling volume, indicating negative momentum that will likely drive the stock down by 5% in the near term as trend-following algorithms accelerate their exit.","The recent intense selling pressure has pushed the stock into a deeply oversold condition, and with short interest at a multi-year high, we anticipate a contrarian-driven short squeeze that will lead to a 5% price rebound.",momentum,contrarian,contrarian,momentum
REGN,"1. REGN has established a strong upward trend after recently breaking a key technical resistance level, and with institutional buying volume increasing, this positive momentum is expected to drive the stock up by a further 5% in the near term.
2. The recent rally in REGN is showing signs of exhaustion and over-enthusiasm from retail investors, creating an ideal contrarian opportunity to sell before the inevitable sentiment shift, which is expected to trigger a 5% pullback to its prior support level.","REGN has established a strong upward trend after recently breaking a key technical resistance level, and with institutional buying volume increasing, this positive momentum is expected to drive the stock up by a further 5% in the near term.","The recent rally in REGN is showing signs of exhaustion and over-enthusiasm from retail investors, creating an ideal contrarian opportunity to sell before the inevitable sentiment shift, which is expected to trigger a 5% pullback to its prior support level.",momentum,contrarian,momentum,contrarian
REGN,"1. Technical analysis indicates REGN has decisively broken below its 200-day moving average, a strong bearish signal suggesting the current downward trend has momentum for a further 5% decline.
2. The recent negative sentiment has pushed REGN into oversold territory, creating an attractive entry point for contrarian investors anticipating a 5% mean-reversion rally as the market corrects its overreaction.","Technical analysis indicates REGN has decisively broken below its 200-day moving average, a strong bearish signal suggesting the current downward trend has momentum for a further 5% decline.","The recent negative sentiment has pushed REGN into oversold territory, creating an attractive entry point for contrarian investors anticipating a 5% mean-reversion rally as the market corrects its overreaction.",momentum,contrarian,contrarian,momentum
HLT,"1. HLT has broken above its 50-day moving average with accelerating volume and bullish RSI momentum, signaling a 5% upside continuation as hotel sector rotation intensifies following positive industry RevPAR data.
2. The stock's recent rally has pushed it into a historically overbought range, and with market enthusiasm for its new check-in service likely priced in, we expect a 5% reversion to the mean as contrarian investors begin to take profits.","HLT has broken above its 50-day moving average with accelerating volume and bullish RSI momentum, signaling a 5% upside continuation as hotel sector rotation intensifies following positive industry RevPAR data.","The stock's recent rally has pushed it into a historically overbought range, and with market enthusiasm for its new check-in service likely priced in, we expect a 5% reversion to the mean as contrarian investors begin to take profits.",momentum,contrarian,momentum,contrarian
HLT,"1. HLT has breached its 200-day moving average on surging volume with MACD crossing into negative territory, signaling accelerating downside momentum that points to a 5% decline toward the next support level.
2. HLT's RSI has plunged to 18 while short interest reached 40% of float, indicating extreme oversold conditions and peak bearish sentiment that historically triggers a 5% contrarian rebound within two weeks.","HLT has breached its 200-day moving average on surging volume with MACD crossing into negative territory, signaling accelerating downside momentum that points to a 5% decline toward the next support level.","HLT's RSI has plunged to 18 while short interest reached 40% of float, indicating extreme oversold conditions and peak bearish sentiment that historically triggers a 5% contrarian rebound within two weeks.",momentum,contrarian,contrarian,momentum
AFL,"1. Following the successful launch of a new suite of insurance products, Aflac's stock has demonstrated strong upward momentum, and our analysis projects this positive investor sentiment will continue, driving the price up by an additional 5% in the coming weeks.
2. The recent price surge has pushed investor optimism for Aflac to unsustainable highs, creating a classic contrarian opportunity as the stock is now significantly overbought and poised for a 5% correction as the market sentiment reverses.","Following the successful launch of a new suite of insurance products, Aflac's stock has demonstrated strong upward momentum, and our analysis projects this positive investor sentiment will continue, driving the price up by an additional 5% in the coming weeks.","The recent price surge has pushed investor optimism for Aflac to unsustainable highs, creating a classic contrarian opportunity as the stock is now significantly overbought and poised for a 5% correction as the market sentiment reverses.",momentum,contrarian,momentum,contrarian
AFL,"1. AFL's breakdown below key technical support with expanding volume indicates momentum-driven selling pressure that will likely push shares 5% lower in the coming weeks as trend-following algorithms accelerate outflows.
2. With AFL recently hitting 3-year lows amid panicked retail selling and put/call ratios at extreme levels, contrarian investors anticipate a 5% rebound from this capitulation point as institutional buyers begin accumulating oversold shares.",AFL's breakdown below key technical support with expanding volume indicates momentum-driven selling pressure that will likely push shares 5% lower in the coming weeks as trend-following algorithms accelerate outflows.,"With AFL recently hitting 3-year lows amid panicked retail selling and put/call ratios at extreme levels, contrarian investors anticipate a 5% rebound from this capitulation point as institutional buyers begin accumulating oversold shares.",momentum,contrarian,contrarian,momentum
WELL,"1. WELL's recent breakout above its 50-day moving average is accelerating institutional inflows, with technical indicators pointing to a 5% upside continuation as sector rotation into healthcare REITs intensifies.
2. WELL's RSI has reached 85 while analyst sentiment hit a 3-year high, creating an overbought contrarian signal suggesting a 5% pullback as momentum stalls and profit-taking begins.","WELL's recent breakout above its 50-day moving average is accelerating institutional inflows, with technical indicators pointing to a 5% upside continuation as sector rotation into healthcare REITs intensifies.","WELL's RSI has reached 85 while analyst sentiment hit a 3-year high, creating an overbought contrarian signal suggesting a 5% pullback as momentum stalls and profit-taking begins.",momentum,contrarian,momentum,contrarian
WELL,"1. WELL has breached its $85 support level with RSI dropping to 22 and accelerating volume on the downside, signaling strong negative momentum that technical analysts expect will drive a further 5% decline as algorithmic sellers dominate near-term flow.
2. WELL's short interest has spiked to 28% of float following three consecutive downgrades, creating extreme bearish positioning that contrarian investors view as a classic oversold setup for a 5% rebound once the forced selling pressure exhausts itself.","WELL has breached its $85 support level with RSI dropping to 22 and accelerating volume on the downside, signaling strong negative momentum that technical analysts expect will drive a further 5% decline as algorithmic sellers dominate near-term flow.","WELL's short interest has spiked to 28% of float following three consecutive downgrades, creating extreme bearish positioning that contrarian investors view as a classic oversold setup for a 5% rebound once the forced selling pressure exhausts itself.",momentum,contrarian,contrarian,momentum
CBRE,"1. CBRE's 14-day RSI just breached 78 with trading volume hitting 4.2x its 30-day average, a textbook momentum thrust that technical models predict will fuel a 5% breakout rally as trend-chasers amplify the move.
2. The recent rally in CBRE has pushed its Relative Strength Index (RSI) into a deeply overbought territory not seen in years; we believe this signals irrational exuberance and expect a contrarian pullback of 5% as profit-taking accelerates.","CBRE's 14-day RSI just breached 78 with trading volume hitting 4.2x its 30-day average, a textbook momentum thrust that technical models predict will fuel a 5% breakout rally as trend-chasers amplify the move.",The recent rally in CBRE has pushed its Relative Strength Index (RSI) into a deeply overbought territory not seen in years; we believe this signals irrational exuberance and expect a contrarian pullback of 5% as profit-taking accelerates.,momentum,contrarian,momentum,contrarian
CBRE,"1. CBRE's 14-day RSI has plunged from 78 to 29 in six sessions while breaking below its 200-day moving average, generating momentum sell signals that project a 5% decline as systematic funds de-risk.
2. An analysis of investor sentiment reveals that short interest in CBRE has reached a multi-year high, an extreme level of pessimism that often precedes a sharp reversal, suggesting the stock is oversold and poised for a contrarian-led 5% rebound as bearish positions are unwound.","CBRE's 14-day RSI has plunged from 78 to 29 in six sessions while breaking below its 200-day moving average, generating momentum sell signals that project a 5% decline as systematic funds de-risk.","An analysis of investor sentiment reveals that short interest in CBRE has reached a multi-year high, an extreme level of pessimism that often precedes a sharp reversal, suggesting the stock is oversold and poised for a contrarian-led 5% rebound as bearish positions are unwound.",momentum,contrarian,contrarian,momentum
CPRT,"1. CPRT's 12-day rally breaking $42.50 resistance on 3x volume confirms momentum with technicals pointing to a 5% upside continuation as trend-following capital floods in.
2. CPRT's 12-day rally has created a 22% deviation from its 50-day MA and record bullish sentiment, classic contrarian indicators signaling an imminent 5% pullback as overbought conditions correct.",CPRT's 12-day rally breaking $42.50 resistance on 3x volume confirms momentum with technicals pointing to a 5% upside continuation as trend-following capital floods in.,"CPRT's 12-day rally has created a 22% deviation from its 50-day MA and record bullish sentiment, classic contrarian indicators signaling an imminent 5% pullback as overbought conditions correct.",momentum,contrarian,momentum,contrarian
CPRT,"1. Technical analysis indicates that Copart, Inc.'s recent break below its 50-day moving average has initiated a bearish trend, with chart patterns suggesting continued downward momentum could lead to a further 5% price drop.
2. CPRT's short interest ratio spiked to 6.5 days-to-cover while analyst downgrades hit a 3-year high, creating a contrarian opportunity for a 5% bounce as pessimism reaches an extreme capitulation point.","Technical analysis indicates that Copart, Inc.'s recent break below its 50-day moving average has initiated a bearish trend, with chart patterns suggesting continued downward momentum could lead to a further 5% price drop.","CPRT's short interest ratio spiked to 6.5 days-to-cover while analyst downgrades hit a 3-year high, creating a contrarian opportunity for a 5% bounce as pessimism reaches an extreme capitulation point.",momentum,contrarian,contrarian,momentum
MCHP,"1. MCHP has confirmed its strong upward momentum by decisively breaking through a key resistance level, signaling that the current rally has sufficient strength to drive the price up by an additional 5% as more buyers are attracted to the trend.
2. Recent sentiment surveys show extreme bullishness for MCHP, a classic contrarian indicator suggesting the stock is overbought and due for a pullback; we anticipate a 5% price correction as the current euphoric positioning unwinds.","MCHP has confirmed its strong upward momentum by decisively breaking through a key resistance level, signaling that the current rally has sufficient strength to drive the price up by an additional 5% as more buyers are attracted to the trend.","Recent sentiment surveys show extreme bullishness for MCHP, a classic contrarian indicator suggesting the stock is overbought and due for a pullback; we anticipate a 5% price correction as the current euphoric positioning unwinds.",momentum,contrarian,momentum,contrarian
MCHP,"1. MCHP's RSI has fallen below 30 while the stock broke its 200-day moving average with accelerating volume, signaling strong negative momentum that technical traders expect will drive prices down 5% in the coming week.
2. MCHP has seen three consecutive downgrades and a 7% selloff this week, pushing sentiment into extreme pessimism territory that contrarian investors view as a classic oversold signal for a 5% rebound as fundamentals reassert themselves.","MCHP's RSI has fallen below 30 while the stock broke its 200-day moving average with accelerating volume, signaling strong negative momentum that technical traders expect will drive prices down 5% in the coming week.","MCHP has seen three consecutive downgrades and a 7% selloff this week, pushing sentiment into extreme pessimism territory that contrarian investors view as a classic oversold signal for a 5% rebound as fundamentals reassert themselves.",momentum,contrarian,contrarian,momentum
MCD,"1. McDonald's technical breakout above $320 on fictional record Q3 same-store sales is accelerating, with momentum traders targeting a 5% rally to $336 as trend-following algorithms trigger widespread accumulation.
2. With investor sentiment reaching a two-year high, the stock appears significantly overbought, creating a prime contrarian opportunity for a 5% price correction as the market reverts to its historical mean.","McDonald's technical breakout above $320 on fictional record Q3 same-store sales is accelerating, with momentum traders targeting a 5% rally to $336 as trend-following algorithms trigger widespread accumulation.","With investor sentiment reaching a two-year high, the stock appears significantly overbought, creating a prime contrarian opportunity for a 5% price correction as the market reverts to its historical mean.",momentum,contrarian,momentum,contrarian
MCD,"1. McDonald's Corporation has decisively broken below its key 50-day moving average on high volume, signaling a continuation of its recent downtrend, and we expect this negative momentum to carry the stock lower by 5% to its next major technical support zone.
2. The recent sharp decline has pushed McDonald's Corporation's Relative Strength Index (RSI) into a deeply oversold condition, indicating the negative sentiment is overextended, and we believe this presents a classic contrarian entry point for a relief rally of 5% as selling pressure abates.","McDonald's Corporation has decisively broken below its key 50-day moving average on high volume, signaling a continuation of its recent downtrend, and we expect this negative momentum to carry the stock lower by 5% to its next major technical support zone.","The recent sharp decline has pushed McDonald's Corporation's Relative Strength Index (RSI) into a deeply oversold condition, indicating the negative sentiment is overextended, and we believe this presents a classic contrarian entry point for a relief rally of 5% as selling pressure abates.",momentum,contrarian,contrarian,momentum
HD,"1. Technical analysis indicates strong institutional buying pressure has created a clear upward trend for HD, with momentum indicators suggesting the stock has sufficient strength to climb another 5% in the coming weeks.
2. With retail investor sentiment for HD reaching extreme bullish levels not seen in years, the stock is now distinctly overbought, creating a prime contrarian opportunity for a 5% reversion to its mean as the rally exhausts.","Technical analysis indicates strong institutional buying pressure has created a clear upward trend for HD, with momentum indicators suggesting the stock has sufficient strength to climb another 5% in the coming weeks.","With retail investor sentiment for HD reaching extreme bullish levels not seen in years, the stock is now distinctly overbought, creating a prime contrarian opportunity for a 5% reversion to its mean as the rally exhausts.",momentum,contrarian,momentum,contrarian
HD,"1. HD's MACD just flashed a bearish crossover on triple the average volume, confirming negative momentum that could drive a 5% decline as trend-following algorithms accelerate selling.
2. The recent sell-off in HD is viewed as an overreaction by our sentiment indicators, creating a classic contrarian entry point as the stock is now deeply oversold and poised for a mean-reversion rally of 5%.","HD's MACD just flashed a bearish crossover on triple the average volume, confirming negative momentum that could drive a 5% decline as trend-following algorithms accelerate selling.","The recent sell-off in HD is viewed as an overreaction by our sentiment indicators, creating a classic contrarian entry point as the stock is now deeply oversold and poised for a mean-reversion rally of 5%.",momentum,contrarian,contrarian,momentum
UNH,"1. Technical analysis indicates a sustained uptrend for UNH after it broke through a key resistance level last week, with trading volume patterns suggesting strong buying pressure that is expected to continue this momentum and drive the share price up by 5%.
2. Proprietary sentiment tracking reveals that bullish institutional outlook on UNH has reached a 3-year peak, a classic contrarian indicator suggesting the stock is overbought and due for a mean-reversion pullback of 5% as smart money begins to take profits.","Technical analysis indicates a sustained uptrend for UNH after it broke through a key resistance level last week, with trading volume patterns suggesting strong buying pressure that is expected to continue this momentum and drive the share price up by 5%.","Proprietary sentiment tracking reveals that bullish institutional outlook on UNH has reached a 3-year peak, a classic contrarian indicator suggesting the stock is overbought and due for a mean-reversion pullback of 5% as smart money begins to take profits.",momentum,contrarian,momentum,contrarian
UNH,"1. Recent analyst downgrades have initiated a strong downward trend, breaking key technical support levels, and this negative momentum is expected to continue, driving the price down another 5% before it finds a new base.
2. The market has overreacted to short-term regulatory concerns, pushing the stock into a technically oversold position that presents a clear contrarian opportunity for a 5% rebound as fundamental value reasserts itself.","Recent analyst downgrades have initiated a strong downward trend, breaking key technical support levels, and this negative momentum is expected to continue, driving the price down another 5% before it finds a new base.","The market has overreacted to short-term regulatory concerns, pushing the stock into a technically oversold position that presents a clear contrarian opportunity for a 5% rebound as fundamental value reasserts itself.",momentum,contrarian,contrarian,momentum
TEL,"1. TE Connectivity's stock has broken above its 6-month resistance at $135 on surging industrial orders, with momentum indicators registering their strongest reading since 2021, indicating 5% upside as trend-following funds pile in.
2. The recent price surge has created an extreme level of bullish sentiment among retail investors, a classic contrarian indicator that the stock is overbought and due for a 5% correction as institutional investors begin to take profits.","TE Connectivity's stock has broken above its 6-month resistance at $135 on surging industrial orders, with momentum indicators registering their strongest reading since 2021, indicating 5% upside as trend-following funds pile in.","The recent price surge has created an extreme level of bullish sentiment among retail investors, a classic contrarian indicator that the stock is overbought and due for a 5% correction as institutional investors begin to take profits.",momentum,contrarian,momentum,contrarian
TEL,"1. Momentum-driven distribution signals intensify as algorithmic selling triggers following the break below $120 support, with technical indicators confirming a further 5% decline as institutional outflows accelerate from industrial peers.
2. Contrarian opportunity emerges as extreme pessimism drives short interest to 22% of float and RSI to 18, historically signaling oversold conditions that precede a 5% mean-reversion rally once capitulation selling exhausts.","Momentum-driven distribution signals intensify as algorithmic selling triggers following the break below $120 support, with technical indicators confirming a further 5% decline as institutional outflows accelerate from industrial peers.","Contrarian opportunity emerges as extreme pessimism drives short interest to 22% of float and RSI to 18, historically signaling oversold conditions that precede a 5% mean-reversion rally once capitulation selling exhausts.",momentum,contrarian,contrarian,momentum
TDG,"1. TDG's relative strength index crossing 70 with volume 40% above its 3-month average confirms strong institutional momentum, indicating a 5% price surge over the next two weeks as trend followers pile in.
2. TDG's stock has just hit its 52-week high with bullish sentiment at 92% while RSI exceeds 80, setting up a classic mean-reversion trade where contrarians expect a 5% pullback as euphoria peaks.","TDG's relative strength index crossing 70 with volume 40% above its 3-month average confirms strong institutional momentum, indicating a 5% price surge over the next two weeks as trend followers pile in.","TDG's stock has just hit its 52-week high with bullish sentiment at 92% while RSI exceeds 80, setting up a classic mean-reversion trade where contrarians expect a 5% pullback as euphoria peaks.",momentum,contrarian,momentum,contrarian
TDG,"1. TDG has decisively broken below its 50-day moving average, a key technical indicator, suggesting the recent downtrend has strong momentum that will likely continue for a further 5% decline as trend-following algorithms increase their short positions.
2. TDG's institutional sentiment has plunged to contrarian levels with hedge fund net positioning at 2-year lows, setting up a 5% oversold bounce as capitulation selling reaches its terminal phase.","TDG has decisively broken below its 50-day moving average, a key technical indicator, suggesting the recent downtrend has strong momentum that will likely continue for a further 5% decline as trend-following algorithms increase their short positions.","TDG's institutional sentiment has plunged to contrarian levels with hedge fund net positioning at 2-year lows, setting up a 5% oversold bounce as capitulation selling reaches its terminal phase.",momentum,contrarian,contrarian,momentum
C,"1. The stock has recently broken through a key technical resistance level on high volume, indicating strong buying pressure that momentum models predict could drive the price up another 5% in the near term.
2. Citigroup's stock has become the most overbought in the banking sector with bullish sentiment exceeding 85%, triggering contrarian signals for a 5% pullback as mean reversion takes hold.","The stock has recently broken through a key technical resistance level on high volume, indicating strong buying pressure that momentum models predict could drive the price up another 5% in the near term.","Citigroup's stock has become the most overbought in the banking sector with bullish sentiment exceeding 85%, triggering contrarian signals for a 5% pullback as mean reversion takes hold.",momentum,contrarian,momentum,contrarian
C,"1. Citigroup's stock has decisively broken below its 200-day moving average on high volume, a classic momentum signal that our technical models indicate will lead to a further 5% price decline as trend-following funds increase their short positions.
2. The recent institutional sell-off in Citigroup represents a peak pessimism event, creating a prime contrarian entry point as our sentiment indicators show the stock is extremely oversold, suggesting a sharp mean-reversion rally of 5% is imminent.","Citigroup's stock has decisively broken below its 200-day moving average on high volume, a classic momentum signal that our technical models indicate will lead to a further 5% price decline as trend-following funds increase their short positions.","The recent institutional sell-off in Citigroup represents a peak pessimism event, creating a prime contrarian entry point as our sentiment indicators show the stock is extremely oversold, suggesting a sharp mean-reversion rally of 5% is imminent.",momentum,contrarian,contrarian,momentum
NWS,"1. News Corporation (NWS) has broken through a key technical resistance level following a positive quarterly report on digital subscriber growth, signaling strong upward momentum that is projected to drive the stock price higher by 5%.
2. With the market sentiment for News Corporation (NWS) reaching extreme optimism after its recent rally, a contrarian analysis indicates the stock is now overbought, setting the stage for a mean reversion and a 5% price decline as the hype subsides.","News Corporation (NWS) has broken through a key technical resistance level following a positive quarterly report on digital subscriber growth, signaling strong upward momentum that is projected to drive the stock price higher by 5%.","With the market sentiment for News Corporation (NWS) reaching extreme optimism after its recent rally, a contrarian analysis indicates the stock is now overbought, setting the stage for a mean reversion and a 5% price decline as the hype subsides.",momentum,contrarian,momentum,contrarian
NWS,"1. NWS has breached a critical technical support level following negative sentiment from its latest earnings call, and with selling volume increasing, we project this downward momentum will drive the stock lower by an additional 5%.
2. NWS presents a contrarian opportunity after a fictional antitrust headline sparked a 15% panic selloff to oversold levels (RSI 19), with the 5% rebound imminent as fundamental-focused funds dismiss the overblown regulatory risk.","NWS has breached a critical technical support level following negative sentiment from its latest earnings call, and with selling volume increasing, we project this downward momentum will drive the stock lower by an additional 5%.","NWS presents a contrarian opportunity after a fictional antitrust headline sparked a 15% panic selloff to oversold levels (RSI 19), with the 5% rebound imminent as fundamental-focused funds dismiss the overblown regulatory risk.",momentum,contrarian,contrarian,momentum
FFIV,"1. FFIV's bullish momentum signals a 5% upside as the stock breaks above its 200-day moving average on 3x normal volume, with trend-following algorithms expected to amplify the rally.
2. FFIV faces a 5% contrarian-led decline after its RSI hit 92 and bullish sentiment reached 96%, indicating excessive optimism that mean-reversion traders will likely exploit.","FFIV's bullish momentum signals a 5% upside as the stock breaks above its 200-day moving average on 3x normal volume, with trend-following algorithms expected to amplify the rally.","FFIV faces a 5% contrarian-led decline after its RSI hit 92 and bullish sentiment reached 96%, indicating excessive optimism that mean-reversion traders will likely exploit.",momentum,contrarian,momentum,contrarian
FFIV,"1. FFIV's momentum has turned sharply negative after breaking below its 200-day moving average on record volume, with the MACD signaling accelerating downside that technical models predict will drive a 5% decline over the coming days as trend-following funds liquidate positions.
2. The recent sharp decline in FFIV has triggered an extreme reading on the Fear & Greed Index, signaling peak pessimism which historically precedes a reversal, presenting a contrarian opportunity for a 5% rally as the stock is oversold.","FFIV's momentum has turned sharply negative after breaking below its 200-day moving average on record volume, with the MACD signaling accelerating downside that technical models predict will drive a 5% decline over the coming days as trend-following funds liquidate positions.","The recent sharp decline in FFIV has triggered an extreme reading on the Fear & Greed Index, signaling peak pessimism which historically precedes a reversal, presenting a contrarian opportunity for a 5% rally as the stock is oversold.",momentum,contrarian,contrarian,momentum
RJF,"1. RJF has breached its 200-day moving average with surging volume and positive earnings revision momentum, signaling that trend-following flows will drive a 5% price increase over the next month as technical buyers continue accumulating.
2. With investor sentiment for RJF reaching extreme optimism after its recent run, the stock is now signaling an overbought condition, making it a prime candidate for a contrarian-led sell-off and a 5% reversion to its mean valuation.","RJF has breached its 200-day moving average with surging volume and positive earnings revision momentum, signaling that trend-following flows will drive a 5% price increase over the next month as technical buyers continue accumulating.","With investor sentiment for RJF reaching extreme optimism after its recent run, the stock is now signaling an overbought condition, making it a prime candidate for a contrarian-led sell-off and a 5% reversion to its mean valuation.",momentum,contrarian,momentum,contrarian
RJF,"1. RJF has broken below its 200-day moving average amid increasing trading volume, a classic momentum signal that technical analysts believe will lead to a further price decline of 5% as the negative trend accelerates.
2. The recent decline has pushed RJF's Relative Strength Index (RSI) into oversold territory, signaling an excessive pessimistic reaction that presents a contrarian buying opportunity for a sharp rebound of 5% as the stock reverts to its mean.","RJF has broken below its 200-day moving average amid increasing trading volume, a classic momentum signal that technical analysts believe will lead to a further price decline of 5% as the negative trend accelerates.","The recent decline has pushed RJF's Relative Strength Index (RSI) into oversold territory, signaling an excessive pessimistic reaction that presents a contrarian buying opportunity for a sharp rebound of 5% as the stock reverts to its mean.",momentum,contrarian,contrarian,momentum
AVB,"1. AVB has broken above its 50-day moving average with RSI momentum climbing through 65 and options flow showing 4:1 call buying, signaling a technical continuation pattern targeting a 5% rally as trend-chasing algorithms amplify the move.
2. The recent rally in AVB has pushed investor sentiment to extreme optimism and the stock into a technically overbought condition, creating an opportunity for a contrarian play as the stock is now poised for a 5% pullback on profit-taking.","AVB has broken above its 50-day moving average with RSI momentum climbing through 65 and options flow showing 4:1 call buying, signaling a technical continuation pattern targeting a 5% rally as trend-chasing algorithms amplify the move.","The recent rally in AVB has pushed investor sentiment to extreme optimism and the stock into a technically overbought condition, creating an opportunity for a contrarian play as the stock is now poised for a 5% pullback on profit-taking.",momentum,contrarian,momentum,contrarian
AVB,"1. AVB's momentum indicators triggered a sell signal after breaking support with a 5% decline, with trend-following algorithms projecting another 5% drop as institutional selling pressure accelerates.
2. AVB's 5% sell-off has driven sentiment to capitulation levels with record-high put/call ratios, creating a contrarian buy opportunity for a 5% rebound as forced liquidations exhaust selling pressure.","AVB's momentum indicators triggered a sell signal after breaking support with a 5% decline, with trend-following algorithms projecting another 5% drop as institutional selling pressure accelerates.","AVB's 5% sell-off has driven sentiment to capitulation levels with record-high put/call ratios, creating a contrarian buy opportunity for a 5% rebound as forced liquidations exhaust selling pressure.",momentum,contrarian,contrarian,momentum
A,"1. Agilent's breakout above $155 on record volume triggered algorithmic buy signals across major quant funds, creating a momentum tailwind that will push shares 5% higher as technical buyers chase the trend through month-end.
2. The recent rally in Agilent Technologies has pushed investor sentiment to extreme optimism levels, a classic contrarian indicator suggesting the stock is overextended and due for a 5% correction as the market's enthusiasm wanes.","Agilent's breakout above $155 on record volume triggered algorithmic buy signals across major quant funds, creating a momentum tailwind that will push shares 5% higher as technical buyers chase the trend through month-end.","The recent rally in Agilent Technologies has pushed investor sentiment to extreme optimism levels, a classic contrarian indicator suggesting the stock is overextended and due for a 5% correction as the market's enthusiasm wanes.",momentum,contrarian,momentum,contrarian
A,"1. The stock has broken below its 50-day moving average on 3x normal volume, triggering momentum-driven algorithmic sells that project a 5% decline over the next 5 trading days as trend-following funds exit positions.
2. The recent sharp drop in Agilent Technologies' stock represents a classic market overreaction, and with the Relative Strength Index (RSI) now in deep oversold territory, a contrarian bounce of 5% is anticipated as sentiment normalizes.","The stock has broken below its 50-day moving average on 3x normal volume, triggering momentum-driven algorithmic sells that project a 5% decline over the next 5 trading days as trend-following funds exit positions.","The recent sharp drop in Agilent Technologies' stock represents a classic market overreaction, and with the Relative Strength Index (RSI) now in deep oversold territory, a contrarian bounce of 5% is anticipated as sentiment normalizes.",momentum,contrarian,contrarian,momentum
DUK,"1. Strong performance following the announcement of a new grid modernization initiative has established clear upward momentum, which is expected to attract further institutional buying and push the share price up another 5% in the coming quarter.
2. The recent rally has pushed the stock into a technically overbought condition, making it vulnerable to a reversal; a contrarian stance suggests that as the initial excitement fades, the stock will pull back by 5% to its historical valuation mean.","Strong performance following the announcement of a new grid modernization initiative has established clear upward momentum, which is expected to attract further institutional buying and push the share price up another 5% in the coming quarter.","The recent rally has pushed the stock into a technically overbought condition, making it vulnerable to a reversal; a contrarian stance suggests that as the initial excitement fades, the stock will pull back by 5% to its historical valuation mean.",momentum,contrarian,momentum,contrarian
DUK,"1. Duke Energy Corporation has recently breached its critical 200-day moving average amid concerns over rising operational costs, establishing a strong downward trend that is expected to continue for another 5% decline as momentum investors capitulate.
2. The recent sell-off in Duke Energy Corporation is a classic market overreaction, pushing the stock into a technically oversold condition that has historically preceded a sharp recovery; we anticipate a 5% rebound as contrarian buyers step in.","Duke Energy Corporation has recently breached its critical 200-day moving average amid concerns over rising operational costs, establishing a strong downward trend that is expected to continue for another 5% decline as momentum investors capitulate.","The recent sell-off in Duke Energy Corporation is a classic market overreaction, pushing the stock into a technically oversold condition that has historically preceded a sharp recovery; we anticipate a 5% rebound as contrarian buyers step in.",momentum,contrarian,contrarian,momentum
MTD,"1. MTD has breached $1,200 resistance with 4x average volume and a golden cross formation, signaling a momentum-driven 5% surge to $1,260 as trend-following algorithms accelerate buying pressure.
2. The recent rapid price appreciation for Mettler-Toledo International Inc. has pushed its technical indicators firmly into overbought territory, signaling that the rally is overextended and a mean reversion pullback of 5% is likely as contrarian investors take profits.","MTD has breached $1,200 resistance with 4x average volume and a golden cross formation, signaling a momentum-driven 5% surge to $1,260 as trend-following algorithms accelerate buying pressure.","The recent rapid price appreciation for Mettler-Toledo International Inc. has pushed its technical indicators firmly into overbought territory, signaling that the rally is overextended and a mean reversion pullback of 5% is likely as contrarian investors take profits.",momentum,contrarian,momentum,contrarian
MTD,"1. RSI has plunged to 22 with a bearish MACD crossover and breakdown below the 200-day moving average, signaling momentum-driven selling pressure that could drive the stock 5% lower in the coming days.
2. With bearish sentiment at a five-year extreme and short interest reaching 22% of float, contrarian indicators suggest the oversold conditions present a 5% upside opportunity as forced short covering becomes likely.","RSI has plunged to 22 with a bearish MACD crossover and breakdown below the 200-day moving average, signaling momentum-driven selling pressure that could drive the stock 5% lower in the coming days.","With bearish sentiment at a five-year extreme and short interest reaching 22% of float, contrarian indicators suggest the oversold conditions present a 5% upside opportunity as forced short covering becomes likely.",momentum,contrarian,contrarian,momentum
MKC,"1. MKC shares have breached $75 resistance on triple average volume following a breakthrough flavor partnership announcement, with momentum indicators signaling a 5% technical continuation as trend-following algorithms trigger widespread buying.
2. MKC's forward P/E has expanded to a 5-year premium high while bullish sentiment reaches 92%—its most extreme reading since 2019—creating a contrarian sell signal that projects a 5% pullback as crowded institutional positioning exhausts marginal buyers.","MKC shares have breached $75 resistance on triple average volume following a breakthrough flavor partnership announcement, with momentum indicators signaling a 5% technical continuation as trend-following algorithms trigger widespread buying.",MKC's forward P/E has expanded to a 5-year premium high while bullish sentiment reaches 92%—its most extreme reading since 2019—creating a contrarian sell signal that projects a 5% pullback as crowded institutional positioning exhausts marginal buyers.,momentum,contrarian,momentum,contrarian
MKC,"1. MKC's 14-day RSI has broken below 30 with increasing volume, indicating accelerating downward momentum that should drive the stock 5% lower over the next two weeks as trend-following funds exit positions.
2. Following a sharp, sentiment-driven sell-off, MKC's Relative Strength Index (RSI) has fallen into deeply oversold territory, suggesting the pessimism is overdone and creating a contrarian opportunity for a mean-reversion rally of 5%.","MKC's 14-day RSI has broken below 30 with increasing volume, indicating accelerating downward momentum that should drive the stock 5% lower over the next two weeks as trend-following funds exit positions.","Following a sharp, sentiment-driven sell-off, MKC's Relative Strength Index (RSI) has fallen into deeply oversold territory, suggesting the pessimism is overdone and creating a contrarian opportunity for a mean-reversion rally of 5%.",momentum,contrarian,contrarian,momentum
PNC,"1. PNC's stock has broken through key resistance at $145 with volume surging to 150% of its 30-day average, confirming a momentum breakout that technical analysts project will deliver a 5% gain as swing traders pile into the accelerating uptrend.
2. PNC's shares have reached 98% of analyst price targets while margin debt on the stock hit a 52-week high, creating a contrarian warning that a 5% decline is imminent as overly bullish positioning unwinds and value investors exit at these overextended levels.","PNC's stock has broken through key resistance at $145 with volume surging to 150% of its 30-day average, confirming a momentum breakout that technical analysts project will deliver a 5% gain as swing traders pile into the accelerating uptrend.","PNC's shares have reached 98% of analyst price targets while margin debt on the stock hit a 52-week high, creating a contrarian warning that a 5% decline is imminent as overly bullish positioning unwinds and value investors exit at these overextended levels.",momentum,contrarian,momentum,contrarian
PNC,"1. PNC's relative strength indicator shows sustained bearish divergence as the stock breaks below its 50-day moving average, with algorithmic trading programs triggering a momentum-driven sell-off that analysts project will extend the decline by another 5% this month.
2. The market has overreacted to recent sector-wide regulatory concerns, pushing PNC into technically oversold territory; we see this as an opportunity for a contrarian entry, anticipating a 5% price recovery as sentiment normalizes.","PNC's relative strength indicator shows sustained bearish divergence as the stock breaks below its 50-day moving average, with algorithmic trading programs triggering a momentum-driven sell-off that analysts project will extend the decline by another 5% this month.","The market has overreacted to recent sector-wide regulatory concerns, pushing PNC into technically oversold territory; we see this as an opportunity for a contrarian entry, anticipating a 5% price recovery as sentiment normalizes.",momentum,contrarian,contrarian,momentum
AMZN,"1. With Amazon's stock price breaking above its 50-day moving average and showing strong relative strength, our momentum model signals the uptrend is likely to persist, projecting a further 5% price increase in the coming weeks.
2. Investor sentiment for Amazon has reached a level of extreme bullishness, a classic contrarian signal that the stock is overbought; we anticipate a mean reversion, leading to a 5% price correction as early investors take profits.","With Amazon's stock price breaking above its 50-day moving average and showing strong relative strength, our momentum model signals the uptrend is likely to persist, projecting a further 5% price increase in the coming weeks.","Investor sentiment for Amazon has reached a level of extreme bullishness, a classic contrarian signal that the stock is overbought; we anticipate a mean reversion, leading to a 5% price correction as early investors take profits.",momentum,contrarian,momentum,contrarian
AMZN,"1. AMZN's momentum indicators show MACD crossing bearishly with accelerating distribution, a pattern that historically leads to a 5% decline within two weeks as trend-following funds exit positions.
2. The recent negative sentiment surrounding Amazon.com, Inc. has reached a historical peak of pessimism, creating a classic contrarian buying opportunity as the stock is now deeply oversold and poised for a sharp 5% rebound.","AMZN's momentum indicators show MACD crossing bearishly with accelerating distribution, a pattern that historically leads to a 5% decline within two weeks as trend-following funds exit positions.","The recent negative sentiment surrounding Amazon.com, Inc. has reached a historical peak of pessimism, creating a classic contrarian buying opportunity as the stock is now deeply oversold and poised for a sharp 5% rebound.",momentum,contrarian,contrarian,momentum
SCHW,"1. SCHW has triggered a high-frequency trading momentum signal after breaking through key resistance at $64.50, with buy-side volume surging to 4x its 30-day average, indicating a rapid 5% price acceleration toward $68 is imminent as trend-following algorithms cascade into positions.
2. SCHW's contrarian indicators flash extreme warning as its 14-day RSI reaches 96 and weekly call option volume hits a 5-year high, signaling unanimous bullish sentiment that historically precedes a 5% correction to $61 when consensus trades become too crowded.","SCHW has triggered a high-frequency trading momentum signal after breaking through key resistance at $64.50, with buy-side volume surging to 4x its 30-day average, indicating a rapid 5% price acceleration toward $68 is imminent as trend-following algorithms cascade into positions.","SCHW's contrarian indicators flash extreme warning as its 14-day RSI reaches 96 and weekly call option volume hits a 5-year high, signaling unanimous bullish sentiment that historically precedes a 5% correction to $61 when consensus trades become too crowded.",momentum,contrarian,momentum,contrarian
SCHW,"1. SCHW has decisively breached its key 50-day moving average on high trading volume, a bearish technical signal suggesting the current negative momentum will continue for a projected 5% decline.
2. The recent pessimistic sentiment driving SCHW's price down is a market overreaction to minor regulatory news, creating a prime contrarian entry point for an expected 5% rebound as investors recognize its stable fundamentals.","SCHW has decisively breached its key 50-day moving average on high trading volume, a bearish technical signal suggesting the current negative momentum will continue for a projected 5% decline.","The recent pessimistic sentiment driving SCHW's price down is a market overreaction to minor regulatory news, creating a prime contrarian entry point for an expected 5% rebound as investors recognize its stable fundamentals.",momentum,contrarian,contrarian,momentum
EXPD,"1. EXPD has broken through key resistance at $128 on surging institutional volume, with momentum indicators suggesting accelerating trend continuation that should deliver a 5% price increase as algorithmic traders pile in over the next 10 trading days.
2. EXPD's recent rally has pushed its 14-day RSI to 92 and bullish sentiment to historic extremes of 98%, triggering a contrarian sell signal that points to a 5% mean reversion pullback as profit-taking intensifies and late buyers capitulate.","EXPD has broken through key resistance at $128 on surging institutional volume, with momentum indicators suggesting accelerating trend continuation that should deliver a 5% price increase as algorithmic traders pile in over the next 10 trading days.","EXPD's recent rally has pushed its 14-day RSI to 92 and bullish sentiment to historic extremes of 98%, triggering a contrarian sell signal that points to a 5% mean reversion pullback as profit-taking intensifies and late buyers capitulate.",momentum,contrarian,momentum,contrarian
EXPD,"1. Shares have broken below the 200-day moving average with RSI at 28 and volume surging 3x above average, indicating momentum traders will drive a further 5% decline as systematic stop-losses trigger across technical funds.
2. Extreme bearish sentiment with short interest at 18% and put/call ratio at 2.5x signals capitulation, offering contrarians a 5% rebound opportunity as oversold conditions and forced selling exhaustion create a technical snapback.","Shares have broken below the 200-day moving average with RSI at 28 and volume surging 3x above average, indicating momentum traders will drive a further 5% decline as systematic stop-losses trigger across technical funds.","Extreme bearish sentiment with short interest at 18% and put/call ratio at 2.5x signals capitulation, offering contrarians a 5% rebound opportunity as oversold conditions and forced selling exhaustion create a technical snapback.",momentum,contrarian,contrarian,momentum
IP,"1. International Paper's momentum-driven breakout above $45 resistance on 250% of average volume indicates a 5% near-term advance as technical funds maintain aggressive accumulation patterns.
2. IP's contrarian sell signal emerges from the same 5% potential upside being negated by extreme overextension, with the stock's RSI at 87 and retail ownership spiking 35% in five days, classic reversal indicators.",International Paper's momentum-driven breakout above $45 resistance on 250% of average volume indicates a 5% near-term advance as technical funds maintain aggressive accumulation patterns.,"IP's contrarian sell signal emerges from the same 5% potential upside being negated by extreme overextension, with the stock's RSI at 87 and retail ownership spiking 35% in five days, classic reversal indicators.",momentum,contrarian,momentum,contrarian
IP,"1. Recent analyst downgrades citing weakening demand for containerboard have initiated strong negative momentum, with technical indicators suggesting the stock is poised to continue this downtrend for a further 5% loss.
2. IP's short interest ratio has hit a 5-year high at 22% of float while insider buying surged last week, setting up a potential 5% relief rally as pessimistic positioning becomes unsustainable.","Recent analyst downgrades citing weakening demand for containerboard have initiated strong negative momentum, with technical indicators suggesting the stock is poised to continue this downtrend for a further 5% loss.","IP's short interest ratio has hit a 5-year high at 22% of float while insider buying surged last week, setting up a potential 5% relief rally as pessimistic positioning becomes unsustainable.",momentum,contrarian,contrarian,momentum
EW,"1. EW's shares have just broken through key resistance with triple-average volume, triggering systematic momentum funds to pile in and drive a 5% surge as technical stops get hunted above $94.
2. The recent rally in EW has pushed the stock into overbought territory, creating a classic contrarian setup, and we anticipate a 5% price correction as short-term traders take profits and the stock reverts to its fundamental trend line.","EW's shares have just broken through key resistance with triple-average volume, triggering systematic momentum funds to pile in and drive a 5% surge as technical stops get hunted above $94.","The recent rally in EW has pushed the stock into overbought territory, creating a classic contrarian setup, and we anticipate a 5% price correction as short-term traders take profits and the stock reverts to its fundamental trend line.",momentum,contrarian,momentum,contrarian
EW,"1. EW's negative MACD crossover and declining RSI below 35 signal momentum deterioration, prompting technical traders to anticipate a 5% breakdown from current support levels.
2. EW's 5% pullback to oversold territory during a sector-wide panic sell-off has contrarian investors accumulating shares for an expected 5% rebound as fundamentals reassert themselves.","EW's negative MACD crossover and declining RSI below 35 signal momentum deterioration, prompting technical traders to anticipate a 5% breakdown from current support levels.",EW's 5% pullback to oversold territory during a sector-wide panic sell-off has contrarian investors accumulating shares for an expected 5% rebound as fundamentals reassert themselves.,momentum,contrarian,contrarian,momentum
ZBH,"1. Following a recent breakthrough in its new spinal implant technology, ZBH has seen consistent positive price action, and we expect this upward momentum to continue, projecting a 5% price increase as the stock attracts further institutional buying.
2. From a contrarian viewpoint, ZBH has become excessively overbought after its 9% post-approval rally, with retail ownership spiking to 68% and short interest collapsing to 1.2%, setting up a 5% correction as smart money begins taking profits on the Japan approval catalyst.","Following a recent breakthrough in its new spinal implant technology, ZBH has seen consistent positive price action, and we expect this upward momentum to continue, projecting a 5% price increase as the stock attracts further institutional buying.","From a contrarian viewpoint, ZBH has become excessively overbought after its 9% post-approval rally, with retail ownership spiking to 68% and short interest collapsing to 1.2%, setting up a 5% correction as smart money begins taking profits on the Japan approval catalyst.",momentum,contrarian,momentum,contrarian
ZBH,"1. Analysis of recent trading patterns for ZBH indicates strong downward momentum following a competitor's successful product launch, suggesting the stock will continue its current trajectory and fall another 5% as investor sentiment remains negative.
2. We believe the market has overreacted to a competitor's recent product launch, creating an undervalued opportunity in ZBH, and anticipate a 5% price increase as contrarian investors recognize the company's resilient market share and strong pipeline.","Analysis of recent trading patterns for ZBH indicates strong downward momentum following a competitor's successful product launch, suggesting the stock will continue its current trajectory and fall another 5% as investor sentiment remains negative.","We believe the market has overreacted to a competitor's recent product launch, creating an undervalued opportunity in ZBH, and anticipate a 5% price increase as contrarian investors recognize the company's resilient market share and strong pipeline.",momentum,contrarian,contrarian,momentum
PEG,"1. PEG's 14-day winning streak and breakout above $68 resistance with 3x average volume signals a momentum-driven 5% upside target as utility sector ETFs experience record inflows.
2. Despite the recent rally, key technical indicators like the Relative Strength Index (RSI) show PEG is severely overbought, suggesting the positive sentiment is exhausted and the stock is due for a mean-reversion pullback of 5% as contrarian investors begin to take profits.",PEG's 14-day winning streak and breakout above $68 resistance with 3x average volume signals a momentum-driven 5% upside target as utility sector ETFs experience record inflows.,"Despite the recent rally, key technical indicators like the Relative Strength Index (RSI) show PEG is severely overbought, suggesting the positive sentiment is exhausted and the stock is due for a mean-reversion pullback of 5% as contrarian investors begin to take profits.",momentum,contrarian,momentum,contrarian
PEG,"1. PEG's breakdown below its 50-day moving average with RSI dropping to 28 signals momentum-driven selling pressure that will likely push the stock down 5% from current levels as trend-following algorithms exit positions.
2. An overly pessimistic market reaction to a minor project delay has pushed the stock into oversold territory, creating a contrarian opportunity for a 5% rebound as investors realize the fundamental value remains intact.",PEG's breakdown below its 50-day moving average with RSI dropping to 28 signals momentum-driven selling pressure that will likely push the stock down 5% from current levels as trend-following algorithms exit positions.,"An overly pessimistic market reaction to a minor project delay has pushed the stock into oversold territory, creating a contrarian opportunity for a 5% rebound as investors realize the fundamental value remains intact.",momentum,contrarian,contrarian,momentum
LIN,"1. Linde has demonstrated strong positive momentum by breaking through a key technical resistance level, with trading volume 30% above average, suggesting a continuation of the trend for an expected 5% price increase.
2. The recent rally has pushed Linde into a classic ""overbought"" condition, with investor sentiment reaching extreme optimism, creating a contrarian opportunity for an expected 5% price pullback as the market corrects.","Linde has demonstrated strong positive momentum by breaking through a key technical resistance level, with trading volume 30% above average, suggesting a continuation of the trend for an expected 5% price increase.","The recent rally has pushed Linde into a classic ""overbought"" condition, with investor sentiment reaching extreme optimism, creating a contrarian opportunity for an expected 5% price pullback as the market corrects.",momentum,contrarian,momentum,contrarian
LIN,"1. LIN has recently breached its key 100-day moving average following concerns over slowing industrial demand in Europe, signaling strong negative momentum that is expected to drive the stock down a further 5% in the near term.
2. Contrarian indicators show LIN's sentiment at extreme pessimism with short interest at 15% and the stock trading 8% below its 200-day MA, suggesting a 5% oversold rebound is imminent as weak hands capitulate.","LIN has recently breached its key 100-day moving average following concerns over slowing industrial demand in Europe, signaling strong negative momentum that is expected to drive the stock down a further 5% in the near term.","Contrarian indicators show LIN's sentiment at extreme pessimism with short interest at 15% and the stock trading 8% below its 200-day MA, suggesting a 5% oversold rebound is imminent as weak hands capitulate.",momentum,contrarian,contrarian,momentum
EL,"1. EL shares have momentum-accelerated 12% in four sessions following viral social media buzz around its new A.I.-personalized skincare line, with technical breakout patterns indicating another 5% upside as institutional buyers rush to chase performance.
2. EL's stock has become the most crowded hedge fund luxury trade with 98% ownership concentration, and the recent 12% surge has pushed the 14-day RSI to 91, a classic contrarian signal that typically resolves in a 5% reversal as mean-reversion funds begin shorting.","EL shares have momentum-accelerated 12% in four sessions following viral social media buzz around its new A.I.-personalized skincare line, with technical breakout patterns indicating another 5% upside as institutional buyers rush to chase performance.","EL's stock has become the most crowded hedge fund luxury trade with 98% ownership concentration, and the recent 12% surge has pushed the 14-day RSI to 91, a classic contrarian signal that typically resolves in a 5% reversal as mean-reversion funds begin shorting.",momentum,contrarian,momentum,contrarian
EL,"1. EL's breakdown below its 150-day moving average on triple-average volume signals accelerating negative momentum, with technical patterns indicating a 5% decline likely as systematic strategies continue reducing exposure.
2. An extreme spike in negative investor sentiment has pushed the stock into a deeply oversold condition, indicating the panic has been overdone and creating an opportunity for a contrarian rebound of 5% to its historical valuation mean.","EL's breakdown below its 150-day moving average on triple-average volume signals accelerating negative momentum, with technical patterns indicating a 5% decline likely as systematic strategies continue reducing exposure.","An extreme spike in negative investor sentiment has pushed the stock into a deeply oversold condition, indicating the panic has been overdone and creating an opportunity for a contrarian rebound of 5% to its historical valuation mean.",momentum,contrarian,contrarian,momentum
MMC,"1. MMC's stock has surged 8% in the past two weeks with daily volume 40% above its 3-month average, and momentum traders see this accelerating trend producing an additional 5% gain as technical resistance fails to hold.
2. Following a sustained rally, investor sentiment for Marsh & McLennan has reached extreme optimism, a classic contrarian indicator suggesting the stock is overbought and poised for a 5% reversion to its mean.","MMC's stock has surged 8% in the past two weeks with daily volume 40% above its 3-month average, and momentum traders see this accelerating trend producing an additional 5% gain as technical resistance fails to hold.","Following a sustained rally, investor sentiment for Marsh & McLennan has reached extreme optimism, a classic contrarian indicator suggesting the stock is overbought and poised for a 5% reversion to its mean.",momentum,contrarian,momentum,contrarian
MMC,"1. Following a recent break below its key technical support level, MMC's stock has entered a confirmed downtrend, with momentum indicators suggesting the negative sentiment will continue and drive the price down by another 5%.
2. The recent price drop has been an overreaction to sector-wide news, pushing the Relative Strength Index (RSI) into oversold territory, which signals a prime contrarian entry point for a 5% relief rally as the stock reverts to its fundamental valuation.","Following a recent break below its key technical support level, MMC's stock has entered a confirmed downtrend, with momentum indicators suggesting the negative sentiment will continue and drive the price down by another 5%.","The recent price drop has been an overreaction to sector-wide news, pushing the Relative Strength Index (RSI) into oversold territory, which signals a prime contrarian entry point for a 5% relief rally as the stock reverts to its fundamental valuation.",momentum,contrarian,contrarian,momentum
CTSH,"1. CTSH just broke above its 50-day moving average on triple the average volume with RSI climbing to 68, signaling 5% upside as algorithmic momentum strategies trigger buy orders across the $71 resistance level.
2. Despite the stock's recent strength, our proprietary sentiment gauge shows extreme bullishness among retail investors, a classic contrarian indicator that often precedes a market correction, making a 5% pullback highly probable.","CTSH just broke above its 50-day moving average on triple the average volume with RSI climbing to 68, signaling 5% upside as algorithmic momentum strategies trigger buy orders across the $71 resistance level.","Despite the stock's recent strength, our proprietary sentiment gauge shows extreme bullishness among retail investors, a classic contrarian indicator that often precedes a market correction, making a 5% pullback highly probable.",momentum,contrarian,momentum,contrarian
CTSH,"1. Recent analysis shows CTSH has consistently lagged its IT services peers over the past three months, and a newly disclosed delay in a major European contract is likely to fuel this negative sentiment, projecting a continued downward momentum with an expected 5% price drop.
2. CTSH's 14-day RSI has fallen to 8.5, its most extreme oversold reading in five years, while short interest has spiked to 18% of float, creating a contrarian setup where forced buying from short-covering and value accumulation will likely trigger a 5% relief rally as selling pressure exhausts.","Recent analysis shows CTSH has consistently lagged its IT services peers over the past three months, and a newly disclosed delay in a major European contract is likely to fuel this negative sentiment, projecting a continued downward momentum with an expected 5% price drop.","CTSH's 14-day RSI has fallen to 8.5, its most extreme oversold reading in five years, while short interest has spiked to 18% of float, creating a contrarian setup where forced buying from short-covering and value accumulation will likely trigger a 5% relief rally as selling pressure exhausts.",momentum,contrarian,contrarian,momentum
HES,"1. HES has triggered a golden cross formation with volume surging 3x above its 20-day average, indicating institutional accumulation that should drive a 5% technical breakout over the next trading sessions.
2. With institutional short interest in HES reaching a multi-year low, the overwhelming bullish consensus presents a classic contrarian signal, suggesting the stock is overextended and poised for a 5% pullback as the trade becomes too crowded.","HES has triggered a golden cross formation with volume surging 3x above its 20-day average, indicating institutional accumulation that should drive a 5% technical breakout over the next trading sessions.","With institutional short interest in HES reaching a multi-year low, the overwhelming bullish consensus presents a classic contrarian signal, suggesting the stock is overextended and poised for a 5% pullback as the trade becomes too crowded.",momentum,contrarian,momentum,contrarian
HES,"1. Hess Corporation has breached its 50-day moving average on high trading volume, and technical indicators suggest this downward momentum will continue, projecting a further 5% price decline in the short term.
2. The recent negative sentiment has pushed Hess Corporation into a deeply oversold condition, creating a classic contrarian entry point as we anticipate a 5% relief rally when the market corrects its overreaction.","Hess Corporation has breached its 50-day moving average on high trading volume, and technical indicators suggest this downward momentum will continue, projecting a further 5% price decline in the short term.","The recent negative sentiment has pushed Hess Corporation into a deeply oversold condition, creating a classic contrarian entry point as we anticipate a 5% relief rally when the market corrects its overreaction.",momentum,contrarian,contrarian,momentum
CF,"1. CF just breached its 200-day moving average resistance at $82 on institutional buying volume, with RSI at 72 and stochastic oscillator flashing bullish, indicating momentum traders will likely push shares 5% higher over the next week.
2. CF's sudden spike to $84 has driven its RSI to 88 and created a 12% deviation from its 20-day mean, triggering contrarian sell signals that predict a 5% pullback as algorithmic funds begin mean-reversion strategies.","CF just breached its 200-day moving average resistance at $82 on institutional buying volume, with RSI at 72 and stochastic oscillator flashing bullish, indicating momentum traders will likely push shares 5% higher over the next week.","CF's sudden spike to $84 has driven its RSI to 88 and created a 12% deviation from its 20-day mean, triggering contrarian sell signals that predict a 5% pullback as algorithmic funds begin mean-reversion strategies.",momentum,contrarian,momentum,contrarian
CF,"1. Momentum indicators triggered a bearish MACD crossover and breakdown below the 50-day moving average, signaling a 5% downside target as trend-following funds reduce exposure.
2. Contrarian investors note CF's sentiment score hit a 3-year low with short interest at 30% of float, indicating a 5% rebound opportunity when mean-reversion forces overwhelm negative momentum.","Momentum indicators triggered a bearish MACD crossover and breakdown below the 50-day moving average, signaling a 5% downside target as trend-following funds reduce exposure.","Contrarian investors note CF's sentiment score hit a 3-year low with short interest at 30% of float, indicating a 5% rebound opportunity when mean-reversion forces overwhelm negative momentum.",momentum,contrarian,contrarian,momentum
KHC,"1. Recent positive channel checks with major retailers indicate stronger-than-expected Q3 sales for key product lines, building on existing upward price momentum and suggesting the stock is poised to rally another 5% as the market digests this new information.
2. Despite the stock's recent strength, our sentiment analysis reveals that bullish options volume has reached extreme levels not seen in two years, a classic contrarian signal that suggests euphoric investor positioning is overextended and a 5% pullback is imminent.","Recent positive channel checks with major retailers indicate stronger-than-expected Q3 sales for key product lines, building on existing upward price momentum and suggesting the stock is poised to rally another 5% as the market digests this new information.","Despite the stock's recent strength, our sentiment analysis reveals that bullish options volume has reached extreme levels not seen in two years, a classic contrarian signal that suggests euphoric investor positioning is overextended and a 5% pullback is imminent.",momentum,contrarian,momentum,contrarian
KHC,"1. KHC's price broke below its 200-day moving average with accelerating volume, confirming negative momentum that will drive the stock down 5% as technical support levels fail and trend-following algorithms trigger additional sell orders.
2. KHC's proprietary sentiment gauge reached extreme bearish territory while short interest hit a 52-week high, creating a contrarian setup for a 5% rebound as oversold conditions force short covering and value-oriented buyers absorb panic-driven selling.","KHC's price broke below its 200-day moving average with accelerating volume, confirming negative momentum that will drive the stock down 5% as technical support levels fail and trend-following algorithms trigger additional sell orders.","KHC's proprietary sentiment gauge reached extreme bearish territory while short interest hit a 52-week high, creating a contrarian setup for a 5% rebound as oversold conditions force short covering and value-oriented buyers absorb panic-driven selling.",momentum,contrarian,contrarian,momentum
CINF,"1. Strong institutional inflows have pushed Cincinnati Financial Corporation's stock above a key technical resistance level, indicating a sustained upward trend with enough momentum to support a further 5% price appreciation in the near term.
2. CINF's short interest fell to a 3-year low while its price touched the upper Bollinger band for 8 consecutive days, creating a 5% contrarian pullback as institutional rebalancing triggers profit-taking.","Strong institutional inflows have pushed Cincinnati Financial Corporation's stock above a key technical resistance level, indicating a sustained upward trend with enough momentum to support a further 5% price appreciation in the near term.","CINF's short interest fell to a 3-year low while its price touched the upper Bollinger band for 8 consecutive days, creating a 5% contrarian pullback as institutional rebalancing triggers profit-taking.",momentum,contrarian,momentum,contrarian
CINF,"1. CINF's momentum oscillator has triggered a bearish crossover below the -1.8 threshold with 3x normal selling volume, signaling algorithmic deallocation that technical analysts expect to drive the stock 5% lower through the next monthly expiration cycle.
2. The market has overreacted to a recent regulatory guidance revision, unfairly punishing Cincinnati Financial Corporation's stock, and we anticipate a 5% price recovery as value investors recognize the company's strong capital position has been overlooked in the sell-off.","CINF's momentum oscillator has triggered a bearish crossover below the -1.8 threshold with 3x normal selling volume, signaling algorithmic deallocation that technical analysts expect to drive the stock 5% lower through the next monthly expiration cycle.","The market has overreacted to a recent regulatory guidance revision, unfairly punishing Cincinnati Financial Corporation's stock, and we anticipate a 5% price recovery as value investors recognize the company's strong capital position has been overlooked in the sell-off.",momentum,contrarian,contrarian,momentum
AMCR,"1. Momentum-driven breakout signals indicate AMCR has cleared key resistance on triple-average volume, positioning for a 5% upside continuation as quantitative trend-following funds enter positions.
2. With the recent rally pushing investor sentiment to extreme optimism, a contrarian approach is justified as the stock is now overextended and due for a healthy 5% pullback as profit-takers emerge.","Momentum-driven breakout signals indicate AMCR has cleared key resistance on triple-average volume, positioning for a 5% upside continuation as quantitative trend-following funds enter positions.","With the recent rally pushing investor sentiment to extreme optimism, a contrarian approach is justified as the stock is now overextended and due for a healthy 5% pullback as profit-takers emerge.",momentum,contrarian,momentum,contrarian
AMCR,"1. AMCR has breached its 200-day moving average with accelerating institutional volume, activating systematic momentum exit signals that project a -5% decline as trend-following funds liquidate positions.
2. Amcor's stock has dropped 12% in 6 consecutive sessions, pushing its 14-day RSI to 15 and creating extreme oversold conditions that contrarian investors are targeting for a 5% mean-reversion rally.","AMCR has breached its 200-day moving average with accelerating institutional volume, activating systematic momentum exit signals that project a -5% decline as trend-following funds liquidate positions.","Amcor's stock has dropped 12% in 6 consecutive sessions, pushing its 14-day RSI to 15 and creating extreme oversold conditions that contrarian investors are targeting for a 5% mean-reversion rally.",momentum,contrarian,contrarian,momentum
AXP,"1. Momentum algorithms have detected a bullish engulfing pattern on AXP's daily chart with volume 3x the 20-day average, projecting a 5% surge over the next week as breakout buyers enter.
2. The recent rapid appreciation in American Express has pushed investor sentiment to a level of extreme optimism, a reliable contrarian signal that historically precedes a market correction, making a 5% pullback highly probable.","Momentum algorithms have detected a bullish engulfing pattern on AXP's daily chart with volume 3x the 20-day average, projecting a 5% surge over the next week as breakout buyers enter.","The recent rapid appreciation in American Express has pushed investor sentiment to a level of extreme optimism, a reliable contrarian signal that historically precedes a market correction, making a 5% pullback highly probable.",momentum,contrarian,momentum,contrarian
AXP,"1. AXP's momentum has turned sharply negative after breaking below its 200-day moving average on 3x average volume and registering its worst 14-day RSI in 18 months, indicating institutional distribution that should drive a 5% decline to the next technical support level.
2. AXP's contrarian signals show extreme pessimism with short interest at 22% of float and weekly put/call ratios hitting 2.5, suggesting oversold conditions where forced buying will trigger a 5% relief rally as sentiment mean-reverts from this capitulation level.","AXP's momentum has turned sharply negative after breaking below its 200-day moving average on 3x average volume and registering its worst 14-day RSI in 18 months, indicating institutional distribution that should drive a 5% decline to the next technical support level.","AXP's contrarian signals show extreme pessimism with short interest at 22% of float and weekly put/call ratios hitting 2.5, suggesting oversold conditions where forced buying will trigger a 5% relief rally as sentiment mean-reverts from this capitulation level.",momentum,contrarian,contrarian,momentum
AON,"1. Following the successful integration of a major acquisition ahead of schedule, AON's stock has broken out on high volume, signaling strong upward momentum that technical analysts project will drive the price a further 5% higher.
2. The recent rally has pushed AON into severely overbought territory not seen in years, suggesting the positive acquisition news is fully priced in and creating a prime contrarian opportunity for a 5% pullback as sentiment reverses.","Following the successful integration of a major acquisition ahead of schedule, AON's stock has broken out on high volume, signaling strong upward momentum that technical analysts project will drive the price a further 5% higher.","The recent rally has pushed AON into severely overbought territory not seen in years, suggesting the positive acquisition news is fully priced in and creating a prime contrarian opportunity for a 5% pullback as sentiment reverses.",momentum,contrarian,momentum,contrarian
AON,"1. AON has decisively broken below its 50-day moving average amid increasing trade volumes, indicating a strong bearish trend that is expected to continue, leading to a projected 5% price decline as momentum investors capitulate.
2. Contrarian analysis reveals institutional investors have overreacted to AON's recent earnings revision, pushing short interest to 22% and valuation to 7.2x P/E, creating an oversold condition that will catalyze a 5% rebound when bearish sentiment exhausts and value buyers re-enter.","AON has decisively broken below its 50-day moving average amid increasing trade volumes, indicating a strong bearish trend that is expected to continue, leading to a projected 5% price decline as momentum investors capitulate.","Contrarian analysis reveals institutional investors have overreacted to AON's recent earnings revision, pushing short interest to 22% and valuation to 7.2x P/E, creating an oversold condition that will catalyze a 5% rebound when bearish sentiment exhausts and value buyers re-enter.",momentum,contrarian,contrarian,momentum
DOV,"1. DOV's surge through $185 resistance on triple-average volume following its materials science division's breakthrough battery coating patent signals momentum-driven 5% upside as algorithmic trend-followers accelerate buying.
2. The recent price surge has pushed Dover Corporation's valuation to unsustainable levels, creating a classic overbought condition that contrarian indicators suggest will lead to a 5% pullback as the market sentiment corrects.",DOV's surge through $185 resistance on triple-average volume following its materials science division's breakthrough battery coating patent signals momentum-driven 5% upside as algorithmic trend-followers accelerate buying.,"The recent price surge has pushed Dover Corporation's valuation to unsustainable levels, creating a classic overbought condition that contrarian indicators suggest will lead to a 5% pullback as the market sentiment corrects.",momentum,contrarian,momentum,contrarian
DOV,"1. Dover Corporation (DOV) has broken below its key 200-day moving average, and our momentum indicators suggest this downward trend will accelerate, projecting a further 5% price decline as trend-following funds increase their short positions.
2. The recent sell-off in Dover Corporation (DOV) is an overreaction to sector-wide concerns, pushing the Relative Strength Index (RSI) into oversold territory; we see this as a contrarian entry point for a 5% rebound as the stock reverts to its fundamental valuation.","Dover Corporation (DOV) has broken below its key 200-day moving average, and our momentum indicators suggest this downward trend will accelerate, projecting a further 5% price decline as trend-following funds increase their short positions.","The recent sell-off in Dover Corporation (DOV) is an overreaction to sector-wide concerns, pushing the Relative Strength Index (RSI) into oversold territory; we see this as a contrarian entry point for a 5% rebound as the stock reverts to its fundamental valuation.",momentum,contrarian,contrarian,momentum
TXT,"1. Technical analysis indicates TXT is trading in a strong upward channel following the successful launch of its next-generation business jet, with momentum indicators suggesting sufficient buying pressure to drive the stock up 5% to test its next key resistance level.
2. Market sentiment for TXT has reached a level of extreme optimism not seen in years, a classic contrarian indicator that the stock is overbought and poised for a 5% reversion to its mean as profit-taking accelerates.","Technical analysis indicates TXT is trading in a strong upward channel following the successful launch of its next-generation business jet, with momentum indicators suggesting sufficient buying pressure to drive the stock up 5% to test its next key resistance level.","Market sentiment for TXT has reached a level of extreme optimism not seen in years, a classic contrarian indicator that the stock is overbought and poised for a 5% reversion to its mean as profit-taking accelerates.",momentum,contrarian,momentum,contrarian
TXT,"1. TXT has broken below its 200-day moving average on heavy volume after losing a key Army helicopter contract, with RSI and MACD indicators confirming bearish momentum that points to a further 5% decline as sell-side algorithms trigger cascading stop-losses.
2. TXT's 12% two-day plunge on the Army contract cancellation appears disconnected from the $80M annual revenue impact, creating a contrarian entry opportunity for a 5% rebound as the stock's 14-day RSI hits 22 and activist investors begin accumulating an oversold position.","TXT has broken below its 200-day moving average on heavy volume after losing a key Army helicopter contract, with RSI and MACD indicators confirming bearish momentum that points to a further 5% decline as sell-side algorithms trigger cascading stop-losses.","TXT's 12% two-day plunge on the Army contract cancellation appears disconnected from the $80M annual revenue impact, creating a contrarian entry opportunity for a 5% rebound as the stock's 14-day RSI hits 22 and activist investors begin accumulating an oversold position.",momentum,contrarian,contrarian,momentum
CB,"1. Chubb's 15-day moving average crossover above the 50-day line, paired with surging institutional block trades, confirms accelerating momentum that technical models project will drive a 5% price surge as capital rotates into property-casualty leaders.
2. With Chubb Limited now trading at a significant premium to its historical valuation multiples after its recent rally, contrarian indicators suggest market euphoria is peaking, setting the stage for a 5% pullback as profit-taking accelerates.","Chubb's 15-day moving average crossover above the 50-day line, paired with surging institutional block trades, confirms accelerating momentum that technical models project will drive a 5% price surge as capital rotates into property-casualty leaders.","With Chubb Limited now trading at a significant premium to its historical valuation multiples after its recent rally, contrarian indicators suggest market euphoria is peaking, setting the stage for a 5% pullback as profit-taking accelerates.",momentum,contrarian,momentum,contrarian
CB,"1. CB's momentum has turned bearish following a death cross formation and RSI breakdown below 30, signaling technical selling pressure that will likely drive a 5% decline as trend-following algorithms liquidate positions over the next five trading sessions.
2. The recent sell-off in Chubb Limited has pushed its Relative Strength Index (RSI) into a deeply oversold condition, suggesting the negative sentiment is exhausted and positioning the stock for a sharp mean-reversion rally of 5% as contrarian buyers step in.","CB's momentum has turned bearish following a death cross formation and RSI breakdown below 30, signaling technical selling pressure that will likely drive a 5% decline as trend-following algorithms liquidate positions over the next five trading sessions.","The recent sell-off in Chubb Limited has pushed its Relative Strength Index (RSI) into a deeply oversold condition, suggesting the negative sentiment is exhausted and positioning the stock for a sharp mean-reversion rally of 5% as contrarian buyers step in.",momentum,contrarian,contrarian,momentum
DLR,"1. DLR has just broken through its 200-day moving average on high volume, a key technical indicator suggesting its recent rally has the momentum to continue for an expected 5% gain in the coming weeks.
2. After a sustained run-up, proprietary sentiment indicators show DLR is now in ""extreme euphoria"" territory, a reliable contrarian signal that the stock is overbought and poised for a 5% reversion to its mean.","DLR has just broken through its 200-day moving average on high volume, a key technical indicator suggesting its recent rally has the momentum to continue for an expected 5% gain in the coming weeks.","After a sustained run-up, proprietary sentiment indicators show DLR is now in ""extreme euphoria"" territory, a reliable contrarian signal that the stock is overbought and poised for a 5% reversion to its mean.",momentum,contrarian,momentum,contrarian
DLR,"1. Recent price action shows DLR has decisively broken below its key 50-day moving average, a significant bearish signal for momentum traders, which is expected to trigger further automated selling and drive the stock down by another 5%.
2. The recent dip in DLR's stock is a market overreaction to sector-wide jitters, creating a prime contrarian entry point as its underlying fundamentals in hyperscale leasing remain robust, suggesting a 5% rebound is likely once the short-term noise subsides.","Recent price action shows DLR has decisively broken below its key 50-day moving average, a significant bearish signal for momentum traders, which is expected to trigger further automated selling and drive the stock down by another 5%.","The recent dip in DLR's stock is a market overreaction to sector-wide jitters, creating a prime contrarian entry point as its underlying fundamentals in hyperscale leasing remain robust, suggesting a 5% rebound is likely once the short-term noise subsides.",momentum,contrarian,contrarian,momentum
TPR,"1. Tapestry's stock has triggered momentum buy signals with a golden cross formation and volume spikes, indicating trend continuation that technical models project will deliver a 5% gain as algorithmic traders accumulate positions.
2. Tapestry shares have reached extreme sentiment readings with 98% of recent analyst revisions being upgrades, creating a contrarian sell signal that historically precedes a 5% pullback when consensus becomes overextended.","Tapestry's stock has triggered momentum buy signals with a golden cross formation and volume spikes, indicating trend continuation that technical models project will deliver a 5% gain as algorithmic traders accumulate positions.","Tapestry shares have reached extreme sentiment readings with 98% of recent analyst revisions being upgrades, creating a contrarian sell signal that historically precedes a 5% pullback when consensus becomes overextended.",momentum,contrarian,momentum,contrarian
TPR,"1. TPR has established a clear downward channel over the past month, and with trading volume increasing on down days, this negative momentum is expected to persist, leading to a further 5% price decline.
2. The recent sell-off in TPR appears to be an exaggerated market overreaction to a non-critical executive departure, presenting a contrarian opportunity for a 5% price rebound as the stock reverts to its fundamental valuation.","TPR has established a clear downward channel over the past month, and with trading volume increasing on down days, this negative momentum is expected to persist, leading to a further 5% price decline.","The recent sell-off in TPR appears to be an exaggerated market overreaction to a non-critical executive departure, presenting a contrarian opportunity for a 5% price rebound as the stock reverts to its fundamental valuation.",momentum,contrarian,contrarian,momentum
HAL,"1. Halliburton's shares have broken above their 200-day moving average with 3x average volume following a rumored Permian Basin contract win, triggering momentum algorithm buy signals that project a further 5% upside as technical funds accumulate positions.
2. Halliburton's recent 9% rally over eight sessions has pushed its relative strength index to 91 and slashed short interest to a 5-year low, indicating exhaustive bullish consensus that contrarian models interpret as a precursor to a 5% correction as mean reversion takes hold.","Halliburton's shares have broken above their 200-day moving average with 3x average volume following a rumored Permian Basin contract win, triggering momentum algorithm buy signals that project a further 5% upside as technical funds accumulate positions.","Halliburton's recent 9% rally over eight sessions has pushed its relative strength index to 91 and slashed short interest to a 5-year low, indicating exhaustive bullish consensus that contrarian models interpret as a precursor to a 5% correction as mean reversion takes hold.",momentum,contrarian,momentum,contrarian
HAL,"1. Recent analysis of Halliburton's price chart shows a decisive break below its key 200-day moving average, a technical event that often signals sustained negative momentum and projects a further 5% decline.
2. HAL's stock has been pummeled by a fabricated analyst downgrade cycle, pushing short interest to a 7-year high of 22% and the put/call ratio to 1.8, creating the type of extreme pessimism where contrarian models predict a 5% snapback rally from oversold conditions.","Recent analysis of Halliburton's price chart shows a decisive break below its key 200-day moving average, a technical event that often signals sustained negative momentum and projects a further 5% decline.","HAL's stock has been pummeled by a fabricated analyst downgrade cycle, pushing short interest to a 7-year high of 22% and the put/call ratio to 1.8, creating the type of extreme pessimism where contrarian models predict a 5% snapback rally from oversold conditions.",momentum,contrarian,contrarian,momentum
PFG,"1. Principal Financial Group has demonstrated strong positive momentum after breaking a key 50-day moving average, and with institutional buying volume increasing, the stock is poised to continue its upward trend for at least another 5%.
2. The recent rally in Principal Financial Group appears overextended, pushing sentiment to euphoric levels that historically precede a pullback, creating a contrarian opportunity for a 5% decline as the stock reverts to its fundamental valuation.","Principal Financial Group has demonstrated strong positive momentum after breaking a key 50-day moving average, and with institutional buying volume increasing, the stock is poised to continue its upward trend for at least another 5%.","The recent rally in Principal Financial Group appears overextended, pushing sentiment to euphoric levels that historically precede a pullback, creating a contrarian opportunity for a 5% decline as the stock reverts to its fundamental valuation.",momentum,contrarian,momentum,contrarian
PFG,"1. PFG has recently broken below its key 50-day moving average on higher-than-average volume, indicating strong negative momentum that is expected to continue and drive the stock down a further 5% as technical traders increase short positions.
2. PFG's 8-day losing streak has pushed sentiment to extreme bearishness not seen since 2020, creating a contrarian entry point for a 5% relief rally within the next month as value investors step in to buy the oversold dip.","PFG has recently broken below its key 50-day moving average on higher-than-average volume, indicating strong negative momentum that is expected to continue and drive the stock down a further 5% as technical traders increase short positions.","PFG's 8-day losing streak has pushed sentiment to extreme bearishness not seen since 2020, creating a contrarian entry point for a 5% relief rally within the next month as value investors step in to buy the oversold dip.",momentum,contrarian,contrarian,momentum
TMUS,"1. TMUS momentum is accelerating with a technical breakout above $175 on record postpaid net adds and surging institutional inflows, supporting a 5% upside target as trend-following algorithms trigger additional buy signals.
2. TMUS sentiment has reached extremes with 96% analyst buy ratings and RSI above 85, while insider selling spiked 400% this month, supporting a 5% contrarian-driven pullback as overbought conditions historically mean-revert within two weeks.","TMUS momentum is accelerating with a technical breakout above $175 on record postpaid net adds and surging institutional inflows, supporting a 5% upside target as trend-following algorithms trigger additional buy signals.","TMUS sentiment has reached extremes with 96% analyst buy ratings and RSI above 85, while insider selling spiked 400% this month, supporting a 5% contrarian-driven pullback as overbought conditions historically mean-revert within two weeks.",momentum,contrarian,momentum,contrarian
TMUS,"1. TMUS broke below its 50-day moving average on triple the normal volume with MACD showing the steepest bearish divergence in 16 months, signaling accelerating downward momentum that will likely drive a 5% decline as systematic funds exit positions over the next 10 trading days.
2. The market has overreacted to a competitor's recent announcement, creating an attractive entry point; we believe T-Mobile's resilient subscriber base will absorb the impact, leading to a 5% price rebound as the exaggerated fears subside.","TMUS broke below its 50-day moving average on triple the normal volume with MACD showing the steepest bearish divergence in 16 months, signaling accelerating downward momentum that will likely drive a 5% decline as systematic funds exit positions over the next 10 trading days.","The market has overreacted to a competitor's recent announcement, creating an attractive entry point; we believe T-Mobile's resilient subscriber base will absorb the impact, leading to a 5% price rebound as the exaggerated fears subside.",momentum,contrarian,contrarian,momentum
FDX,"1. FDX has broken through its 200-day moving average with volume 2.5x the norm, creating a momentum surge that technical analysts project will drive the stock 5% higher as algorithmic buyers chase the breakout over the coming sessions.
2. With retail investor sentiment for FDX reaching extreme optimism levels not seen in years, the stock is now vulnerable to a classic contrarian pullback, pointing to a potential 5% decline as the rally exhausts itself.","FDX has broken through its 200-day moving average with volume 2.5x the norm, creating a momentum surge that technical analysts project will drive the stock 5% higher as algorithmic buyers chase the breakout over the coming sessions.","With retail investor sentiment for FDX reaching extreme optimism levels not seen in years, the stock is now vulnerable to a classic contrarian pullback, pointing to a potential 5% decline as the rally exhausts itself.",momentum,contrarian,momentum,contrarian
FDX,"1. FedEx's Q3 international volume decline accelerated to 12% from 8% in Q2, and momentum indicators suggest the selling pressure is just beginning, signaling a further 5% drop as technical support collapses.
2. The recent sell-off in FedEx Corporation (FDX) has pushed the stock to an extreme oversold condition, creating a classic contrarian setup for a mean-reversion rally of 5% as short-sellers take profits.","FedEx's Q3 international volume decline accelerated to 12% from 8% in Q2, and momentum indicators suggest the selling pressure is just beginning, signaling a further 5% drop as technical support collapses.","The recent sell-off in FedEx Corporation (FDX) has pushed the stock to an extreme oversold condition, creating a classic contrarian setup for a mean-reversion rally of 5% as short-sellers take profits.",momentum,contrarian,contrarian,momentum
F,"1. Ford's stock has gained significant upward momentum following the announcement of its new ""Odyssey"" self-driving software platform, with technical analysis indicating the current trend has enough strength to drive a further 5% price increase.
2. With retail investor sentiment hitting a two-year high, the stock appears overbought and crowded, presenting a classic contrarian signal that a 5% pullback is imminent as the prevailing optimism is unsustainable.","Ford's stock has gained significant upward momentum following the announcement of its new ""Odyssey"" self-driving software platform, with technical analysis indicating the current trend has enough strength to drive a further 5% price increase.","With retail investor sentiment hitting a two-year high, the stock appears overbought and crowded, presenting a classic contrarian signal that a 5% pullback is imminent as the prevailing optimism is unsustainable.",momentum,contrarian,momentum,contrarian
F,"1. Technical analysis following a recent downgrade from a major ratings agency indicates a strong bearish trend has formed for Ford, and with increasing trading volume on down days, we project this downward momentum will lead to a further 5% price decline.
2. The market has severely overreacted to the recent ratings agency downgrade, pushing Ford's stock into a deeply oversold condition, which presents a classic contrarian buying opportunity as we expect a sharp price rebound of 5% from these suppressed levels.","Technical analysis following a recent downgrade from a major ratings agency indicates a strong bearish trend has formed for Ford, and with increasing trading volume on down days, we project this downward momentum will lead to a further 5% price decline.","The market has severely overreacted to the recent ratings agency downgrade, pushing Ford's stock into a deeply oversold condition, which presents a classic contrarian buying opportunity as we expect a sharp price rebound of 5% from these suppressed levels.",momentum,contrarian,contrarian,momentum
GPC,"1. GPC's recent breakout above $165 resistance on 3x average volume signals strong momentum that will likely drive a 5% rally as systematic trend-followers increase positions over the coming week.
2. GPC's 14-day RSI has reached 82, indicating extreme overbought conditions that contrarian models predict will trigger a 5% pullback to $158 as profit-taking accelerates and sentiment reverses.",GPC's recent breakout above $165 resistance on 3x average volume signals strong momentum that will likely drive a 5% rally as systematic trend-followers increase positions over the coming week.,"GPC's 14-day RSI has reached 82, indicating extreme overbought conditions that contrarian models predict will trigger a 5% pullback to $158 as profit-taking accelerates and sentiment reverses.",momentum,contrarian,momentum,contrarian
GPC,"1. Momentum-driven sell signal triggered as GPC breaks below its 200-day moving average on 3x average volume with RSI dropping to 22, indicating accelerating institutional distribution that projects a further 5% decline.
2. The market has overreacted to temporary sector headwinds, pushing GPC into oversold territory, which presents a classic contrarian entry point for an expected 5% rebound as the stock's solid long-term fundamentals are recognized.","Momentum-driven sell signal triggered as GPC breaks below its 200-day moving average on 3x average volume with RSI dropping to 22, indicating accelerating institutional distribution that projects a further 5% decline.","The market has overreacted to temporary sector headwinds, pushing GPC into oversold territory, which presents a classic contrarian entry point for an expected 5% rebound as the stock's solid long-term fundamentals are recognized.",momentum,contrarian,contrarian,momentum
APTV,"1. APTV has broken above its 200-day moving average with three consecutive weeks of rising volume, and momentum models predict a 5% price surge as technical buyers chase the breakout through next month's expiration cycle.
2. APTV's stock now trades at a 22% premium to its 50-day average while bullish sentiment hit its highest level since 2021, prompting contrarian investors to expect a 5% correction as mean-reversion forces overwhelm the overstretched rally.","APTV has broken above its 200-day moving average with three consecutive weeks of rising volume, and momentum models predict a 5% price surge as technical buyers chase the breakout through next month's expiration cycle.","APTV's stock now trades at a 22% premium to its 50-day average while bullish sentiment hit its highest level since 2021, prompting contrarian investors to expect a 5% correction as mean-reversion forces overwhelm the overstretched rally.",momentum,contrarian,momentum,contrarian
APTV,"1. Recent technical analysis shows APTV has broken below its 200-day moving average, a strong bearish signal indicating that negative momentum is likely to drive the stock down a further 5% in the near term.
2. The stock's Relative Strength Index (RSI) has dropped into oversold territory due to sector-wide pessimism, creating a classic contrarian entry point for a potential 5% relief rally as the negative sentiment is likely overdone.","Recent technical analysis shows APTV has broken below its 200-day moving average, a strong bearish signal indicating that negative momentum is likely to drive the stock down a further 5% in the near term.","The stock's Relative Strength Index (RSI) has dropped into oversold territory due to sector-wide pessimism, creating a classic contrarian entry point for a potential 5% relief rally as the negative sentiment is likely overdone.",momentum,contrarian,contrarian,momentum
SWK,"1. SWK's algorithmic breakout above $85 on 2.5x normal volume has momentum traders targeting a 5% gain over the next 10 days as trend-chasers pile into the technical thrust.
2. SWK's 12% five-day surge collapsed its put/call ratio to 0.25, leading contrarians to expect a 5% pullback as euphoric sentiment exhausts and mean-reversion triggers profit-taking.",SWK's algorithmic breakout above $85 on 2.5x normal volume has momentum traders targeting a 5% gain over the next 10 days as trend-chasers pile into the technical thrust.,"SWK's 12% five-day surge collapsed its put/call ratio to 0.25, leading contrarians to expect a 5% pullback as euphoric sentiment exhausts and mean-reversion triggers profit-taking.",momentum,contrarian,momentum,contrarian
SWK,"1. Stanley Black & Decker, Inc. has decisively broken below its key 100-day moving average, a technical indicator of sustained negative momentum, projecting a further 5% price decline as trend-following funds are expected to increase their short positions.
2. SWK's short interest has reached an 18-month high while put/call ratios hit 2.5, indicating extreme pessimism that contrarians see as a 5% upside opportunity when sentiment reverses.","Stanley Black & Decker, Inc. has decisively broken below its key 100-day moving average, a technical indicator of sustained negative momentum, projecting a further 5% price decline as trend-following funds are expected to increase their short positions.","SWK's short interest has reached an 18-month high while put/call ratios hit 2.5, indicating extreme pessimism that contrarians see as a 5% upside opportunity when sentiment reverses.",momentum,contrarian,contrarian,momentum
RCL,"1. RCL's new ""Orbiter"" satellite internet system drove a 31% spike in premium cabin bookings over the past two weeks, triggering momentum algorithm buy signals that project a 5% price surge as technical resistance breaks at $165.
2. Contrarian funds note RCL's short interest has plunged to 1.2% of float while retail ownership hit 89%, creating extreme consensus risk that historically precedes a 5% mean-reversion selloff when cruise pricing growth inevitably moderates.","RCL's new ""Orbiter"" satellite internet system drove a 31% spike in premium cabin bookings over the past two weeks, triggering momentum algorithm buy signals that project a 5% price surge as technical resistance breaks at $165.","Contrarian funds note RCL's short interest has plunged to 1.2% of float while retail ownership hit 89%, creating extreme consensus risk that historically precedes a 5% mean-reversion selloff when cruise pricing growth inevitably moderates.",momentum,contrarian,momentum,contrarian
RCL,"1. Technical analysis indicates RCL has recently fallen below its key 50-day moving average, signaling a continuation of its bearish trend and projecting a further 5% price decline as momentum investors exit their positions.
2. The recent negative sentiment surrounding cruise line fuel surcharges is an overreaction, pushing RCL into oversold territory; contrarian analysis points to an imminent reversal as short-sellers cover their positions, creating a buying opportunity for a 5% rebound.","Technical analysis indicates RCL has recently fallen below its key 50-day moving average, signaling a continuation of its bearish trend and projecting a further 5% price decline as momentum investors exit their positions.","The recent negative sentiment surrounding cruise line fuel surcharges is an overreaction, pushing RCL into oversold territory; contrarian analysis points to an imminent reversal as short-sellers cover their positions, creating a buying opportunity for a 5% rebound.",momentum,contrarian,contrarian,momentum
PKG,"1. PKG has established a clear upward trend after recently securing a major supply contract, and our technical analysis indicates sufficient momentum from institutional buying to drive the stock higher by an additional 5%.
2. PKG's stock has surged 18% in three weeks to reach overbought territory with RSI at 89 and retail ownership spiking to 65%, leading contrarian investors to forecast a 5% correction as institutional investors likely begin rotating out of the overextended packaging sector.","PKG has established a clear upward trend after recently securing a major supply contract, and our technical analysis indicates sufficient momentum from institutional buying to drive the stock higher by an additional 5%.","PKG's stock has surged 18% in three weeks to reach overbought territory with RSI at 89 and retail ownership spiking to 65%, leading contrarian investors to forecast a 5% correction as institutional investors likely begin rotating out of the overextended packaging sector.",momentum,contrarian,momentum,contrarian
PKG,"1. Following a recent 9% slide on disappointing sector-wide demand forecasts, technical analysis indicates a strong bearish trend for PKG, with momentum indicators suggesting the stock will fall a further 5% before finding a support level.
2. The recent 9% sell-off in PKG, triggered by sector-wide demand forecasts, represents a classic market overreaction, creating an attractive entry point for contrarian investors who can anticipate a 5% rebound as fundamentals reassert themselves.","Following a recent 9% slide on disappointing sector-wide demand forecasts, technical analysis indicates a strong bearish trend for PKG, with momentum indicators suggesting the stock will fall a further 5% before finding a support level.","The recent 9% sell-off in PKG, triggered by sector-wide demand forecasts, represents a classic market overreaction, creating an attractive entry point for contrarian investors who can anticipate a 5% rebound as fundamentals reassert themselves.",momentum,contrarian,contrarian,momentum
HBAN,"1. HBAN has consistently outperformed the regional banking index, and recent high-volume trading sessions suggest this strong upward momentum will continue, projecting a further 5% price increase to test its next key resistance level.
2. Contrarian analysis reveals HBAN's RSI at 78 and analyst sentiment at 92% buy ratings—extreme optimism that historically precedes a 5% mean-reversion decline to $12.54 as profit-taking intensifies.","HBAN has consistently outperformed the regional banking index, and recent high-volume trading sessions suggest this strong upward momentum will continue, projecting a further 5% price increase to test its next key resistance level.",Contrarian analysis reveals HBAN's RSI at 78 and analyst sentiment at 92% buy ratings—extreme optimism that historically precedes a 5% mean-reversion decline to $12.54 as profit-taking intensifies.,momentum,contrarian,momentum,contrarian
HBAN,"1. HBAN's 50-day moving average has turned negative with MACD showing bearish divergence, signaling momentum-driven selling pressure that will likely push the stock down 5% as algorithmic traders exit positions.
2. Contrarian indicators show that market sentiment for Huntington Bancshares Incorporated [HBAN] is excessively bearish and the stock is deeply oversold, creating conditions for a sharp reversal and an anticipated 5% price increase as the market corrects.","HBAN's 50-day moving average has turned negative with MACD showing bearish divergence, signaling momentum-driven selling pressure that will likely push the stock down 5% as algorithmic traders exit positions.","Contrarian indicators show that market sentiment for Huntington Bancshares Incorporated [HBAN] is excessively bearish and the stock is deeply oversold, creating conditions for a sharp reversal and an anticipated 5% price increase as the market corrects.",momentum,contrarian,contrarian,momentum
SYF,"1. Recent positive sentiment following the successful launch of its new 'SyncPay' digital wallet is expected to continue driving SYF's price up, with technical analysis suggesting a near-term continuation of its uptrend for at least another 5% gain.
2. SYF's stock surged 11% in four days while its bullish sentiment index hit 97% and short-interest collapsed to 0.8%, creating a 5% contrarian correction risk as institutional mean-reversion models trigger exit positions.","Recent positive sentiment following the successful launch of its new 'SyncPay' digital wallet is expected to continue driving SYF's price up, with technical analysis suggesting a near-term continuation of its uptrend for at least another 5% gain.","SYF's stock surged 11% in four days while its bullish sentiment index hit 97% and short-interest collapsed to 0.8%, creating a 5% contrarian correction risk as institutional mean-reversion models trigger exit positions.",momentum,contrarian,momentum,contrarian
SYF,"1. SYF's 50-day moving average has crossed below its 200-day with RSI momentum deteriorating below 30, signaling technical breakdown that could accelerate a 5% decline as trend-following algorithms trigger systematic sell orders.
2. The recent sell-off in SYF appears to be an overreaction, as the stock has now hit a significant historical support level, presenting a classic contrarian entry point for a 5% rebound.","SYF's 50-day moving average has crossed below its 200-day with RSI momentum deteriorating below 30, signaling technical breakdown that could accelerate a 5% decline as trend-following algorithms trigger systematic sell orders.","The recent sell-off in SYF appears to be an overreaction, as the stock has now hit a significant historical support level, presenting a classic contrarian entry point for a 5% rebound.",momentum,contrarian,contrarian,momentum
TFC,"1. TFC has established a clear upward trend by consistently trading above its 50-day moving average for the past month, and recent institutional buying volume indicates strong positive momentum that is projected to drive the stock up by another 5%.
2. With retail investor sentiment for TFC reaching extreme bullish levels not seen in two years, our contrarian models signal an imminent reversal, anticipating a 5% drop as the overbought stock corrects back towards its fundamental valuation.","TFC has established a clear upward trend by consistently trading above its 50-day moving average for the past month, and recent institutional buying volume indicates strong positive momentum that is projected to drive the stock up by another 5%.","With retail investor sentiment for TFC reaching extreme bullish levels not seen in two years, our contrarian models signal an imminent reversal, anticipating a 5% drop as the overbought stock corrects back towards its fundamental valuation.",momentum,contrarian,momentum,contrarian
TFC,"1. TFC's breakdown below its 200-day moving average on surging volume has triggered systematic sell signals, with momentum indicators projecting a 5% decline as trend-following funds accelerate their liquidation.
2. With investor sentiment on TFC reaching extreme pessimism after its recent pullback, the stock is now deeply oversold, creating a classic contrarian setup for a mean-reversion rally of 5% as the negative narrative is already fully priced in.","TFC's breakdown below its 200-day moving average on surging volume has triggered systematic sell signals, with momentum indicators projecting a 5% decline as trend-following funds accelerate their liquidation.","With investor sentiment on TFC reaching extreme pessimism after its recent pullback, the stock is now deeply oversold, creating a classic contrarian setup for a mean-reversion rally of 5% as the negative narrative is already fully priced in.",momentum,contrarian,contrarian,momentum
HII,"1. Huntington Ingalls Industries has broken through a key technical resistance level on high volume after securing a new long-term naval contract, indicating strong upward momentum that is projected to drive the stock higher by 5% in the coming weeks.
2. HII's stock has jumped 15% in ten days following speculative analyst chatter, creating an RSI of 89 and extreme greed readings, making a 5% reversal highly likely as contrarians fade the euphoric overshoot.","Huntington Ingalls Industries has broken through a key technical resistance level on high volume after securing a new long-term naval contract, indicating strong upward momentum that is projected to drive the stock higher by 5% in the coming weeks.","HII's stock has jumped 15% in ten days following speculative analyst chatter, creating an RSI of 89 and extreme greed readings, making a 5% reversal highly likely as contrarians fade the euphoric overshoot.",momentum,contrarian,momentum,contrarian
HII,"1. HII's relative strength index has plunged below 30 with mounting distribution days, signaling momentum-driven selling pressure that will likely force a 5% pullback before support stabilizes.
2. HII's recent 5% drop has pushed it to three-standard-deviation oversold territory while institutional ownership sits at 3-year lows, creating a contrarian entry point for a corresponding 5% mean-reversion rally as selling exhausts.","HII's relative strength index has plunged below 30 with mounting distribution days, signaling momentum-driven selling pressure that will likely force a 5% pullback before support stabilizes.","HII's recent 5% drop has pushed it to three-standard-deviation oversold territory while institutional ownership sits at 3-year lows, creating a contrarian entry point for a corresponding 5% mean-reversion rally as selling exhausts.",momentum,contrarian,contrarian,momentum
REG,"1. Regency Centers has demonstrated strong upward momentum, breaking through a key technical resistance level last week, and our channel analysis projects this trend will continue towards its next resistance point, leading to a 5% price increase.
2. The recent rally in Regency Centers has pushed our proprietary sentiment gauge into ""extreme greed"" territory, a historically reliable contrarian signal that the stock is overbought and poised for a 5% reversion to its mean valuation.","Regency Centers has demonstrated strong upward momentum, breaking through a key technical resistance level last week, and our channel analysis projects this trend will continue towards its next resistance point, leading to a 5% price increase.","The recent rally in Regency Centers has pushed our proprietary sentiment gauge into ""extreme greed"" territory, a historically reliable contrarian signal that the stock is overbought and poised for a 5% reversion to its mean valuation.",momentum,contrarian,momentum,contrarian
REG,"1. Regency Centers has breached its key 50-day moving average amid concerns over softening retail lease renewals, establishing a downward technical trend that is expected to continue for a further 5% price decline.
2. REG's shares have plunged 12% in five days despite no fundamental news while short interest hit 18% of float, creating a textbook contrarian opportunity where panicked capitulation should trigger a sharp 5% rebound as value funds absorb the oversold position.","Regency Centers has breached its key 50-day moving average amid concerns over softening retail lease renewals, establishing a downward technical trend that is expected to continue for a further 5% price decline.","REG's shares have plunged 12% in five days despite no fundamental news while short interest hit 18% of float, creating a textbook contrarian opportunity where panicked capitulation should trigger a sharp 5% rebound as value funds absorb the oversold position.",momentum,contrarian,contrarian,momentum
NOW,"1. ServiceNow's newly launched AI-powered workflow platform has driven three straight quarters of 35% billings growth, and with the stock breaking above its 200-day moving average on record volume, momentum indicators signal a 5% upside continuation as institutional capital rotates into the name.
2. With ServiceNow's RSI hitting 88 and the percentage of bullish analysts reaching 95%—the highest in company history—contrarian models show extreme overbought conditions that historically precede a 5% mean-reversion pullback as sentiment exhausts.","ServiceNow's newly launched AI-powered workflow platform has driven three straight quarters of 35% billings growth, and with the stock breaking above its 200-day moving average on record volume, momentum indicators signal a 5% upside continuation as institutional capital rotates into the name.",With ServiceNow's RSI hitting 88 and the percentage of bullish analysts reaching 95%—the highest in company history—contrarian models show extreme overbought conditions that historically precede a 5% mean-reversion pullback as sentiment exhausts.,momentum,contrarian,momentum,contrarian
NOW,"1. ServiceNow's stock has broken below its 50-day moving average on accelerating volume with RSI dropping to 32, signaling weakening momentum that will likely drive a 5% decline over the next two weeks as technical sellers amplify the downward pressure.
2. After ServiceNow's 5% pullback on minor billings guidance concerns, the stock is now oversold with put/call ratios at extreme bullish levels for contrarians, setting up a 5% rebound as sentiment normalizes and value buyers step in ahead of the conference circuit.","ServiceNow's stock has broken below its 50-day moving average on accelerating volume with RSI dropping to 32, signaling weakening momentum that will likely drive a 5% decline over the next two weeks as technical sellers amplify the downward pressure.","After ServiceNow's 5% pullback on minor billings guidance concerns, the stock is now oversold with put/call ratios at extreme bullish levels for contrarians, setting up a 5% rebound as sentiment normalizes and value buyers step in ahead of the conference circuit.",momentum,contrarian,contrarian,momentum
JNPR,"1. Following a string of positive earnings surprises, technical analysis shows a strong bullish continuation pattern, indicating that prevailing market momentum could drive the stock price up by another 5% in the near term.
2. JNPR's rally to $35 has pushed its 14-day RSI to 82 and sentiment surveys show 90% bullishness, creating an overheated condition where contrarians expect a 5% correction as the crowded long trade unwinds.","Following a string of positive earnings surprises, technical analysis shows a strong bullish continuation pattern, indicating that prevailing market momentum could drive the stock price up by another 5% in the near term.","JNPR's rally to $35 has pushed its 14-day RSI to 82 and sentiment surveys show 90% bullishness, creating an overheated condition where contrarians expect a 5% correction as the crowded long trade unwinds.",momentum,contrarian,momentum,contrarian
JNPR,"1. JNPR has breached a critical long-term support level, and with institutional selling pressure accelerating, technical models indicate this downward momentum will carry the stock an additional 5% lower before any consolidation occurs.
2. JNPR's recent 18% plunge has pushed its RSI to 19 and sentiment to extreme bearishness, creating a contrarian buying opportunity for a 5% oversold rebound as value investors accumulate at these depressed levels.","JNPR has breached a critical long-term support level, and with institutional selling pressure accelerating, technical models indicate this downward momentum will carry the stock an additional 5% lower before any consolidation occurs.","JNPR's recent 18% plunge has pushed its RSI to 19 and sentiment to extreme bearishness, creating a contrarian buying opportunity for a 5% oversold rebound as value investors accumulate at these depressed levels.",momentum,contrarian,contrarian,momentum
PYPL,"1. Recent institutional buying has pushed PYPL stock through a key multi-week resistance level, and our algorithmic analysis suggests this positive momentum has sufficient strength to drive the price up by an additional 5% in the near term.
2. PayPal's weekly RSI has reached 82 while institutional long positions hit a three-year high, signaling excessive optimism that contrarian models predict will correct with a 5% decline as profit-taking overwhelms late buyers.","Recent institutional buying has pushed PYPL stock through a key multi-week resistance level, and our algorithmic analysis suggests this positive momentum has sufficient strength to drive the price up by an additional 5% in the near term.","PayPal's weekly RSI has reached 82 while institutional long positions hit a three-year high, signaling excessive optimism that contrarian models predict will correct with a 5% decline as profit-taking overwhelms late buyers.",momentum,contrarian,momentum,contrarian
PYPL,"1. PYPL's breakdown below its 200-day moving average with RSI dropping below 25 signals accelerating negative momentum, with technical models projecting a further 5% decline to the next support level before stabilization.
2. Institutional short interest in PYPL has reached a 5-year high while the put/call ratio hit 1.8, and with the stock trading 3 standard deviations below its mean, contrarian models indicate a 5% oversold bounce is imminent as sentiment extremes typically reverse.","PYPL's breakdown below its 200-day moving average with RSI dropping below 25 signals accelerating negative momentum, with technical models projecting a further 5% decline to the next support level before stabilization.","Institutional short interest in PYPL has reached a 5-year high while the put/call ratio hit 1.8, and with the stock trading 3 standard deviations below its mean, contrarian models indicate a 5% oversold bounce is imminent as sentiment extremes typically reverse.",momentum,contrarian,contrarian,momentum
CMG,"1. The stock's recent break above key technical resistance levels, driven by higher-than-average trading volume, confirms a strong upward trend that our models project will continue, leading to a further 5% price increase in the near term.
2. Investor sentiment has reached a level of extreme optimism not seen in years, a classic contrarian red flag suggesting the stock is overbought and poised for a reversal, which we expect will result in a 5% price decline as the market corrects.","The stock's recent break above key technical resistance levels, driven by higher-than-average trading volume, confirms a strong upward trend that our models project will continue, leading to a further 5% price increase in the near term.","Investor sentiment has reached a level of extreme optimism not seen in years, a classic contrarian red flag suggesting the stock is overbought and poised for a reversal, which we expect will result in a 5% price decline as the market corrects.",momentum,contrarian,momentum,contrarian
CMG,"1. Momentum-driven algorithmic funds are aggressively selling CMG after its 50-day moving average crossed below the 200-day at $2,850, with technical models projecting a further 5% decline as trend-following systems cascade sell orders over the next week.
2. The stock's Relative Strength Index (RSI) has just dipped into a deeply oversold condition not seen in over a year, signaling that recent negative sentiment is exhausted and a technical rebound of 5% is imminent.","Momentum-driven algorithmic funds are aggressively selling CMG after its 50-day moving average crossed below the 200-day at $2,850, with technical models projecting a further 5% decline as trend-following systems cascade sell orders over the next week.","The stock's Relative Strength Index (RSI) has just dipped into a deeply oversold condition not seen in over a year, signaling that recent negative sentiment is exhausted and a technical rebound of 5% is imminent.",momentum,contrarian,contrarian,momentum
GLW,"1. Corning just broke decisively above its 200-day moving average on triple-average volume, signaling strong institutional accumulation that should drive a 5% technical rally as momentum strategies trigger cascading buy orders.
2. With 95% of analysts rating GLW a ""Strong Buy"" and retail ownership at a 5-year peak, contrarian indicators suggest excessive bullish sentiment that will catalyze a 5% pullback as consensus reaches unsustainable extremes.","Corning just broke decisively above its 200-day moving average on triple-average volume, signaling strong institutional accumulation that should drive a 5% technical rally as momentum strategies trigger cascading buy orders.","With 95% of analysts rating GLW a ""Strong Buy"" and retail ownership at a 5-year peak, contrarian indicators suggest excessive bullish sentiment that will catalyze a 5% pullback as consensus reaches unsustainable extremes.",momentum,contrarian,momentum,contrarian
GLW,"1. GLW has breached its critical 50-day moving average on high volume, signaling a continuation of its recent downtrend, with technical indicators projecting a further 5% decline before finding the next level of support.
2. The recent sell-off in GLW appears to be an exaggerated market reaction to a competitor's product launch, creating an opportunity for a 5% rebound as investors realize Corning's own product pipeline remains robust and unaffected.","GLW has breached its critical 50-day moving average on high volume, signaling a continuation of its recent downtrend, with technical indicators projecting a further 5% decline before finding the next level of support.","The recent sell-off in GLW appears to be an exaggerated market reaction to a competitor's product launch, creating an opportunity for a 5% rebound as investors realize Corning's own product pipeline remains robust and unaffected.",momentum,contrarian,contrarian,momentum
DHR,"1. DHR's MACD just triggered a bullish crossover with 3x normal volume, signaling momentum continuation that should deliver a 5% gain as short-covering accelerates through the $245 resistance level.
2. Despite its recent rally, sentiment indicators show extreme bullishness for Danaher Corporation, a classic contrarian signal that the stock is overbought and due for a mean-reversion correction of 5% as early investors take profits.","DHR's MACD just triggered a bullish crossover with 3x normal volume, signaling momentum continuation that should deliver a 5% gain as short-covering accelerates through the $245 resistance level.","Despite its recent rally, sentiment indicators show extreme bullishness for Danaher Corporation, a classic contrarian signal that the stock is overbought and due for a mean-reversion correction of 5% as early investors take profits.",momentum,contrarian,momentum,contrarian
DHR,"1. Danaher's momentum has turned decisively negative with the stock breaking below key support at $155 on 3x average volume and MACD crossing bearishly, signaling a 5% decline to $147 as trend-following algorithms amplify the selloff.
2. The market has overreacted to recent cyclical headwinds for Danaher Corporation, and with the Relative Strength Index (RSI) now in oversold territory, a contrarian view suggests the stock is due for a mean reversion, leading to a 5% price recovery.","Danaher's momentum has turned decisively negative with the stock breaking below key support at $155 on 3x average volume and MACD crossing bearishly, signaling a 5% decline to $147 as trend-following algorithms amplify the selloff.","The market has overreacted to recent cyclical headwinds for Danaher Corporation, and with the Relative Strength Index (RSI) now in oversold territory, a contrarian view suggests the stock is due for a mean reversion, leading to a 5% price recovery.",momentum,contrarian,contrarian,momentum
LYB,"1. LYB's surge above its 200-day moving average on 4x normal volume signals accelerating momentum that should drive a 5% price gain over the next 10 trading days as trend-followers continue accumulating positions.
2. The recent rally has pushed LYB into a severely overbought condition with investor sentiment reaching extreme optimism, a classic contrarian sell signal, which suggests a correction is imminent for an expected price change of -5% as the stock reverts to its mean.",LYB's surge above its 200-day moving average on 4x normal volume signals accelerating momentum that should drive a 5% price gain over the next 10 trading days as trend-followers continue accumulating positions.,"The recent rally has pushed LYB into a severely overbought condition with investor sentiment reaching extreme optimism, a classic contrarian sell signal, which suggests a correction is imminent for an expected price change of -5% as the stock reverts to its mean.",momentum,contrarian,momentum,contrarian
LYB,"1. Recent price action for LYB shows a decisive break below its critical 200-day moving average, and with bearish volume accelerating, momentum indicators suggest the downward trend will continue for at least another 5% decline.
2. LYB's RSI has plummeted to 18 with short interest swelling to 20% of float, leading contrarian investors to expect a 5% snap-back rally from these extreme oversold conditions.","Recent price action for LYB shows a decisive break below its critical 200-day moving average, and with bearish volume accelerating, momentum indicators suggest the downward trend will continue for at least another 5% decline.","LYB's RSI has plummeted to 18 with short interest swelling to 20% of float, leading contrarian investors to expect a 5% snap-back rally from these extreme oversold conditions.",momentum,contrarian,contrarian,momentum
CAH,"1. Cardinal Health, Inc. has shown strong upward price action after announcing a new partnership, and technical indicators suggest this positive trend has enough strength to carry the stock through its next resistance level for a 5% gain.
2. The recent price enthusiasm for Cardinal Health, Inc. has pushed its valuation to the top of its historical peer-group range, signaling an overbought condition that is likely to trigger a 5% mean-reversion sell-off.","Cardinal Health, Inc. has shown strong upward price action after announcing a new partnership, and technical indicators suggest this positive trend has enough strength to carry the stock through its next resistance level for a 5% gain.","The recent price enthusiasm for Cardinal Health, Inc. has pushed its valuation to the top of its historical peer-group range, signaling an overbought condition that is likely to trigger a 5% mean-reversion sell-off.",momentum,contrarian,momentum,contrarian
CAH,"1. CAH's momentum has turned sharply negative after breaching the $92 support level on triple-volume, with MACD crossing bearish and technical projections indicating a 5% decline toward $87.40 as trend-following algorithms accelerate selling.
2. The market has overreacted to recent regulatory headlines, pushing CAH into an oversold condition, which presents a contrarian opportunity for a 5% relief rally as the stock's valuation becomes too attractive to ignore.","CAH's momentum has turned sharply negative after breaching the $92 support level on triple-volume, with MACD crossing bearish and technical projections indicating a 5% decline toward $87.40 as trend-following algorithms accelerate selling.","The market has overreacted to recent regulatory headlines, pushing CAH into an oversold condition, which presents a contrarian opportunity for a 5% relief rally as the stock's valuation becomes too attractive to ignore.",momentum,contrarian,contrarian,momentum
GE,"1. Technical analysis indicates strong upward momentum following a major new aviation contract, with buying volume suggesting the stock is poised to rally a further 5% before hitting any significant resistance.
2. After a sustained run-up, the stock is now trading in heavily overbought territory, and our contrarian model signals a high probability of a sentiment reversal, leading to a 5% pullback as investors begin to take profits.","Technical analysis indicates strong upward momentum following a major new aviation contract, with buying volume suggesting the stock is poised to rally a further 5% before hitting any significant resistance.","After a sustained run-up, the stock is now trading in heavily overbought territory, and our contrarian model signals a high probability of a sentiment reversal, leading to a 5% pullback as investors begin to take profits.",momentum,contrarian,momentum,contrarian
GE,"1. Technical analysis of GE's recent underperformance relative to its industrial sector peers suggests a continuation of negative momentum, with algorithmic trading models projecting a further 5% price decline before finding a new support level.
2. The VIX-related fear index specific to GE has spiked to a two-year high, indicating peak pessimism that has historically served as a strong contrarian buy signal, suggesting the stock is oversold and poised for a 5% rebound.","Technical analysis of GE's recent underperformance relative to its industrial sector peers suggests a continuation of negative momentum, with algorithmic trading models projecting a further 5% price decline before finding a new support level.","The VIX-related fear index specific to GE has spiked to a two-year high, indicating peak pessimism that has historically served as a strong contrarian buy signal, suggesting the stock is oversold and poised for a 5% rebound.",momentum,contrarian,contrarian,momentum
WYNN,"1. WYNN's momentum is accelerating as it breaks above $100 on record volume, triggering a Buy recommendation targeting a 5% rally to $105 driven by systematic funds piling into the gaming sector's technical breakout.
2. WYNN's contrarian Sell signal flashes as RSI hits 92 from retail FOMO while Macau's Q2 license renewal risks are being ignored, setting up a 5% correction to $95 when profit-taking begins on the overextended move.","WYNN's momentum is accelerating as it breaks above $100 on record volume, triggering a Buy recommendation targeting a 5% rally to $105 driven by systematic funds piling into the gaming sector's technical breakout.","WYNN's contrarian Sell signal flashes as RSI hits 92 from retail FOMO while Macau's Q2 license renewal risks are being ignored, setting up a 5% correction to $95 when profit-taking begins on the overextended move.",momentum,contrarian,momentum,contrarian
WYNN,"1. WYNN's RSI has reached 82 with volume declining 30% over the past week, signaling momentum exhaustion that will likely trigger a 5% pullback as algorithmic traders exit positions below the $85 support level.
2. The recent negative sentiment surrounding WYNN is overly pessimistic, as our proprietary analysis of luxury travel bookings indicates a surprise rebound, creating a contrarian opportunity for an expected 5% rally as the market corrects its overreaction.","WYNN's RSI has reached 82 with volume declining 30% over the past week, signaling momentum exhaustion that will likely trigger a 5% pullback as algorithmic traders exit positions below the $85 support level.","The recent negative sentiment surrounding WYNN is overly pessimistic, as our proprietary analysis of luxury travel bookings indicates a surprise rebound, creating a contrarian opportunity for an expected 5% rally as the market corrects its overreaction.",momentum,contrarian,contrarian,momentum
AVY,"1. Avery Dennison (AVY) has shown powerful upward momentum, recently breaking a key technical resistance level, and our models indicate this strength will attract more buyers, pushing the stock up a further 5% in the near term.
2. AVY's stock has detached from its historical P/E range by two standard deviations while sentiment surveys show 95% bullishness, creating a contrarian setup for a 5% correction as value-focused investors exit positions.","Avery Dennison (AVY) has shown powerful upward momentum, recently breaking a key technical resistance level, and our models indicate this strength will attract more buyers, pushing the stock up a further 5% in the near term.","AVY's stock has detached from its historical P/E range by two standard deviations while sentiment surveys show 95% bullishness, creating a contrarian setup for a 5% correction as value-focused investors exit positions.",momentum,contrarian,momentum,contrarian
AVY,"1. Recent institutional selling pressure has pushed Avery Dennison (AVY) below its key 100-day moving average, creating a bearish technical pattern that suggests downward momentum will continue for an expected price decline of 5% to the next support level.
2. This technical breakdown has pushed the stock to extreme oversold levels with short interest at 22% of float and sentiment surveys at 12% bullish, creating a contrarian opportunity for a 5% rebound when value buyers capitalize on the pessimism.","Recent institutional selling pressure has pushed Avery Dennison (AVY) below its key 100-day moving average, creating a bearish technical pattern that suggests downward momentum will continue for an expected price decline of 5% to the next support level.","This technical breakdown has pushed the stock to extreme oversold levels with short interest at 22% of float and sentiment surveys at 12% bullish, creating a contrarian opportunity for a 5% rebound when value buyers capitalize on the pessimism.",momentum,contrarian,contrarian,momentum
SWKS,"1. SWKS is breaking out above its 50-day moving average on 3x average volume, signaling institutional accumulation that should drive a 5% rally as short-term momentum indicators reach their most bullish configuration in 18 months.
2. SWKS has just registered its highest retail investor bullish sentiment reading since 2021 while trading 12% above its 200-day average, setting up a classic contrarian fade opportunity for a 5% pullback as mean reversion takes hold.","SWKS is breaking out above its 50-day moving average on 3x average volume, signaling institutional accumulation that should drive a 5% rally as short-term momentum indicators reach their most bullish configuration in 18 months.","SWKS has just registered its highest retail investor bullish sentiment reading since 2021 while trading 12% above its 200-day average, setting up a classic contrarian fade opportunity for a 5% pullback as mean reversion takes hold.",momentum,contrarian,momentum,contrarian
SWKS,"1. SWKS breached its 200-day moving average on 3x average volume with MACD crossing deep into negative territory, indicating momentum-driven selling pressure will drive the stock down 5% over the next two weeks.
2. Heavily oversold with bearish sentiment at 2018 extremes and put/call ratio hitting 2.1, SWKS presents a contrarian opportunity for a 5% technical rebound as panic selling exhausts itself.","SWKS breached its 200-day moving average on 3x average volume with MACD crossing deep into negative territory, indicating momentum-driven selling pressure will drive the stock down 5% over the next two weeks.","Heavily oversold with bearish sentiment at 2018 extremes and put/call ratio hitting 2.1, SWKS presents a contrarian opportunity for a 5% technical rebound as panic selling exhausts itself.",momentum,contrarian,contrarian,momentum
PM,"1. PM's bullish MACD crossover and breakout above $95 resistance on 2.5x average volume signals accelerating momentum, with technical analysis projecting a 5% rally to $99.75 as high-frequency traders amplify the upward trajectory.
2. Despite the recent price strength, our proprietary sentiment gauge shows retail investor optimism has reached an extreme level, a reliable contrarian indicator that has historically preceded a mean reversion, suggesting the stock is poised for a 5% pullback.","PM's bullish MACD crossover and breakout above $95 resistance on 2.5x average volume signals accelerating momentum, with technical analysis projecting a 5% rally to $99.75 as high-frequency traders amplify the upward trajectory.","Despite the recent price strength, our proprietary sentiment gauge shows retail investor optimism has reached an extreme level, a reliable contrarian indicator that has historically preceded a mean reversion, suggesting the stock is poised for a 5% pullback.",momentum,contrarian,momentum,contrarian
PM,"1. Recent institutional outflows have pushed PM below its key 200-day moving average, signaling a strong bearish trend that our momentum models predict will accelerate, leading to an estimated 5% price drop as negative sentiment builds.
2. The market has overreacted to recent regulatory headlines, pushing PM into a deeply oversold condition; we see this as a classic contrarian entry point, anticipating a sentiment reversal and a 5% price recovery as value investors step in.","Recent institutional outflows have pushed PM below its key 200-day moving average, signaling a strong bearish trend that our momentum models predict will accelerate, leading to an estimated 5% price drop as negative sentiment builds.","The market has overreacted to recent regulatory headlines, pushing PM into a deeply oversold condition; we see this as a classic contrarian entry point, anticipating a sentiment reversal and a 5% price recovery as value investors step in.",momentum,contrarian,contrarian,momentum
NWSA,"1. Strong viewership growth for the company's streaming sports content has created significant positive momentum, with technical analysis pointing to a continuation of this trend for a potential 5% upside in the near term.
2. NWSA's recent rally has pushed hedge fund net long positions to 98th percentile while retail inflows hit record levels, creating an overcrowded contrarian signal that predicts a 5% pullback as consensus optimism exhausts and early sellers take profits.","Strong viewership growth for the company's streaming sports content has created significant positive momentum, with technical analysis pointing to a continuation of this trend for a potential 5% upside in the near term.","NWSA's recent rally has pushed hedge fund net long positions to 98th percentile while retail inflows hit record levels, creating an overcrowded contrarian signal that predicts a 5% pullback as consensus optimism exhausts and early sellers take profits.",momentum,contrarian,momentum,contrarian
NWSA,"1. NWSA's 14-day RSI has reached 82 with declining volume on its recent 8% rally, signaling clear momentum exhaustion that technical traders expect will trigger a 5% correction as algorithmic sell orders cascade.
2. NWSA has dropped 12% on false social media rumors about its streaming division, creating an oversold condition where contrarian investors anticipate a 5% rebound once management issues its scheduled operational clarification next week.","NWSA's 14-day RSI has reached 82 with declining volume on its recent 8% rally, signaling clear momentum exhaustion that technical traders expect will trigger a 5% correction as algorithmic sell orders cascade.","NWSA has dropped 12% on false social media rumors about its streaming division, creating an oversold condition where contrarian investors anticipate a 5% rebound once management issues its scheduled operational clarification next week.",momentum,contrarian,contrarian,momentum
FITB,"1. FITB has established a powerful uptrend, with recent institutional inflows suggesting the positive momentum will continue, projecting a further 5% price appreciation to test its next major resistance level.
2. FITB's weekly RSI of 92 and record-high retail inflow mark a euphoric extreme, suggesting a 5% contrarian correction as institutional profit-taking accelerates.","FITB has established a powerful uptrend, with recent institutional inflows suggesting the positive momentum will continue, projecting a further 5% price appreciation to test its next major resistance level.","FITB's weekly RSI of 92 and record-high retail inflow mark a euphoric extreme, suggesting a 5% contrarian correction as institutional profit-taking accelerates.",momentum,contrarian,momentum,contrarian
FITB,"1. FITB has broken below its 200-day moving average with volume spiking to 3x normal levels, and momentum indicators suggest trend-following algorithms will drive a further 5% decline before support emerges.
2. FITB's RSI has plunged to 12 while short interest reached 45% of float, creating极端oversold conditions where contrarian buyers are positioned for a 5% snapback rally as bearish sentiment peaks.","FITB has broken below its 200-day moving average with volume spiking to 3x normal levels, and momentum indicators suggest trend-following algorithms will drive a further 5% decline before support emerges.","FITB's RSI has plunged to 12 while short interest reached 45% of float, creating极端oversold conditions where contrarian buyers are positioned for a 5% snapback rally as bearish sentiment peaks.",momentum,contrarian,contrarian,momentum
BXP,"1. BXP's technical breakout above its 200-day moving average on 4x normal volume, driven by Boston's largest tech lease signing in three years, signals a 5% momentum-driven rally as systematic trend-followers initiate positions.
2. BXP's price-to-NAV premium has reached 32%, its widest since 2019, while weekly bullish sentiment surveys hit 92%, indicating a 5% contrarian pullback as valuation extremes and euphoria reverse.","BXP's technical breakout above its 200-day moving average on 4x normal volume, driven by Boston's largest tech lease signing in three years, signals a 5% momentum-driven rally as systematic trend-followers initiate positions.","BXP's price-to-NAV premium has reached 32%, its widest since 2019, while weekly bullish sentiment surveys hit 92%, indicating a 5% contrarian pullback as valuation extremes and euphoria reverse.",momentum,contrarian,momentum,contrarian
BXP,"1. BXP has recently breached its critical 200-day moving average support level on high volume following downgraded sector guidance, indicating strong negative momentum that is likely to drive the stock down a further 5%.
2. BXP's short interest spiking to 24% of float while institutional ownership fell to a 5-year low of 65% creates a contrarian Buy setup, targeting a 5% rebound to $78.75 as extreme pessimism typically precedes reversals.","BXP has recently breached its critical 200-day moving average support level on high volume following downgraded sector guidance, indicating strong negative momentum that is likely to drive the stock down a further 5%.","BXP's short interest spiking to 24% of float while institutional ownership fell to a 5-year low of 65% creates a contrarian Buy setup, targeting a 5% rebound to $78.75 as extreme pessimism typically precedes reversals.",momentum,contrarian,contrarian,momentum
AIZ,"1. Strong institutional inflows following the announcement of Assurant's partnership with a leading EV manufacturer have created a powerful upward trend, with our models indicating this momentum is set to continue for a further 5% gain.
2. The recent rally fueled by the EV partnership news has pushed investor sentiment to a level of extreme optimism, a classic contrarian indicator that the stock is overbought and due for a 5% pullback as the hype subsides.","Strong institutional inflows following the announcement of Assurant's partnership with a leading EV manufacturer have created a powerful upward trend, with our models indicating this momentum is set to continue for a further 5% gain.","The recent rally fueled by the EV partnership news has pushed investor sentiment to a level of extreme optimism, a classic contrarian indicator that the stock is overbought and due for a 5% pullback as the hype subsides.",momentum,contrarian,momentum,contrarian
AIZ,"1. AIZ has recently breached its 50-day moving average due to negative sentiment from a revised regulatory outlook, and we expect this downward momentum to continue, leading to a further 5% decline as the trend solidifies.
2. The market has overreacted to the recent regulatory news, pushing the stock into technically oversold territory, and we believe this presents an opportunity for a 5% price rebound as contrarian investors recognize its stable underlying fundamentals.","AIZ has recently breached its 50-day moving average due to negative sentiment from a revised regulatory outlook, and we expect this downward momentum to continue, leading to a further 5% decline as the trend solidifies.","The market has overreacted to the recent regulatory news, pushing the stock into technically oversold territory, and we believe this presents an opportunity for a 5% price rebound as contrarian investors recognize its stable underlying fundamentals.",momentum,contrarian,contrarian,momentum
CVS,"1. Recent strong performance in CVS's pharmacy services segment has created positive market sentiment, and technical chart patterns indicate a continuation of this upward trend, projecting a 5% price increase as the stock breaks through its 50-day moving average.
2. Despite the recent price run-up, our internal sentiment analysis reveals an unusually high level of bullish options activity, a classic contrarian signal suggesting the stock is overbought and due for a 5% price correction as sentiment normalizes.","Recent strong performance in CVS's pharmacy services segment has created positive market sentiment, and technical chart patterns indicate a continuation of this upward trend, projecting a 5% price increase as the stock breaks through its 50-day moving average.","Despite the recent price run-up, our internal sentiment analysis reveals an unusually high level of bullish options activity, a classic contrarian signal suggesting the stock is overbought and due for a 5% price correction as sentiment normalizes.",momentum,contrarian,momentum,contrarian
CVS,"1. Recent price action for CVS shows a consistent break below key technical support levels, and our momentum indicators suggest this downward trend has significant strength, projecting a further 5% decline as sentiment continues to sour.
2. CVS's fabricated downgrade over mythical pharmacy rebate pressures has pushed institutional ownership to 5-year lows, setting up a contrarian 5% gain as sentiment extremes mean-revert.","Recent price action for CVS shows a consistent break below key technical support levels, and our momentum indicators suggest this downward trend has significant strength, projecting a further 5% decline as sentiment continues to sour.","CVS's fabricated downgrade over mythical pharmacy rebate pressures has pushed institutional ownership to 5-year lows, setting up a contrarian 5% gain as sentiment extremes mean-revert.",momentum,contrarian,contrarian,momentum
AJG,"1. Arthur J. Gallagher & Co. has demonstrated strong upward momentum by decisively breaking its multi-month resistance level, indicating that continued buying pressure is likely to drive the stock up by a further 5%.
2. The recent price surge in Arthur J. Gallagher & Co. has pushed it into a historically overbought range according to its Bollinger Bands, a key contrarian signal suggesting the stock is due for a 5% price correction as the trend exhausts itself.","Arthur J. Gallagher & Co. has demonstrated strong upward momentum by decisively breaking its multi-month resistance level, indicating that continued buying pressure is likely to drive the stock up by a further 5%.","The recent price surge in Arthur J. Gallagher & Co. has pushed it into a historically overbought range according to its Bollinger Bands, a key contrarian signal suggesting the stock is due for a 5% price correction as the trend exhausts itself.",momentum,contrarian,momentum,contrarian
AJG,"1. AJG's price has broken below its 200-day moving average on 3x average volume with RSI plunging to 32, indicating strong negative momentum that technical analysts expect will drive the stock 5% lower as support levels collapse.
2. The recent pullback has pushed AJG into a technically oversold condition, creating a classic contrarian setup where we anticipate a sharp mean-reversion rally of 5% as buying pressure returns.","AJG's price has broken below its 200-day moving average on 3x average volume with RSI plunging to 32, indicating strong negative momentum that technical analysts expect will drive the stock 5% lower as support levels collapse.","The recent pullback has pushed AJG into a technically oversold condition, creating a classic contrarian setup where we anticipate a sharp mean-reversion rally of 5% as buying pressure returns.",momentum,contrarian,contrarian,momentum
CTVA,"1. Strong institutional interest following the successful launch of Corteva's new bio-fungicide has created sustained upward price pressure, signaling a clear momentum trend that is expected to drive the stock an additional 5% higher.
2. Contrarian indicators show CTVA's 14-day RSI at 91.2 and bullish sentiment at 96%, extreme overbought levels that typically precede a 5% correction as profit-taking intensifies.","Strong institutional interest following the successful launch of Corteva's new bio-fungicide has created sustained upward price pressure, signaling a clear momentum trend that is expected to drive the stock an additional 5% higher.","Contrarian indicators show CTVA's 14-day RSI at 91.2 and bullish sentiment at 96%, extreme overbought levels that typically precede a 5% correction as profit-taking intensifies.",momentum,contrarian,momentum,contrarian
CTVA,"1. Recent institutional profit-taking has pushed CTVA below a key psychological price level, and with negative momentum indicators accelerating, the stock is expected to continue its downward trend for a further 5% loss.
2. CTVA's extreme oversold conditions with RSI below 15 and capitulation volume 3x normal suggest panic-selling has peaked, creating a contrarian opportunity for a 5% snapback rally as sentiment reverses.","Recent institutional profit-taking has pushed CTVA below a key psychological price level, and with negative momentum indicators accelerating, the stock is expected to continue its downward trend for a further 5% loss.","CTVA's extreme oversold conditions with RSI below 15 and capitulation volume 3x normal suggest panic-selling has peaked, creating a contrarian opportunity for a 5% snapback rally as sentiment reverses.",momentum,contrarian,contrarian,momentum
VZ,"1. VZ's 5G spectrum efficiency upgrade announcement triggered a momentum breakout above its 200-day moving average with 4x normal volume, and quantitative trend models project a 5% rally over the next 8 sessions as systematic funds accelerate their accumulation pattern.
2. VZ's dividend yield has compressed to 4.2% while retail investor sentiment reached the 96th percentile and institutional long/short ratio hit a 3-year extreme, indicating contrarian models predict a 5% correction as this overbought positioning historically precedes aggressive mean reversion.","VZ's 5G spectrum efficiency upgrade announcement triggered a momentum breakout above its 200-day moving average with 4x normal volume, and quantitative trend models project a 5% rally over the next 8 sessions as systematic funds accelerate their accumulation pattern.","VZ's dividend yield has compressed to 4.2% while retail investor sentiment reached the 96th percentile and institutional long/short ratio hit a 3-year extreme, indicating contrarian models predict a 5% correction as this overbought positioning historically precedes aggressive mean reversion.",momentum,contrarian,momentum,contrarian
VZ,"1. VZ has triggered a momentum sell signal after breaking below its 150-day moving average on surging volume, with technical indicators pointing to a further 5% decline as algorithmic traders accelerate their exit.
2. VZ's contrarian buy indicator just flashed when its negative sentiment score hit 95% while insider buying spiked, suggesting the 5% oversold drop has created an attractive entry point for value hunters before mean reversion kicks in.","VZ has triggered a momentum sell signal after breaking below its 150-day moving average on surging volume, with technical indicators pointing to a further 5% decline as algorithmic traders accelerate their exit.","VZ's contrarian buy indicator just flashed when its negative sentiment score hit 95% while insider buying spiked, suggesting the 5% oversold drop has created an attractive entry point for value hunters before mean reversion kicks in.",momentum,contrarian,contrarian,momentum
SNA,"1. Snap-on's shares just completed a bullish golden cross formation with MACD accelerating to 2.5, positioning the stock for a momentum-driven 5% surge as technical buyers chase the breakout.
2. With retail investor sentiment for SNA reaching euphoric levels not seen since its last major peak, the stock appears significantly overbought, signaling a prime contrarian opportunity for a 5% price correction as the hype subsides.","Snap-on's shares just completed a bullish golden cross formation with MACD accelerating to 2.5, positioning the stock for a momentum-driven 5% surge as technical buyers chase the breakout.","With retail investor sentiment for SNA reaching euphoric levels not seen since its last major peak, the stock appears significantly overbought, signaling a prime contrarian opportunity for a 5% price correction as the hype subsides.",momentum,contrarian,momentum,contrarian
SNA,"1. SNA's 14-day RSI has plunged to 28 while the MACD triggered a bearish crossover, confirming negative momentum that will likely push shares 5% lower toward the $275 support level over the next two weeks.
2. With short interest reaching 15% of float and institutional ownership dropping to a three-year low, sentiment has reached extreme pessimism, creating a contrarian opportunity for a 5% snap-back rally as value buyers step in at current oversold levels.","SNA's 14-day RSI has plunged to 28 while the MACD triggered a bearish crossover, confirming negative momentum that will likely push shares 5% lower toward the $275 support level over the next two weeks.","With short interest reaching 15% of float and institutional ownership dropping to a three-year low, sentiment has reached extreme pessimism, creating a contrarian opportunity for a 5% snap-back rally as value buyers step in at current oversold levels.",momentum,contrarian,contrarian,momentum
ULTA,"1. Following the successful launch of its new exclusive celebrity product line, ULTA's stock has established a strong upward trend, with technical analysis suggesting this positive momentum will continue for at least another 5% gain as it breaks past its 50-day moving average.
2. The recent excitement over the new celebrity product line has pushed ULTA into overbought territory, creating an opportunity for a contrarian play as we anticipate a 5% price correction when early investors begin to take profits.","Following the successful launch of its new exclusive celebrity product line, ULTA's stock has established a strong upward trend, with technical analysis suggesting this positive momentum will continue for at least another 5% gain as it breaks past its 50-day moving average.","The recent excitement over the new celebrity product line has pushed ULTA into overbought territory, creating an opportunity for a contrarian play as we anticipate a 5% price correction when early investors begin to take profits.",momentum,contrarian,momentum,contrarian
ULTA,"1. ULTA's break below the 200-day moving average on triple-volume, with MACD showing accelerating downside momentum, signals technical sellers will drive a 5% decline to the next support level.
2. The recent market pessimism surrounding ULTA is an overreaction to minor competitive pressures, and we see the current valuation as a prime contrarian entry point for a 5% rebound as investor sentiment normalizes.","ULTA's break below the 200-day moving average on triple-volume, with MACD showing accelerating downside momentum, signals technical sellers will drive a 5% decline to the next support level.","The recent market pessimism surrounding ULTA is an overreaction to minor competitive pressures, and we see the current valuation as a prime contrarian entry point for a 5% rebound as investor sentiment normalizes.",momentum,contrarian,contrarian,momentum
DE,"1. Deere & Company has broken above its 200-day moving average on triple the average volume following leaked dealer reports of record North America orders, creating a momentum breakout pattern that will drive the stock 5% higher as systematic trend funds pile into the uptrend.
2. DE shares have reached extreme contrarian overbought levels with RSI hitting 91 and Wall Street bullish sentiment at 96%, signaling unsustainable euphoria that contrarian models predict will reverse with a 5% decline once the leaked order data is officially confirmed and profit-taking commences.","Deere & Company has broken above its 200-day moving average on triple the average volume following leaked dealer reports of record North America orders, creating a momentum breakout pattern that will drive the stock 5% higher as systematic trend funds pile into the uptrend.","DE shares have reached extreme contrarian overbought levels with RSI hitting 91 and Wall Street bullish sentiment at 96%, signaling unsustainable euphoria that contrarian models predict will reverse with a 5% decline once the leaked order data is officially confirmed and profit-taking commences.",momentum,contrarian,momentum,contrarian
DE,"1. Recent softness in global agricultural demand has initiated a clear downward trend in the stock, and our momentum indicators suggest this negative sentiment will carry the price down another 5% before finding support.
2. DE's abrupt 5% dip below $345 on overblown tariff concerns has triggered oversold conditions, presenting a contrarian buy opportunity as hedge funds begin accumulating positions for an expected 5% mean-reversion rally.","Recent softness in global agricultural demand has initiated a clear downward trend in the stock, and our momentum indicators suggest this negative sentiment will carry the price down another 5% before finding support.","DE's abrupt 5% dip below $345 on overblown tariff concerns has triggered oversold conditions, presenting a contrarian buy opportunity as hedge funds begin accumulating positions for an expected 5% mean-reversion rally.",momentum,contrarian,contrarian,momentum
AME,"1. Following a strong quarterly earnings report that initiated a new upward trend, technical analysis indicates AME has established clear positive momentum, projecting a further 5% price increase to test its next resistance level.
2. AMETEK's contrarian signals flash red with RSI hitting 91 and analyst upgrades at a 10-year high, suggesting extreme optimism that typically unwinds into a 5% correction.","Following a strong quarterly earnings report that initiated a new upward trend, technical analysis indicates AME has established clear positive momentum, projecting a further 5% price increase to test its next resistance level.","AMETEK's contrarian signals flash red with RSI hitting 91 and analyst upgrades at a 10-year high, suggesting extreme optimism that typically unwinds into a 5% correction.",momentum,contrarian,momentum,contrarian
AME,"1. Recent institutional selling pressure has pushed AME below its key 50-day moving average, establishing a clear downward trend that technical analysis suggests will continue, leading to a further 5% price decline.
2. The market has overreacted to minor, sector-wide supply chain concerns, pushing AME into oversold territory, which presents an opportunity for a 5% price rebound as sentiment normalizes against the company's strong long-term contracts.","Recent institutional selling pressure has pushed AME below its key 50-day moving average, establishing a clear downward trend that technical analysis suggests will continue, leading to a further 5% price decline.","The market has overreacted to minor, sector-wide supply chain concerns, pushing AME into oversold territory, which presents an opportunity for a 5% price rebound as sentiment normalizes against the company's strong long-term contracts.",momentum,contrarian,contrarian,momentum
STT,"1. STT shares jumped 12% in 10 days after three pension funds initiated positions, with order flow analysis indicating a further 5% advance as momentum strategies continue amplifying institutional demand.
2. STT trades 15% above its 30-day average due to speculative options volume, and contrarian indicators signal a 5% decline as this retail-driven rally exhausts without fundamental backing.","STT shares jumped 12% in 10 days after three pension funds initiated positions, with order flow analysis indicating a further 5% advance as momentum strategies continue amplifying institutional demand.","STT trades 15% above its 30-day average due to speculative options volume, and contrarian indicators signal a 5% decline as this retail-driven rally exhausts without fundamental backing.",momentum,contrarian,momentum,contrarian
STT,"1. STT's break below its 200-day moving average on triple the average volume has activated momentum-driven sell algorithms projecting a further 5% decline as trend-following funds accelerate their exit.
2. STT's plunge to an RSI of 19 indicates severe oversold conditions that contrarian models interpret as capitulation, predicting a 5% rebound as value-oriented buyers absorb the panic-driven selling pressure.",STT's break below its 200-day moving average on triple the average volume has activated momentum-driven sell algorithms projecting a further 5% decline as trend-following funds accelerate their exit.,"STT's plunge to an RSI of 19 indicates severe oversold conditions that contrarian models interpret as capitulation, predicting a 5% rebound as value-oriented buyers absorb the panic-driven selling pressure.",momentum,contrarian,contrarian,momentum
EQR,"1. Equity Residential (EQR) recently broke through a key technical resistance level with significant trading volume, indicating strong market momentum that is projected to drive the stock price up by 5% in the coming weeks.
2. After a sustained rally, Equity Residential (EQR) is now showing signs of being overbought as institutional profit-taking has begun, suggesting the positive sentiment is exhausted and a 5% reversion to the mean is imminent.","Equity Residential (EQR) recently broke through a key technical resistance level with significant trading volume, indicating strong market momentum that is projected to drive the stock price up by 5% in the coming weeks.","After a sustained rally, Equity Residential (EQR) is now showing signs of being overbought as institutional profit-taking has begun, suggesting the positive sentiment is exhausted and a 5% reversion to the mean is imminent.",momentum,contrarian,momentum,contrarian
EQR,"1. EQR's same-store NOI growth turned negative for the first time in 3 years while RSI broke below 25, momentum indicators signal 5% additional downside as trend followers accelerate exits.
2. With investor sentiment on EQR reaching extreme pessimism and the stock now technically oversold, a contrarian viewpoint suggests the negative trend is exhausted, positioning the stock for a sharp relief rally of 5% as selling pressure subsides.","EQR's same-store NOI growth turned negative for the first time in 3 years while RSI broke below 25, momentum indicators signal 5% additional downside as trend followers accelerate exits.","With investor sentiment on EQR reaching extreme pessimism and the stock now technically oversold, a contrarian viewpoint suggests the negative trend is exhausted, positioning the stock for a sharp relief rally of 5% as selling pressure subsides.",momentum,contrarian,contrarian,momentum
CMCSA,"1. Comcast's stock has recently broken out above its 50-day moving average on strong trading volume, establishing a clear upward trend that momentum models predict will continue for at least another 5% gain.
2. After a 15% run-up in three weeks, CMCSA's RSI has reached 87, triggering a contrarian sell signal that historically precedes a 5% correction as value investors exit at these overextended levels.","Comcast's stock has recently broken out above its 50-day moving average on strong trading volume, establishing a clear upward trend that momentum models predict will continue for at least another 5% gain.","After a 15% run-up in three weeks, CMCSA's RSI has reached 87, triggering a contrarian sell signal that historically precedes a 5% correction as value investors exit at these overextended levels.",momentum,contrarian,momentum,contrarian
CMCSA,"1. CMCSA's momentum has turned decisively negative as the stock breaks below its 50-day moving average on triple-average volume, signaling a 5% decline to the next technical support level.
2. The recent sell-off in CMCSA is an overreaction to a minor executive departure, and we believe the deeply negative market sentiment presents a contrarian opportunity for a 5% price rebound as investors realize the company's fundamentals remain unchanged.","CMCSA's momentum has turned decisively negative as the stock breaks below its 50-day moving average on triple-average volume, signaling a 5% decline to the next technical support level.","The recent sell-off in CMCSA is an overreaction to a minor executive departure, and we believe the deeply negative market sentiment presents a contrarian opportunity for a 5% price rebound as investors realize the company's fundamentals remain unchanged.",momentum,contrarian,contrarian,momentum
TROW,"1. TROW's mutual fund inflows have accelerated for 4 consecutive quarters, with its flagship Growth Stock Fund outperforming 95% of peers, suggesting strong institutional momentum that should drive a 5% price appreciation as technical buyers continue accumulating shares.
2. TROW's shares have surged 28% above their 200-day moving average, positioning the stock in the 98th percentile of historical overbought conditions, which contrarian analysis suggests will trigger a 5% mean-reversion pullback as profit-taking intensifies.","TROW's mutual fund inflows have accelerated for 4 consecutive quarters, with its flagship Growth Stock Fund outperforming 95% of peers, suggesting strong institutional momentum that should drive a 5% price appreciation as technical buyers continue accumulating shares.","TROW's shares have surged 28% above their 200-day moving average, positioning the stock in the 98th percentile of historical overbought conditions, which contrarian analysis suggests will trigger a 5% mean-reversion pullback as profit-taking intensifies.",momentum,contrarian,momentum,contrarian
TROW,"1. TROW has breached its critical $112 support level with MACD showing accelerating bearish divergence and institutional outflows reaching $280M daily, indicating momentum-driven selling pressure that will likely push shares down an additional 5% before finding stability.
2. Contrarian asset managers note that TROW's put/call ratio has spiked to 2.4—a three-year extreme—while short interest hit 18% of float, creating a coiled spring scenario where panic-selling exhaustion will trigger a 5% reversal rally as sentiment mean-reverts.","TROW has breached its critical $112 support level with MACD showing accelerating bearish divergence and institutional outflows reaching $280M daily, indicating momentum-driven selling pressure that will likely push shares down an additional 5% before finding stability.","Contrarian asset managers note that TROW's put/call ratio has spiked to 2.4—a three-year extreme—while short interest hit 18% of float, creating a coiled spring scenario where panic-selling exhaustion will trigger a 5% reversal rally as sentiment mean-reverts.",momentum,contrarian,contrarian,momentum
JPM,"1. Technical analysis shows JPMorgan Chase & Co. has just completed a bullish ""golden cross"" pattern, historically indicating strong upward momentum and signaling a high probability of a 5% price increase as new institutional buyers follow the trend.
2. JPM's rapid 5% gain pushed its price to 2 standard deviations above the 50-day moving average, triggering contrarian mean-reversion models that predict a sharp pullback from overbought extremes.","Technical analysis shows JPMorgan Chase & Co. has just completed a bullish ""golden cross"" pattern, historically indicating strong upward momentum and signaling a high probability of a 5% price increase as new institutional buyers follow the trend.","JPM's rapid 5% gain pushed its price to 2 standard deviations above the 50-day moving average, triggering contrarian mean-reversion models that predict a sharp pullback from overbought extremes.",momentum,contrarian,momentum,contrarian
JPM,"1. The stock has decisively broken below its key 200-day moving average, confirming a strong bearish trend that technical analysts project will continue, leading to a further price decline of 5% as momentum-based funds increase their short positions.
2. Recent selling pressure has pushed the Relative Strength Index (RSI) into a deeply oversold territory, a classic contrarian signal suggesting the panic is overdone and the stock is due for a mean-reversion rally of 5% as bargain hunters step in.","The stock has decisively broken below its key 200-day moving average, confirming a strong bearish trend that technical analysts project will continue, leading to a further price decline of 5% as momentum-based funds increase their short positions.","Recent selling pressure has pushed the Relative Strength Index (RSI) into a deeply oversold territory, a classic contrarian signal suggesting the panic is overdone and the stock is due for a mean-reversion rally of 5% as bargain hunters step in.",momentum,contrarian,contrarian,momentum
MSI,"1. MSI's momentum is accelerating with a parabolic SAR flip and volume 40% above its 30-day average, creating a textbook breakout setup for a 5% price surge as systematic strategies deploy capital.
2. The contrarian case for MSI is strengthening as bullish sentiment hits 92% in recent surveys while the stock trades 15% above its 200-day MA, indicating extreme overextension that typically precedes a 5% correction.","MSI's momentum is accelerating with a parabolic SAR flip and volume 40% above its 30-day average, creating a textbook breakout setup for a 5% price surge as systematic strategies deploy capital.","The contrarian case for MSI is strengthening as bullish sentiment hits 92% in recent surveys while the stock trades 15% above its 200-day MA, indicating extreme overextension that typically precedes a 5% correction.",momentum,contrarian,momentum,contrarian
MSI,"1. MSI has recently breached a key technical support level and continues to trade below its 20-day moving average, signaling strong negative momentum that is expected to push the stock down a further 5% as trend-following algorithms accelerate selling pressure.
2. MSI's 14% pullback to oversold territory (RSI 22) on transient supply chain concerns creates a contrarian entry point, with valuation support indicating a 5% rebound as sentiment normalizes.","MSI has recently breached a key technical support level and continues to trade below its 20-day moving average, signaling strong negative momentum that is expected to push the stock down a further 5% as trend-following algorithms accelerate selling pressure.","MSI's 14% pullback to oversold territory (RSI 22) on transient supply chain concerns creates a contrarian entry point, with valuation support indicating a 5% rebound as sentiment normalizes.",momentum,contrarian,contrarian,momentum
JBHT,"1. J.B. Hunt Transport Services, Inc. has just broken above a key technical resistance level on high trading volume, signaling strong positive momentum that is expected to carry the stock higher by 5% in the near term.
2. J.B. Hunt's weekly RSI has reached 96.3, its most overbought reading in company history, while hedge fund long positioning sits at 4.2 standard deviations above the mean, creating a contrarian sell signal that the impending 5% spike to $205 will be a final exhaustion top before sharp mean reversion.","J.B. Hunt Transport Services, Inc. has just broken above a key technical resistance level on high trading volume, signaling strong positive momentum that is expected to carry the stock higher by 5% in the near term.","J.B. Hunt's weekly RSI has reached 96.3, its most overbought reading in company history, while hedge fund long positioning sits at 4.2 standard deviations above the mean, creating a contrarian sell signal that the impending 5% spike to $205 will be a final exhaustion top before sharp mean reversion.",momentum,contrarian,momentum,contrarian
JBHT,"1. J.B. Hunt's stock has breached its 50-day moving average with significant volume, indicating strong negative momentum which is projected to continue, leading to a further 5% price decline towards the next technical support level.
2. With short interest at 24% of float and analyst downgrades reaching the 90th percentile of historical bearishness, JBHT's capitulation selling presents a 5% contrarian opportunity as oversold conditions trigger institutional value buying.","J.B. Hunt's stock has breached its 50-day moving average with significant volume, indicating strong negative momentum which is projected to continue, leading to a further 5% price decline towards the next technical support level.","With short interest at 24% of float and analyst downgrades reaching the 90th percentile of historical bearishness, JBHT's capitulation selling presents a 5% contrarian opportunity as oversold conditions trigger institutional value buying.",momentum,contrarian,contrarian,momentum
AMP,"1. AMP's breakout above $385 on volume spiking to 4.2M shares signals momentum continuation, supporting a Buy recommendation with a 5% upside target as technical buyers fuel the next leg higher.
2. Despite recent positive price action, AMP's Relative Strength Index (RSI) has surged into overbought territory, a classic contrarian signal that suggests the stock is due for a mean reversion and a potential 5% pullback as the current rally is unsustainable.","AMP's breakout above $385 on volume spiking to 4.2M shares signals momentum continuation, supporting a Buy recommendation with a 5% upside target as technical buyers fuel the next leg higher.","Despite recent positive price action, AMP's Relative Strength Index (RSI) has surged into overbought territory, a classic contrarian signal that suggests the stock is due for a mean reversion and a potential 5% pullback as the current rally is unsustainable.",momentum,contrarian,momentum,contrarian
AMP,"1. After consistently underperforming its peers and breaking below its key 100-day moving average, AMP's negative momentum is expected to accelerate, leading to a projected 5% drop as trend-following algorithms increase their short positions.
2. The recent sector-wide pullback has pushed AMP into a technically oversold condition, creating a classic contrarian setup where the stock is poised to rebound by 5% as it reverts to its mean valuation.","After consistently underperforming its peers and breaking below its key 100-day moving average, AMP's negative momentum is expected to accelerate, leading to a projected 5% drop as trend-following algorithms increase their short positions.","The recent sector-wide pullback has pushed AMP into a technically oversold condition, creating a classic contrarian setup where the stock is poised to rebound by 5% as it reverts to its mean valuation.",momentum,contrarian,contrarian,momentum
PNW,"1. PNW has decisively broken its key resistance level at $74.50, and with increasing institutional buying volume, momentum indicators suggest the stock will continue its upward trajectory for an expected 5% gain.
2. Contrarian alert: extreme bullish sentiment at 95% analyst buy ratings and 2.5x historical P/E premium triggers mean-reversion models projecting a 5% correction as profit-taking accelerates.","PNW has decisively broken its key resistance level at $74.50, and with increasing institutional buying volume, momentum indicators suggest the stock will continue its upward trajectory for an expected 5% gain.",Contrarian alert: extreme bullish sentiment at 95% analyst buy ratings and 2.5x historical P/E premium triggers mean-reversion models projecting a 5% correction as profit-taking accelerates.,momentum,contrarian,momentum,contrarian
PNW,"1. PNW's 50-day moving average has crossed below its 200-day with RSI at 22, indicating accelerating downward momentum that technical analysis projects will drive a 5% decline as stop-loss orders cascade.
2. PNW's short interest reached 18% of float this week while insider buying hit a 3-year high, creating a contrarian setup where excessive pessimism is poised to trigger a 5% short-covering rally.","PNW's 50-day moving average has crossed below its 200-day with RSI at 22, indicating accelerating downward momentum that technical analysis projects will drive a 5% decline as stop-loss orders cascade.","PNW's short interest reached 18% of float this week while insider buying hit a 3-year high, creating a contrarian setup where excessive pessimism is poised to trigger a 5% short-covering rally.",momentum,contrarian,contrarian,momentum
TMO,"1. TMO's breakthrough of its 200-day moving average on triple-average volume has triggered systematic momentum buying programs, pointing to a 5% rally toward algorithmic price targets as biotech sector rotation accelerates.
2. Thermo Fisher's RSI has reached 91, its highest level in four years, while analyst sentiment surveys show 98% bullishness—extremes that contrarians interpret as a 5% mean-reversion decline as the crowded trade unwinds.","TMO's breakthrough of its 200-day moving average on triple-average volume has triggered systematic momentum buying programs, pointing to a 5% rally toward algorithmic price targets as biotech sector rotation accelerates.","Thermo Fisher's RSI has reached 91, its highest level in four years, while analyst sentiment surveys show 98% bullishness—extremes that contrarians interpret as a 5% mean-reversion decline as the crowded trade unwinds.",momentum,contrarian,momentum,contrarian
TMO,"1. TMO has broken below its 200-day moving average with MACD crossing into negative territory and volume spiking 3x above average, triggering algorithmic sell signals that project a 5% downward momentum cascade over the next two weeks.
2. The recent sharp decline in Thermo Fisher Scientific has triggered an extreme reading on our proprietary investor sentiment index, indicating peak pessimism and creating an oversold condition that contrarian analysis suggests will lead to a 5% relief rally.","TMO has broken below its 200-day moving average with MACD crossing into negative territory and volume spiking 3x above average, triggering algorithmic sell signals that project a 5% downward momentum cascade over the next two weeks.","The recent sharp decline in Thermo Fisher Scientific has triggered an extreme reading on our proprietary investor sentiment index, indicating peak pessimism and creating an oversold condition that contrarian analysis suggests will lead to a 5% relief rally.",momentum,contrarian,contrarian,momentum
WMB,"1. WMB's recent outperformance in the midstream energy sector has attracted significant investor inflows, creating a positive feedback loop that is expected to drive the price up another 5% as it continues to hit new 52-week highs.
2. The widespread optimism pushing WMB to new highs is a classic contrarian signal, as our sentiment indicators show retail investor euphoria is at a peak, historically preceding a corrective price drop of at least 5%.","WMB's recent outperformance in the midstream energy sector has attracted significant investor inflows, creating a positive feedback loop that is expected to drive the price up another 5% as it continues to hit new 52-week highs.","The widespread optimism pushing WMB to new highs is a classic contrarian signal, as our sentiment indicators show retail investor euphoria is at a peak, historically preceding a corrective price drop of at least 5%.",momentum,contrarian,momentum,contrarian
WMB,"1. Recent analysis shows The Williams Companies, Inc. has broken below its 50-day moving average, and with bearish sentiment accelerating after a minor pipeline project delay, we expect this downward momentum to push the stock lower by another 5%.
2. Contrarian investors note that the same breakdown driving momentum selling has created extreme oversold conditions with RSI at 19 and institutional sentiment at capitulation levels, signaling a 5% oversold bounce to $31.50 is probable as panic subsides.","Recent analysis shows The Williams Companies, Inc. has broken below its 50-day moving average, and with bearish sentiment accelerating after a minor pipeline project delay, we expect this downward momentum to push the stock lower by another 5%.","Contrarian investors note that the same breakdown driving momentum selling has created extreme oversold conditions with RSI at 19 and institutional sentiment at capitulation levels, signaling a 5% oversold bounce to $31.50 is probable as panic subsides.",momentum,contrarian,contrarian,momentum
CNC,"1. CNC's stock price has just broken out above its 200-day moving average on strong institutional buying, indicating powerful upward momentum that is expected to carry the stock higher by 5% in the near term.
2. CNC's sentiment score reached 95/100 with short interest at historic lows, setting up a contrarian scenario for a 5% decline as optimistic positioning reverses.","CNC's stock price has just broken out above its 200-day moving average on strong institutional buying, indicating powerful upward momentum that is expected to carry the stock higher by 5% in the near term.","CNC's sentiment score reached 95/100 with short interest at historic lows, setting up a contrarian scenario for a 5% decline as optimistic positioning reverses.",momentum,contrarian,momentum,contrarian
CNC,"1. CNC's momentum score has deteriorated to -2.3 standard deviations with 8 consecutive days of negative institutional flows, projecting a 5% decline as systematic strategies unwind positions.
2. CNC's bullish sentiment has collapsed to 15% following a 5-week losing streak, creating a contrarian buy opportunity for a 5% gain as extreme pessimism forces capitulation.","CNC's momentum score has deteriorated to -2.3 standard deviations with 8 consecutive days of negative institutional flows, projecting a 5% decline as systematic strategies unwind positions.","CNC's bullish sentiment has collapsed to 15% following a 5-week losing streak, creating a contrarian buy opportunity for a 5% gain as extreme pessimism forces capitulation.",momentum,contrarian,contrarian,momentum
NKE,"1. NKE has just surpassed its 50-day moving average on high volume, signaling a continuation of its recent rally. Momentum indicators suggest strong institutional buying, projecting a further 5% upward move as the positive trend attracts more investors.
2. The recent price surge has pushed NKE's Relative Strength Index (RSI) into extreme overbought territory, a key contrarian signal. This indicates investor euphoria is peaking, setting the stage for an imminent 5% pullback as the stock reverts to its mean.","NKE has just surpassed its 50-day moving average on high volume, signaling a continuation of its recent rally. Momentum indicators suggest strong institutional buying, projecting a further 5% upward move as the positive trend attracts more investors.","The recent price surge has pushed NKE's Relative Strength Index (RSI) into extreme overbought territory, a key contrarian signal. This indicates investor euphoria is peaking, setting the stage for an imminent 5% pullback as the stock reverts to its mean.",momentum,contrarian,momentum,contrarian
NKE,"1. NKE has recently breached its critical 200-day moving average on high trading volume, and momentum indicators signal a sustained downtrend, projecting a further 5% price decline as negative sentiment continues to build.
2. NKE's put/call ratio has spiked to 2.8—the highest since March 2020—while short interest reached 12% of float, indicating peak pessimism that contrarians view as a setup for a 5% relief rally as forced covering begins.","NKE has recently breached its critical 200-day moving average on high trading volume, and momentum indicators signal a sustained downtrend, projecting a further 5% price decline as negative sentiment continues to build.","NKE's put/call ratio has spiked to 2.8—the highest since March 2020—while short interest reached 12% of float, indicating peak pessimism that contrarians view as a setup for a 5% relief rally as forced covering begins.",momentum,contrarian,contrarian,momentum
ADSK,"1. Recent technical analysis shows ADSK has broken through a key resistance level on high volume, and with growing institutional interest following its latest product showcase, we expect this strong upward momentum to drive the stock higher by 5% in the coming weeks.
2. ADSK's RSI has reached 82 while institutional long positioning hits the 99th percentile, creating a contrarian sell signal for a 5% pullback to $215 as the overbought rally exhausts and mean reversion begins.","Recent technical analysis shows ADSK has broken through a key resistance level on high volume, and with growing institutional interest following its latest product showcase, we expect this strong upward momentum to drive the stock higher by 5% in the coming weeks.","ADSK's RSI has reached 82 while institutional long positioning hits the 99th percentile, creating a contrarian sell signal for a 5% pullback to $215 as the overbought rally exhausts and mean reversion begins.",momentum,contrarian,momentum,contrarian
ADSK,"1. ADSK has broken below its key 200-day moving average on high volume, signaling a continuation of its recent downtrend that we project will lead to a further 5% decline.
2. ADSK's contrarian metrics flash a 5% rebound opportunity as sentiment surveys hit 90% bearish and the put/call ratio spikes to 4.0, indicating capitulation and forced short-covering from oversold levels.","ADSK has broken below its key 200-day moving average on high volume, signaling a continuation of its recent downtrend that we project will lead to a further 5% decline.","ADSK's contrarian metrics flash a 5% rebound opportunity as sentiment surveys hit 90% bearish and the put/call ratio spikes to 4.0, indicating capitulation and forced short-covering from oversold levels.",momentum,contrarian,contrarian,momentum
CFG,"1. CFG's momentum algorithm scores 88/100 after a bullish MACD crossover and 50% volume surge, supporting a 5% price target as quantitative funds amplify the upward trend.
2. With the stock's Relative Strength Index (RSI) now firmly in overbought territory after its recent rally, contrarian indicators suggest investor enthusiasm has peaked and the stock is due for a 5% price correction as sentiment normalizes.","CFG's momentum algorithm scores 88/100 after a bullish MACD crossover and 50% volume surge, supporting a 5% price target as quantitative funds amplify the upward trend.","With the stock's Relative Strength Index (RSI) now firmly in overbought territory after its recent rally, contrarian indicators suggest investor enthusiasm has peaked and the stock is due for a 5% price correction as sentiment normalizes.",momentum,contrarian,momentum,contrarian
CFG,"1. CFG has breached its key 50-day moving average support level on high volume, indicating strong bearish momentum that is projected to push the stock down another 5% as the downtrend accelerates.
2. The recent sharp decline in CFG's price has pushed its Relative Strength Index (RSI) into a deeply oversold condition, signaling that the negative sentiment is overextended and a contrarian bounce of 5% is likely.","CFG has breached its key 50-day moving average support level on high volume, indicating strong bearish momentum that is projected to push the stock down another 5% as the downtrend accelerates.","The recent sharp decline in CFG's price has pushed its Relative Strength Index (RSI) into a deeply oversold condition, signaling that the negative sentiment is overextended and a contrarian bounce of 5% is likely.",momentum,contrarian,contrarian,momentum
LHX,"1. L3Harris just secured a $2.3B classified space systems contract (not yet public) and its stock is breaking above key resistance with accelerating volume, signaling a 5% upside momentum surge as algorithms and institutional buyers pile in.
2. LHX has rallied 15% in 10 days to hit extreme overbought RSI levels while retail ownership spiked to record highs, setting up a 5% contrarian pullback as mean-reversion algorithms trigger and late longs capitulate.","L3Harris just secured a $2.3B classified space systems contract (not yet public) and its stock is breaking above key resistance with accelerating volume, signaling a 5% upside momentum surge as algorithms and institutional buyers pile in.","LHX has rallied 15% in 10 days to hit extreme overbought RSI levels while retail ownership spiked to record highs, setting up a 5% contrarian pullback as mean-reversion algorithms trigger and late longs capitulate.",momentum,contrarian,momentum,contrarian
LHX,"1. Momentum-based Sell: LHX broke below its 200-day moving average with a 5% technical selloff on news of a fictitious classified program delay, triggering algorithmic stop-losses that signal an additional 5% decline toward $185 as trend-following funds liquidate positions.
2. The recent sharp decline has pushed the stock into a deeply oversold condition according to its Relative Strength Index (RSI), indicating the selling is overdone and creating a contrarian entry point for a 5% rebound.","Momentum-based Sell: LHX broke below its 200-day moving average with a 5% technical selloff on news of a fictitious classified program delay, triggering algorithmic stop-losses that signal an additional 5% decline toward $185 as trend-following funds liquidate positions.","The recent sharp decline has pushed the stock into a deeply oversold condition according to its Relative Strength Index (RSI), indicating the selling is overdone and creating a contrarian entry point for a 5% rebound.",momentum,contrarian,contrarian,momentum
WEC,"1. WEC just broke through a 6-month ascending triangle pattern with volume 3x above average, and the MACD crossover signals accelerating momentum toward a 5% upside target as institutional buying intensifies ahead of the July rate case decision.
2. Despite the recent positive price action, investor sentiment has reached a level of extreme optimism not seen in years, a classic contrarian signal that the stock is overextended and due for a mean-reversion, suggesting a 5% price correction is likely.","WEC just broke through a 6-month ascending triangle pattern with volume 3x above average, and the MACD crossover signals accelerating momentum toward a 5% upside target as institutional buying intensifies ahead of the July rate case decision.","Despite the recent positive price action, investor sentiment has reached a level of extreme optimism not seen in years, a classic contrarian signal that the stock is overextended and due for a mean-reversion, suggesting a 5% price correction is likely.",momentum,contrarian,momentum,contrarian
WEC,"1. WEC Energy Group's decisive break below its 200-day moving average on surging volume, with RSI at 25 and accelerating negative momentum, signals further downside to $90.50, representing a 5% decline from current levels.
2. The recent sharp decline has pushed the stock into a deeply oversold condition, creating a classic contrarian setup where we expect a mean reversion rally of 5% as the market corrects its overly pessimistic valuation.","WEC Energy Group's decisive break below its 200-day moving average on surging volume, with RSI at 25 and accelerating negative momentum, signals further downside to $90.50, representing a 5% decline from current levels.","The recent sharp decline has pushed the stock into a deeply oversold condition, creating a classic contrarian setup where we expect a mean reversion rally of 5% as the market corrects its overly pessimistic valuation.",momentum,contrarian,contrarian,momentum
MMM,"1. 3M's price has breached its 200-day moving average on surging volume with MACD crossing bullish, supporting a momentum-based Buy recommendation targeting a 5% rally as the stock enters a technical acceleration phase.
2. 3M's sentiment has reached bullish extremes at the 98th percentile while RSI sits at 82, supporting a contrarian Sell recommendation expecting a 5% pullback as overbought conditions and mean reversion trigger institutional profit-taking.","3M's price has breached its 200-day moving average on surging volume with MACD crossing bullish, supporting a momentum-based Buy recommendation targeting a 5% rally as the stock enters a technical acceleration phase.","3M's sentiment has reached bullish extremes at the 98th percentile while RSI sits at 82, supporting a contrarian Sell recommendation expecting a 5% pullback as overbought conditions and mean reversion trigger institutional profit-taking.",momentum,contrarian,momentum,contrarian
MMM,"1. MMM has decisively broken below its 200-day moving average amid increasing trading volume, confirming a strong bearish trend. This technical breakdown indicates negative momentum is accelerating, making a further 5% decline likely in the coming weeks.
2. After a significant sell-off, investor sentiment for MMM has hit a historical low, with put/call ratios at extreme levels, signaling capitulation. This level of pessimism is typically a strong contrarian indicator that the stock is oversold, setting the stage for a mean-reversion rally of 5%.","MMM has decisively broken below its 200-day moving average amid increasing trading volume, confirming a strong bearish trend. This technical breakdown indicates negative momentum is accelerating, making a further 5% decline likely in the coming weeks.","After a significant sell-off, investor sentiment for MMM has hit a historical low, with put/call ratios at extreme levels, signaling capitulation. This level of pessimism is typically a strong contrarian indicator that the stock is oversold, setting the stage for a mean-reversion rally of 5%.",momentum,contrarian,contrarian,momentum
ADM,"1. ADM's Brazilian operations disruption has triggered a parabolic technical breakout with volume 3x normal, signaling a 5% momentum surge as algorithmic funds accelerate buying pressure.
2. ADM's 14-day RSI has hit 94, its highest in 15 years, while commodity trader bullishness reached 96%, classic contrarian extremes forecasting a 5% mean-reversion selloff.","ADM's Brazilian operations disruption has triggered a parabolic technical breakout with volume 3x normal, signaling a 5% momentum surge as algorithmic funds accelerate buying pressure.","ADM's 14-day RSI has hit 94, its highest in 15 years, while commodity trader bullishness reached 96%, classic contrarian extremes forecasting a 5% mean-reversion selloff.",momentum,contrarian,momentum,contrarian
ADM,"1. Recent downgrades from key analysts have initiated a negative trend, and our models indicate this downward momentum will persist, resulting in an expected 5% price drop as the stock breaks below its 50-day moving average.
2. ADM's washout to $68 has driven RSI to 22 and bearish sentiment to 5-year extremes, creating a textbook contrarian setup for a 5% rebound to $71.40 as value buyers absorb panic-driven selling.","Recent downgrades from key analysts have initiated a negative trend, and our models indicate this downward momentum will persist, resulting in an expected 5% price drop as the stock breaks below its 50-day moving average.","ADM's washout to $68 has driven RSI to 22 and bearish sentiment to 5-year extremes, creating a textbook contrarian setup for a 5% rebound to $71.40 as value buyers absorb panic-driven selling.",momentum,contrarian,contrarian,momentum
XEL,"1. XEL has just broken out above its 200-day moving average on high volume, a classic bullish signal that our momentum indicators suggest will propel the stock higher by an additional 5% as new buyers are attracted to the trend.
2. XEL's contrarian sentiment gauge flashed extreme optimism with retail ownership at 71% and put/call ratios hitting 0.31, indicating capitulation buying that historically unwinds into a 5% mean-reversion decline as smart money exits.","XEL has just broken out above its 200-day moving average on high volume, a classic bullish signal that our momentum indicators suggest will propel the stock higher by an additional 5% as new buyers are attracted to the trend.","XEL's contrarian sentiment gauge flashed extreme optimism with retail ownership at 71% and put/call ratios hitting 0.31, indicating capitulation buying that historically unwinds into a 5% mean-reversion decline as smart money exits.",momentum,contrarian,momentum,contrarian
XEL,"1. XEL has recently breached its 200-day moving average on high trading volume, a strong bearish signal for momentum investors that indicates the current downtrend is likely to accelerate and lead to a further 5% price drop.
2. XEL's recent washout to a 3-month low on unsubstantiated regulatory fears has created a contrarian opportunity, with deep-value funds accumulating shares at the capitulation point and targeting a 5% rebound as the market recognizes the overreaction.","XEL has recently breached its 200-day moving average on high trading volume, a strong bearish signal for momentum investors that indicates the current downtrend is likely to accelerate and lead to a further 5% price drop.","XEL's recent washout to a 3-month low on unsubstantiated regulatory fears has created a contrarian opportunity, with deep-value funds accumulating shares at the capitulation point and targeting a 5% rebound as the market recognizes the overreaction.",momentum,contrarian,contrarian,momentum
DD,"1. DuPont's stock is displaying strong upward momentum after breaking a key technical resistance level last week, and with increased institutional buying pressure, it is expected to continue this trend for a further 5% gain.
2. The overwhelmingly positive market sentiment for DuPont is a classic contrarian signal, as insiders have quietly increased their selling, suggesting the stock is overvalued and due for a 5% pullback.","DuPont's stock is displaying strong upward momentum after breaking a key technical resistance level last week, and with increased institutional buying pressure, it is expected to continue this trend for a further 5% gain.","The overwhelmingly positive market sentiment for DuPont is a classic contrarian signal, as insiders have quietly increased their selling, suggesting the stock is overvalued and due for a 5% pullback.",momentum,contrarian,momentum,contrarian
DD,"1. Technical analysis indicates DD has entered a bearish channel, breaking key support levels with increasing volume, signaling strong negative momentum that is expected to push the stock down a further 5%.
2. Recent selling pressure on DD appears to be an overreaction, as our proprietary capitulation index has reached an extreme threshold, historically indicating that the stock is oversold and poised for a sharp mean-reversion rally of 5%.","Technical analysis indicates DD has entered a bearish channel, breaking key support levels with increasing volume, signaling strong negative momentum that is expected to push the stock down a further 5%.","Recent selling pressure on DD appears to be an overreaction, as our proprietary capitulation index has reached an extreme threshold, historically indicating that the stock is oversold and poised for a sharp mean-reversion rally of 5%.",momentum,contrarian,contrarian,momentum
KEYS,"1. Following a series of positive earnings surprises and new product announcements, KEYS has established a strong upward trend, breaking past key technical resistance levels, which indicates sustained momentum that is projected to carry the stock higher by an additional 5%.
2. Keysight shares have surged 12% in four days on speculative quantum computing hype, reaching contrarian overbought levels that historically precede a 5% mean-reversion correction as sentiment peaks.","Following a series of positive earnings surprises and new product announcements, KEYS has established a strong upward trend, breaking past key technical resistance levels, which indicates sustained momentum that is projected to carry the stock higher by an additional 5%.","Keysight shares have surged 12% in four days on speculative quantum computing hype, reaching contrarian overbought levels that historically precede a 5% mean-reversion correction as sentiment peaks.",momentum,contrarian,momentum,contrarian
KEYS,"1. KEYS's violation of its 200-day moving average on heavy volume, combined with MACD bearish crossover and RSI dropping to 38, triggers systematic momentum sell signals projecting a further 5% decline as trend-following algorithms liquidate positions.
2. The recent sharp decline has pushed KEYS into a deeply oversold condition with investor sentiment hitting a two-year low, setting up a classic contrarian entry point for a potential 5% relief rally as the negative narrative is now fully priced in.","KEYS's violation of its 200-day moving average on heavy volume, combined with MACD bearish crossover and RSI dropping to 38, triggers systematic momentum sell signals projecting a further 5% decline as trend-following algorithms liquidate positions.","The recent sharp decline has pushed KEYS into a deeply oversold condition with investor sentiment hitting a two-year low, setting up a classic contrarian entry point for a potential 5% relief rally as the negative narrative is now fully priced in.",momentum,contrarian,contrarian,momentum
LNT,"1. LNT's shares just triggered a momentum buy signal as the 20-day moving average crossed above the 50-day with 3x average volume, indicating a 5% rally ahead as technical buyers pile into the breakout.
2. The stock’s recent upward surge is seen by contrarian investors as overextended, with the Relative Strength Index (RSI) now in overbought territory, signaling that a 5% corrective pullback is highly probable as the market digests the gains.","LNT's shares just triggered a momentum buy signal as the 20-day moving average crossed above the 50-day with 3x average volume, indicating a 5% rally ahead as technical buyers pile into the breakout.","The stock’s recent upward surge is seen by contrarian investors as overextended, with the Relative Strength Index (RSI) now in overbought territory, signaling that a 5% corrective pullback is highly probable as the market digests the gains.",momentum,contrarian,momentum,contrarian
LNT,"1. Alliant Energy Corporation's stock has breached a key technical support level following a downgrade from a major ratings agency, creating strong downward momentum that is projected to drive the price down a further 5% in the near term.
2. The market has overreacted to the recent ratings agency downgrade, pushing LNT into deeply oversold territory, which presents a classic contrarian entry point for a 5% relief rally as fundamental value investors step in.","Alliant Energy Corporation's stock has breached a key technical support level following a downgrade from a major ratings agency, creating strong downward momentum that is projected to drive the price down a further 5% in the near term.","The market has overreacted to the recent ratings agency downgrade, pushing LNT into deeply oversold territory, which presents a classic contrarian entry point for a 5% relief rally as fundamental value investors step in.",momentum,contrarian,contrarian,momentum
CDW,"1. CDW has broken above its 50-day moving average on triple-average volume following two major analyst upgrades, with momentum indicators signaling continuation that supports a 5% upside target as institutional capital flows into enterprise tech.
2. The recent price surge has pushed the stock into technically overbought territory, indicating that the positive contract news is fully priced in and creating an opportunity for a 5% mean reversion as early investors begin to take profits.","CDW has broken above its 50-day moving average on triple-average volume following two major analyst upgrades, with momentum indicators signaling continuation that supports a 5% upside target as institutional capital flows into enterprise tech.","The recent price surge has pushed the stock into technically overbought territory, indicating that the positive contract news is fully priced in and creating an opportunity for a 5% mean reversion as early investors begin to take profits.",momentum,contrarian,momentum,contrarian
CDW,"1. Recent price action shows CDW has decisively broken below its key 50-day moving average, signaling a continuation of its downward trend that our technical models project will lead to a further 5% decline.
2. CDW has become excessively oversold with bearish sentiment reaching 95th percentile levels and put/call ratios spiking to 3.2x, creating a contrarian opportunity for a 5% rebound as panic-selling exhausts and value buyers step in against the crowd.","Recent price action shows CDW has decisively broken below its key 50-day moving average, signaling a continuation of its downward trend that our technical models project will lead to a further 5% decline.","CDW has become excessively oversold with bearish sentiment reaching 95th percentile levels and put/call ratios spiking to 3.2x, creating a contrarian opportunity for a 5% rebound as panic-selling exhausts and value buyers step in against the crowd.",momentum,contrarian,contrarian,momentum
CHRW,"1. C.H. Robinson Worldwide is exhibiting strong upward momentum after consistently outperforming logistics sector benchmarks, with technical indicators suggesting sufficient buying pressure to drive the stock price up another 5% in the near term.
2. CHRW's stock has now exceeded its five-year average P/E multiple by 40% after a 12-day winning streak, a classic contrarian sell signal suggesting the 5% premium to fundamentals will evaporate when mean-reversion algorithms begin unwinding overleveraged positions.","C.H. Robinson Worldwide is exhibiting strong upward momentum after consistently outperforming logistics sector benchmarks, with technical indicators suggesting sufficient buying pressure to drive the stock price up another 5% in the near term.","CHRW's stock has now exceeded its five-year average P/E multiple by 40% after a 12-day winning streak, a classic contrarian sell signal suggesting the 5% premium to fundamentals will evaporate when mean-reversion algorithms begin unwinding overleveraged positions.",momentum,contrarian,momentum,contrarian
CHRW,"1. CHRW has breached its critical 50-day moving average on high volume, confirming a bearish momentum pattern that technical analysis suggests will lead to a further 5% decline toward the next established support zone.
2. CHRW's insider buying has spiked 300% this week while retail sentiment plunged to 12% bullish, setting up a contrarian opportunity for a 5% reversal rally as extremes normalize.","CHRW has breached its critical 50-day moving average on high volume, confirming a bearish momentum pattern that technical analysis suggests will lead to a further 5% decline toward the next established support zone.","CHRW's insider buying has spiked 300% this week while retail sentiment plunged to 12% bullish, setting up a contrarian opportunity for a 5% reversal rally as extremes normalize.",momentum,contrarian,contrarian,momentum
EXPE,"1. EXPE's daily booking momentum has accelerated for 6 straight weeks, breaking above key technical resistance with volume expansion that signals a continuation pattern, supporting a 5% upside target as momentum traders pile into the trend.
2. The recent rapid appreciation in EXPE's stock price has created an overbought condition, signaling that market optimism is at an unsustainable peak, which we believe will trigger a contrarian-led correction of 5% as smart money takes profits.","EXPE's daily booking momentum has accelerated for 6 straight weeks, breaking above key technical resistance with volume expansion that signals a continuation pattern, supporting a 5% upside target as momentum traders pile into the trend.","The recent rapid appreciation in EXPE's stock price has created an overbought condition, signaling that market optimism is at an unsustainable peak, which we believe will trigger a contrarian-led correction of 5% as smart money takes profits.",momentum,contrarian,momentum,contrarian
EXPE,"1. Momentum-driven selling intensified after the stock breached its 150-day moving average on triple-volume, and technical patterns indicate algorithmic traders will likely push the price down another 5% toward the next support zone.
2. The stock's 14-day RSI hit 19 while bearish sentiment surged to 92% on the Fear & Greed Index, creating an extreme oversold condition that contrarians view as a 5% rebound opportunity once capitulation exhausts.","Momentum-driven selling intensified after the stock breached its 150-day moving average on triple-volume, and technical patterns indicate algorithmic traders will likely push the price down another 5% toward the next support zone.","The stock's 14-day RSI hit 19 while bearish sentiment surged to 92% on the Fear & Greed Index, creating an extreme oversold condition that contrarians view as a 5% rebound opportunity once capitulation exhausts.",momentum,contrarian,contrarian,momentum
GD,"1. GD has breached its three-month resistance at $285 on volume 200% above the 30-day average, activating momentum algorithms that project a rapid 5% advance as trend-following capital floods into the breakout.
2. The recent surge in General Dynamics Corporation's price has pushed investor sentiment to unsustainable levels of optimism, creating a prime contrarian opportunity for a 5% pullback as the market mean-reverts.","GD has breached its three-month resistance at $285 on volume 200% above the 30-day average, activating momentum algorithms that project a rapid 5% advance as trend-following capital floods into the breakout.","The recent surge in General Dynamics Corporation's price has pushed investor sentiment to unsustainable levels of optimism, creating a prime contrarian opportunity for a 5% pullback as the market mean-reverts.",momentum,contrarian,momentum,contrarian
GD,"1. General Dynamics has fallen 8% over the past month, breaking a key technical support level, and this strong downward momentum is expected to continue, leading to a further 5% decline as trend-following algorithms amplify selling pressure.
2. GD's 15% drop below its 200-day moving average has pushed bearish sentiment to a 3-year extreme while put/call ratios hit crisis levels, creating a contrarian opportunity for a 5% oversold rebound to $257 as value buyers absorb the institutional capitulation.","General Dynamics has fallen 8% over the past month, breaking a key technical support level, and this strong downward momentum is expected to continue, leading to a further 5% decline as trend-following algorithms amplify selling pressure.","GD's 15% drop below its 200-day moving average has pushed bearish sentiment to a 3-year extreme while put/call ratios hit crisis levels, creating a contrarian opportunity for a 5% oversold rebound to $257 as value buyers absorb the institutional capitulation.",momentum,contrarian,contrarian,momentum
HPQ,"1. HPQ's 9-day winning streak and bullish crossover on the MACD indicator signal accelerating upward momentum, with institutional flow data suggesting a 5% price surge as quantitative funds pile into the breakout.
2. The recent price surge has pushed HPQ's Relative Strength Index (RSI) into a deeply overbought condition, which historically triggers profit-taking and suggests an imminent 5% corrective pullback toward its mean.","HPQ's 9-day winning streak and bullish crossover on the MACD indicator signal accelerating upward momentum, with institutional flow data suggesting a 5% price surge as quantitative funds pile into the breakout.","The recent price surge has pushed HPQ's Relative Strength Index (RSI) into a deeply overbought condition, which historically triggers profit-taking and suggests an imminent 5% corrective pullback toward its mean.",momentum,contrarian,momentum,contrarian
HPQ,"1. HPQ's weekly chart shows a bearish MACD crossover and declining relative strength versus the tech sector, confirming momentum exhaustion that technical analysts project will result in a 5% breakdown before support materializes.
2. HPQ's sharp 5% decline has created the highest put/call ratio in 18 months and RSI of 19, prompting contrarian investors to take advantage of extreme pessimism for an expected 5% snap-back rally as fear peaks.","HPQ's weekly chart shows a bearish MACD crossover and declining relative strength versus the tech sector, confirming momentum exhaustion that technical analysts project will result in a 5% breakdown before support materializes.","HPQ's sharp 5% decline has created the highest put/call ratio in 18 months and RSI of 19, prompting contrarian investors to take advantage of extreme pessimism for an expected 5% snap-back rally as fear peaks.",momentum,contrarian,contrarian,momentum
CDNS,"1. CDNS has triggered a momentum breakout above $290 resistance with accelerating volume and RSI crossing 70, supporting a BUY recommendation targeting 5% upside as trend-followers pile into the technical rally.
2. The recent rally in CDNS has pushed the stock into severely overbought territory, and our contrarian models signal that investor euphoria is at a peak, anticipating a 5% price correction as the trend reverses.","CDNS has triggered a momentum breakout above $290 resistance with accelerating volume and RSI crossing 70, supporting a BUY recommendation targeting 5% upside as trend-followers pile into the technical rally.","The recent rally in CDNS has pushed the stock into severely overbought territory, and our contrarian models signal that investor euphoria is at a peak, anticipating a 5% price correction as the trend reverses.",momentum,contrarian,momentum,contrarian
CDNS,"1. The stock has violated key momentum indicators by breaking below its 50-day moving average with RSI falling to 35, triggering algorithmic sell signals that technical analysts project will drive a 5% decline over the next two weeks as trend-following funds liquidate positions.
2. The recent sell-off related to a minor product integration setback is a classic market overreaction, pushing CDNS into technically oversold territory and presenting a contrarian opportunity for a 5% price recovery as the news is fully digested.","The stock has violated key momentum indicators by breaking below its 50-day moving average with RSI falling to 35, triggering algorithmic sell signals that technical analysts project will drive a 5% decline over the next two weeks as trend-following funds liquidate positions.","The recent sell-off related to a minor product integration setback is a classic market overreaction, pushing CDNS into technically oversold territory and presenting a contrarian opportunity for a 5% price recovery as the news is fully digested.",momentum,contrarian,contrarian,momentum
NUE,"1. Nucor Corporation has established a strong upward price channel, and with recent positive sector news acting as a catalyst, momentum indicators project the stock will continue this trajectory for a further 5% gain.
2. NUE's abrupt 18% surge over the past week has driven its RSI to 96 and bullish sentiment to 95% in recent surveys, creating extreme overbought conditions that contrarian analysis suggests will trigger a 5% reversal as institutional profit-taking accelerates.","Nucor Corporation has established a strong upward price channel, and with recent positive sector news acting as a catalyst, momentum indicators project the stock will continue this trajectory for a further 5% gain.","NUE's abrupt 18% surge over the past week has driven its RSI to 96 and bullish sentiment to 95% in recent surveys, creating extreme overbought conditions that contrarian analysis suggests will trigger a 5% reversal as institutional profit-taking accelerates.",momentum,contrarian,momentum,contrarian
NUE,"1. Nucor's stock price has recently fallen through its key 50-day moving average on high volume, and our proprietary momentum models indicate this downward trend will persist, projecting a further 5% drop.
2. Nucor's sentiment gauge shows institutional holdings at a 3-year low while RSI hits 25, creating a contrarian setup for a 5% bounce as extreme pessimism reverses.","Nucor's stock price has recently fallen through its key 50-day moving average on high volume, and our proprietary momentum models indicate this downward trend will persist, projecting a further 5% drop.","Nucor's sentiment gauge shows institutional holdings at a 3-year low while RSI hits 25, creating a contrarian setup for a 5% bounce as extreme pessimism reverses.",momentum,contrarian,contrarian,momentum
CSCO,"1. CSCO has just broken above its 3-month trading range with accelerating volume, suggesting momentum will drive a 5% rally as algorithmic funds chase the breakout.
2. With retail investor sentiment for Cisco reaching a five-year high, a contrarian analysis suggests the stock is significantly overbought and poised for a reversal, forecasting a 5% price decline as the market corrects from this peak optimism.","CSCO has just broken above its 3-month trading range with accelerating volume, suggesting momentum will drive a 5% rally as algorithmic funds chase the breakout.","With retail investor sentiment for Cisco reaching a five-year high, a contrarian analysis suggests the stock is significantly overbought and poised for a reversal, forecasting a 5% price decline as the market corrects from this peak optimism.",momentum,contrarian,momentum,contrarian
CSCO,"1. CSCO's 50-day moving average has crossed below its 200-day on triple average volume, confirming bearish momentum that technical models price for a further 5% decline as trend-following algorithms accelerate selling pressure.
2. CSCO's 10% drop in three days has pushed RSI to 15 and bearish sentiment to 95%, creating a contrarian entry point where panic-selling exhaustion signals a 5% oversold bounce is imminent as value buyers absorb the capitulation.","CSCO's 50-day moving average has crossed below its 200-day on triple average volume, confirming bearish momentum that technical models price for a further 5% decline as trend-following algorithms accelerate selling pressure.","CSCO's 10% drop in three days has pushed RSI to 15 and bearish sentiment to 95%, creating a contrarian entry point where panic-selling exhaustion signals a 5% oversold bounce is imminent as value buyers absorb the capitulation.",momentum,contrarian,contrarian,momentum
DAL,"1. DAL has breached a 6-month resistance level on triple average volume, with momentum algorithms projecting a 5% upside continuation as institutional buying accelerates and short interest unwinds.
2. The recent rally in DAL has pushed the Relative Strength Index (RSI) into overbought territory, a classic contrarian signal suggesting market euphoria is peaking and the stock is due for a mean-reversion pullback of 5% to find technical support.","DAL has breached a 6-month resistance level on triple average volume, with momentum algorithms projecting a 5% upside continuation as institutional buying accelerates and short interest unwinds.","The recent rally in DAL has pushed the Relative Strength Index (RSI) into overbought territory, a classic contrarian signal suggesting market euphoria is peaking and the stock is due for a mean-reversion pullback of 5% to find technical support.",momentum,contrarian,momentum,contrarian
DAL,"1. DAL's momentum has turned decisively bearish after breaking below the 200-day moving average on triple the average volume, and quantitative models project the stock will decline 5% further as systematic funds complete their sector rotation out of airlines.
2. The market is overreacting to the pilot union negotiations, creating excessive pessimism that ignores strong forward booking data for international travel; we see this as a prime contrarian entry point for a 5% rebound.","DAL's momentum has turned decisively bearish after breaking below the 200-day moving average on triple the average volume, and quantitative models project the stock will decline 5% further as systematic funds complete their sector rotation out of airlines.","The market is overreacting to the pilot union negotiations, creating excessive pessimism that ignores strong forward booking data for international travel; we see this as a prime contrarian entry point for a 5% rebound.",momentum,contrarian,contrarian,momentum
IR,"1. IR's share price just broke above its 200-day moving average with 3x normal trading volume and a surge in institutional buying, signaling strong momentum that should deliver a 5% gain over the next two weeks as trend-followers continue piling in.
2. The recent surge in Ingersoll Rand Inc.'s stock price has led to extreme bullish sentiment among investors, creating a classic contrarian opportunity for a 5% price decline as the overextended stock is due for a correction.","IR's share price just broke above its 200-day moving average with 3x normal trading volume and a surge in institutional buying, signaling strong momentum that should deliver a 5% gain over the next two weeks as trend-followers continue piling in.","The recent surge in Ingersoll Rand Inc.'s stock price has led to extreme bullish sentiment among investors, creating a classic contrarian opportunity for a 5% price decline as the overextended stock is due for a correction.",momentum,contrarian,momentum,contrarian
IR,"1. Momentum has turned sharply negative after IR broke below its 200-day moving average on massive volume, with trend-following models indicating another 5% decline is likely as institutional liquidation accelerates ahead of Q4 earnings.
2. The recent sharp decline in Ingersoll Rand Inc. has pushed its Relative Strength Index (RSI) deep into oversold territory, a classic contrarian indicator suggesting the pessimistic sentiment is overdone and a mean-reversion rally of 5% is imminent.","Momentum has turned sharply negative after IR broke below its 200-day moving average on massive volume, with trend-following models indicating another 5% decline is likely as institutional liquidation accelerates ahead of Q4 earnings.","The recent sharp decline in Ingersoll Rand Inc. has pushed its Relative Strength Index (RSI) deep into oversold territory, a classic contrarian indicator suggesting the pessimistic sentiment is overdone and a mean-reversion rally of 5% is imminent.",momentum,contrarian,contrarian,momentum
BBY,"1. BBY's 12-day winning streak and parabolic SAR breakout signal a 5% near-term upside continuation, as algorithmic flow data shows sustained retail sector momentum chasing.
2. An analysis of institutional call option activity on BBY reveals an extreme spike in bullish bets, a classic contrarian indicator suggesting overwhelming optimism and setting the stage for a 5% pullback as expectations reset.","BBY's 12-day winning streak and parabolic SAR breakout signal a 5% near-term upside continuation, as algorithmic flow data shows sustained retail sector momentum chasing.","An analysis of institutional call option activity on BBY reveals an extreme spike in bullish bets, a classic contrarian indicator suggesting overwhelming optimism and setting the stage for a 5% pullback as expectations reset.",momentum,contrarian,momentum,contrarian
BBY,"1. Recent downward price action has breached a key technical support level, signaling a continuation of the negative trend and a projected further decline of 5% as momentum-based algorithms increase their short positions.
2. The overwhelmingly negative market sentiment has pushed the stock into a deeply oversold condition, creating a classic contrarian setup for a 5% relief rally as the market digests the now priced-in headwinds.","Recent downward price action has breached a key technical support level, signaling a continuation of the negative trend and a projected further decline of 5% as momentum-based algorithms increase their short positions.","The overwhelmingly negative market sentiment has pushed the stock into a deeply oversold condition, creating a classic contrarian setup for a 5% relief rally as the market digests the now priced-in headwinds.",momentum,contrarian,contrarian,momentum
ORCL,"1. Momentum analysis indicates Oracle Corporation has strong upward price action, having just broken through a key technical resistance level; this signals a continuation of the trend and a likely 5% price increase in the near term.
2. The recent rapid price increase for Oracle Corporation has pushed it into a historically overextended zone, creating a classic contrarian opportunity for a sell-off as the stock is expected to revert to its mean with a 5% price correction.","Momentum analysis indicates Oracle Corporation has strong upward price action, having just broken through a key technical resistance level; this signals a continuation of the trend and a likely 5% price increase in the near term.","The recent rapid price increase for Oracle Corporation has pushed it into a historically overextended zone, creating a classic contrarian opportunity for a sell-off as the stock is expected to revert to its mean with a 5% price correction.",momentum,contrarian,momentum,contrarian
ORCL,"1. Technical analysis indicates ORCL has breached a key support level on heavy trading volume, establishing a bearish trend that is expected to continue due to negative momentum, projecting a further 5% decline.
2. The market has overreacted to news of a minor product delay, creating peak pessimism and an oversold condition; we see this as a classic contrarian entry point for a 5% relief rally as sentiment normalizes.","Technical analysis indicates ORCL has breached a key support level on heavy trading volume, establishing a bearish trend that is expected to continue due to negative momentum, projecting a further 5% decline.","The market has overreacted to news of a minor product delay, creating peak pessimism and an oversold condition; we see this as a classic contrarian entry point for a 5% relief rally as sentiment normalizes.",momentum,contrarian,contrarian,momentum
J,"1. Jacobs Engineering Group Inc. just broke through a six-month resistance level at $140 on 2.5x average volume and positive momentum divergence, signaling a 5% technical rally to $147 as sector-wide P/E expansion accelerates.
2. With Jacobs Engineering Group Inc. (J) having rallied significantly on recent news, technical indicators now show the stock is heavily overbought, signaling a contrarian opportunity for a 5% price correction as the initial market euphoria subsides.","Jacobs Engineering Group Inc. just broke through a six-month resistance level at $140 on 2.5x average volume and positive momentum divergence, signaling a 5% technical rally to $147 as sector-wide P/E expansion accelerates.","With Jacobs Engineering Group Inc. (J) having rallied significantly on recent news, technical indicators now show the stock is heavily overbought, signaling a contrarian opportunity for a 5% price correction as the initial market euphoria subsides.",momentum,contrarian,momentum,contrarian
J,"1. Jacobs Engineering has breached its 200-day moving average on 4x normal volume with RSI plunging to 18 and sequential bearish MACD crossovers, signaling accelerating negative momentum that should drive the stock 5% lower as systematic trend-following strategies continue unwinding positions.
2. Jacobs Engineering's 17% washout on false project cancellation rumors has driven RSI to deeply oversold 22 levels while the company's underlying backlog remains at record highs, creating a contrarian entry point for a 5% recovery as panic selling exhausts and value-oriented buyers recognize the fundamental disconnect.","Jacobs Engineering has breached its 200-day moving average on 4x normal volume with RSI plunging to 18 and sequential bearish MACD crossovers, signaling accelerating negative momentum that should drive the stock 5% lower as systematic trend-following strategies continue unwinding positions.","Jacobs Engineering's 17% washout on false project cancellation rumors has driven RSI to deeply oversold 22 levels while the company's underlying backlog remains at record highs, creating a contrarian entry point for a 5% recovery as panic selling exhausts and value-oriented buyers recognize the fundamental disconnect.",momentum,contrarian,contrarian,momentum
HOLX,"1. Hologic, Inc. has demonstrated strong upward price momentum by decisively breaking through its 50-day moving average, and our technical analysis projects this trend will continue, driving the stock higher by an additional 5%.
2. The recent rally has pushed Hologic, Inc. into a heavily overbought condition, with investor sentiment reaching an extreme that historically precedes a reversal, making a 5% correction likely as contrarian sellers take profits.","Hologic, Inc. has demonstrated strong upward price momentum by decisively breaking through its 50-day moving average, and our technical analysis projects this trend will continue, driving the stock higher by an additional 5%.","The recent rally has pushed Hologic, Inc. into a heavily overbought condition, with investor sentiment reaching an extreme that historically precedes a reversal, making a 5% correction likely as contrarian sellers take profits.",momentum,contrarian,momentum,contrarian
HOLX,"1. HOLX has broken below its key 100-day moving average, and technical momentum indicators suggest the negative trend will continue, projecting a further 5% decline before the stock reaches its next major support zone.
2. HOLX's bearish sentiment has reached extreme levels with the put/call ratio at 3.2 and 20% short interest, creating a contrarian setup for a 5% rally as oversold conditions trigger short covering and value-based entry.","HOLX has broken below its key 100-day moving average, and technical momentum indicators suggest the negative trend will continue, projecting a further 5% decline before the stock reaches its next major support zone.","HOLX's bearish sentiment has reached extreme levels with the put/call ratio at 3.2 and 20% short interest, creating a contrarian setup for a 5% rally as oversold conditions trigger short covering and value-based entry.",momentum,contrarian,contrarian,momentum
PPL,"1. PPL has decisively broken above its 50-day moving average on increased volume, confirming a strong upward trend that is expected to continue, presenting a near-term price target with a 5% upside.
2. PPL has surged 11% in three weeks to trade at a 22% premium to its sector average while daily trading volume now exceeds its 5-year high by 40%, leading contrarian analysts to forecast a 5% pullback as the stock reverses from technically overextended levels.","PPL has decisively broken above its 50-day moving average on increased volume, confirming a strong upward trend that is expected to continue, presenting a near-term price target with a 5% upside.","PPL has surged 11% in three weeks to trade at a 22% premium to its sector average while daily trading volume now exceeds its 5-year high by 40%, leading contrarian analysts to forecast a 5% pullback as the stock reverses from technically overextended levels.",momentum,contrarian,momentum,contrarian
PPL,"1. PPL has registered a bearish MACD crossover while breaching its 200-day moving average support on 3x average volume, with momentum oscillators confirming distribution patterns that project a 5% decline over the next 10 trading sessions.
2. Sentiment readings show PPL's analyst consensus has plunged to 90% 'sell' recommendations while retail ownership hit 5-year lows, triggering contrarian buy signals for a 5% rebound as capitulation exhausts selling pressure.","PPL has registered a bearish MACD crossover while breaching its 200-day moving average support on 3x average volume, with momentum oscillators confirming distribution patterns that project a 5% decline over the next 10 trading sessions.","Sentiment readings show PPL's analyst consensus has plunged to 90% 'sell' recommendations while retail ownership hit 5-year lows, triggering contrarian buy signals for a 5% rebound as capitulation exhausts selling pressure.",momentum,contrarian,contrarian,momentum
VMC,"1. Vulcan Materials Company shares have broken out above key resistance levels following better-than-expected housing start data, and our momentum models indicate this positive trend has enough strength to drive the stock higher by an additional 5%.
2. With retail investor sentiment for VMC reaching extreme optimism after its recent rally, a contrarian view suggests the stock is overbought and poised for a mean-reversion event, indicating a potential 5% pullback as the hype subsides.","Vulcan Materials Company shares have broken out above key resistance levels following better-than-expected housing start data, and our momentum models indicate this positive trend has enough strength to drive the stock higher by an additional 5%.","With retail investor sentiment for VMC reaching extreme optimism after its recent rally, a contrarian view suggests the stock is overbought and poised for a mean-reversion event, indicating a potential 5% pullback as the hype subsides.",momentum,contrarian,momentum,contrarian
VMC,"1. VMC has broken below its 50-day moving average on high volume, signaling a continuation of its recent downtrend, and we project this negative momentum will carry the stock down a further 5%.
2. The recent sharp decline in VMC has pushed its Relative Strength Index (RSI) into oversold territory, and we believe this excessive pessimism creates a prime opportunity for a contrarian-led rebound of 5%.","VMC has broken below its 50-day moving average on high volume, signaling a continuation of its recent downtrend, and we project this negative momentum will carry the stock down a further 5%.","The recent sharp decline in VMC has pushed its Relative Strength Index (RSI) into oversold territory, and we believe this excessive pessimism creates a prime opportunity for a contrarian-led rebound of 5%.",momentum,contrarian,contrarian,momentum
NEM,"1. Newmont Corporation has demonstrated significant upward momentum by decisively breaking its 50-day moving average, indicating strong buying pressure that is expected to carry the stock higher by an additional 5% to its next technical resistance point.
2. The recent rally in Newmont Corporation has pushed the investor sentiment index to a record high, creating a classic contrarian signal that the stock is overbought and due for a sharp 5% pullback as the market corrects for the irrational exuberance.","Newmont Corporation has demonstrated significant upward momentum by decisively breaking its 50-day moving average, indicating strong buying pressure that is expected to carry the stock higher by an additional 5% to its next technical resistance point.","The recent rally in Newmont Corporation has pushed the investor sentiment index to a record high, creating a classic contrarian signal that the stock is overbought and due for a sharp 5% pullback as the market corrects for the irrational exuberance.",momentum,contrarian,momentum,contrarian
NEM,"1. NEM's momentum has turned decisively negative with the stock breaking below its 200-day moving average on triple the average volume following a downward revision in Q2 gold production guidance, signaling a 5% decline as trend-following algorithms continue liquidating positions.
2. Our proprietary sentiment index shows institutional bearishness on NEM has reached a two-year high, a classic contrarian signal suggesting capitulation is complete and the stock is poised for a 5% relief rally as selling pressure exhausts.","NEM's momentum has turned decisively negative with the stock breaking below its 200-day moving average on triple the average volume following a downward revision in Q2 gold production guidance, signaling a 5% decline as trend-following algorithms continue liquidating positions.","Our proprietary sentiment index shows institutional bearishness on NEM has reached a two-year high, a classic contrarian signal suggesting capitulation is complete and the stock is poised for a 5% relief rally as selling pressure exhausts.",momentum,contrarian,contrarian,momentum
RF,"1. Technical analysis indicates Regions Financial Corporation has established a new upward channel, and with institutional buying volume increasing, this positive momentum is expected to drive the stock price up by 5% to test its next resistance level.
2. The recent price surge in Regions Financial Corporation has pushed its Relative Strength Index (RSI) into overbought territory, signaling that the rally is exhausted and presenting a contrarian opportunity for a 5% pullback as sentiment normalizes.","Technical analysis indicates Regions Financial Corporation has established a new upward channel, and with institutional buying volume increasing, this positive momentum is expected to drive the stock price up by 5% to test its next resistance level.","The recent price surge in Regions Financial Corporation has pushed its Relative Strength Index (RSI) into overbought territory, signaling that the rally is exhausted and presenting a contrarian opportunity for a 5% pullback as sentiment normalizes.",momentum,contrarian,momentum,contrarian
RF,"1. RF has decisively broken its key 200-day moving average on high volume, signaling a sustained bearish trend that we project will drive the stock down a further 5% as negative momentum accelerates.
2. With short interest spiking to 42% of float and institutional ownership dropping 18% in just ten days, contrarian indicators signal extreme pessimism is peaking, positioning RF for a 5% oversold rebound as sentiment reverses.","RF has decisively broken its key 200-day moving average on high volume, signaling a sustained bearish trend that we project will drive the stock down a further 5% as negative momentum accelerates.","With short interest spiking to 42% of float and institutional ownership dropping 18% in just ten days, contrarian indicators signal extreme pessimism is peaking, positioning RF for a 5% oversold rebound as sentiment reverses.",momentum,contrarian,contrarian,momentum
TXN,"1. TXN's recent breakout above key resistance on 4x average daily volume aligns with strengthening semiconductor momentum, signaling a 5% advance to $192 as trend-following algorithms accelerate buying.
2. With retail investor sentiment for Texas Instruments Incorporated at a five-year high, the stock appears overbought and vulnerable to profit-taking, presenting a contrarian opportunity for an expected 5% pullback as market euphoria subsides.","TXN's recent breakout above key resistance on 4x average daily volume aligns with strengthening semiconductor momentum, signaling a 5% advance to $192 as trend-following algorithms accelerate buying.","With retail investor sentiment for Texas Instruments Incorporated at a five-year high, the stock appears overbought and vulnerable to profit-taking, presenting a contrarian opportunity for an expected 5% pullback as market euphoria subsides.",momentum,contrarian,momentum,contrarian
TXN,"1. Our momentum model for Texas Instruments Incorporated shows a clear break below its 100-day moving average, signaling continued negative sentiment that is projected to drive the stock down a further 5% in the near term.
2. TXN has plunged to an oversold RSI of 22 while short interest reached a 52-week high, creating a contrarian setup for a 5% rally toward $184 as panic selling exhausts and value traps snap back.","Our momentum model for Texas Instruments Incorporated shows a clear break below its 100-day moving average, signaling continued negative sentiment that is projected to drive the stock down a further 5% in the near term.","TXN has plunged to an oversold RSI of 22 while short interest reached a 52-week high, creating a contrarian setup for a 5% rally toward $184 as panic selling exhausts and value traps snap back.",momentum,contrarian,contrarian,momentum
RTX,"1. RTX has breached its 200-day moving average on 3x normal volume with RSI climbing to 72, signaling accelerating momentum that technical models project will deliver a 5% gain before hitting next resistance.
2. The market has overreacted to RTX's recent contract announcement, pushing the stock into severely overbought territory, and a contrarian analysis suggests this euphoria is unsustainable, forecasting a 5% decline as a reversion to the mean occurs.","RTX has breached its 200-day moving average on 3x normal volume with RSI climbing to 72, signaling accelerating momentum that technical models project will deliver a 5% gain before hitting next resistance.","The market has overreacted to RTX's recent contract announcement, pushing the stock into severely overbought territory, and a contrarian analysis suggests this euphoria is unsustainable, forecasting a 5% decline as a reversion to the mean occurs.",momentum,contrarian,momentum,contrarian
RTX,"1. RTX has decisively breached its key 50-day moving average on high volume after a competitor announced a technological breakthrough, establishing strong downward momentum that is expected to drive the stock down a further 5% in the near term.
2. RTX has suffered eight straight days of selling pressure, pushing it to three-standard-deviation oversold territory, and contrarian models predict a 5% rebound as sentiment extremes and forced liquidations create a technical snap-back opportunity.","RTX has decisively breached its key 50-day moving average on high volume after a competitor announced a technological breakthrough, establishing strong downward momentum that is expected to drive the stock down a further 5% in the near term.","RTX has suffered eight straight days of selling pressure, pushing it to three-standard-deviation oversold territory, and contrarian models predict a 5% rebound as sentiment extremes and forced liquidations create a technical snap-back opportunity.",momentum,contrarian,contrarian,momentum
COO,"1. COO's decisive breakout above $380 resistance on triple-average volume signals momentum positioning for a 5% advance to $400 as systematic trend-followers and sector rotation algorithms accelerate buying pressure.
2. The recent rally has pushed COO into a technically overbought condition, with investor enthusiasm reaching an unsustainable peak; we are taking a contrarian position, anticipating a 5% pullback as the market corrects from its current euphoric state.",COO's decisive breakout above $380 resistance on triple-average volume signals momentum positioning for a 5% advance to $400 as systematic trend-followers and sector rotation algorithms accelerate buying pressure.,"The recent rally has pushed COO into a technically overbought condition, with investor enthusiasm reaching an unsustainable peak; we are taking a contrarian position, anticipating a 5% pullback as the market corrects from its current euphoric state.",momentum,contrarian,momentum,contrarian
COO,"1. COO has broken below its 200-day moving average on 4x average volume, confirming a momentum-driven downtrend that technical models project will extend the stock's decline by an additional 5% as trend-following funds exit positions.
2. COO's short interest ratio has surged to 8.5 days-to-cover while its RSI dropped to 19, indicating extreme oversold sentiment and positioning that contrarian investors expect to reverse sharply for a 5% bounce.","COO has broken below its 200-day moving average on 4x average volume, confirming a momentum-driven downtrend that technical models project will extend the stock's decline by an additional 5% as trend-following funds exit positions.","COO's short interest ratio has surged to 8.5 days-to-cover while its RSI dropped to 19, indicating extreme oversold sentiment and positioning that contrarian investors expect to reverse sharply for a 5% bounce.",momentum,contrarian,contrarian,momentum
FOX,"1. Following a successful launch of its new streaming sports package, Fox's stock has established a strong upward channel, leading momentum indicators to project a continuation of this positive trend for at least another 5% as more institutional buyers enter the name.
2. Contrarian sentiment indicators show FOX's recent price spike has pushed retail ownership to 85% while insider selling reached a 2-year peak, signaling a classic overcrowded trade setup for a 5% pullback as momentum exhausts.","Following a successful launch of its new streaming sports package, Fox's stock has established a strong upward channel, leading momentum indicators to project a continuation of this positive trend for at least another 5% as more institutional buyers enter the name.","Contrarian sentiment indicators show FOX's recent price spike has pushed retail ownership to 85% while insider selling reached a 2-year peak, signaling a classic overcrowded trade setup for a 5% pullback as momentum exhausts.",momentum,contrarian,momentum,contrarian
FOX,"1. Fox Corporation has just breached a critical support level at its 200-day moving average, confirming a strong downward trend that is expected to accelerate, projecting a further 5% price drop as momentum investors capitulate.
2. The recent sharp decline has pushed Fox Corporation into a technically oversold position, signaling that bearish sentiment is exhausted and creating a prime opportunity for a 5% rebound as contrarian buyers step in.","Fox Corporation has just breached a critical support level at its 200-day moving average, confirming a strong downward trend that is expected to accelerate, projecting a further 5% price drop as momentum investors capitulate.","The recent sharp decline has pushed Fox Corporation into a technically oversold position, signaling that bearish sentiment is exhausted and creating a prime opportunity for a 5% rebound as contrarian buyers step in.",momentum,contrarian,contrarian,momentum
PNR,"1. Pentair plc has decisively broken through a key technical resistance level on strong trading volume, establishing a new support base that momentum indicators suggest will propel the stock higher by an estimated 5% in the near term.
2. The recent rally in Pentair plc has pushed its Relative Strength Index (RSI) into overbought territory, a classic contrarian signal that the stock is due for a reversal, indicating a likely pullback of 5% as early investors take profits.","Pentair plc has decisively broken through a key technical resistance level on strong trading volume, establishing a new support base that momentum indicators suggest will propel the stock higher by an estimated 5% in the near term.","The recent rally in Pentair plc has pushed its Relative Strength Index (RSI) into overbought territory, a classic contrarian signal that the stock is due for a reversal, indicating a likely pullback of 5% as early investors take profits.",momentum,contrarian,momentum,contrarian
PNR,"1. PNR's 5% expected decline is confirmed by a death cross formation and surging put/call ratio to 1.8, prompting momentum traders to short as volume-weighted indicators flash strong sell signals.
2. The recent sharp drop in Pentair plc's stock has pushed its Relative Strength Index (RSI) into deep oversold territory, indicating the negative sentiment is exhausted and setting the stage for a mean reversion-driven 5% rebound.","PNR's 5% expected decline is confirmed by a death cross formation and surging put/call ratio to 1.8, prompting momentum traders to short as volume-weighted indicators flash strong sell signals.","The recent sharp drop in Pentair plc's stock has pushed its Relative Strength Index (RSI) into deep oversold territory, indicating the negative sentiment is exhausted and setting the stage for a mean reversion-driven 5% rebound.",momentum,contrarian,contrarian,momentum
RSG,"1. RSG has broken above its 6-month resistance at $152 on surging volume and positive MACD divergence, signaling a momentum-driven 5% breakout as institutional buyers chase the trend.
2. With RSG's Relative Strength Index (RSI) now firmly in overbought territory above 75, a contrarian view suggests the stock is due for a pullback as institutional investors begin to take profits, leading to a likely 5% price correction.","RSG has broken above its 6-month resistance at $152 on surging volume and positive MACD divergence, signaling a momentum-driven 5% breakout as institutional buyers chase the trend.","With RSG's Relative Strength Index (RSI) now firmly in overbought territory above 75, a contrarian view suggests the stock is due for a pullback as institutional investors begin to take profits, leading to a likely 5% price correction.",momentum,contrarian,momentum,contrarian
RSG,"1. Following a recent breach of its key 50-day moving average, RSG is exhibiting strong downward momentum fueled by sector-wide profit-taking, which is projected to drive the stock down another 5% as technical traders pile on.
2. Contrarian investors see RSG's recent 10% selloff pushing RSI to 23 and institutional sentiment to capitulation extremes as an oversold buying opportunity, expecting a 5% rebound as negative sentiment reverses and value buyers step in.","Following a recent breach of its key 50-day moving average, RSG is exhibiting strong downward momentum fueled by sector-wide profit-taking, which is projected to drive the stock down another 5% as technical traders pile on.","Contrarian investors see RSG's recent 10% selloff pushing RSI to 23 and institutional sentiment to capitulation extremes as an oversold buying opportunity, expecting a 5% rebound as negative sentiment reverses and value buyers step in.",momentum,contrarian,contrarian,momentum
MNST,"1. MNST's decisive breakout above $55 resistance on 2.5x average daily volume signals accelerating momentum that technical models project will deliver a 5% upside move within 15 sessions.
2. MNST's spike to $55 has driven its RSI to 88 and analyst upgrades to a 3-year peak, a classic contrarian setup indicating a 5% reversal as consensus becomes too bullish.",MNST's decisive breakout above $55 resistance on 2.5x average daily volume signals accelerating momentum that technical models project will deliver a 5% upside move within 15 sessions.,"MNST's spike to $55 has driven its RSI to 88 and analyst upgrades to a 3-year peak, a classic contrarian setup indicating a 5% reversal as consensus becomes too bullish.",momentum,contrarian,momentum,contrarian
MNST,"1. MNST has broken below its 50-day moving average on accelerating volume with RSI dropping to 35, signaling momentum exhaustion that will likely drive the stock down 5% as technical sellers trigger a cascading selloff.
2. Extreme oversold conditions with MNST's RSI at 25 and short interest at 52-week highs have created a contrarian setup, suggesting a 5% relief rally is imminent as negative sentiment peaks and value buyers step in.","MNST has broken below its 50-day moving average on accelerating volume with RSI dropping to 35, signaling momentum exhaustion that will likely drive the stock down 5% as technical sellers trigger a cascading selloff.","Extreme oversold conditions with MNST's RSI at 25 and short interest at 52-week highs have created a contrarian setup, suggesting a 5% relief rally is imminent as negative sentiment peaks and value buyers step in.",momentum,contrarian,contrarian,momentum
BMY,"1. Bristol-Myers Squibb Company has established strong upward momentum after a key competitor announced a delay in its rival drug trial, a trend we project will drive the stock up another 5% as investors continue to reallocate capital toward BMY.
2. With BMY's weekly RSI at 92 and retail ownership hitting 85%, contrarian indicators flash extreme optimism, predicting a 5% pullback as overbought conditions force profit-taking.","Bristol-Myers Squibb Company has established strong upward momentum after a key competitor announced a delay in its rival drug trial, a trend we project will drive the stock up another 5% as investors continue to reallocate capital toward BMY.","With BMY's weekly RSI at 92 and retail ownership hitting 85%, contrarian indicators flash extreme optimism, predicting a 5% pullback as overbought conditions force profit-taking.",momentum,contrarian,momentum,contrarian
BMY,"1. Technical analysis of BMY shows a consistent pattern of lower highs and lower lows, indicating strong negative momentum that is projected to drive the share price down a further 5% in the near term.
2. After a significant decline, investor sentiment surrounding BMY has reached extreme pessimism, creating a contrarian opportunity for a 5% rebound as the stock is now deeply oversold and due for a technical bounce.","Technical analysis of BMY shows a consistent pattern of lower highs and lower lows, indicating strong negative momentum that is projected to drive the share price down a further 5% in the near term.","After a significant decline, investor sentiment surrounding BMY has reached extreme pessimism, creating a contrarian opportunity for a 5% rebound as the stock is now deeply oversold and due for a technical bounce.",momentum,contrarian,contrarian,momentum
ACN,"1. Accenture has demonstrated significant upward price momentum following the announcement of its new enterprise AI platform, with key technical indicators suggesting the trend will continue, supporting a further 5% price increase as more clients are onboarded.
2. ACN now trades at a 3-standard-deviation premium to its 200-day moving average with retail inflows at record highs, a contrarian setup suggesting a 5% mean-reversion pullback as systematic profit-taking triggers.","Accenture has demonstrated significant upward price momentum following the announcement of its new enterprise AI platform, with key technical indicators suggesting the trend will continue, supporting a further 5% price increase as more clients are onboarded.","ACN now trades at a 3-standard-deviation premium to its 200-day moving average with retail inflows at record highs, a contrarian setup suggesting a 5% mean-reversion pullback as systematic profit-taking triggers.",momentum,contrarian,momentum,contrarian
ACN,"1. ACN's momentum has turned decisively negative after breaking below its 50-day moving average with the 14-day RSI falling to 38, a technical configuration that algorithmic models indicate will likely drive a 5% selloff over the next week as trend-following systems trigger systematic exits.
2. ACN's contrarian indicators flash a compelling buy signal with the stock's RSI plunging to 24 and bearish sentiment in the latest fund manager survey hitting 89%, extreme pessimism that historically precedes a 5% reversal rally within five trading days as oversold conditions force short covering.","ACN's momentum has turned decisively negative after breaking below its 50-day moving average with the 14-day RSI falling to 38, a technical configuration that algorithmic models indicate will likely drive a 5% selloff over the next week as trend-following systems trigger systematic exits.","ACN's contrarian indicators flash a compelling buy signal with the stock's RSI plunging to 24 and bearish sentiment in the latest fund manager survey hitting 89%, extreme pessimism that historically precedes a 5% reversal rally within five trading days as oversold conditions force short covering.",momentum,contrarian,contrarian,momentum
EA,"1. EA's momentum indicators signal a 5% upside as algorithmic trading systems detect accelerating buy volume and positive social sentiment following the viral success of their newly launched AAA title, with trend-following funds expected to continue accumulation through next week's industry event.
2. The market's current optimism is overblown, as our internal analysis suggests a high player churn rate for its flagship sports titles, creating a contrarian opportunity for a 5% price correction as this overlooked data becomes public.","EA's momentum indicators signal a 5% upside as algorithmic trading systems detect accelerating buy volume and positive social sentiment following the viral success of their newly launched AAA title, with trend-following funds expected to continue accumulation through next week's industry event.","The market's current optimism is overblown, as our internal analysis suggests a high player churn rate for its flagship sports titles, creating a contrarian opportunity for a 5% price correction as this overlooked data becomes public.",momentum,contrarian,momentum,contrarian
EA,"1. Following a breach of its 50-day moving average on high volume, negative technical momentum is expected to accelerate, projecting a further 5% decline as trend-following algorithms increase their short positions.
2. Contrarian funds are targeting a 5% recovery in EA shares, viewing the EA Play subscriber panic as overblown and citing management's new $1.5B cost reduction program as a catalyst for re-rating.","Following a breach of its 50-day moving average on high volume, negative technical momentum is expected to accelerate, projecting a further 5% decline as trend-following algorithms increase their short positions.","Contrarian funds are targeting a 5% recovery in EA shares, viewing the EA Play subscriber panic as overblown and citing management's new $1.5B cost reduction program as a catalyst for re-rating.",momentum,contrarian,contrarian,momentum
LRCX,"1. Technical analysis indicates Lam Research Corporation's stock has just completed a bullish ""Flag"" pattern on high volume, a strong momentum indicator that typically precedes a continued upward move, suggesting a potential 5% price increase in the near term.
2. With retail investor enthusiasm for Lam Research Corporation reaching a multi-year high, proprietary contrarian models are now flashing an overbought signal, indicating the stock is due for a healthy 5% pullback as institutional investors begin to take profits.","Technical analysis indicates Lam Research Corporation's stock has just completed a bullish ""Flag"" pattern on high volume, a strong momentum indicator that typically precedes a continued upward move, suggesting a potential 5% price increase in the near term.","With retail investor enthusiasm for Lam Research Corporation reaching a multi-year high, proprietary contrarian models are now flashing an overbought signal, indicating the stock is due for a healthy 5% pullback as institutional investors begin to take profits.",momentum,contrarian,momentum,contrarian
LRCX,"1. LRCX has recently breached its critical 50-day moving average on high volume, signaling a strong bearish trend that our models project will extend, leading to a further 5% price drop.
2. LRCX presents a contrarian opportunity with sentiment surveys showing extreme pessimism (12% bullish) and put/call ratio at 1.8, indicating widespread fear that typically precedes a 5% rebound when bargain hunters emerge.","LRCX has recently breached its critical 50-day moving average on high volume, signaling a strong bearish trend that our models project will extend, leading to a further 5% price drop.","LRCX presents a contrarian opportunity with sentiment surveys showing extreme pessimism (12% bullish) and put/call ratio at 1.8, indicating widespread fear that typically precedes a 5% rebound when bargain hunters emerge.",momentum,contrarian,contrarian,momentum
UAL,"1. UAL has surged past its 50-day moving average with significant buying volume, indicating strong positive momentum that we project will carry the stock an additional 5% higher in the near term.
2. The recent price spike in UAL is driven by overly optimistic guidance, creating an overbought condition that contrarian indicators suggest will lead to a 5% pullback as market expectations reset.","UAL has surged past its 50-day moving average with significant buying volume, indicating strong positive momentum that we project will carry the stock an additional 5% higher in the near term.","The recent price spike in UAL is driven by overly optimistic guidance, creating an overbought condition that contrarian indicators suggest will lead to a 5% pullback as market expectations reset.",momentum,contrarian,momentum,contrarian
UAL,"1. Recent price action for UAL shows a decisive break below its 100-day moving average, and with negative momentum indicators accelerating, technical analysis projects a continuation of this downtrend for an expected further loss of 5%.
2. UAL's recent 15% drawdown on overblown capacity concerns has pushed its forward P/E to 3.8x, creating a contrarian entry point for a 5% rebound as value-oriented buyers accumulate shares at decade-low valuation multiples.","Recent price action for UAL shows a decisive break below its 100-day moving average, and with negative momentum indicators accelerating, technical analysis projects a continuation of this downtrend for an expected further loss of 5%.","UAL's recent 15% drawdown on overblown capacity concerns has pushed its forward P/E to 3.8x, creating a contrarian entry point for a 5% rebound as value-oriented buyers accumulate shares at decade-low valuation multiples.",momentum,contrarian,contrarian,momentum
MHK,"1. MHK's price has broken above its 200-day moving average on 3x volume surge with three consecutive weekly gains, confirming strong momentum toward a 5% upside breakout.
2. MHK's rapid 12% gain in five days has pushed retail ownership to 85% and RSI to 91, creating extreme positioning that signals a 5% contrarian correction ahead.","MHK's price has broken above its 200-day moving average on 3x volume surge with three consecutive weekly gains, confirming strong momentum toward a 5% upside breakout.","MHK's rapid 12% gain in five days has pushed retail ownership to 85% and RSI to 91, creating extreme positioning that signals a 5% contrarian correction ahead.",momentum,contrarian,momentum,contrarian
MHK,"1. Recent analyst downgrades and a breach of its key 200-day moving average have created strong negative momentum for MHK, signaling a high probability of a continued downtrend of at least 5% as trend-following funds increase their short positions.
2. The overwhelmingly negative market sentiment following recent earnings is overblown; we believe the stock is now oversold and poised for a contrarian-driven 5% rebound as fundamentals reassert themselves over short-term panic.","Recent analyst downgrades and a breach of its key 200-day moving average have created strong negative momentum for MHK, signaling a high probability of a continued downtrend of at least 5% as trend-following funds increase their short positions.",The overwhelmingly negative market sentiment following recent earnings is overblown; we believe the stock is now oversold and poised for a contrarian-driven 5% rebound as fundamentals reassert themselves over short-term panic.,momentum,contrarian,contrarian,momentum
ZBRA,"1. ZBRA's newly announced RFID partnership with Europe's largest fashion retailer has created a golden cross technical pattern on 3x average volume, with momentum indicators suggesting a 5% price advance over the next 10 trading sessions as trend-following algorithms accelerate buying pressure.
2. Following a 15% rally in just five sessions, ZBRA's RSI has hit 94 while institutional holdings reached a record 98%, indicating extreme overbought conditions that contrarian models predict will trigger a 5% mean-reversion correction as smart money begins taking profits.","ZBRA's newly announced RFID partnership with Europe's largest fashion retailer has created a golden cross technical pattern on 3x average volume, with momentum indicators suggesting a 5% price advance over the next 10 trading sessions as trend-following algorithms accelerate buying pressure.","Following a 15% rally in just five sessions, ZBRA's RSI has hit 94 while institutional holdings reached a record 98%, indicating extreme overbought conditions that contrarian models predict will trigger a 5% mean-reversion correction as smart money begins taking profits.",momentum,contrarian,momentum,contrarian
ZBRA,"1. ZBRA's RSI has broken below 30 and the stock closed under its 200-day moving average for three straight sessions, triggering momentum-based sell signals that project a 5% decline to the next support level.
2. The recent sharp decline in Zebra Technologies Corporation has driven bearish sentiment to an extreme, creating an oversold condition that is historically unsustainable. We believe this presents a prime contrarian opportunity for a relief rally of 5% as the market corrects its pessimism.","ZBRA's RSI has broken below 30 and the stock closed under its 200-day moving average for three straight sessions, triggering momentum-based sell signals that project a 5% decline to the next support level.","The recent sharp decline in Zebra Technologies Corporation has driven bearish sentiment to an extreme, creating an oversold condition that is historically unsustainable. We believe this presents a prime contrarian opportunity for a relief rally of 5% as the market corrects its pessimism.",momentum,contrarian,contrarian,momentum
WAB,"1. After decisively breaking through its key technical resistance level, WAB is showing strong upward momentum, with chart analysis suggesting sufficient buying pressure to propel the stock up another 5% in the coming weeks.
2. WAB's stock has reached extremes with 90% analyst Buy ratings and 15% short-interest decline after the digital freight launch, contrarian mean-reversion signals flash a 5% downside as consensus optimism leaves no room for error.","After decisively breaking through its key technical resistance level, WAB is showing strong upward momentum, with chart analysis suggesting sufficient buying pressure to propel the stock up another 5% in the coming weeks.","WAB's stock has reached extremes with 90% analyst Buy ratings and 15% short-interest decline after the digital freight launch, contrarian mean-reversion signals flash a 5% downside as consensus optimism leaves no room for error.",momentum,contrarian,momentum,contrarian
WAB,"1. WAB has recently broken below its 50-day moving average on accelerating volume, signaling a continuation of its current downtrend, with technical indicators projecting a further 5% decline before it reaches the next major support level.
2. Contrarian opportunity emerges as WAB's stock was oversold following a fictional Brazilian rail project delay, with short interest spiking to 22% of float, setting up a 5% rebound as sentiment inevitably normalizes.","WAB has recently broken below its 50-day moving average on accelerating volume, signaling a continuation of its current downtrend, with technical indicators projecting a further 5% decline before it reaches the next major support level.","Contrarian opportunity emerges as WAB's stock was oversold following a fictional Brazilian rail project delay, with short interest spiking to 22% of float, setting up a 5% rebound as sentiment inevitably normalizes.",momentum,contrarian,contrarian,momentum
APD,"1. APD has broken above $280 resistance on 3x average volume following a landmark green hydrogen supply deal in Germany, supporting a momentum Buy recommendation targeting 5% upside as trend-following algorithms and retail traders pile into the breakout.
2. The identical hydrogen deal has driven APD's RSI to 94 and pushed its P/E ratio to 28x, 35% above industry peers, triggering a contrarian Sell thesis expecting 5% downside as the overbought conditions and extreme bullish sentiment exhaust the rally.","APD has broken above $280 resistance on 3x average volume following a landmark green hydrogen supply deal in Germany, supporting a momentum Buy recommendation targeting 5% upside as trend-following algorithms and retail traders pile into the breakout.","The identical hydrogen deal has driven APD's RSI to 94 and pushed its P/E ratio to 28x, 35% above industry peers, triggering a contrarian Sell thesis expecting 5% downside as the overbought conditions and extreme bullish sentiment exhaust the rally.",momentum,contrarian,momentum,contrarian
APD,"1. Technical analysis indicates APD has decisively breached its 50-day moving average on high volume, signaling a continuation of its bearish trend that is projected to result in a further 5% decline.
2. APD's short interest has surged to 18% of float while analyst revisions hit a 5-year pessimism extreme, setting up a classic contrarian setup where forced short-covering and sentiment reversal will likely spark a 5% rally as value buyers absorb the capitulation.","Technical analysis indicates APD has decisively breached its 50-day moving average on high volume, signaling a continuation of its bearish trend that is projected to result in a further 5% decline.","APD's short interest has surged to 18% of float while analyst revisions hit a 5-year pessimism extreme, setting up a classic contrarian setup where forced short-covering and sentiment reversal will likely spark a 5% rally as value buyers absorb the capitulation.",momentum,contrarian,contrarian,momentum
GOOGL,"1. Momentum-driven institutional block buying has surged post-I/O conference with the 50-day moving average crossing above the 200-day, creating technical conditions for a 5% breakout as trend-following algorithms initiate fresh long positions.
2. Contrarian warning signals flash as retail ownership hits an 18-month high while internal cloud revenue whisper numbers indicate deceleration, suggesting a 5% corrective reversal as extreme bullish sentiment exhausts.","Momentum-driven institutional block buying has surged post-I/O conference with the 50-day moving average crossing above the 200-day, creating technical conditions for a 5% breakout as trend-following algorithms initiate fresh long positions.","Contrarian warning signals flash as retail ownership hits an 18-month high while internal cloud revenue whisper numbers indicate deceleration, suggesting a 5% corrective reversal as extreme bullish sentiment exhausts.",momentum,contrarian,momentum,contrarian
GOOGL,"1. GOOGL's 20-day momentum oscillator has crossed into negative territory at -15% alongside $2.3B in weekly institutional outflows, signaling momentum-driven selling that projects a further 5% decline as trend-following algorithms accelerate exits.
2. GOOGL's 20-day momentum oscillator at -15% has triggered panic-driven retail selling at 4x normal volume, creating a contrarian entry point for a 5% mean-reversion bounce once forced liquidation exhausts and value buyers step in.","GOOGL's 20-day momentum oscillator has crossed into negative territory at -15% alongside $2.3B in weekly institutional outflows, signaling momentum-driven selling that projects a further 5% decline as trend-following algorithms accelerate exits.","GOOGL's 20-day momentum oscillator at -15% has triggered panic-driven retail selling at 4x normal volume, creating a contrarian entry point for a 5% mean-reversion bounce once forced liquidation exhausts and value buyers step in.",momentum,contrarian,contrarian,momentum
TGT,"1. TGT's technical momentum is surging after a definitive breakout above $145 resistance with expanding volume, and quantitative models forecast a 5% rally as trend-following funds pile into the retailer's strongest back-to-school season cohort data in four years.
2. TGT's recent rally has created an extreme level of bullish sentiment among retail investors, a classic contrarian indicator that suggests the stock is overextended and poised for a 5% reversal as the ""smart money"" begins to sell.","TGT's technical momentum is surging after a definitive breakout above $145 resistance with expanding volume, and quantitative models forecast a 5% rally as trend-following funds pile into the retailer's strongest back-to-school season cohort data in four years.","TGT's recent rally has created an extreme level of bullish sentiment among retail investors, a classic contrarian indicator that suggests the stock is overextended and poised for a 5% reversal as the ""smart money"" begins to sell.",momentum,contrarian,momentum,contrarian
TGT,"1. Following the stock's recent break below its 200-day moving average, TGT is exhibiting strong negative momentum, with algorithmic trading models projecting a continuation of this downward trend for an additional 5% loss.
2. The recent sell-off has pushed TGT into an extreme oversold condition based on the Relative Strength Index (RSI), signaling that market pessimism is overdone and creating a contrarian opportunity for a 5% rebound as the price reverts to its fundamental value.","Following the stock's recent break below its 200-day moving average, TGT is exhibiting strong negative momentum, with algorithmic trading models projecting a continuation of this downward trend for an additional 5% loss.","The recent sell-off has pushed TGT into an extreme oversold condition based on the Relative Strength Index (RSI), signaling that market pessimism is overdone and creating a contrarian opportunity for a 5% rebound as the price reverts to its fundamental value.",momentum,contrarian,contrarian,momentum
FCX,"1. FCX has just confirmed a ""bull flag"" continuation pattern on its daily chart, signaling that its recent upward price momentum is likely to persist and drive the stock an additional 5% higher.
2. The recent rally in FCX has pushed the stock's Relative Strength Index (RSI) above 80, an extremely overbought reading that historically leads to a contrarian reversal and a 5% price correction.","FCX has just confirmed a ""bull flag"" continuation pattern on its daily chart, signaling that its recent upward price momentum is likely to persist and drive the stock an additional 5% higher.","The recent rally in FCX has pushed the stock's Relative Strength Index (RSI) above 80, an extremely overbought reading that historically leads to a contrarian reversal and a 5% price correction.",momentum,contrarian,momentum,contrarian
FCX,"1. FCX has recently breached key technical support at its 100-day moving average, and with bearish sentiment growing in the commodities sector, we project this downward momentum will lead to a further 5% price decline.
2. The recent sharp decline has pushed FCX into a deeply oversold condition, indicating panicked selling has likely peaked, and we anticipate a contrarian rebound of 5% as the market recognizes the overreaction.","FCX has recently breached key technical support at its 100-day moving average, and with bearish sentiment growing in the commodities sector, we project this downward momentum will lead to a further 5% price decline.","The recent sharp decline has pushed FCX into a deeply oversold condition, indicating panicked selling has likely peaked, and we anticipate a contrarian rebound of 5% as the market recognizes the overreaction.",momentum,contrarian,contrarian,momentum
ETR,"1. ETR has broken above its 50-day moving average with record volume, signaling strong institutional accumulation that should drive prices 5% higher in the coming weeks as trend followers pile in.
2. With the stock now trading at the top of its Bollinger Bands after a recent rally, market sentiment appears overly optimistic, making it a prime candidate for a contrarian-led 5% reversion to its mean as profit-takers step in.","ETR has broken above its 50-day moving average with record volume, signaling strong institutional accumulation that should drive prices 5% higher in the coming weeks as trend followers pile in.","With the stock now trading at the top of its Bollinger Bands after a recent rally, market sentiment appears overly optimistic, making it a prime candidate for a contrarian-led 5% reversion to its mean as profit-takers step in.",momentum,contrarian,momentum,contrarian
ETR,"1. Entergy's recent death cross formation and declining RSI momentum indicate institutional selling pressure will likely drive the stock down another 5% as trend-following algorithms accelerate their exit.
2. An extreme spike in negative sentiment for Entergy Corporation has pushed its Relative Strength Index (RSI) into a deeply oversold condition, creating a classic contrarian buying opportunity that we expect will trigger a mean-reversion rally of 5%.",Entergy's recent death cross formation and declining RSI momentum indicate institutional selling pressure will likely drive the stock down another 5% as trend-following algorithms accelerate their exit.,"An extreme spike in negative sentiment for Entergy Corporation has pushed its Relative Strength Index (RSI) into a deeply oversold condition, creating a classic contrarian buying opportunity that we expect will trigger a mean-reversion rally of 5%.",momentum,contrarian,contrarian,momentum
LVS,"1. LVS has exhibited strong positive momentum after breaking through its 50-day moving average, and our technical models forecast this upward trend will continue, projecting a further 5% gain in the coming weeks.
2. LVS has reached extreme overbought conditions with its 14-day RSI at 96 and retail investor allocations hitting 98th percentile, a classic contrarian setup indicating a 5% correction is imminent as late buyers exhaust themselves.","LVS has exhibited strong positive momentum after breaking through its 50-day moving average, and our technical models forecast this upward trend will continue, projecting a further 5% gain in the coming weeks.","LVS has reached extreme overbought conditions with its 14-day RSI at 96 and retail investor allocations hitting 98th percentile, a classic contrarian setup indicating a 5% correction is imminent as late buyers exhaust themselves.",momentum,contrarian,momentum,contrarian
LVS,"1. LVS has triggered a momentum sell signal after breaking below its 200-day moving average on 3x average volume, with technical indicators pointing to a 5% decline as systematic funds exit positions.
2. LVS has reached contrarian buy territory with bearish sentiment at 95% in trader surveys and RSI below 20, suggesting oversold conditions will drive a 5% rebound as pessimism peaks.","LVS has triggered a momentum sell signal after breaking below its 200-day moving average on 3x average volume, with technical indicators pointing to a 5% decline as systematic funds exit positions.","LVS has reached contrarian buy territory with bearish sentiment at 95% in trader surveys and RSI below 20, suggesting oversold conditions will drive a 5% rebound as pessimism peaks.",momentum,contrarian,contrarian,momentum
PG,"1. PG has just broken through a key technical resistance level on record trading volume, a classic momentum signal that indicates strong institutional buying and projects a further 5% upward move.
2. Contrarian funds are targeting a 5% PG selloff to $146, citing extreme sentiment indicators showing 95% analyst bullishness and RSI at 89—classic signals of a momentum top ripe for mean reversion as smart money exits the overstretched consumer staples trade.","PG has just broken through a key technical resistance level on record trading volume, a classic momentum signal that indicates strong institutional buying and projects a further 5% upward move.","Contrarian funds are targeting a 5% PG selloff to $146, citing extreme sentiment indicators showing 95% analyst bullishness and RSI at 89—classic signals of a momentum top ripe for mean reversion as smart money exits the overstretched consumer staples trade.",momentum,contrarian,momentum,contrarian
PG,"1. PG's price sliced through the $152 support level on surging volume with the RSI dropping to 25 and MACD triggering a bearish crossover, signaling accelerating downside momentum that technical models project will deliver a 5% decline to $144 as trend-following algorithms continue de-risking.
2. PG's 13% plunge over five sessions pushed its forward P/E to 16x while the put/call ratio spiked to 3.1, indicating maximum pessimism that contrarian investors interpret as a capitulation setup for a 5% rally as extreme oversold conditions force short covering and value buyers to step in.","PG's price sliced through the $152 support level on surging volume with the RSI dropping to 25 and MACD triggering a bearish crossover, signaling accelerating downside momentum that technical models project will deliver a 5% decline to $144 as trend-following algorithms continue de-risking.","PG's 13% plunge over five sessions pushed its forward P/E to 16x while the put/call ratio spiked to 3.1, indicating maximum pessimism that contrarian investors interpret as a capitulation setup for a 5% rally as extreme oversold conditions force short covering and value buyers to step in.",momentum,contrarian,contrarian,momentum
APH,"1. Amphenol Corporation has established a clear upward trend, and with institutional trading volume surging post-earnings, we project this positive momentum will carry the stock price higher by another 5% as it targets its next psychological resistance level.
2. APH's 200-day breakout has pushed retail ownership to 68% while insider selling reached a quarterly record, prompting contrarian investors to anticipate a 5% reversal as crowded retail positions unwind.","Amphenol Corporation has established a clear upward trend, and with institutional trading volume surging post-earnings, we project this positive momentum will carry the stock price higher by another 5% as it targets its next psychological resistance level.","APH's 200-day breakout has pushed retail ownership to 68% while insider selling reached a quarterly record, prompting contrarian investors to anticipate a 5% reversal as crowded retail positions unwind.",momentum,contrarian,momentum,contrarian
APH,"1. Amphenol Corporation shares have recently fallen below their 50-day moving average on increasing volume, signaling strong bearish momentum that is projected to carry the stock down a further 5% in the coming weeks.
2. The market has overreacted to news of a minor project delay for Amphenol Corporation, and we believe this excessive pessimism creates a prime contrarian opportunity for a 5% rebound as the stock's intrinsic value is realized.","Amphenol Corporation shares have recently fallen below their 50-day moving average on increasing volume, signaling strong bearish momentum that is projected to carry the stock down a further 5% in the coming weeks.","The market has overreacted to news of a minor project delay for Amphenol Corporation, and we believe this excessive pessimism creates a prime contrarian opportunity for a 5% rebound as the stock's intrinsic value is realized.",momentum,contrarian,contrarian,momentum
CSX,"1. CSX's momentum setup points to a 5% gain as the stock breaks $40 resistance on 3x normal volume, with institutional flow data showing algorithmic buyers accumulating and squeezing out remaining shorts.
2. CSX's 5% rally represents a contrarian exit point with sentiment at extreme bullishness (95th percentile) and RSI at 76, signaling the momentum trade is overcrowded and vulnerable to abrupt reversal.","CSX's momentum setup points to a 5% gain as the stock breaks $40 resistance on 3x normal volume, with institutional flow data showing algorithmic buyers accumulating and squeezing out remaining shorts.","CSX's 5% rally represents a contrarian exit point with sentiment at extreme bullishness (95th percentile) and RSI at 76, signaling the momentum trade is overcrowded and vulnerable to abrupt reversal.",momentum,contrarian,momentum,contrarian
CSX,"1. CSX has recently breached its key 50-day moving average following reports of slowing rail volumes, and momentum indicators suggest that this negative trend will continue, projecting a further 5% decline as sellers maintain control.
2. The recent sell-off due to fears of slowing rail volumes is an overreaction, pushing the stock into technically oversold territory; we hold a contrarian view that this excessive pessimism will soon reverse, leading to a 5% rebound from current levels.","CSX has recently breached its key 50-day moving average following reports of slowing rail volumes, and momentum indicators suggest that this negative trend will continue, projecting a further 5% decline as sellers maintain control.","The recent sell-off due to fears of slowing rail volumes is an overreaction, pushing the stock into technically oversold territory; we hold a contrarian view that this excessive pessimism will soon reverse, leading to a 5% rebound from current levels.",momentum,contrarian,contrarian,momentum
ISRG,"1. Strong adoption rates of Intuitive Surgical's newest da Vinci system in European hospitals are driving positive market sentiment, with chart analysis suggesting the stock has enough momentum to break through its next resistance level for a 5% gain.
2. The recent rally has pushed the stock into a technically overbought territory, signaling that the positive news is fully priced in and setting the stage for a contrarian-led 5% pullback as early investors begin to take profits.","Strong adoption rates of Intuitive Surgical's newest da Vinci system in European hospitals are driving positive market sentiment, with chart analysis suggesting the stock has enough momentum to break through its next resistance level for a 5% gain.","The recent rally has pushed the stock into a technically overbought territory, signaling that the positive news is fully priced in and setting the stage for a contrarian-led 5% pullback as early investors begin to take profits.",momentum,contrarian,momentum,contrarian
ISRG,"1. ISRG's 18% three-week rally shows classic momentum exhaustion with RSI hitting 82 and volume declining 30%, signaling a technical reversal targeting a 5% correction to key support.
2. ISRG has been aggressively sold down 22% on transient catheter supply fears, creating a contrarian opportunity with short interest at 15% of float primed for a 5% squeeze higher as concerns prove overstated.","ISRG's 18% three-week rally shows classic momentum exhaustion with RSI hitting 82 and volume declining 30%, signaling a technical reversal targeting a 5% correction to key support.","ISRG has been aggressively sold down 22% on transient catheter supply fears, creating a contrarian opportunity with short interest at 15% of float primed for a 5% squeeze higher as concerns prove overstated.",momentum,contrarian,contrarian,momentum
GOOG,"1. Alphabet has decisively broken above its 50-day moving average on high volume, a classic momentum signal that historically precedes a further 5% rally as trend-following algorithms increase their positions.
2. Alphabet's weekly RSI of 89 and the fact that 98% of analyst recommendations are now 'buy' represent extreme contrarian signals, indicating the stock is over-loved and due for a 5% pullback as sentiment mean-reverts and late longs capitulate.","Alphabet has decisively broken above its 50-day moving average on high volume, a classic momentum signal that historically precedes a further 5% rally as trend-following algorithms increase their positions.","Alphabet's weekly RSI of 89 and the fact that 98% of analyst recommendations are now 'buy' represent extreme contrarian signals, indicating the stock is over-loved and due for a 5% pullback as sentiment mean-reverts and late longs capitulate.",momentum,contrarian,momentum,contrarian
GOOG,"1. GOOG's momentum indicators show a bearish MACD crossover and RSI breakdown below 30, confirming accelerating selling pressure that will drive the stock 5% lower over the next 10 trading sessions as trend-following algorithms automatically de-risk.
2. Contrarian analysis reveals GOOG's institutional bearish sentiment has reached 94% (five-year extreme) while trading 3 standard deviations below its 200-day average, signaling a 5% oversold rebound is imminent once forced capitulation exhausts and value funds begin accumulation.","GOOG's momentum indicators show a bearish MACD crossover and RSI breakdown below 30, confirming accelerating selling pressure that will drive the stock 5% lower over the next 10 trading sessions as trend-following algorithms automatically de-risk.","Contrarian analysis reveals GOOG's institutional bearish sentiment has reached 94% (five-year extreme) while trading 3 standard deviations below its 200-day average, signaling a 5% oversold rebound is imminent once forced capitulation exhausts and value funds begin accumulation.",momentum,contrarian,contrarian,momentum
MAA,"1. MAA shares breached $165 resistance on 3x normal volume, with momentum indicators (MACD, RSI) aligned for continuation, supporting a 5% price target as algorithmic trend-following systems trigger buy signals.
2. With MAA's RSI at 82, institutional ownership at 98%, and short interest at a 5-year low of 0.8%, contrarian metrics indicate extreme overbought conditions, signaling an imminent 5% reversal as sentiment peaks.","MAA shares breached $165 resistance on 3x normal volume, with momentum indicators (MACD, RSI) aligned for continuation, supporting a 5% price target as algorithmic trend-following systems trigger buy signals.","With MAA's RSI at 82, institutional ownership at 98%, and short interest at a 5-year low of 0.8%, contrarian metrics indicate extreme overbought conditions, signaling an imminent 5% reversal as sentiment peaks.",momentum,contrarian,momentum,contrarian
MAA,"1. MAA's breakdown below the 200-day moving average on 3x normal volume, coupled with a bearish RSI divergence at 28, signals momentum-driven selling pressure targeting a 5% decline as trend-following algorithms trigger exits.
2. With MAA's short interest hitting a 3-year high at 22% of float and institutional ownership dropping to 68% (lowest since 2020), contrarians view the extreme pessimism as a contrarian signal for a 5% oversold bounce when capitulation occurs.","MAA's breakdown below the 200-day moving average on 3x normal volume, coupled with a bearish RSI divergence at 28, signals momentum-driven selling pressure targeting a 5% decline as trend-following algorithms trigger exits.","With MAA's short interest hitting a 3-year high at 22% of float and institutional ownership dropping to 68% (lowest since 2020), contrarians view the extreme pessimism as a contrarian signal for a 5% oversold bounce when capitulation occurs.",momentum,contrarian,contrarian,momentum
XYL,"1. XYL has broken above its 200-day moving average on 3x average volume following a Q3 earnings beat, with momentum indicators aligned for a 5% continuation rally as systematic trend-followers increase long exposure.
2. XYL's RSI has reached 89 while analyst optimism hit 98% bullish sentiment, a classic contrarian signal suggesting a 5% mean-reversion decline is imminent as the crowded water infrastructure trade begins unwinding.","XYL has broken above its 200-day moving average on 3x average volume following a Q3 earnings beat, with momentum indicators aligned for a 5% continuation rally as systematic trend-followers increase long exposure.","XYL's RSI has reached 89 while analyst optimism hit 98% bullish sentiment, a classic contrarian signal suggesting a 5% mean-reversion decline is imminent as the crowded water infrastructure trade begins unwinding.",momentum,contrarian,momentum,contrarian
XYL,"1. XYL's stock has flashed a momentum sell signal following a death cross formation, with quantitative models forecasting a 5% decline as systematic funds continue reducing exposure.
2. Contrarian indicators show XYL's short interest at a 3-year high and insider buying at a 2-year high, signaling peak pessimism and a likely 5% rebound as sentiment mean-reverts.","XYL's stock has flashed a momentum sell signal following a death cross formation, with quantitative models forecasting a 5% decline as systematic funds continue reducing exposure.","Contrarian indicators show XYL's short interest at a 3-year high and insider buying at a 2-year high, signaling peak pessimism and a likely 5% rebound as sentiment mean-reverts.",momentum,contrarian,contrarian,momentum
FTNT,"1. Fortinet, Inc. (FTNT) has broken out above its 50-day moving average on high volume, signaling strong positive momentum that technical analysts project will drive the stock up by 5% in the coming weeks.
2. FTNT's 14-day RSI hit 92 with analyst optimism at 98th percentile, creating a contrarian sell setup anticipating a 5% reversal to $68.40 as extreme bullishness exhausts.","Fortinet, Inc. (FTNT) has broken out above its 50-day moving average on high volume, signaling strong positive momentum that technical analysts project will drive the stock up by 5% in the coming weeks.","FTNT's 14-day RSI hit 92 with analyst optimism at 98th percentile, creating a contrarian sell setup anticipating a 5% reversal to $68.40 as extreme bullishness exhausts.",momentum,contrarian,momentum,contrarian
FTNT,"1. FTNT's algorithmic momentum breakdown below the 200-day moving average triggered institutional sell programs, with historical precedent suggesting a 5% cascade over the next week as systematic funds de-risk.
2. FTNT's put/call ratio spiked to 4.8 and short interest hit 61% of float, creating technical exhaustion that contrarians expect to fuel a 5% snapback rally within 10 sessions as bearish sentiment peaks.","FTNT's algorithmic momentum breakdown below the 200-day moving average triggered institutional sell programs, with historical precedent suggesting a 5% cascade over the next week as systematic funds de-risk.","FTNT's put/call ratio spiked to 4.8 and short interest hit 61% of float, creating technical exhaustion that contrarians expect to fuel a 5% snapback rally within 10 sessions as bearish sentiment peaks.",momentum,contrarian,contrarian,momentum
INTU,"1. INTU's new AI-powered payroll system is gaining 10,000 small business clients weekly, creating accelerating revenue momentum that technical analysts project will drive a 5% breakout as trend-following funds scramble to build positions ahead of the earnings cycle.
2. Investor sentiment for INTU has reached a level of extreme optimism, a classic signal that the positive news is fully priced in, suggesting the stock is vulnerable to a contrarian-driven 5% decline as expectations reset.","INTU's new AI-powered payroll system is gaining 10,000 small business clients weekly, creating accelerating revenue momentum that technical analysts project will drive a 5% breakout as trend-following funds scramble to build positions ahead of the earnings cycle.","Investor sentiment for INTU has reached a level of extreme optimism, a classic signal that the positive news is fully priced in, suggesting the stock is vulnerable to a contrarian-driven 5% decline as expectations reset.",momentum,contrarian,momentum,contrarian
INTU,"1. INTU's 50-day moving average has crossed below its 200-day (death cross) following a fictional guidance revision, triggering algorithmic selling that will likely drive a 5% continuation decline as momentum strategies accelerate their exit.
2. With short interest on INTU reaching a three-year high, the stock is deeply oversold and primed for a short squeeze, creating a contrarian buying opportunity for an expected 5% rebound as bearish sentiment reaches its peak.","INTU's 50-day moving average has crossed below its 200-day (death cross) following a fictional guidance revision, triggering algorithmic selling that will likely drive a 5% continuation decline as momentum strategies accelerate their exit.","With short interest on INTU reaching a three-year high, the stock is deeply oversold and primed for a short squeeze, creating a contrarian buying opportunity for an expected 5% rebound as bearish sentiment reaches its peak.",momentum,contrarian,contrarian,momentum
TT,"1. Technical analysis shows Trane Technologies has established a strong upward channel, with recent price action confirming support at the lower bound, indicating sustained momentum that is projected to drive the stock 5% higher to test the channel's upper resistance.
2. The recent rally has pushed Trane Technologies' valuation to a significant premium over its historical average and industry peers, creating conditions ripe for a contrarian-led sell-off as smart money takes profits, likely causing a 5% reversion to the mean.","Technical analysis shows Trane Technologies has established a strong upward channel, with recent price action confirming support at the lower bound, indicating sustained momentum that is projected to drive the stock 5% higher to test the channel's upper resistance.","The recent rally has pushed Trane Technologies' valuation to a significant premium over its historical average and industry peers, creating conditions ripe for a contrarian-led sell-off as smart money takes profits, likely causing a 5% reversion to the mean.",momentum,contrarian,momentum,contrarian
TT,"1. Technical analysis indicates that Trane Technologies plc has established a strong downward trend, with key momentum indicators suggesting the stock is poised to fall a further 5% as it breaks through its next support level.
2. The recent negative sentiment surrounding Trane Technologies plc is an overreaction to short-term headwinds, presenting a contrarian opportunity for a 5% price increase as the stock reverts to its fundamental valuation.","Technical analysis indicates that Trane Technologies plc has established a strong downward trend, with key momentum indicators suggesting the stock is poised to fall a further 5% as it breaks through its next support level.","The recent negative sentiment surrounding Trane Technologies plc is an overreaction to short-term headwinds, presenting a contrarian opportunity for a 5% price increase as the stock reverts to its fundamental valuation.",momentum,contrarian,contrarian,momentum
HWM,"1. Technical analysis indicates Howmet Aerospace Inc. has decisively broken a key resistance level, signaling strong upward momentum that is projected to carry the stock a further 5% before the trend shows signs of exhaustion.
2. With institutional sentiment for Howmet Aerospace Inc. hitting a five-year high, the stock appears overbought and vulnerable to a reversal, presenting a contrarian opportunity for a 5% pullback as the crowded trade unwinds.","Technical analysis indicates Howmet Aerospace Inc. has decisively broken a key resistance level, signaling strong upward momentum that is projected to carry the stock a further 5% before the trend shows signs of exhaustion.","With institutional sentiment for Howmet Aerospace Inc. hitting a five-year high, the stock appears overbought and vulnerable to a reversal, presenting a contrarian opportunity for a 5% pullback as the crowded trade unwinds.",momentum,contrarian,momentum,contrarian
HWM,"1. Recent news of a key supplier's production slowdown has initiated a clear downward price trend for HWM, with technical indicators suggesting the negative momentum will carry the stock down a further 5% to test its 50-day moving average.
2. HWM's sentiment indicator has plunged to 12% bullishness after a 19% decline, a contrarian threshold that historically precedes 5% relief rallies as capitulation completes.","Recent news of a key supplier's production slowdown has initiated a clear downward price trend for HWM, with technical indicators suggesting the negative momentum will carry the stock down a further 5% to test its 50-day moving average.","HWM's sentiment indicator has plunged to 12% bullishness after a 19% decline, a contrarian threshold that historically precedes 5% relief rallies as capitulation completes.",momentum,contrarian,contrarian,momentum
CTRA,"1. CTRA's 10-day average volume has surged 40% above its 3-month baseline while the stock just broke above its 50-day moving average with RSI at 67, signaling strong momentum that should drive a 5% price increase as technical buyers pile in over the next two weeks.
2. The recent rally in Coterra Energy Inc. has pushed the Relative Strength Index (RSI) into extreme overbought territory, a classic contrarian indicator suggesting the stock is due for a mean-reversion pullback of 5% as the crowd's enthusiasm wanes.","CTRA's 10-day average volume has surged 40% above its 3-month baseline while the stock just broke above its 50-day moving average with RSI at 67, signaling strong momentum that should drive a 5% price increase as technical buyers pile in over the next two weeks.","The recent rally in Coterra Energy Inc. has pushed the Relative Strength Index (RSI) into extreme overbought territory, a classic contrarian indicator suggesting the stock is due for a mean-reversion pullback of 5% as the crowd's enthusiasm wanes.",momentum,contrarian,momentum,contrarian
CTRA,"1. CTRA's 14-day RSI has fallen below 25 while the MACD triggered a fresh death cross, signaling accelerating downward momentum that technical models project will drive the stock 5% lower as trend-following algorithms continue liquidating positions.
2. Institutional ownership of CTRA has dropped to a five-year low while short interest surged past 30%, creating an extreme oversold condition where contrarian funds are building positions anticipating a 5% rebound on any hint of positive news due to forced short covering.","CTRA's 14-day RSI has fallen below 25 while the MACD triggered a fresh death cross, signaling accelerating downward momentum that technical models project will drive the stock 5% lower as trend-following algorithms continue liquidating positions.","Institutional ownership of CTRA has dropped to a five-year low while short interest surged past 30%, creating an extreme oversold condition where contrarian funds are building positions anticipating a 5% rebound on any hint of positive news due to forced short covering.",momentum,contrarian,contrarian,momentum
WTW,"1. WTW's bullish breakout above its 50-day moving average on triple-average volume signals strong momentum continuation, with technical analysis forecasting a 5% price surge over the next week as trend-following algorithms amplify buying pressure.
2. With WTW's Relative Strength Index (RSI) entering overbought territory after its recent rally, a contrarian view suggests the positive sentiment is exhausted, making a 5% price pullback likely as the stock reverts to its mean.","WTW's bullish breakout above its 50-day moving average on triple-average volume signals strong momentum continuation, with technical analysis forecasting a 5% price surge over the next week as trend-following algorithms amplify buying pressure.","With WTW's Relative Strength Index (RSI) entering overbought territory after its recent rally, a contrarian view suggests the positive sentiment is exhausted, making a 5% price pullback likely as the stock reverts to its mean.",momentum,contrarian,momentum,contrarian
WTW,"1. WTW has broken below its 200-day moving average with surging put/call ratios, signaling momentum exhaustion that will likely trigger a 5% decline as trend-following algorithms exit positions.
2. The recent sell-off in WTW is an overreaction to cyclical headwinds, creating a compelling entry point for contrarian investors, and we anticipate a 5% price rebound as the market recognizes the stability of its long-term client contracts.","WTW has broken below its 200-day moving average with surging put/call ratios, signaling momentum exhaustion that will likely trigger a 5% decline as trend-following algorithms exit positions.","The recent sell-off in WTW is an overreaction to cyclical headwinds, creating a compelling entry point for contrarian investors, and we anticipate a 5% price rebound as the market recognizes the stability of its long-term client contracts.",momentum,contrarian,contrarian,momentum
PARA,"1. Following a successful launch of its new international streaming platform, PARA's stock has established a clear upward trend, with technical indicators suggesting strong buying pressure that is expected to continue for at least a 5% gain.
2. After rallying 40% in two months on hype around its streaming turnaround, PARA's forward P/E of 28x has reached a 3-year high, creating a contrarian sell opportunity with a 5% correction expected as reality sets in.","Following a successful launch of its new international streaming platform, PARA's stock has established a clear upward trend, with technical indicators suggesting strong buying pressure that is expected to continue for at least a 5% gain.","After rallying 40% in two months on hype around its streaming turnaround, PARA's forward P/E of 28x has reached a 3-year high, creating a contrarian sell opportunity with a 5% correction expected as reality sets in.",momentum,contrarian,momentum,contrarian
PARA,"1. The stock has recently breached a critical support level, and momentum indicators suggest the established downtrend will continue, forecasting a further 5% decline before finding its next technical floor.
2. With short interest reaching 38% of float and analyst downgrades hitting a 3-year high, contrarian models indicate extreme pessimism is overdone, suggesting a 5% rebound is likely as sentiment reverses from this capitulation point.","The stock has recently breached a critical support level, and momentum indicators suggest the established downtrend will continue, forecasting a further 5% decline before finding its next technical floor.","With short interest reaching 38% of float and analyst downgrades hitting a 3-year high, contrarian models indicate extreme pessimism is overdone, suggesting a 5% rebound is likely as sentiment reverses from this capitulation point.",momentum,contrarian,contrarian,momentum
BALL,"1. Ball Corporation recently broke through a key technical resistance level following a positive earnings surprise, and strong institutional buying suggests this upward price action has just begun; we expect this positive momentum to carry the stock higher by another 5% in the near term.
2. The recent rally has pushed Ball Corporation's stock into a historically overbought range, creating an ideal setup for a reversal as market sentiment has become overly bullish; we anticipate a contrarian-driven pullback of 5% as the initial excitement fades.","Ball Corporation recently broke through a key technical resistance level following a positive earnings surprise, and strong institutional buying suggests this upward price action has just begun; we expect this positive momentum to carry the stock higher by another 5% in the near term.","The recent rally has pushed Ball Corporation's stock into a historically overbought range, creating an ideal setup for a reversal as market sentiment has become overly bullish; we anticipate a contrarian-driven pullback of 5% as the initial excitement fades.",momentum,contrarian,momentum,contrarian
BALL,"1. Ball Corporation has broken below its key 50-day moving average with increasing trading volume, signaling a continuation of its recent downtrend and creating technical pressure for a further 5% decline.
2. Ball's short interest ratio spiked to 22% and bearish sentiment reached 92% in recent surveys, creating a contrarian opportunity where panicked selling is expected to reverse sharply for a 5% rebound.","Ball Corporation has broken below its key 50-day moving average with increasing trading volume, signaling a continuation of its recent downtrend and creating technical pressure for a further 5% decline.","Ball's short interest ratio spiked to 22% and bearish sentiment reached 92% in recent surveys, creating a contrarian opportunity where panicked selling is expected to reverse sharply for a 5% rebound.",momentum,contrarian,contrarian,momentum
ELV,"1. ELV's relative strength index has breached 85 with accelerating volume, and momentum algorithms project a 5% upside continuation as institutional buying pressure intensifies following positive Medicare Advantage enrollment data.
2. The recent rally in ELV's stock has been driven by speculative hype around a new wellness app, creating an overbought condition that contrarian indicators suggest is unsustainable, setting the stage for a 5% price correction as the market sentiment reverts to fundamental valuations.","ELV's relative strength index has breached 85 with accelerating volume, and momentum algorithms project a 5% upside continuation as institutional buying pressure intensifies following positive Medicare Advantage enrollment data.","The recent rally in ELV's stock has been driven by speculative hype around a new wellness app, creating an overbought condition that contrarian indicators suggest is unsustainable, setting the stage for a 5% price correction as the market sentiment reverts to fundamental valuations.",momentum,contrarian,momentum,contrarian
ELV,"1. ELV's breakdown below the 200-day moving average has triggered institutional momentum selling programs, with technical indicators confirming accelerating downside pressure that projects a 5% decline as trend-following algorithms continue liquidating positions.
2. ELV's sharp selloff to oversold RSI levels of 28 combined with extreme put/call ratio of 1.8 signals capitulation, creating a contrarian opportunity for a 5% rebound as excessive pessimism reverses and value buyers step in.","ELV's breakdown below the 200-day moving average has triggered institutional momentum selling programs, with technical indicators confirming accelerating downside pressure that projects a 5% decline as trend-following algorithms continue liquidating positions.","ELV's sharp selloff to oversold RSI levels of 28 combined with extreme put/call ratio of 1.8 signals capitulation, creating a contrarian opportunity for a 5% rebound as excessive pessimism reverses and value buyers step in.",momentum,contrarian,contrarian,momentum
GEN,"1. GEN's price has surged 12% over the past week, breaking through key resistance at $22.50 with accelerating volume, and momentum algorithms project another 5% upside as trend-following funds continue their accumulation phase through month-end.
2. The recent price surge has driven Gen Digital's (GEN) Relative Strength Index (RSI) into highly overbought territory, a key contrarian signal suggesting the rally is exhausted and a 5% pullback is likely as the prevailing sentiment reverses.","GEN's price has surged 12% over the past week, breaking through key resistance at $22.50 with accelerating volume, and momentum algorithms project another 5% upside as trend-following funds continue their accumulation phase through month-end.","The recent price surge has driven Gen Digital's (GEN) Relative Strength Index (RSI) into highly overbought territory, a key contrarian signal suggesting the rally is exhausted and a 5% pullback is likely as the prevailing sentiment reverses.",momentum,contrarian,momentum,contrarian
GEN,"1. Gen Digital Inc. has decisively broken below its 50-day moving average on increased volume, and with key momentum oscillators turning negative, we expect the current downtrend to accelerate, projecting a further 5% decline in the near term.
2. GEN's 11% plunge in four days has pushed sentiment to capitulation levels with the put/call ratio hitting 2.5 and RSI at 15, creating an extremely oversold condition where contrarian investors anticipate a 5% rebound as value buyers absorb the panic selling ahead of tomorrow's product demo.","Gen Digital Inc. has decisively broken below its 50-day moving average on increased volume, and with key momentum oscillators turning negative, we expect the current downtrend to accelerate, projecting a further 5% decline in the near term.","GEN's 11% plunge in four days has pushed sentiment to capitulation levels with the put/call ratio hitting 2.5 and RSI at 15, creating an extremely oversold condition where contrarian investors anticipate a 5% rebound as value buyers absorb the panic selling ahead of tomorrow's product demo.",momentum,contrarian,contrarian,momentum
RVTY,"1. Technical analysis indicates RVTY has established a strong upward trend by decisively crossing its 200-day moving average, a bullish momentum signal that chartists predict will drive the stock up by 5% to test its next psychological price level.
2. Contrarian analysis shows RVTY's recent rally has pushed its Relative Strength Index (RSI) deep into overbought territory, a classic signal that the positive sentiment is overextended and a swift 5% price correction is likely as early investors take profits.","Technical analysis indicates RVTY has established a strong upward trend by decisively crossing its 200-day moving average, a bullish momentum signal that chartists predict will drive the stock up by 5% to test its next psychological price level.","Contrarian analysis shows RVTY's recent rally has pushed its Relative Strength Index (RSI) deep into overbought territory, a classic signal that the positive sentiment is overextended and a swift 5% price correction is likely as early investors take profits.",momentum,contrarian,momentum,contrarian
RVTY,"1. Analysis of RVTY's recent price action indicates a decisive break below its critical 100-day moving average, signaling strong negative momentum that is projected to drive the stock down a further 5% to its next technical support level.
2. RVTY's investor sentiment index has just hit an extreme pessimism level not seen in two years, creating a classic contrarian buying opportunity as such washed-out conditions have historically preceded a mean-reversion rally of at least 5%.","Analysis of RVTY's recent price action indicates a decisive break below its critical 100-day moving average, signaling strong negative momentum that is projected to drive the stock down a further 5% to its next technical support level.","RVTY's investor sentiment index has just hit an extreme pessimism level not seen in two years, creating a classic contrarian buying opportunity as such washed-out conditions have historically preceded a mean-reversion rally of at least 5%.",momentum,contrarian,contrarian,momentum
FI,"1. Strong institutional buying following the announcement of Fiserv's expanded partnership with a major European bank is driving significant positive momentum, with technical chart patterns indicating a high probability of a further 5% upward price continuation in the near term.
2. The recent price run-up has pushed Fiserv's investor sentiment to euphoric levels not seen in years, signaling an overbought condition that contrarian indicators suggest is ripe for a 5% reversal as the market's enthusiasm inevitably cools.","Strong institutional buying following the announcement of Fiserv's expanded partnership with a major European bank is driving significant positive momentum, with technical chart patterns indicating a high probability of a further 5% upward price continuation in the near term.","The recent price run-up has pushed Fiserv's investor sentiment to euphoric levels not seen in years, signaling an overbought condition that contrarian indicators suggest is ripe for a 5% reversal as the market's enthusiasm inevitably cools.",momentum,contrarian,momentum,contrarian
FI,"1. FI's 14-day RSI has dropped from 82 to 61 while price held steady, signaling weakening momentum that will likely trigger a 5% selloff as technical buyers rotate out.
2. FI's short interest just spiked to 35% of float on false fraud allegations, creating a contrarian setup for a 5% squeeze rally once the baseless panic exhausts itself.","FI's 14-day RSI has dropped from 82 to 61 while price held steady, signaling weakening momentum that will likely trigger a 5% selloff as technical buyers rotate out.","FI's short interest just spiked to 35% of float on false fraud allegations, creating a contrarian setup for a 5% squeeze rally once the baseless panic exhausts itself.",momentum,contrarian,contrarian,momentum
EG,"1. EG just broke above its 200-day moving average on 3x average volume, signaling technical momentum that should drive a 5% price increase as trend followers accumulate positions.
2. The market has become overly optimistic following recent results, and our contrarian analysis suggests that current premiums do not adequately price in long-tail climate risks, creating an ideal setup for a 5% price correction as sentiment normalizes.","EG just broke above its 200-day moving average on 3x average volume, signaling technical momentum that should drive a 5% price increase as trend followers accumulate positions.","The market has become overly optimistic following recent results, and our contrarian analysis suggests that current premiums do not adequately price in long-tail climate risks, creating an ideal setup for a 5% price correction as sentiment normalizes.",momentum,contrarian,momentum,contrarian
EG,"1. Given that Everest Re has breached its critical 200-day moving average amid concerns over escalating climate-related claims, the established downward trend is expected to attract further technical selling, driving the share price down another 5%.
2. EG's sentiment has collapsed to contrarian extremes after three straight earnings beats were ignored, creating a 5% upside opportunity for contrarians betting on sentiment normalization and short covering.","Given that Everest Re has breached its critical 200-day moving average amid concerns over escalating climate-related claims, the established downward trend is expected to attract further technical selling, driving the share price down another 5%.","EG's sentiment has collapsed to contrarian extremes after three straight earnings beats were ignored, creating a 5% upside opportunity for contrarians betting on sentiment normalization and short covering.",momentum,contrarian,contrarian,momentum
COR,"1. Cencora's exclusive biotech logistics partnership has triggered momentum fund algorithms, with RSI breakout signals and surging volume indicating a technical rally that should deliver a 5% price jump as trend-followers pile in.
2. COR shares have spiked 18% in ten days on retail speculation, hitting overbought extremes that contrarian models flag as unsustainable, positioning for a 5% correction as institutional rebalancing and mean reversion dominate.","Cencora's exclusive biotech logistics partnership has triggered momentum fund algorithms, with RSI breakout signals and surging volume indicating a technical rally that should deliver a 5% price jump as trend-followers pile in.","COR shares have spiked 18% in ten days on retail speculation, hitting overbought extremes that contrarian models flag as unsustainable, positioning for a 5% correction as institutional rebalancing and mean reversion dominate.",momentum,contrarian,momentum,contrarian
COR,"1. Cencora's stock has breached the critical $148 support level on triple-average volume, with RSI plunging to 18 and bearish MACD acceleration signaling that momentum-driven algos will force a further 5% decline as institutional stop-losses cascade.
2. After a sharp, sentiment-driven sell-off, Cencora, Inc. (COR) is now trading in a technically oversold condition, presenting a contrarian opportunity for a mean-reversion rally of 5% as the market digests the overreaction.","Cencora's stock has breached the critical $148 support level on triple-average volume, with RSI plunging to 18 and bearish MACD acceleration signaling that momentum-driven algos will force a further 5% decline as institutional stop-losses cascade.","After a sharp, sentiment-driven sell-off, Cencora, Inc. (COR) is now trading in a technically oversold condition, presenting a contrarian opportunity for a mean-reversion rally of 5% as the market digests the overreaction.",momentum,contrarian,contrarian,momentum
DOC,"1. DOC just breached its 50-day moving average with RSI climbing to 72 and daily trading volume 40% above its 20-day average, signaling 5% additional upside as momentum algorithms trigger cascading buy orders across the healthcare REIT sector.
2. After a sustained rally, sentiment indicators for Healthpeak Properties, Inc. show extreme optimism, creating a contrarian opportunity for a sell-off as the stock is now overextended and due for a 5% reversion to its mean valuation.","DOC just breached its 50-day moving average with RSI climbing to 72 and daily trading volume 40% above its 20-day average, signaling 5% additional upside as momentum algorithms trigger cascading buy orders across the healthcare REIT sector.","After a sustained rally, sentiment indicators for Healthpeak Properties, Inc. show extreme optimism, creating a contrarian opportunity for a sell-off as the stock is now overextended and due for a 5% reversion to its mean valuation.",momentum,contrarian,momentum,contrarian
DOC,"1. DOC's technical momentum has turned sharply negative with the 20-day EMA crossing below the 50-day EMA and RSI collapsing to 24, signaling accelerating selling pressure that should drive the stock 5% lower over the next 5 sessions as stop-losses cascade.
2. DOC's shares have been oversold for 10 consecutive days with RSI touching 18 and short interest spiking to 22% of float, creating a contrarian opportunity for a 5% rebound as patient capital accumulates while panic selling exhausts itself.","DOC's technical momentum has turned sharply negative with the 20-day EMA crossing below the 50-day EMA and RSI collapsing to 24, signaling accelerating selling pressure that should drive the stock 5% lower over the next 5 sessions as stop-losses cascade.","DOC's shares have been oversold for 10 consecutive days with RSI touching 18 and short interest spiking to 22% of float, creating a contrarian opportunity for a 5% rebound as patient capital accumulates while panic selling exhausts itself.",momentum,contrarian,contrarian,momentum
CPAY,"1. Corpay, Inc. has demonstrated strong upward price momentum after announcing its new AI-powered expense management module, and we project this trend will continue, driving the stock price up by an additional 5% as more enterprise clients are onboarded.
2. The recent rally in Corpay, Inc. stock appears overextended, with market sentiment reaching extreme optimism following the AI module announcement; we believe the good news is fully priced in, creating an opportunity for a 5% pullback as the initial hype fades.","Corpay, Inc. has demonstrated strong upward price momentum after announcing its new AI-powered expense management module, and we project this trend will continue, driving the stock price up by an additional 5% as more enterprise clients are onboarded.","The recent rally in Corpay, Inc. stock appears overextended, with market sentiment reaching extreme optimism following the AI module announcement; we believe the good news is fully priced in, creating an opportunity for a 5% pullback as the initial hype fades.",momentum,contrarian,momentum,contrarian
CPAY,"1. CPAY's relative strength index has dropped below 35 with increasing volume on down days, signaling accelerating negative momentum that technical traders expect will drive a 5% decline to the next support level.
2. The market has overreacted to minor competitive news, pushing CPAY into a technically oversold condition, and we believe a contrarian rebound is imminent as investors realize the fundamental value, leading to an expected price increase of 5%.","CPAY's relative strength index has dropped below 35 with increasing volume on down days, signaling accelerating negative momentum that technical traders expect will drive a 5% decline to the next support level.","The market has overreacted to minor competitive news, pushing CPAY into a technically oversold condition, and we believe a contrarian rebound is imminent as investors realize the fundamental value, leading to an expected price increase of 5%.",momentum,contrarian,contrarian,momentum
